candidate,ranking,top_n,rebalance,daily_exit,total_return,cagr,max_drawdown,sharpe_rf0,fills,turnover_initial_capital,fees_fraction_initial_capital,mean_exposure,max_single_weight,sessions,halted,mean_positions,excluded_gross_dividend_entitlements_thb,ending_odd_lot_value_thb,ending_cash_thb,scenario,period,benchmark_cagr,benchmark_total_return,benchmark_drawdown,excess_cagr
6253ccd08826bdec,multi_horizon,3,10,0,0.5595375009960057,0.046729526319402304,-0.3969705524313698,0.33674639821761215,532,111.65935402814861,0.18757654883188676,0.5657927661542514,0.3915613482492085,2365,False,1.9636363636363636,17491.557415492956,0.0,14773.751892508284,base,full,0.03924387024782661,0.4543414316491119,-0.4015950142279634,0.007485656071575697
6253ccd08826bdec,multi_horizon,3,10,0,0.3374917006495344,0.11205898339689879,-0.22779138448870917,0.6874949956328893,128,21.862369126661296,0.03672659389587833,0.457087671497178,0.364064888679649,665,False,1.6601503759398497,3395.5,0.0,14224.17159083236,base,recent,0.02728560057378515,0.07648693415101215,-0.3180000659234332,0.08477338282311364
0fef6729d192c825,multi_horizon,3,10,3,0.3089932464493421,0.02805851740348375,-0.40896175580376837,0.2440366837782918,543,101.85867487607717,0.17111238792432204,0.5378790333746458,0.38355688940948257,2365,False,1.8731501057082451,15463.343115492959,0.0,13369.326151739631,base,full,0.03924387024782661,0.4543414316491119,-0.4015950142279634,-0.011185352844342855
0fef6729d192c825,multi_horizon,3,10,3,0.29337894261055797,0.09851968405083733,-0.24664603601319224,0.620557439294947,139,23.841092558028816,0.04005065138823261,0.4307104000401533,0.366365330402696,665,False,1.5278195488721804,3364.5,0.0,12352.895748787734,base,recent,0.02728560057378515,0.07648693415101215,-0.3180000659234332,0.07123408347705218
ee7526bb04a3f99c,multi_horizon,3,21,0,1.8587854776688038,0.11399303461473642,-0.3813574604758484,0.6282865720038115,349,121.07142033513348,0.20338787902099073,0.5526834322710401,0.4448342917100148,2365,False,2.8126849894291754,22368.760421596246,205.79029733959942,41626.76037443275,base,full,0.03924387024782661,0.4543414316491119,-0.4015950142279634,0.07474916436690981
ee7526bb04a3f99c,multi_horizon,3,21,0,0.32322487515604803,0.10771157287668376,-0.2057852183685498,0.6932888770328851,83,17.073722514120462,0.028682146451470956,0.4421356165717098,0.3953890398555565,665,False,1.5654135338345865,2060.5,0.0,19166.488856470874,base,recent,0.02728560057378515,0.07648693415101215,-0.3180000659234332,0.08042597230289861
c0b0ad4547efbd09,multi_horizon,3,21,3,1.464893182532517,0.09714919455443027,-0.40306194702233855,0.567391026316748,355,113.1498372786806,0.1900804116444555,0.49680734607172106,0.4468336729438007,2365,False,2.628752642706131,15757.760421596246,205.79029733959942,36317.53045072412,base,full,0.03924387024782661,0.4543414316491119,-0.4015950142279634,0.05790532430660367
c0b0ad4547efbd09,multi_horizon,3,21,3,0.3606471166646439,0.11905271684750951,-0.19947905928078458,0.7791146185691948,85,18.84159210842776,0.0316519905829478,0.3680326543356347,0.3969672879320458,665,False,1.3112781954887218,1549.0,0.0,19732.713032126034,base,recent,0.02728560057378515,0.07648693415101215,-0.3180000659234332,0.09176711627372436
d65fe2d21dd044e3,multi_horizon,3,42,0,1.3178077725460833,0.09023360058143548,-0.42055161557916776,0.506933836885292,202,74.14153301772028,0.1245503613164683,0.49468223910959125,0.6183272770243533,2365,False,2.688372093023256,23269.781700616193,411.58059467918974,30683.19869697746,base,full,0.03924387024782661,0.4543414316491119,-0.4015950142279634,0.050989730333608874
d65fe2d21dd044e3,multi_horizon,3,42,0,-0.0016627526660281111,-0.0006076411947468774,-0.34148095846329785,0.08390734721555301,42,8.509119225742579,0.014294469387324957,0.32796491354634305,0.42492573466498806,665,False,1.1548872180451129,221.00000000000003,0.0,13801.725574537944,base,recent,0.02728560057378515,0.07648693415101215,-0.3180000659234332,-0.02789324176853203
4385dfc2c1a0808f,multi_horizon,3,42,3,1.51020007484655,0.09920484883350933,-0.36527608456417415,0.5578608325745812,204,73.18895596778259,0.12295012713027796,0.4313964645325918,0.6246784516836493,2365,False,2.4659619450317125,20010.316352699527,411.58059467918974,33278.42911203696,base,full,0.03924387024782661,0.4543414316491119,-0.4015950142279634,0.05996097858568272
4385dfc2c1a0808f,multi_horizon,3,42,3,0.11146735717549316,0.039354675841080544,-0.246419651623483,0.3298141774722096,42,8.945647820694921,0.015027793773985401,0.2890722620418444,0.4313977347256166,665,False,1.0150375939849625,246.50000000000003,0.0,14822.736694111802,base,recent,0.02728560057378515,0.07648693415101215,-0.3180000659234332,0.012069075267295393
7906bb9ce1043d28,multi_horizon,5,10,0,1.4137494245623188,0.09478757358330192,-0.30613159070726825,0.6273334325528709,781,119.47402215121927,0.2007044098118332,0.5629751441201192,0.2930739996261096,2365,False,3.8723044397463,24793.76722018779,286.38497652582146,16990.55943283104,base,full,0.03924387024782661,0.4543414316491119,-0.4015950142279634,0.055543703335475314
7906bb9ce1043d28,multi_horizon,5,10,0,0.5515169529614028,0.17401547334608347,-0.16350477716297285,1.0570869756834398,192,21.71865133647406,0.03648516238014277,0.4645673421714418,0.28830240013128916,665,False,2.7969924812030076,5060.0,0.0,11041.696545453615,base,recent,0.02728560057378515,0.07648693415101215,-0.3180000659234332,0.14672987277229832
3f5700f31d57a686,multi_horizon,5,10,3,1.2446005496559116,0.08664352674077502,-0.36308918034728255,0.5889659586660981,835,117.87192834525227,0.19801305242718936,0.532903882218549,0.29375617294678136,2365,False,3.7306553911205076,21772.924402816905,51.643192488263594,14593.413575547336,base,full,0.03924387024782661,0.4543414316491119,-0.4015950142279634,0.04739965649294842
3f5700f31d57a686,multi_horizon,5,10,3,0.5200046353735781,0.1652493094689922,-0.1782425866511026,1.0253139998328333,201,24.637536535783777,0.041388597626463144,0.4340149187332107,0.29389963265216873,665,False,2.5488721804511276,4945.0,0.0,9741.464761875624,base,recent,0.02728560057378515,0.07648693415101215,-0.3180000659234332,0.13796370889520704
ab678a9c4767fe33,multi_horizon,5,21,0,1.3634697066904353,0.09242167202165263,-0.3970311620463668,0.6143161255892745,500,107.12411696964686,0.17995780409730971,0.5498802952834791,0.35942037779539066,2365,False,3.20507399577167,25742.730076995304,0.0,23486.972013724342,base,full,0.03924387024782661,0.4543414316491119,-0.4015950142279634,0.05317780177382603
ab678a9c4767fe33,multi_horizon,5,21,0,0.11103158892579201,0.03920581964427017,-0.22887142020076545,0.3463408517717691,112,14.362173259864806,0.024127014859246888,0.43260012282243665,0.25117069498637073,665,False,2.556390977443609,1939.5,0.0,15822.159518189561,base,recent,0.02728560057378515,0.07648693415101215,-0.3180000659234332,0.011920219070485016
c1f858146831d68a,multi_horizon,5,21,3,1.191112269154325,0.08395342914907622,-0.387251678391207,0.5751051615234015,504,104.54703421326235,0.17562856277485944,0.4958340468567151,0.3789744853747315,2365,False,2.891331923890063,21930.730076995304,0.0,19442.228149487084,base,full,0.03924387024782661,0.4543414316491119,-0.4015950142279634,0.04470955890124961
c1f858146831d68a,multi_horizon,5,21,3,0.15231227693811045,0.05314582767487419,-0.2184791222170125,0.44048936064398736,118,15.51120777789497,0.026057277946085766,0.3670924662850161,0.24294324745535914,665,False,2.1654135338345863,1899.5,0.0,17061.228332772836,base,recent,0.02728560057378515,0.07648693415101215,-0.3180000659234332,0.02586022710108904
b2fe0a6279629d1a,multi_horizon,5,42,0,1.015645947844411,0.07469472374349251,-0.3879746030030945,0.5140532714855686,295,58.04583433851611,0.0975111971052732,0.4844940038332321,0.4400183016122573,2365,False,3.4553911205073997,18135.22886459312,347.41784037558773,17669.177991199904,base,full,0.03924387024782661,0.4543414316491119,-0.4015950142279634,0.0354508534956659
b2fe0a6279629d1a,multi_horizon,5,42,0,0.032847361813571396,0.011874617182875191,-0.2985966225284794,0.15736696844445924,60,7.669485668672324,0.012883968974802637,0.30226842527330317,0.2658655417268714,665,False,1.7984962406015037,597.5,0.0,15378.736759283773,base,recent,0.02728560057378515,0.07648693415101215,-0.3180000659234332,-0.01541098339090996
eb88a1d0e3e2a1aa,multi_horizon,5,42,3,1.0907580577092357,0.07874329132658286,-0.3817129140157316,0.556653256790011,291,60.2545771048671,0.10122166407846625,0.425001476314645,0.4152446890901668,2365,False,3.0630021141649046,17471.079075019563,582.1596244131456,19280.647279475525,base,full,0.03924387024782661,0.4543414316491119,-0.4015950142279634,0.03949942107875626
eb88a1d0e3e2a1aa,multi_horizon,5,42,3,0.10156179292345358,0.03596179072272654,-0.23140502239970073,0.34596649941265456,60,7.746215813980818,0.013012867945906375,0.26524878239788235,0.24919600568993647,665,False,1.5774436090225563,606.0,0.0,9343.179805422144,base,recent,0.02728560057378515,0.07648693415101215,-0.3180000659234332,0.008676190148941387
b30922a578a531b3,multi_horizon,8,10,0,1.0093293754439872,0.07434811741864644,-0.3413823053989593,0.5993577780161615,1062,99.85795163394869,0.16775137294987036,0.553034068695296,0.19688430837629536,2365,False,6.95137420718816,20291.475032188966,600.6538453329722,29758.28472331197,base,full,0.03924387024782661,0.4543414316491119,-0.4015950142279634,0.035104247170819836
b30922a578a531b3,multi_horizon,8,10,0,0.4828789020669404,0.15477228446937286,-0.10049739426937365,1.1225933109697015,235,17.643128720928313,0.02963869193828748,0.45555211443707466,0.18638486909528518,665,False,4.381954887218045,5930.5,0.0,22399.8909581894,base,recent,0.02728560057378515,0.07648693415101215,-0.3180000659234332,0.1274866838955877
c69faef1c686255c,multi_horizon,8,10,3,0.7862811705435822,0.06143466567995515,-0.330676567174645,0.5167585772027535,1113,99.33336153964594,0.16687011405045127,0.5285498105547841,0.19351959136196165,2365,False,6.728541226215645,19770.109014818077,365.9120612954132,21860.205900960755,base,full,0.03924387024782661,0.4543414316491119,-0.4015950142279634,0.02219079543212854
c69faef1c686255c,multi_horizon,8,10,3,0.4351723131383991,0.14106189688811366,-0.10805675396570036,1.0401597426064082,270,20.597197085402613,0.03460123138376783,0.4273595616356858,0.1861534363832367,665,False,4.070676691729323,5749.0,0.0,18770.23205007648,base,recent,0.02728560057378515,0.07648693415101215,-0.3180000659234332,0.1137762963143285
c83fbd730d8254f4,multi_horizon,8,21,0,1.2792062659998904,0.08835347763791312,-0.3290242088549361,0.6936895265055834,730,96.33148269985205,0.16182725778748136,0.5475689167218756,0.1743493344840039,2365,False,6.800845665961945,25329.391676789903,304.87919744564806,21741.748569840776,base,full,0.03924387024782661,0.4543414316491119,-0.4015950142279634,0.04910960739008652
c83fbd730d8254f4,multi_horizon,8,21,0,0.12497769834785544,0.0439514798058267,-0.1821397266289585,0.40753968436366317,156,12.44936178739488,0.020913682866644658,0.43621934460604306,0.1720865816296087,665,False,4.0586466165413535,3729.49,0.0,21484.770395546027,base,recent,0.02728560057378515,0.07648693415101215,-0.3180000659234332,0.016665879232041547
6a201c2f93ca3692,multi_horizon,8,21,3,0.9759836393358716,0.07250198680857878,-0.33398809135711605,0.6001981909723667,754,88.66492225518189,0.14894820289648006,0.49729869770850954,0.17869433908948862,2365,False,6.289217758985201,19222.785959419012,1070.1374134080902,30870.227529166485,base,full,0.03924387024782661,0.4543414316491119,-0.4015950142279634,0.03325811656075217
6a201c2f93ca3692,multi_horizon,8,21,3,0.12572797464923968,0.04420572687373259,-0.18889405489389355,0.416617623717711,166,13.934387059273359,0.02340837682087332,0.3617185739298973,0.1733365309794446,665,False,3.381954887218045,3399.1800000000003,0.0,21559.798025684475,base,recent,0.02728560057378515,0.07648693415101215,-0.3180000659234332,0.016920126299947436
98787aba567141ee,multi_horizon,8,42,0,1.0081929402156602,0.07428565459676872,-0.2584115498843286,0.6149194916494445,407,52.029814690088614,0.08740488569787987,0.4872742007773444,0.19138372014165508,2365,False,5.824101479915433,19801.11881580748,570.4331377151819,18117.861890930908,base,full,0.03924387024782661,0.4543414316491119,-0.4015950142279634,0.03504178434894212
98787aba567141ee,multi_horizon,8,42,0,0.06401897718870497,0.022923742280820836,-0.20051192240427895,0.2610956133680699,79,6.650179330633163,0.01117163625753065,0.28898303514202517,0.1901397998698042,665,False,2.7639097744360903,1829.0,0.0,18287.898256742817,base,recent,0.02728560057378515,0.07648693415101215,-0.3180000659234332,-0.004361858292964316
68672504fd0e79c8,multi_horizon,8,42,3,1.099787451340441,0.07922115693575371,-0.26524145897209794,0.6790482592723928,409,54.08393923476668,0.09085560952048456,0.4225247460444365,0.1910428559251051,2365,False,5.214376321353066,17663.343417918844,812.8665884194068,22180.879604203146,base,full,0.03924387024782661,0.4543414316491119,-0.4015950142279634,0.039977286687927105
68672504fd0e79c8,multi_horizon,8,42,3,0.08135972595895291,0.028981607770141693,-0.18790289165304486,0.3176961122910341,80,6.705869319029092,0.011265189869036974,0.2595626039899451,0.19002837366141953,665,False,2.4781954887218047,2154.0,0.0,18273.973131860257,base,recent,0.02728560057378515,0.07648693415101215,-0.3180000659234332,0.0016960071963565415
9480bb084ec66dc5,multi_horizon,10,10,0,1.1391392246840817,0.08128249182443281,-0.2963539569349747,0.673401494626937,1223,101.0455839278521,0.16974647644039872,0.5513266292613599,0.159288625635717,2365,False,7.981395348837209,21705.999270173124,1113.0905153465949,28322.832838071325,base,full,0.03924387024782661,0.4543414316491119,-0.4015950142279634,0.042038621576606205
9480bb084ec66dc5,multi_horizon,10,10,0,0.37081627422114116,0.122100282438526,-0.09877234393326229,0.9742514744935301,293,16.946324555768967,0.028468130621236293,0.44390837203812045,0.1553060056080813,665,False,5.383458646616542,5009.360000000001,0.0,26001.627975245214,base,recent,0.02728560057378515,0.07648693415101215,-0.3180000659234332,0.09481468186474085
cc2ec6843ec4ffc0,multi_horizon,10,10,3,0.7316216963765951,0.058049972840459985,-0.3314936873039991,0.5131443385012028,1250,95.76673823462184,0.16087854356034123,0.5264139209289845,0.15443708854279883,2365,False,7.693446088794926,19300.85927017312,1113.0905153465949,28828.07983375396,base,full,0.03924387024782661,0.4543414316491119,-0.4015950142279634,0.018806102592633378
cc2ec6843ec4ffc0,multi_horizon,10,10,3,0.3351829496237162,0.11135746003499802,-0.10804157846584383,0.9071661795743936,327,19.798406054977175,0.033259342331756155,0.4148412058380539,0.1551904438477147,665,False,5.057142857142857,5056.360000000001,0.0,26086.295517410057,base,recent,0.02728560057378515,0.07648693415101215,-0.3180000659234332,0.08407185946121287
5142cfccd2100d47,multi_horizon,10,21,0,1.6560644797220907,0.10560412233650895,-0.23840184668762643,0.8614834814889137,840,96.36089640618054,0.16187666987274263,0.5442557950882827,0.14855109374450604,2365,False,8.528541226215644,29309.46507696769,574.6087807415437,35480.84026530481,base,full,0.03924387024782661,0.4543414316491119,-0.4015950142279634,0.06636025208868235
5142cfccd2100d47,multi_horizon,10,21,0,0.20336498653240276,0.06995408147199433,-0.15070208053476808,0.6529499190407988,182,11.789902481892705,0.019805857179331556,0.4154513035911385,0.13994994803919322,665,False,4.986466165413534,4992.63,0.0,22594.499122448033,base,recent,0.02728560057378515,0.07648693415101215,-0.3180000659234332,0.04266848089820918
74836ee9189e9e5e,multi_horizon,10,21,3,1.238224254496226,0.08632588077124437,-0.2680147537488443,0.7440153792884912,880,92.32650851416116,0.15509930165293936,0.49292993590915607,0.1394043425551855,2365,False,7.930232558139535,21884.566372143876,956.450445628019,32676.975923336635,base,full,0.03924387024782661,0.4543414316491119,-0.4015950142279634,0.04708201052341776
74836ee9189e9e5e,multi_horizon,10,21,3,0.24643133498961722,0.08378433129414731,-0.14599726147667647,0.7940733059369567,193,13.62340652759039,0.0228859606256991,0.3537034824400006,0.13861200856064462,665,False,4.273684210526316,4102.73,0.0,24698.133994872354,base,recent,0.02728560057378515,0.07648693415101215,-0.3180000659234332,0.056498730720362156
23c3dd419f5c1648,multi_horizon,10,42,0,1.2153802806787364,0.08518116460642733,-0.22519453015180768,0.7361515807192013,501,56.607038074579194,0.09509416326148559,0.47983312954577917,0.20449538336895587,2365,False,6.8219873150105705,23632.25856595419,364.64284037558707,29612.386120137206,base,full,0.03924387024782661,0.4543414316491119,-0.4015950142279634,0.04593729435860072
23c3dd419f5c1648,multi_horizon,10,42,0,0.07392042617909178,0.026390350839961663,-0.15480866570201524,0.31473059427021244,102,6.854858739599584,0.011515477196653343,0.2942298573776049,0.15551500425325127,665,False,3.5969924812030074,2021.5,0.0,21292.04304706263,base,recent,0.02728560057378515,0.07648693415101215,-0.3180000659234332,-0.0008952497338234888
73981619d445161c,multi_horizon,10,42,3,1.1858534530488103,0.0836857744677093,-0.22050084702967665,0.7538472861547925,487,55.52964289840767,0.09328424710503505,0.4197025095433417,0.1530541788234484,2365,False,6.065116279069767,20696.49623401953,599.3846244131449,27267.96155594092,base,full,0.03924387024782661,0.4543414316491119,-0.4015950142279634,0.0444419042198827
73981619d445161c,multi_horizon,10,42,3,0.07003943345061403,0.025033999124771444,-0.1576210273662194,0.3044205498664131,105,6.844032639791011,0.01149729043158492,0.26054421129509053,0.1537175709349791,665,False,3.1548872180451126,2021.5,0.0,20903.943774214844,base,recent,0.02728560057378515,0.07648693415101215,-0.3180000659234332,-0.002251601449013707
3d4a2bbce9968bb4,multi_horizon,15,10,0,1.11247135145554,0.07988932656701708,-0.21607974805493824,0.7577321031252363,1508,89.12269943735386,0.1497172227848109,0.5298141467206904,0.10465621608849124,2365,False,11.575475687103594,22723.520840678317,1435.7555194973766,32128.380396625467,base,full,0.03924387024782661,0.4543414316491119,-0.4015950142279634,0.040645456319190476
3d4a2bbce9968bb4,multi_horizon,15,10,0,0.26732218480133474,0.09038405083371481,-0.08500203395312844,0.895992823996276,360,14.22760622366459,0.023900955695134153,0.3953625873224639,0.10788066507895909,665,False,7.30827067669173,5245.65,0.0,23563.218712830014,base,recent,0.02728560057378515,0.07648693415101215,-0.3180000659234332,0.06309845025992966
884cc89db2142238,multi_horizon,15,10,3,0.8670591084520636,0.06627033833024121,-0.2232607057494146,0.6518558696915407,1633,93.3875894207073,0.15688181146784627,0.5056711951172845,0.10415320513934347,2365,False,11.192811839323467,20550.788907344988,1349.755522040508,35519.15614523312,base,full,0.03924387024782661,0.4543414316491119,-0.4015950142279634,0.0270264680824146
884cc89db2142238,multi_horizon,15,10,3,0.23582630434404916,0.08040715858311964,-0.10711751289213844,0.8075205885482406,402,16.961244362585134,0.028493194404706768,0.37084985017019384,0.10725201868780987,665,False,6.897744360902256,5237.07,0.0,22015.6306651941,base,recent,0.02728560057378515,0.07648693415101215,-0.3180000659234332,0.05312155800933449
d4a24b024c03879e,multi_horizon,15,21,0,1.6238692447400989,0.1042192848073229,-0.18575278175472842,0.9549812470392567,1027,77.61265656867329,0.13038150176971422,0.5233159117079129,0.15162347242068439,2365,False,11.484989429175476,29262.565952625497,734.9973016275871,44843.92808600236,base,full,0.03924387024782661,0.4543414316491119,-0.4015950142279634,0.06497541455949629
d4a24b024c03879e,multi_horizon,15,21,0,0.3417120863672105,0.1133393805404066,-0.12756660486475024,1.0913453382736764,239,11.339445764527321,0.019049134939829442,0.37709909086870863,0.14673063205607703,665,False,6.942857142857143,4855.61,0.0,29386.20921846238,base,recent,0.02728560057378515,0.07648693415101215,-0.3180000659234332,0.08605377996662145
49bf78aaf5fcf6e5,multi_horizon,15,21,3,1.353118251975935,0.0919289870699469,-0.22743048430246315,0.8695525849746749,1080,75.689219559458,0.12715031993793346,0.4781794536266798,0.1526169951864933,2365,False,10.608456659619451,22501.042946699054,1470.155518480125,39220.67048592186,base,full,0.03924387024782661,0.4543414316491119,-0.4015950142279634,0.05268511682212029
49bf78aaf5fcf6e5,multi_horizon,15,21,3,0.3612238753019512,0.1192259499787931,-0.13081896117962544,1.170103935939218,251,12.55896298663902,0.02109780192125489,0.33042101275724756,0.15292983797013657,665,False,6.09624060150376,4437.21,0.0,31337.388111936456,base,recent,0.02728560057378515,0.07648693415101215,-0.3180000659234332,0.09194034940500795
dce4924002b50738,multi_horizon,15,42,0,0.9739178018955779,0.07238669791178909,-0.21762869786101857,0.7119306885285763,615,39.79800556829585,0.06685666955418022,0.4729636299656731,0.13097672779600777,2365,False,10.492177589852009,21061.805290159737,1434.5784400184734,39768.202287411645,base,full,0.03924387024782661,0.4543414316491119,-0.4015950142279634,0.03314282766396248
dce4924002b50738,multi_horizon,15,42,0,0.17570799038681817,0.06090594075323574,-0.1089830682112033,0.815533533248,117,5.460197428464698,0.009172585660077849,0.25633103287099307,0.10011155507747435,665,False,4.827067669172933,3158.37,0.0,21795.799229416683,base,recent,0.02728560057378515,0.07648693415101215,-0.3180000659234332,0.03362034017945059
1be86f14b5b96753,multi_horizon,15,42,3,1.1795973445207149,0.08336660768861148,-0.19188532433306416,0.8470527844233948,619,42.97708331448825,0.07219720226000882,0.4150507607845713,0.13192547678129052,2365,False,9.452854122621565,19352.16445196529,1685.9673342055553,32184.767703421952,base,full,0.03924387024782661,0.4543414316491119,-0.4015950142279634,0.044122737440784876
1be86f14b5b96753,multi_horizon,15,42,3,0.16936535019750099,0.058811911013936236,-0.11424885611693947,0.7983916839115298,116,5.461183762764978,0.009174242603068886,0.2354327851793185,0.10065017614562516,665,False,4.413533834586466,3147.77,0.0,21161.535210484963,base,recent,0.02728560057378515,0.07648693415101215,-0.3180000659234332,0.031526310440151084
9bc6236be43ff10b,medium_long,3,10,0,0.5759657465758761,0.047857396338330194,-0.44246476720665884,0.334629198021978,443,77.5518106396197,0.13027928669349717,0.5708807106569646,0.45723855748182507,2365,False,2.449894291754757,14364.453133333334,1.0693667856963875e-13,15652.576130060741,base,full,0.03924387024782661,0.4543414316491119,-0.4015950142279634,0.008613526090503587
9bc6236be43ff10b,medium_long,3,10,0,0.3878300522418474,0.12716716491995772,-0.23939512650024997,0.7366028248918994,109,17.575567162743567,0.029525195276692916,0.44675607721756766,0.4538850179531949,665,False,1.630075187969925,1794.5,0.0,15569.006524996505,base,recent,0.02728560057378515,0.07648693415101215,-0.3180000659234332,0.09988156434617257
2d5e97f5e78cbcf6,medium_long,3,10,3,0.3165824753034068,0.02866949313772804,-0.4825924380036831,0.24460374298393578,471,74.81242807318718,0.1256773979201471,0.5500727369473358,0.4551505910309613,2365,False,2.3682875264270615,12832.238833333333,4.27746714278555e-13,12710.248768209953,base,full,0.03924387024782661,0.4543414316491119,-0.4015950142279634,-0.010574377110098565
2d5e97f5e78cbcf6,medium_long,3,10,3,0.3812823439636315,0.125221880669399,-0.22096669954065107,0.7302455521438949,125,21.99279186285078,0.03694569105040303,0.425341473253487,0.45382957222921566,665,False,1.5368421052631578,1428.0,0.0,14914.235697174918,base,recent,0.02728560057378515,0.07648693415101215,-0.3180000659234332,0.09793628009561384
aa6704a4c9259cec,medium_long,3,21,0,2.0345935241875512,0.12084667122082915,-0.2895763080204645,0.6535820815812553,287,85.45491554056214,0.14355571261659036,0.5614708306228384,0.5392724132520004,2365,False,2.8126849894291754,28590.196521596245,205.79029733959942,27003.56493475473,base,full,0.03924387024782661,0.4543414316491119,-0.4015950142279634,0.08160280097300254
aa6704a4c9259cec,medium_long,3,21,0,0.579560449291487,0.18172212193212145,-0.2439769527633393,0.9334031655308908,63,15.463385977786062,0.025976942104082804,0.44364060739185524,0.5396446254019,665,False,1.5338345864661653,6713.0,0.0,16259.04638064099,base,recent,0.02728560057378515,0.07648693415101215,-0.3180000659234332,0.1544365213583363
747f76bb76502ab1,medium_long,3,21,3,2.027817416973074,0.12058919673789537,-0.34750992645541423,0.6599953019152884,309,86.43574673758717,0.14520341094447267,0.5058614323846188,0.5396572904521196,2365,False,2.6169133192389005,22028.482221596245,205.79029733959942,26623.95421521437,base,full,0.03924387024782661,0.4543414316491119,-0.4015950142279634,0.08134532649006876
747f76bb76502ab1,medium_long,3,21,3,0.859785236330042,0.2543573708723055,-0.15435619024952907,1.2889015300335005,68,19.655764338737846,0.03301971851264571,0.37149610790810295,0.539418862957748,665,False,1.2766917293233082,4888.0,0.0,19301.525351525306,base,recent,0.02728560057378515,0.07648693415101215,-0.3180000659234332,0.22707177029852033
c12111a5bf9feaa6,medium_long,3,42,0,1.2368594942599773,0.08625778744989243,-0.4017975741854638,0.5252003627653928,171,54.17552362692672,0.09100946214087419,0.4819079981885721,0.44099556118415495,2365,False,2.564059196617336,19912.304827699525,411.58059467918974,24137.371036213575,base,full,0.03924387024782661,0.4543414316491119,-0.4015950142279634,0.047013917202065825
c12111a5bf9feaa6,medium_long,3,42,0,0.20267792089073988,0.06973091192141156,-0.24782403408435516,0.5287058889458507,34,7.023764638914823,0.011799222216913013,0.2733052998375371,0.4172529578364821,665,False,0.9654135338345865,0.0,0.0,9655.793244927263,base,recent,0.02728560057378515,0.07648693415101215,-0.3180000659234332,0.04244531134762641
80d32ff3dfccfd36,medium_long,3,42,3,1.7234831130863477,0.10845592115340752,-0.24123116639229425,0.6461381391406196,177,58.00486632244162,0.09744237493506963,0.4253657008748466,0.445409247631868,2365,False,2.369556025369979,20316.304827699525,411.58059467918747,33363.73343002006,base,full,0.03924387024782661,0.4543414316491119,-0.4015950142279634,0.06921205090558091
80d32ff3dfccfd36,medium_long,3,42,3,0.2405114510098767,0.08190140303917626,-0.17952212718517824,0.6106023539962298,32,6.600769038380382,0.01108863190757521,0.2611715797542913,0.41526296109706173,665,False,0.9007518796992481,0.0,0.0,15329.146314061392,base,recent,0.02728560057378515,0.07648693415101215,-0.3180000659234332,0.054615802465391106
a87e7ebf3da9a3bc,medium_long,5,10,0,0.996080018887642,0.07361790426631165,-0.3596091817409499,0.5238629634989583,651,83.71069157852767,0.14062559078276862,0.5665510566347601,0.2939292626663381,2365,False,4.227484143763213,18538.023262411974,470.31248609224895,11169.69175634017,base,full,0.03924387024782661,0.4543414316491119,-0.4015950142279634,0.034374034018485045
a87e7ebf3da9a3bc,medium_long,5,10,0,0.5094406154132727,0.16228479272342744,-0.15220523509607842,1.0691902753348344,157,14.989440728124022,0.025180761479175542,0.4643055393755308,0.2952593241307503,665,False,2.7518796992481205,3803.0,0.0,9907.06293559912,base,recent,0.02728560057378515,0.07648693415101215,-0.3180000659234332,0.1349991921496423
f786142d2051ef4f,medium_long,5,10,3,0.663061271897702,0.053666270336959476,-0.3634185185531261,0.4123482889427388,678,73.82579306032284,0.12401994976203638,0.5404273312760703,0.29595437875782127,2365,False,4.074841437632135,15901.808962411971,470.31248609224997,13683.816231464218,base,full,0.03924387024782661,0.4543414316491119,-0.4015950142279634,0.01442240008913287
f786142d2051ef4f,medium_long,5,10,3,0.48586203804910744,0.15562024741002634,-0.15195845243301165,1.0364970713405166,172,17.664385972555877,0.029674401995296612,0.43368745446087437,0.2918381179458932,665,False,2.532330827067669,4727.0,0.0,9665.205183923801,base,recent,0.02728560057378515,0.07648693415101215,-0.3180000659234332,0.12833464683624118
1b7b44afaf207b6e,medium_long,5,21,0,0.9920697924626738,0.07339603086571223,-0.3221411519464178,0.5175377932270087,423,63.3705398504477,0.10645616989476708,0.5541546888154616,0.3835695623807536,2365,False,3.9881606765327695,20693.10393359742,28.95148669796754,12896.030078905347,base,full,0.03924387024782661,0.4543414316491119,-0.4015950142279634,0.03415216061788562
1b7b44afaf207b6e,medium_long,5,21,0,0.4809491088429516,0.1542231595749992,-0.21621038290765415,0.9735518164506911,98,12.232429317817449,0.02054925801100153,0.44291105896016003,0.38210259705270616,665,False,2.556390977443609,4109.0,0.0,11789.912248049419,base,recent,0.02728560057378515,0.07648693415101215,-0.3180000659234332,0.12693755900121406
5ec219cd3b27db4f,medium_long,5,21,3,0.6738059860166232,0.05436387124443809,-0.32254906996766275,0.41905184598376155,445,60.62520384479794,0.101844279938876,0.49813819289800376,0.38192170378166823,2365,False,3.6718816067653277,13837.109096791864,28.95148669796754,10672.649073811399,base,full,0.03924387024782661,0.4543414316491119,-0.4015950142279634,0.015120000996611482
5ec219cd3b27db4f,medium_long,5,21,3,0.5636601094841742,0.17736330477168094,-0.1900690383843967,1.12718463718067,102,14.142574625756506,0.023758111113808347,0.3750406072126537,0.3812840265952343,665,False,2.130827067669173,3205.5,0.0,12748.012396095024,base,recent,0.02728560057378515,0.07648693415101215,-0.3180000659234332,0.1500777041978958
f3666d5553d91917,medium_long,5,42,0,1.0942913329356765,0.07893050414049396,-0.3740583846848424,0.5322314204254348,252,45.61219253085656,0.07662392223258595,0.49799924157501446,0.44616424734650917,2365,False,3.4198731501057082,19693.066402142016,521.1267605633816,21458.0087264552,base,full,0.03924387024782661,0.4543414316491119,-0.4015950142279634,0.039686633892667356
f3666d5553d91917,medium_long,5,42,0,0.2564035964434703,0.0869433996209068,-0.21399816768856694,0.7216907187637803,52,6.420865097895146,0.010786411277954055,0.30340686778752934,0.24953673936154627,665,False,1.7353383458646616,2333.0,0.0,10772.360805922352,base,recent,0.02728560057378515,0.07648693415101215,-0.3180000659234332,0.05965779904712165
ed85990c5ed430fa,medium_long,5,42,3,1.4885078743881945,0.09822482569642399,-0.29754616246135,0.6642021876789057,252,49.46538287925572,0.0830968966988617,0.4322899672009738,0.4303202214869457,2365,False,3.0608879492600423,19728.91983404734,582.1596244131456,21033.630446547406,base,full,0.03924387024782661,0.4543414316491119,-0.4015950142279634,0.05898095544859738
ed85990c5ed430fa,medium_long,5,42,3,0.2722834178600255,0.09194121189778981,-0.19607220713393547,0.7836709964107984,52,6.39853224200344,0.01074889431334158,0.26470077011784016,0.24515217470440667,665,False,1.5203007518796992,2333.0,0.0,12062.342945670518,base,recent,0.02728560057378515,0.07648693415101215,-0.3180000659234332,0.06465561132400466
635674fb0e424891,medium_long,8,10,0,0.7956022912245575,0.06200256307617158,-0.30994486269230637,0.5241541990123909,879,71.5348866159019,0.12017145602605353,0.5514528271741994,0.19295858086138273,2365,False,7.419873150105708,20521.656910232363,383.1370612954114,13950.093350528003,base,full,0.03924387024782661,0.4543414316491119,-0.4015950142279634,0.022758692828344973
635674fb0e424891,medium_long,8,10,0,0.38956769004033975,0.12768242800422347,-0.09774252338161615,1.0258176774679109,211,13.953178921975132,0.02343994527102604,0.45807055876989383,0.18938310335766598,665,False,4.35187969924812,5144.5,0.0,15365.77002065079,base,recent,0.02728560057378515,0.07648693415101215,-0.3180000659234332,0.10039682743043832
096162757a79db9b,medium_long,8,10,3,0.5414358008911262,0.04547435495147911,-0.3333599321673866,0.4121888006631405,926,73.60301152687956,0.12364569906400492,0.5233167676532927,0.1911083964987781,2365,False,7.19661733615222,18041.648622741883,704.7787279620798,17739.8024807642,base,full,0.03924387024782661,0.4543414316491119,-0.4015950142279634,0.006230484703652506
096162757a79db9b,medium_long,8,10,3,0.3072341118149322,0.10280333085659343,-0.12868140860934352,0.850223318521485,245,16.96953583209109,0.028507123244329833,0.42482712854962235,0.18877351465121656,665,False,4.08421052631579,5017.5,0.0,17866.412118001408,base,recent,0.02728560057378515,0.07648693415101215,-0.3180000659234332,0.07551773028280828
667448f7f69e7bc8,medium_long,8,21,0,1.397692790710281,0.094036876795762,-0.26139515674359337,0.7305167029062715,594,70.38348510797772,0.1182372166328918,0.5490347920986748,0.268683888850305,2365,False,7.299788583509514,28636.238548366808,512.8944556616109,21717.386393015422,base,full,0.03924387024782661,0.4543414316491119,-0.4015950142279634,0.0547930065479354
667448f7f69e7bc8,medium_long,8,21,0,0.368484061033731,0.12140261966962629,-0.20193309690038197,0.9296684945708619,148,11.234277878580093,0.018872463408226695,0.4448018410324058,0.26447673166317726,665,False,4.090225563909774,6442.7,0.0,16200.407102823787,base,recent,0.02728560057378515,0.07648693415101215,-0.3180000659234332,0.09411701909584114
c93b2600720afdfc,medium_long,8,21,3,1.2971321794766766,0.08923010090244965,-0.23021061532718456,0.7128046924457596,657,72.74721685780995,0.1222080495994349,0.49577108157061545,0.268331891242844,2365,False,6.802114164904863,22205.05011709856,505.20278899494394,17576.016858120318,base,full,0.03924387024782661,0.4543414316491119,-0.4015950142279634,0.04998623065462304
c93b2600720afdfc,medium_long,8,21,3,0.4147200659624417,0.13509550809261084,-0.19882434140164162,1.04483921440953,152,13.105222173396589,0.022015462729088928,0.36593093148053535,0.26389122797173875,665,False,3.3849624060150374,5096.0,0.0,19271.007622397738,base,recent,0.02728560057378515,0.07648693415101215,-0.3180000659234332,0.10780990751882569
34eaad2b92511af9,medium_long,8,42,0,1.1113854452403649,0.0798322636835247,-0.28814847431857005,0.6465976144093055,371,44.53980214813915,0.07482241362865895,0.49423085750079343,0.17275990864341031,2365,False,5.806342494714587,22364.829765113034,570.4331377151819,20545.112957976584,base,full,0.03924387024782661,0.4543414316491119,-0.4015950142279634,0.04058839343569809
34eaad2b92511af9,medium_long,8,42,0,0.10703088555499418,0.03783746472599114,-0.219230703051147,0.41917258142408653,72,5.8397329063155645,0.009810167309319518,0.29218860034386634,0.158846529727949,665,False,2.700751879699248,2880.25,0.0,18148.0893470491,base,recent,0.02728560057378515,0.07648693415101215,-0.3180000659234332,0.010551864152205992
c11c31b6076ac92c,medium_long,8,42,3,1.2495123070380894,0.08688766271625492,-0.26815819373800487,0.729794312694295,365,45.62236172647411,0.07664100546430383,0.4275029213341089,0.1704967512236805,2365,False,5.219027484143763,19993.925500547957,578.1248043818489,19042.10757407915,base,full,0.03924387024782661,0.4543414316491119,-0.4015950142279634,0.047643792468428314
c11c31b6076ac92c,medium_long,8,42,3,0.13075081154251733,0.04590505784584842,-0.19953026133800167,0.5038802844054047,76,6.022601075250864,0.010117367546313925,0.25873130722334514,0.15836284365343092,665,False,2.3639097744360904,3108.25,0.0,18282.081982041036,base,recent,0.02728560057378515,0.07648693415101215,-0.3180000659234332,0.018619457272063267
439ee641401f04e0,medium_long,10,10,0,1.3032747082271685,0.089529074776175,-0.3028711830894698,0.7569999881567828,1040,86.71510402191959,0.14567270324642279,0.5517143000652467,0.15331339854782194,2365,False,8.449894291754758,27075.98106558741,1130.315515346594,27029.156659680444,base,full,0.03924387024782661,0.4543414316491119,-0.4015950142279634,0.05028520452834839
439ee641401f04e0,medium_long,10,10,0,0.36226853052902874,0.11953960025298183,-0.08287372553944039,1.0372164517104843,269,14.355829684416772,0.024116358286851727,0.4471326385658294,0.15568014883297246,665,False,5.443609022556391,5554.4,0.0,22181.85383491582,base,recent,0.02728560057378515,0.07648693415101215,-0.3180000659234332,0.09225399967919667
c49bfc4af5dd781c,medium_long,10,10,3,0.7954896130937033,0.06199571387258129,-0.3310155766836783,0.5559219002710507,1124,85.32546867739003,0.14333825483114745,0.5287628414023792,0.15509667958606732,2365,False,8.191966173361521,21513.140314606455,1409.5988486799279,19547.36350210276,base,full,0.03924387024782661,0.4543414316491119,-0.4015950142279634,0.022751843624754686
c49bfc4af5dd781c,medium_long,10,10,3,0.31066447341392256,0.10385945140814856,-0.114862127271803,0.9191523488481002,300,17.335070285138606,0.029121184572004348,0.4182708687581101,0.15433780833903651,665,False,5.075187969924812,5517.5,0.0,20322.448098609653,base,recent,0.02728560057378515,0.07648693415101215,-0.3180000659234332,0.07657385083436341
5d0d1aabdf472017,medium_long,10,21,0,1.5978511229404018,0.10308896412274682,-0.2658400005142678,0.8342131498378814,709,71.68111606499305,0.12041710687758181,0.5458455515030184,0.2246844953256476,2365,False,8.555179704016913,30094.15118305584,602.9743964107568,24287.139442581818,base,full,0.03924387024782661,0.4543414316491119,-0.4015950142279634,0.06384509387492021
5d0d1aabdf472017,medium_long,10,21,0,0.2947474990398269,0.09894409756571898,-0.18507003468375782,0.8545667367456847,163,10.766545419283151,0.018086719649853766,0.4227704431635778,0.22625592635978867,665,False,4.954887218045113,5610.2,0.0,19573.750644033953,base,recent,0.02728560057378515,0.07648693415101215,-0.3180000659234332,0.07165849699193383
0940d0b35edb5969,medium_long,10,21,3,1.3387469094534747,0.09124173878916197,-0.2556307326096158,0.774318618086753,740,72.19827738978191,0.12128588618709464,0.48651823944042016,0.2272691886513104,2365,False,7.942494714587738,22630.575525120934,560.6160630774243,30436.07624411699,base,full,0.03924387024782661,0.4543414316491119,-0.4015950142279634,0.05199786854133537
0940d0b35edb5969,medium_long,10,21,3,0.35587789354730504,0.11761846081495242,-0.1670987934015674,1.0235755069813313,176,12.400772930485722,0.020832058445922966,0.36213980928502604,0.22131043837882214,665,False,4.242105263157895,4964.0,0.0,22385.790119577316,base,recent,0.02728560057378515,0.07648693415101215,-0.3180000659234332,0.09033286024116727
03e785973c510f79,medium_long,10,42,0,0.9934316559993086,0.0734714234570546,-0.2047381303271394,0.6605206955176329,421,38.73054078437508,0.06506343546367171,0.4771945958795742,0.14005807478009996,2365,False,6.7509513742071885,21140.810805935682,409.1843896713605,31133.982354668657,base,full,0.03924387024782661,0.4543414316491119,-0.4015950142279634,0.03422755320922799
03e785973c510f79,medium_long,10,42,0,0.16867079953311181,0.058582166770119626,-0.1521932043292067,0.6907971949244236,89,5.697980271878361,0.009572037058728458,0.28591841688364583,0.12547483790103844,665,False,3.4706766917293232,3701.25,0.0,17448.080615161147,base,recent,0.02728560057378515,0.07648693415101215,-0.3180000659234332,0.031296566196334474
e14f632ecfde30c1,medium_long,10,42,3,1.090862236401533,0.0787488153603364,-0.20663378095871898,0.7356821736985507,422,40.75564737475514,0.06846541202485117,0.4161118432382759,0.13954645985654998,2365,False,6.011416490486258,19289.271853852344,409.1843896713605,33108.04048453648,base,full,0.03924387024782661,0.4543414316491119,-0.4015950142279634,0.03950494511250979
e14f632ecfde30c1,medium_long,10,42,3,0.17099690557065328,0.05935125821615306,-0.1502915849369535,0.7127603846390681,87,5.695697943689583,0.009568202975604132,0.25194575609057623,0.12525925822065417,665,False,3.0406015037593983,3694.65,0.0,17680.691218915294,base,recent,0.02728560057378515,0.07648693415101215,-0.3180000659234332,0.032065657642367906
14b7f4c7e6e8f91c,medium_long,15,10,0,1.0200523965536248,0.07493594014989724,-0.28940992627268547,0.7200677717575958,1331,77.22776008564077,0.12973491416786795,0.5270892536512434,0.10561448151996079,2365,False,11.59154334038055,24172.785046692403,1435.7555194973777,38684.48466992275,base,full,0.03924387024782661,0.4543414316491119,-0.4015950142279634,0.03569206990207063
14b7f4c7e6e8f91c,medium_long,15,10,0,0.2880199617403125,0.09685502036159788,-0.09456912722024136,0.9683945989407114,312,12.228361675511028,0.02054242477869097,0.39268469742443685,0.09828101825123825,665,False,7.293233082706767,5281.87,0.0,22552.996339970578,base,recent,0.02728560057378515,0.07648693415101215,-0.3180000659234332,0.06956941978781273
74cd4c6a5cc0e5e4,medium_long,15,10,3,0.7372926839151761,0.058405561125614236,-0.32059455333986153,0.5830797220452412,1411,79.12125650252425,0.13291579879859056,0.5035576636755481,0.10639468046354639,2365,False,11.204651162790698,21482.297113359073,1349.755522040509,28630.512940049,base,full,0.03924387024782661,0.4543414316491119,-0.4015950142279634,0.01916169087778763
74cd4c6a5cc0e5e4,medium_long,15,10,3,0.22563665886688544,0.07714489216927767,-0.11443743442517929,0.8101908018900207,364,15.099101679587037,0.02536498091153825,0.3688680795916679,0.10691450057390584,665,False,6.882706766917293,4998.07,0.0,20782.66598777801,base,recent,0.02728560057378515,0.07648693415101215,-0.3180000659234332,0.049859291595492516
aafa98676e21d7d8,medium_long,15,21,0,1.3221656121565575,0.09044408510065427,-0.24713958666953517,0.833760031420598,908,61.16430824953852,0.10274992142839975,0.5263539895897553,0.15686142574162398,2365,False,12.268076109936574,26699.892974069786,1340.942707322312,32892.61856364654,base,full,0.03924387024782661,0.4543414316491119,-0.4015950142279634,0.051200214852827663
aafa98676e21d7d8,medium_long,15,21,0,0.23973706192654332,0.08165467277892668,-0.15634305062216292,0.8325750357157182,206,9.479332866076943,0.015924331281722662,0.3719227697378626,0.14914170737949525,665,False,6.9112781954887215,4807.290000000001,0.0,25172.706217449857,base,recent,0.02728560057378515,0.07648693415101215,-0.3180000659234332,0.05436907220514153
bfcc8eb310511d55,medium_long,15,21,3,1.124158669939749,0.080501818847309,-0.2488884883492336,0.7818372451283411,950,61.46363470260503,0.10325275993690615,0.4729281428842921,0.15258082972264594,2365,False,10.551797040169133,20562.259301074253,1349.755522040509,38308.1115749312,base,full,0.03924387024782661,0.4543414316491119,-0.4015950142279634,0.0412579485994824
bfcc8eb310511d55,medium_long,15,21,3,0.27932638360804796,0.0941451521166552,-0.15381119554695732,0.9594011531331381,233,11.069188844879267,0.01859513034051269,0.32669592757614696,0.1553282196291941,665,False,6.064661654135338,4379.14,0.0,27148.638393229714,base,recent,0.02728560057378515,0.07648693415101215,-0.3180000659234332,0.06685955154287004
2039cb9f04417bed,medium_long,15,42,0,0.8680233731246638,0.06632692025495301,-0.21806461587140658,0.6661341969001782,543,33.09194865616031,0.05559116454748369,0.472320035999079,0.13276925044281873,2365,False,10.989429175475687,19873.67139523612,1516.324675879605,29113.01311151658,base,full,0.03924387024782661,0.4543414316491119,-0.4015950142279634,0.027083050007126408
2039cb9f04417bed,medium_long,15,42,0,0.16165977511030705,0.05625818404796723,-0.11696582213294515,0.7977672023622976,107,4.9557826219038965,0.008325219226536354,0.25500369795660605,0.08521880279798572,665,False,4.827067669172933,3248.05,0.0,21410.97782574324,base,recent,0.02728560057378515,0.07648693415101215,-0.3180000659234332,0.02897258347418208
e584c0995c8de0e7,medium_long,15,42,3,0.9642464499136312,0.07184552151559043,-0.22398909524892607,0.7469679810545499,551,34.53866447183888,0.05802150244624212,0.41601827016925663,0.1370835066088589,2365,False,9.133192389006343,18595.52893121945,1351.4285704100073,36074.216920678446,base,full,0.03924387024782661,0.4543414316491119,-0.4015950142279634,0.03260165126776382
e584c0995c8de0e7,medium_long,15,42,3,0.15864742535906862,0.05525692941844196,-0.11983349152157119,0.7951219736998303,108,4.949195646511316,0.00831415376657436,0.23382835515675804,0.08543990338377266,665,False,4.413533834586466,3232.9500000000003,0.0,21109.742850619383,base,recent,0.02728560057378515,0.07648693415101215,-0.3180000659234332,0.027971328844656806
e6ebc33144a7a544,risk_adjusted,3,10,0,1.5690896936014296,0.10182758286389149,-0.39605025365321633,0.6073834996554374,516,149.59847677528973,0.2513104811348092,0.5664612767110098,0.39285747290436834,2365,False,2.6224101479915434,24832.278742723003,685.4460093896705,43133.52634529061,base,full,0.03924387024782661,0.4543414316491119,-0.4015950142279634,0.06258371261606488
e6ebc33144a7a544,risk_adjusted,3,10,0,0.18787833354772032,0.06490400105450411,-0.21750793232152554,0.5067581332780363,119,20.05750500173998,0.03369460265242299,0.45193098348486,0.35660651906613805,665,False,1.6180451127819548,4198.0,0.0,45127.834747136534,base,recent,0.02728560057378515,0.07648693415101215,-0.3180000659234332,0.03761840048071896
df99974c36d4d60f,risk_adjusted,3,10,3,1.2234242486270137,0.08558545248149785,-0.4116758449057961,0.5282577233841708,528,151.74550698316438,0.25491727718101764,0.5436806122565028,0.4140780222495224,2365,False,2.553911205073996,22179.693907981222,215.96244131455933,53756.46501538095,base,full,0.03924387024782661,0.4543414316491119,-0.4015950142279634,0.04634158223367124
df99974c36d4d60f,risk_adjusted,3,10,3,0.16350055607455571,0.056869217791966076,-0.21035620409187772,0.45757764202891427,128,22.306762443634025,0.03747313022906081,0.42909515480924776,0.3632257223513591,665,False,1.524812030075188,4175.5,0.0,43780.056961673115,base,recent,0.02728560057378515,0.07648693415101215,-0.3180000659234332,0.029583617218180924
92b76ba032df401f,risk_adjusted,3,21,0,0.9037913193444462,0.06840744641100716,-0.45398485203859407,0.45225083772144664,329,110.12412279511099,0.18499751388350702,0.5500713072890975,0.4264787840375663,2365,False,2.7594080338266385,30627.613507511738,28.951486697969813,39275.18264119758,base,full,0.03924387024782661,0.4543414316491119,-0.4015950142279634,0.02916357616318055
92b76ba032df401f,risk_adjusted,3,21,0,-0.13543257817582666,-0.05176542650457927,-0.33679595010829466,-0.28606427490290887,64,11.830042084692,0.019873287698074095,0.43643406228676895,0.3870454547754325,665,False,1.5022556390977444,3713.5,0.0,19616.743174238632,base,recent,0.02728560057378515,0.07648693415101215,-0.3180000659234332,-0.07905102707836442
ae0b2550dab3307a,risk_adjusted,3,21,3,1.5055612042927824,0.09899591168042798,-0.36702601598531104,0.6240623317472198,349,128.26590789827083,0.21547389867830524,0.4980489444825419,0.43698932551821645,2365,False,2.5733615221987316,24784.613507511734,28.951486697969813,48107.1718226767,base,full,0.03924387024782661,0.4543414316491119,-0.4015950142279634,0.05975204143260138
ae0b2550dab3307a,risk_adjusted,3,21,3,0.10530924134080744,0.03724764712832829,-0.1620614300113583,0.33908050655334876,73,15.008546889128208,0.025212857919046473,0.36204975180285537,0.406387725924821,665,False,1.2796992481203007,2455.5,0.0,29285.92539293084,base,recent,0.02728560057378515,0.07648693415101215,-0.3180000659234332,0.009962046554543136
122bada6de25fe10,risk_adjusted,3,42,0,0.33093303608025915,0.02981620742381308,-0.3204058900103831,0.26921459699402217,174,40.75398191987149,0.0684626142271921,0.47794004451275707,0.4278832094693061,2365,False,2.635095137420719,17476.903827699527,411.58059467918747,25631.72453922563,base,full,0.03924387024782661,0.4543414316491119,-0.4015950142279634,-0.009427662824013527
122bada6de25fe10,risk_adjusted,3,42,0,-0.07908709077621867,-0.02964459480363757,-0.2523082834281082,-0.20465062120206173,35,6.637496051431178,0.011150329616799235,0.24687128030208239,0.40759287270788885,665,False,0.9654135338345865,1068.0,0.0,23616.291971419872,base,recent,0.02728560057378515,0.07648693415101215,-0.3180000659234332,-0.05693019537742272
5fd612349599ebb1,risk_adjusted,3,42,3,0.5560255502921023,0.04648703342824412,-0.24768856871545253,0.3886372216207855,182,46.91838694577854,0.07881819823021334,0.4127115204279715,0.4351511567522376,2365,False,2.40676532769556,17192.61812769953,411.58059467918747,33735.97622743876,base,full,0.03924387024782661,0.4543414316491119,-0.4015950142279634,0.007243163180417511
5fd612349599ebb1,risk_adjusted,3,42,3,0.007792360286493105,0.0028391504920426414,-0.18194863929526883,0.08210924608456287,35,7.316854055430888,0.01229158312771835,0.22543926035732614,0.40759287270788885,665,False,0.843609022556391,1138.5,0.0,17634.237192131994,base,recent,0.02728560057378515,0.07648693415101215,-0.3180000659234332,-0.02444645008174251
85ad45220683586c,risk_adjusted,5,10,0,0.7321046492515593,0.058080296135117004,-0.38030560248052125,0.4640263400390879,745,109.84773095162504,0.18453320322563493,0.5553110956821845,0.24531703311618827,2365,False,3.8849894291754756,25482.422612676048,225.35211267605519,25712.113192042234,base,full,0.03924387024782661,0.4543414316491119,-0.4015950142279634,0.018836425887290398
85ad45220683586c,risk_adjusted,5,10,0,0.2185349094086737,0.07486103780602416,-0.11571170668021347,0.6514730153724949,155,17.069994834395647,0.028675884322301254,0.43110299293205323,0.22008849061800875,665,False,2.706766917293233,5369.0,0.0,13943.4911888227,base,recent,0.02728560057378515,0.07648693415101215,-0.3180000659234332,0.047575437232239004
2d1ffe152f343530,risk_adjusted,5,10,3,0.5878639294179013,0.04866768998463877,-0.39344963861944837,0.40416903978712854,771,108.95636230252883,0.1830357930320182,0.5424651724865888,0.2513871710677448,2365,False,3.7424947145877376,21843.456495305167,990.6103286384996,22220.782994621346,base,full,0.03924387024782661,0.4543414316491119,-0.4015950142279634,0.009423819736812167
2d1ffe152f343530,risk_adjusted,5,10,3,0.1756265761595901,0.06087910724317225,-0.11237363028156155,0.5395776631296768,190,21.177727866371864,0.0355764650427181,0.4204238581516182,0.22238957394632972,665,False,2.536842105263158,4658.5,0.0,12541.657850562882,base,recent,0.02728560057378515,0.07648693415101215,-0.3180000659234332,0.033593506669387097
86c6364de5be00da,risk_adjusted,5,21,0,0.7712302613954305,0.060512038453039985,-0.3435436660961696,0.4905875613319303,464,79.67593751776886,0.13384760743609989,0.5454134870052402,0.27663674351779577,2365,False,4.005919661733615,26549.342569014087,28.95148669796754,33629.075167829214,base,full,0.03924387024782661,0.4543414316491119,-0.4015950142279634,0.021268168205213378
86c6364de5be00da,risk_adjusted,5,21,0,0.31927854284602275,0.10650379113546737,-0.22018240415764878,0.7803375097349148,100,15.64322472452593,0.026279053214731108,0.43153583001895107,0.3726217282254191,665,False,2.556390977443609,6113.5,0.0,16332.854685145474,base,recent,0.02728560057378515,0.07648693415101215,-0.3180000659234332,0.07921819056168222
32304aa8d256960a,risk_adjusted,5,21,3,0.6031782475695104,0.04970264949533609,-0.35524453917826293,0.4263371836241944,494,78.02947742438566,0.1310817191252255,0.4873723257713007,0.2773815095347904,2365,False,3.6845665961945033,20759.242569014088,28.95148669796754,24618.873766163713,base,full,0.03924387024782661,0.4543414316491119,-0.4015950142279634,0.010458779247509487
32304aa8d256960a,risk_adjusted,5,21,3,0.48601821549559077,0.15566461141145993,-0.14046569731982583,1.1151482721901116,117,18.98672559997845,0.03189580033540379,0.3597137386927937,0.3770168778234176,665,False,2.130827067669173,4941.0,0.0,22351.82212176366,base,recent,0.02728560057378515,0.07648693415101215,-0.3180000659234332,0.12837901083767478
84ae521b0adbfb77,risk_adjusted,5,42,0,0.45663749331075576,0.03941237030382094,-0.2928935000869215,0.3640570365901906,287,41.34589028057241,0.0694569610823336,0.46965926193122515,0.2617983773448742,2365,False,2.8498942917547567,17603.247976995306,0.0,21768.749922353643,base,full,0.03924387024782661,0.4543414316491119,-0.4015950142279634,0.00016850005599433615
84ae521b0adbfb77,risk_adjusted,5,42,0,0.041977973463465545,0.015132731409838618,-0.15844740652632883,0.20792962739299606,54,7.288626644424437,0.012244163899968614,0.25122898996164006,0.21995821141720906,665,False,1.6090225563909775,2462.0,0.0,21382.79767059582,base,recent,0.02728560057378515,0.07648693415101215,-0.3180000659234332,-0.012152869163946534
78782a801441ef28,risk_adjusted,5,42,3,1.0827435255075888,0.07831758184193105,-0.2016553668705604,0.6020429458448038,283,54.182329929220636,0.09102089604809777,0.40643994174687104,0.4664386815103492,2365,False,2.4693446088794926,21161.999876995305,0.0,34664.3531801839,base,full,0.03924387024782661,0.4543414316491119,-0.4015950142279634,0.03907371159410444
78782a801441ef28,risk_adjusted,5,42,3,0.10198064888771907,0.03610564984287645,-0.12769187057304587,0.42526113455695225,53,7.455562950230121,0.01252460020009158,0.21986031035591777,0.21995821141720906,665,False,1.406015037593985,2530.5,0.0,17708.065213021182,base,recent,0.02728560057378515,0.07648693415101215,-0.3180000659234332,0.008820049269091301
fa10461c3a79a6b6,risk_adjusted,8,10,0,0.5365160138478933,0.04513093169734117,-0.2670453354168021,0.4263975577389427,970,81.7614483135233,0.13735105702188785,0.5480991514604634,0.19054149381012075,2365,False,6.92600422832981,21209.410838292257,806.4441426725648,28383.157444295706,base,full,0.03924387024782661,0.4543414316491119,-0.4015950142279634,0.0058870614495145634
fa10461c3a79a6b6,risk_adjusted,8,10,0,0.40147675418799444,0.13120287305863343,-0.08127385832865175,1.1698974820608328,238,18.035744498572353,0.0302982471831517,0.4487868196166129,0.18666654934669039,665,False,4.306766917293233,6907.200000000001,0.0,19715.675592368185,base,recent,0.02728560057378515,0.07648693415101215,-0.3180000659234332,0.10391727248484828
ee56dd43e37628ca,risk_adjusted,8,10,3,0.37905581970182034,0.0335822420579035,-0.3270869340992848,0.3414636302522228,1011,81.5629037464618,0.13701752200368117,0.520750249995467,0.190732013082901,2365,False,6.700634249471459,19881.84512092136,571.7023586350069,18649.879787023117,base,full,0.03924387024782661,0.4543414316491119,-0.4015950142279634,-0.005661628189923107
ee56dd43e37628ca,risk_adjusted,8,10,3,0.30298174302171743,0.10149169048263595,-0.09987172592663163,0.9418724965183839,272,21.436994272275566,0.03601200667799572,0.42643797406860195,0.19355201866920882,665,False,4.02406015037594,6660.4,0.0,17826.17446620372,base,recent,0.02728560057378515,0.07648693415101215,-0.3180000659234332,0.0742060899088508
1838f565e482812c,risk_adjusted,8,21,0,0.8797790482253574,0.06701463049295575,-0.30591833504982713,0.5802774138031362,623,70.88039545878593,0.11907197633121443,0.5429542378639206,0.26067342399159094,2365,False,6.427906976744186,29637.883831095034,805.1749217527398,28421.730116313374,base,full,0.03924387024782661,0.4543414316491119,-0.4015950142279634,0.027770760245129145
1838f565e482812c,risk_adjusted,8,21,0,0.25167146889370184,0.08544632198725899,-0.16182144081794925,0.7789887304502631,148,13.548768170039894,0.022760575648850014,0.442265810753211,0.2621970462378025,665,False,4.121804511278196,6342.1,0.0,16554.147020977234,base,recent,0.02728560057378515,0.07648693415101215,-0.3180000659234332,0.05816072141347384
0750f8a4dd986d26,risk_adjusted,8,21,3,0.8565096193359107,0.06564958809348598,-0.30889371775625707,0.5806196290698913,684,74.54820659540621,0.12523353225962286,0.4892824769732134,0.2629137327919795,2365,False,5.910782241014799,24300.92711372415,570.4331377151819,27172.528994240158,base,full,0.03924387024782661,0.4543414316491119,-0.4015950142279634,0.02640571784565937
0750f8a4dd986d26,risk_adjusted,8,21,3,0.334616593991639,0.11118525298960913,-0.144182485042747,1.003001377587256,166,15.908871019685506,0.026725312425969674,0.36801450389145884,0.2617674257655176,665,False,3.439097744360902,4913.1,0.0,18636.659542215042,base,recent,0.02728560057378515,0.07648693415101215,-0.3180000659234332,0.08389965241582398
05932334b699020e,risk_adjusted,8,42,0,0.5608062305417878,0.046817008995485354,-0.2577584141852407,0.4564691565819067,392,41.68776420049985,0.0700312750804197,0.47646945752503106,0.17975771067868296,2365,False,5.930655391120507,18932.268252524744,544.6569640062603,29320.96650978923,base,full,0.03924387024782661,0.4543414316491119,-0.4015950142279634,0.0075731387476587475
05932334b699020e,risk_adjusted,8,42,0,0.033113015294397696,0.011969669092088076,-0.21343378067274166,0.17983198665628988,75,6.361361939031363,0.010686451921378784,0.28351110545044145,0.14867649761810428,665,False,2.7639097744360903,2410.5,0.0,15102.30180028329,base,recent,0.02728560057378515,0.07648693415101215,-0.3180000659234332,-0.015315931481697076
d47cec1dc3fd8d22,risk_adjusted,8,42,3,0.763614328786399,0.060042495119100536,-0.21433331134117173,0.5906473313448308,398,44.876006393098265,0.07538720313976575,0.4154464120030539,0.1701780516642942,2365,False,5.348837209302325,16652.090840015222,223.01529733959308,33029.41804287868,base,full,0.03924387024782661,0.4543414316491119,-0.4015950142279634,0.02079862487127393
d47cec1dc3fd8d22,risk_adjusted,8,42,3,0.053936283705918964,0.019372571129870675,-0.18712888932562988,0.26843603762241447,78,6.498205248934506,0.010916334997685077,0.24449118429636063,0.14580851063444328,665,False,2.4210526315789473,2410.5,0.0,15734.628641435396,base,recent,0.02728560057378515,0.07648693415101215,-0.3180000659234332,-0.007913029443914477
ffdb8797f3bf57a2,risk_adjusted,10,10,0,0.61483697600288,0.05048462976784429,-0.2979790655728949,0.4925714365201698,1092,82.84499384875627,0.13917130516652568,0.5428498411920154,0.15618789059633345,2365,False,7.972938689217759,24286.699170173124,1113.090515346595,24613.607449244962,base,full,0.03924387024782661,0.4543414316491119,-0.4015950142279634,0.011240759520017685
ffdb8797f3bf57a2,risk_adjusted,10,10,0,0.28033616446242116,0.094460508902388,-0.08855952773854014,0.9161404298316221,285,16.97248810126459,0.02851208276131439,0.43643208647609255,0.15444028958768988,665,False,5.368421052631579,5386.900000000001,0.0,22639.616726622364,base,recent,0.02728560057378515,0.07648693415101215,-0.3180000659234332,0.06717490832860284
4f78e1e904bdc55e,risk_adjusted,10,10,3,0.3487448418975052,0.031224169608566443,-0.3456130978239297,0.3318426023915793,1160,82.55636339259951,0.13868643486322785,0.5199636398135034,0.15796425166380185,2365,False,7.703171247357294,20353.699170173124,1113.090515346595,23491.393979579694,base,full,0.03924387024782661,0.4543414316491119,-0.4015950142279634,-0.008019700639260163
4f78e1e904bdc55e,risk_adjusted,10,10,3,0.1395119975133432,0.04885771964636909,-0.13798911264223523,0.5292840861365706,313,18.724125271063564,0.031454658042859684,0.4054463657648709,0.15380800613415152,665,False,5.067669172932331,5176.3,0.0,16452.20039411081,base,recent,0.02728560057378515,0.07648693415101215,-0.3180000659234332,0.02157211907258394
fa458d94733431ad,risk_adjusted,10,21,0,1.351425280793928,0.0918482239248064,-0.18053545731381426,0.8301852168974483,779,77.07637654563355,0.1294806049590098,0.537738183249748,0.21508836949226923,2365,False,8.413107822410147,32783.104795467814,686.6989660508192,35941.8296035306,base,full,0.03924387024782661,0.4543414316491119,-0.4015950142279634,0.0526043536769798
fa458d94733431ad,risk_adjusted,10,21,0,0.3259088554502729,0.108531703870965,-0.152682650739968,1.0285356098917766,184,13.25492216949046,0.022266943752527017,0.419456627056546,0.21771051906405378,665,False,4.923308270676691,5861.7300000000005,0.0,24233.88581396346,base,recent,0.02728560057378515,0.07648693415101215,-0.3180000659234332,0.08124610329717985
ea66f7a1ef9408b2,risk_adjusted,10,21,3,1.1841913216073516,0.08360105783360727,-0.18572827612262754,0.7815137286763707,805,78.25765899343119,0.131465041343065,0.483411274126294,0.2185664527589217,2365,False,7.7953488372093025,25776.45053197734,644.3406327174847,29648.791981966628,base,full,0.03924387024782661,0.4543414316491119,-0.4015950142279634,0.044357187585780666
ea66f7a1ef9408b2,risk_adjusted,10,21,3,0.3602248165196196,0.11892584674821216,-0.14896248878270146,1.1619593007763604,204,15.245298060201646,0.025610576211332742,0.3603558333229473,0.21318450349067009,665,False,4.242105263157895,5383.83,0.0,26112.481947600994,base,recent,0.02728560057378515,0.07648693415101215,-0.3180000659234332,0.09164024617442701
9653a439ffac3239,risk_adjusted,10,42,0,0.7966978605160548,0.06206913777665801,-0.19548508492252314,0.6205959546400389,456,40.206443683971834,0.06754280474470427,0.4724394718290976,0.15200986910326006,2365,False,6.8575052854122625,23190.96813926901,409.1843896713605,23245.602033867093,base,full,0.03924387024782661,0.4543414316491119,-0.4015950142279634,0.022825267528831406
9653a439ffac3239,risk_adjusted,10,42,0,0.12402623837135751,0.04362890253541263,-0.1602612638422023,0.5791339552955691,88,6.285525344663024,0.010559054026499414,0.27933253357761245,0.11919997751609926,665,False,3.4706766917293232,3197.25,0.0,17781.62407173963,base,recent,0.02728560057378515,0.07648693415101215,-0.3180000659234332,0.016343301961627477
95adf1bb8640d737,risk_adjusted,10,42,3,0.9263447920562566,0.06970136450432052,-0.22116440887695143,0.7055178389142954,466,43.66018289899963,0.07334474125202949,0.41462041213179957,0.14707524266419555,2365,False,6.098520084566596,21865.722256639907,643.9261737089207,26993.553434367277,base,full,0.03924387024782661,0.4543414316491119,-0.4015950142279634,0.03045749425649391
95adf1bb8640d737,risk_adjusted,10,42,3,0.12297898666940954,0.043273648177395874,-0.15926633113251398,0.5840967711127613,89,6.280766398837566,0.010551059473407226,0.24580961572057144,0.11931071238677812,665,False,3.0406015037593983,3190.65,0.0,17676.898901544846,base,recent,0.02728560057378515,0.07648693415101215,-0.3180000659234332,0.015988047603610722
7b870c16b00e3da2,risk_adjusted,15,10,0,0.7920384627046397,0.06178574673133541,-0.2556769205119722,0.6430427048253498,1386,79.4656148422265,0.13349428637345637,0.5264053410864169,0.10423257006156049,2365,False,11.633826638477801,24548.994677678314,1435.7555194973777,26414.091565404466,base,full,0.03924387024782661,0.4543414316491119,-0.4015950142279634,0.022541876483508805
7b870c16b00e3da2,risk_adjusted,15,10,0,0.17106697685641925,0.05937441116449915,-0.08889624915645267,0.7241111317141244,300,12.572766627193808,0.021120990657022873,0.38776997393285656,0.09821839381210805,665,False,7.2781954887218046,4384.6,0.0,23966.69820062606,base,recent,0.02728560057378515,0.07648693415101215,-0.3180000659234332,0.032088810590714
7b2c5e82a4606790,risk_adjusted,15,10,3,0.5992706416826585,0.04943941464030832,-0.27560744125906544,0.5309335644899414,1519,83.88030614049875,0.14091052628542383,0.5062841212472712,0.104569123170552,2365,False,11.259619450317125,21317.745744344986,1349.755522040509,24926.309386276618,base,full,0.03924387024782661,0.4543414316491119,-0.4015950142279634,0.010195544392481715
7b2c5e82a4606790,risk_adjusted,15,10,3,0.14962174610145662,0.05224701613347249,-0.09185513815008017,0.6555152022456884,348,15.063612338066932,0.02530536236671864,0.3654703036246826,0.10690645924788499,665,False,6.882706766917293,4343.7,0.0,22727.17514420327,base,recent,0.02728560057378515,0.07648693415101215,-0.3180000659234332,0.02496141555968734
4da39b1df87d72c9,risk_adjusted,15,21,0,0.9995116415185388,0.07380744798989469,-0.26579330836688975,0.7452721984168702,973,63.63623255364612,0.10690250706687013,0.5122240333769682,0.15409111496334651,2365,False,11.458350951374207,27125.362332549208,584.4973060780669,35614.66761062262,base,full,0.03924387024782661,0.4543414316491119,-0.4015950142279634,0.034563577742068086
4da39b1df87d72c9,risk_adjusted,15,21,0,0.18432851963292274,0.06374055383796406,-0.13838300307724027,0.7444660826620876,208,9.736262410807015,0.016355947223914702,0.37272531422017524,0.14935503342951603,665,False,6.9112781954887215,4661.1900000000005,0.0,24149.852161656545,base,recent,0.02728560057378515,0.07648693415101215,-0.3180000659234332,0.03645495326417891
40c3a2e0b9158653,risk_adjusted,15,21,3,0.8222217829496887,0.06360993717428975,-0.3002751466313326,0.6628064687876021,1037,65.57705788916397,0.11016289954800654,0.4710429868362926,0.15505089928177834,2365,False,10.624101479915433,22225.59946726165,1349.755522040509,34677.42345957389,base,full,0.03924387024782661,0.4543414316491119,-0.4015950142279634,0.024366066926463148
40c3a2e0b9158653,risk_adjusted,15,21,3,0.21718050709419345,0.0744245164200592,-0.1303094639034318,0.8846603261638614,230,11.119885853638172,0.018680296245526765,0.32410854349887014,0.15555038413281416,665,False,6.064661654135338,4251.1900000000005,0.0,27435.050907783607,base,recent,0.02728560057378515,0.07648693415101215,-0.3180000659234332,0.047138915846274054
45498ffe649295a3,risk_adjusted,15,42,0,0.7931997567399085,0.06185644004484847,-0.22690864441516834,0.6609520153084446,601,38.295078319170464,0.06433190206837447,0.4687525009261034,0.12929252134529642,2365,False,10.27737843551797,24212.152697406862,1351.428570410007,32781.54778259695,base,full,0.03924387024782661,0.4543414316491119,-0.4015950142279634,0.022612569797021864
45498ffe649295a3,risk_adjusted,15,42,0,0.12948479919630196,0.04547719171533271,-0.10882338797657887,0.7439307194520915,109,5.341970353824378,0.00897397599738957,0.2501906846204274,0.07867606175957494,665,False,4.700751879699248,3145.05,0.0,24533.480339246897,base,recent,0.02728560057378515,0.07648693415101215,-0.3180000659234332,0.01819159114154756
36a82e9917e427ba,risk_adjusted,15,42,3,0.8736492859800538,0.06665652072249761,-0.2473167079792341,0.7430569087860524,604,40.426287268850785,0.06791211998294241,0.41094812433845185,0.13132950187357464,2365,False,9.21860465116279,22304.70611805079,1387.1202689593006,35469.809051931225,base,full,0.03924387024782661,0.4543414316491119,-0.4015950142279634,0.027412650474671008
36a82e9917e427ba,risk_adjusted,15,42,3,0.12827562065932296,0.0450682490275498,-0.10991568181162481,0.7509880792319171,108,5.334198599794626,0.00896092022779499,0.2299371808895568,0.07690620611050553,665,False,4.299248120300752,3138.45,0.0,24710.562487456336,base,recent,0.02728560057378515,0.07648693415101215,-0.3180000659234332,0.01778264845376465
686f6857a529cd99,high_proximity,3,10,0,1.0597709988967896,0.07708914971910374,-0.2748176934640618,0.5279440668351305,747,203.79129304465755,0.3423489931857201,0.5360370281184594,0.4388907781171045,2365,False,1.9382663847780126,29209.29896056338,0.0,43133.10183898924,base,full,0.03924387024782661,0.4543414316491119,-0.4015950142279634,0.03784527947127714
686f6857a529cd99,high_proximity,3,10,0,0.361818882711578,0.11940461542691039,-0.14193911959275796,0.7926697357072068,148,36.621411426514385,0.061520309055401505,0.4175176112173707,0.44066336597492545,665,False,1.524812030075188,9466.75,0.0,29035.88960248715,base,recent,0.02728560057378515,0.07648693415101215,-0.3180000659234332,0.09211901485312524
1687740dff762623,high_proximity,3,10,3,0.537182342853421,0.04517750217093108,-0.26758153987560795,0.37348390387570923,761,168.8432495039821,0.2836397748417395,0.5102816989263065,0.44478367877606295,2365,False,1.8562367864693445,20549.04896056338,0.0,32920.23576162993,base,full,0.03924387024782661,0.4543414316491119,-0.4015950142279634,0.0059336319231044765
1687740dff762623,high_proximity,3,10,3,0.40598589673186947,0.13253086631349076,-0.14085306705096456,0.8694624973891032,170,43.20484479584574,0.07257981877254127,0.3988229055166443,0.44096418735334847,665,False,1.4706766917293232,9578.25,0.0,28932.591023589775,base,recent,0.02728560057378515,0.07648693415101215,-0.3180000659234332,0.1052452657397056
a6e8e87d40591fa7,high_proximity,3,21,0,1.6632396471987163,0.10591069973681644,-0.36637690460568584,0.6890913893080998,432,166.59201389946918,0.2798579241497183,0.5312468893717719,0.4908115977325595,2365,False,1.923044397463002,52365.4739,0.0,56758.96800051132,base,full,0.03924387024782661,0.4543414316491119,-0.4015950142279634,0.06666682948898983
a6e8e87d40591fa7,high_proximity,3,21,0,0.41158695282509483,0.1341766811740266,-0.08684127837649025,1.0419027224567374,83,19.729702427398205,0.03314392710778624,0.4304909278279383,0.35112170337270926,665,False,1.5338345864661653,10417.0,0.0,31473.69696097629,base,recent,0.02728560057378515,0.07648693415101215,-0.3180000659234332,0.10689108060024144
6977033f683e691f,high_proximity,3,21,3,1.4115232070219745,0.0946837591258185,-0.3348818841474699,0.6287148634392101,446,158.00789011274756,0.26543745460040463,0.4761252774532843,0.5383286803763374,2365,False,1.73107822410148,44069.4739,0.0,56062.32360136739,base,full,0.03924387024782661,0.4543414316491119,-0.4015950142279634,0.055439888877991894
6977033f683e691f,high_proximity,3,21,3,0.30658271410094873,0.10260258349406848,-0.08189031317600803,0.8740173710328478,89,20.634296937067987,0.034663555424580515,0.3459244179168865,0.35124955194914226,665,False,1.2451127819548873,9871.0,0.0,30778.27301226773,base,recent,0.02728560057378515,0.07648693415101215,-0.3180000659234332,0.07531698292028333
11577da5c7e54174,high_proximity,3,42,0,6.439925867041855,0.22905816144524338,-0.17533188510622777,1.3856950366128564,214,142.90893272841458,0.24007271609046366,0.48333950368273587,0.4929688312190934,2365,False,1.7276955602536999,46338.9847,0.0,111922.5957831649,base,full,0.03924387024782661,0.4543414316491119,-0.4015950142279634,0.18981429119741677
11577da5c7e54174,high_proximity,3,42,0,0.6092353940725008,0.18978311190738428,-0.059725985175697494,1.7200969998375257,30,7.901526870004891,0.013273774988921218,0.2717414106190417,0.38113049797463755,665,False,0.9654135338345865,3520.0,0.0,25198.541314598726,base,recent,0.02728560057378515,0.07648693415101215,-0.3180000659234332,0.16249751133359913
60ee10de14d6268a,high_proximity,3,42,3,5.651537293849958,0.21499069542768057,-0.16616269754944824,1.3635126766810972,216,135.80948908080532,0.22814636070684485,0.41840249751846487,0.5092890994485282,2365,False,1.4976744186046511,36162.0647,0.0,101643.73754844785,base,full,0.03924387024782661,0.4543414316491119,-0.4015950142279634,0.17574682517985396
60ee10de14d6268a,high_proximity,3,42,3,0.5719892626603496,0.17965009599375903,-0.061083366937921935,1.656036940356107,29,7.814260600023986,0.013127176381980292,0.2461904202974896,0.3897233008674375,665,False,0.8781954887218045,3520.0,0.0,24848.928173383596,base,recent,0.02728560057378515,0.07648693415101215,-0.3180000659234332,0.15236449541997388
279aab0aee889478,high_proximity,5,10,0,1.4024219582033526,0.09425844730137567,-0.26007628180390796,0.7494107138224272,1045,202.5792378198063,0.3403128616134928,0.5408019230482521,0.28730842719239436,2365,False,3.2143763213530656,34303.18806478873,0.0,61184.19802141559,base,full,0.03924387024782661,0.4543414316491119,-0.4015950142279634,0.05501457705354906
279aab0aee889478,high_proximity,5,10,0,0.3733807547624386,0.12286655695517212,-0.08788162603682281,0.9973024178905013,214,33.96759753006017,0.05706216709074808,0.41878952258115393,0.2884986225985381,665,False,2.5894736842105264,8231.65,0.0,36142.07671220576,base,recent,0.02728560057378515,0.07648693415101215,-0.3180000659234332,0.09558095638138697
e505d30c0c6b462a,high_proximity,5,10,3,1.2138523943631,0.08510422460129541,-0.24780971393869622,0.6868381840764815,1083,204.5584960534826,0.34363781752024564,0.517498522128578,0.28420029656691675,2365,False,3.0816067653276957,34614.43806478873,0.0,57585.24143902607,base,full,0.03924387024782661,0.4543414316491119,-0.4015950142279634,0.0458603543534688
e505d30c0c6b462a,high_proximity,5,10,3,0.34745629788531507,0.11507798086791698,-0.09874722111249745,0.9324384823655557,240,38.167176099742775,0.06411703912995788,0.39931471465083923,0.28456518825264515,665,False,2.463157894736842,9909.3,0.0,34157.63101686402,base,recent,0.02728560057378515,0.07648693415101215,-0.3180000659234332,0.08779238029413183
2905985437ebd10e,high_proximity,5,21,0,1.218177266686682,0.08532188958890963,-0.25816167312917426,0.6648020346303108,606,123.30020537641911,0.20713201501184633,0.5284284159261748,0.38216635947248917,2365,False,3.158985200845666,36714.9056,0.0,59712.728270841035,base,full,0.03924387024782661,0.4543414316491119,-0.4015950142279634,0.04607801934108302
2905985437ebd10e,high_proximity,5,21,0,0.5520321568900701,0.17415785070160217,-0.07911785544986061,1.481132178269481,110,18.959037897587535,0.031849287764157304,0.4176801660184427,0.23897865826524584,665,False,2.518796992481203,8017.0,0.0,44128.2168334162,base,recent,0.02728560057378515,0.07648693415101215,-0.3180000659234332,0.14687225012781702
d93074ebeac54a84,high_proximity,5,21,3,0.600218473063465,0.04950331802322938,-0.2689738688331309,0.45801933844548776,603,98.93018867699885,0.16619282395849033,0.47753385035574225,0.24182852073525576,2365,False,2.8317124735729386,26422.723599999998,0.0,45571.84845075567,base,full,0.03924387024782661,0.4543414316491119,-0.4015950142279634,0.010259447775402775
d93074ebeac54a84,high_proximity,5,21,3,0.4850504119205574,0.15538964799298416,-0.07724885687384253,1.4510407488897208,119,19.672413147500748,0.03304768684648651,0.3430969898815457,0.2346453599708264,665,False,2.0586466165413535,7748.0,0.0,39410.04226017096,base,recent,0.02728560057378515,0.07648693415101215,-0.3180000659234332,0.128104047419199
ae2c65d221665ce2,high_proximity,5,42,0,2.4218000609765102,0.13476560315996022,-0.12780530617230768,1.089773710687398,303,74.5646494282703,0.12526115457455128,0.4787343651268451,0.2704705005717914,2365,False,2.832135306553911,37260.9113,0.0,57815.008615351224,base,full,0.03924387024782661,0.4543414316491119,-0.4015950142279634,0.09552173291213362
ae2c65d221665ce2,high_proximity,5,42,0,0.536563146090929,0.16986982241001414,-0.05767607096080185,2.0050345726820042,40,7.006801125638723,0.011770725210960491,0.2701462485709349,0.23937767227410084,665,False,1.6090225563909775,5920.0,0.0,29011.315677208142,base,recent,0.02728560057378515,0.07648693415101215,-0.3180000659234332,0.14258422183622899
e6034ab52d14efa7,high_proximity,5,42,3,2.233458309881899,0.1281823009205274,-0.1132717480933152,1.0946323884502855,305,73.98381690213834,0.12428541401390217,0.41536901144181787,0.2689119017453188,2365,False,2.449894291754757,30861.1213,0.0,53840.833353302194,base,full,0.03924387024782661,0.4543414316491119,-0.4015950142279634,0.0889384306727008
e6034ab52d14efa7,high_proximity,5,42,3,0.4738462813471487,0.15219812034816638,-0.05517293522509814,1.905377119810863,42,6.856383497261285,0.01151803863704923,0.23529996289561947,0.24490801164956083,665,False,1.4631578947368422,5661.0,0.0,25814.62920283011,base,recent,0.02728560057378515,0.07648693415101215,-0.3180000659234332,0.12491251977438123
e3c88aa484f3f9e0,high_proximity,8,10,0,1.3215421621262045,0.09041399407599471,-0.16237382825672142,0.8073561013720727,1383,174.24950319336833,0.2927217404145396,0.5327571792062867,0.18738129149162042,2365,False,5.704862579281184,33986.81457266988,42.35833333333256,45165.85921061647,base,full,0.03924387024782661,0.4543414316491119,-0.4015950142279634,0.0511701238281681
e3c88aa484f3f9e0,high_proximity,8,10,0,0.19049519728718667,0.06576026260865508,-0.09358600359282865,0.6227202856913392,283,25.275397568611613,0.04246014037551067,0.4255665802981402,0.19036626559877526,665,False,4.156390977443609,8152.35,0.0,18465.520857869058,base,recent,0.02728560057378515,0.07648693415101215,-0.3180000659234332,0.03847466203486993
fe9ecb9b1773fad2,high_proximity,8,10,3,0.958844183759529,0.07154218726986339,-0.17555140701093108,0.656783927008809,1422,164.6315106640343,0.2765644747645109,0.5160522950122364,0.1857956784343228,2365,False,5.517970401691332,29576.064017188935,17.22499999999934,29587.194501288584,base,full,0.03924387024782661,0.4543414316491119,-0.4015950142279634,0.03229831702203678
fe9ecb9b1773fad2,high_proximity,8,10,3,0.17776333140015477,0.06158297514300304,-0.10954165162260909,0.5929295873512718,321,28.58218839618731,0.04801521828675506,0.4075780886170477,0.18710036820676576,665,False,3.9819548872180452,8157.1,0.0,17496.33426535118,base,recent,0.02728560057378515,0.07648693415101215,-0.3180000659234332,0.03429737456921789
4426fc551db8e6a0,high_proximity,8,21,0,0.8852058396752522,0.06733079833989275,-0.2349879546188356,0.6383571736674137,744,89.0562738304804,0.14960563440782398,0.5269195305801655,0.16035152306729483,2365,False,5.671458773784355,29887.956395414287,17.22499999999934,38803.36011193438,base,full,0.03924387024782661,0.4543414316491119,-0.4015950142279634,0.028086928092066143
4426fc551db8e6a0,high_proximity,8,21,0,0.3320264720539956,0.11039710443687656,-0.0908373470603866,1.0906651586062213,165,15.337974941802143,0.025766264104733427,0.42904060675378647,0.15654174665549125,665,False,4.0586466165413535,7089.2,0.0,24397.64794926552,base,recent,0.02728560057378515,0.07648693415101215,-0.3180000659234332,0.08311150386309141
77412813080c5f2c,high_proximity,8,21,3,0.6757476494694044,0.05448950497452798,-0.22289385696505415,0.5423896351090495,790,88.01862505212182,0.14786248822505943,0.47784587831859243,0.16937364529402474,2365,False,5.167864693446089,24235.506407923807,338.8666666666665,31700.89929116855,base,full,0.03924387024782661,0.4543414316491119,-0.4015950142279634,0.015245634726701374
77412813080c5f2c,high_proximity,8,21,3,0.3800410484490926,0.12485243972379645,-0.08213870098729659,1.290767127165558,171,17.138560185395,0.028791067255445064,0.3545622466655426,0.1460875292315338,665,False,3.3759398496240602,6900.400000000001,0.0,25389.105645995674,base,recent,0.02728560057378515,0.07648693415101215,-0.3180000659234332,0.0975668391500113
23ab49b8f9e265cd,high_proximity,8,42,0,1.59227446096051,0.10284537269433613,-0.2236952415259067,0.9590877384725952,415,56.45440617290773,0.09483775692986768,0.4702528542967854,0.2400211378702298,2365,False,4.542071881606765,26602.779969483567,0.0,46667.447679150355,base,full,0.03924387024782661,0.4543414316491119,-0.4015950142279634,0.06360150244650953
23ab49b8f9e265cd,high_proximity,8,42,0,0.366848535381733,0.12091291503487844,-0.06577032357359514,1.576908777178441,63,6.549582915779948,0.011002644340218736,0.28436722650548685,0.15273613417428752,665,False,2.700751879699248,4682.4,0.0,21954.854377406707,base,recent,0.02728560057378515,0.07648693415101215,-0.3180000659234332,0.09362731446109329
4d2b15d64131c5be,high_proximity,8,42,3,1.5557474535550453,0.10123812888459116,-0.2052479831315207,0.9878247301528861,417,56.99298488871715,0.09574251531455594,0.4100831567203464,0.2439104680793867,2365,False,3.940803382663848,21436.48996948357,0.0,44284.746919530415,base,full,0.03924387024782661,0.4543414316491119,-0.4015950142279634,0.061994258636764554
4d2b15d64131c5be,high_proximity,8,42,3,0.36620027743747596,0.12071871248116062,-0.0669626162093181,1.5960246894632173,63,6.548933566994668,0.011001553499194343,0.2505858342483415,0.15283190794574514,665,False,2.3639097744360904,4682.4,0.0,21890.028582981,base,recent,0.02728560057378515,0.07648693415101215,-0.3180000659234332,0.09343311190737547
d6811edcb0242d3d,high_proximity,10,10,0,1.0024696415204426,0.07397059735755751,-0.21273527184390384,0.7162920889688857,1517,151.5402602249464,0.25457248315188724,0.5376543782834047,0.15158789648499205,2365,False,7.030866807610994,33267.47097493541,17.22499999999934,36235.73957547562,base,full,0.03924387024782661,0.4543414316491119,-0.4015950142279634,0.034726727109730904
d6811edcb0242d3d,high_proximity,10,10,0,0.22680299311393326,0.07751917035859379,-0.1058598424084154,0.7690483330234115,341,21.67160354435515,0.03640612679416222,0.42747996219309653,0.15152913738649293,665,False,5.338345864661654,7546.75,0.0,20833.299570792733,base,recent,0.02728560057378515,0.07648693415101215,-0.3180000659234332,0.05023356978480864
776b1a9e188edbac,high_proximity,10,10,3,0.7902397774460297,0.06167617130366687,-0.22414917538566537,0.6197131668277924,1593,149.60876623566315,0.25132776639929083,0.5174705638593903,0.15282571995288283,2365,False,6.780126849894292,31514.338224444935,338.8666666666665,26393.111451776633,base,full,0.03924387024782661,0.4543414316491119,-0.4015950142279634,0.022432301055840265
776b1a9e188edbac,high_proximity,10,10,3,0.19551300623266687,0.06739879944298188,-0.12778966649465384,0.6865754957879565,385,25.070959458019022,0.04211670479352615,0.4037014293200416,0.1505383369265984,665,False,5.048120300751879,7404.1,0.0,24330.301191656596,base,recent,0.02728560057378515,0.07648693415101215,-0.3180000659234332,0.04011319886919673
e29614bca420fd10,high_proximity,10,21,0,0.9832825353039882,0.07290845461328321,-0.22835578261584955,0.7111539208333657,900,93.42893045724284,0.1569512602751222,0.5302702523511174,0.13732944353701748,2365,False,7.47906976744186,33488.26521701472,588.7085565117188,40289.54592756143,base,full,0.03924387024782661,0.4543414316491119,-0.4015950142279634,0.03366458436545661
e29614bca420fd10,high_proximity,10,21,0,0.20335402281298642,0.06995052092139686,-0.1697686044444563,0.7094752407006897,201,14.290338217740533,0.024006339171982322,0.40364045826838824,0.1249778591628913,665,False,4.954887218045113,5626.7,0.0,26350.402815356254,base,recent,0.02728560057378515,0.07648693415101215,-0.3180000659234332,0.04266492034761171
95afd9f60326ea24,high_proximity,10,21,3,0.7475076659467432,0.0590434524549075,-0.24444278254930996,0.6100785538822435,931,91.12569662588915,0.15308205776183123,0.47705448134545536,0.12958692400290756,2365,False,6.873995771670191,25970.495480796966,510.6585246290923,35710.10890927863,base,full,0.03924387024782661,0.4543414316491119,-0.4015950142279634,0.01979958220708089
95afd9f60326ea24,high_proximity,10,21,3,0.21867202173333333,0.07490521168682363,-0.16020430578832268,0.7704728459390846,218,16.112038019207237,0.02706661266846624,0.3455614998835111,0.12401866881425386,665,False,4.242105263157895,5126.4,0.0,27882.202707390956,base,recent,0.02728560057378515,0.07648693415101215,-0.3180000659234332,0.047619611113038474
a7fd2f7b792e429e,high_proximity,10,42,0,1.3298043415996887,0.09081218365068078,-0.1919615991585638,0.9168872907096912,499,52.67741384664593,0.08849278752098047,0.471497146249743,0.20222161473022535,2365,False,6.323044397463002,25007.62458790255,17.22499999999934,35963.21030437802,base,full,0.03924387024782661,0.4543414316491119,-0.4015950142279634,0.05156831340285417
a7fd2f7b792e429e,high_proximity,10,42,0,0.19080459453914345,0.06586142119093652,-0.13938881418558102,0.8628439690432947,90,6.565966261703253,0.011030166723035296,0.2754780416336763,0.1396805623185322,665,False,3.4075187969924814,2949.6,0.0,24615.460159633338,base,recent,0.02728560057378515,0.07648693415101215,-0.3180000659234332,0.03857582061715137
4ae8c0e655012800,high_proximity,10,42,3,1.4396919304447522,0.09599104983784734,-0.1704671525153134,1.0167560891202263,506,54.64838624386032,0.09180382405106095,0.40814326414298047,0.20290810343192253,2365,False,5.550105708245243,21494.14658790255,17.22499999999934,37056.96920795788,base,full,0.03924387024782661,0.4543414316491119,-0.4015950142279634,0.056747179590020735
4ae8c0e655012800,high_proximity,10,42,3,0.21170929743279232,0.072658010307737,-0.13029574664123278,0.9631455340675125,89,6.66868838385272,0.011202729616034182,0.24303695766397987,0.13686956864060945,665,False,2.9834586466165414,2949.6,0.0,26375.93045376659,base,recent,0.02728560057378515,0.07648693415101215,-0.3180000659234332,0.045372409733951846
cbb36b2269e28bc3,high_proximity,15,10,0,0.7380700795944268,0.058454225022132045,-0.24316329987875174,0.6369275284792224,1681,99.63257817769649,0.16737276808071233,0.5179417177653876,0.10233436352688398,2365,False,10.924312896405919,27400.56439842479,438.88540995120997,28890.123255687315,base,full,0.03924387024782661,0.4543414316491119,-0.4015950142279634,0.019210354774305438
cbb36b2269e28bc3,high_proximity,15,10,0,0.18397210065628378,0.06362361573130104,-0.08335511169673926,0.7410197875053364,380,16.779955332169173,0.02818864696251099,0.38698390201346117,0.10698408547322635,665,False,7.2481203007518795,5199.64,0.0,26966.21054818759,base,recent,0.02728560057378515,0.07648693415101215,-0.3180000659234332,0.03633801515751589
ec22d525a8ce754f,high_proximity,15,10,3,0.563025271131731,0.046969865172117986,-0.25646425206638934,0.530107466389161,1810,105.06253092829054,0.17649454570643527,0.4979757131318277,0.10636020520966298,2365,False,10.537420718816067,25122.904465091462,352.8854124943413,24600.642331534313,base,full,0.03924387024782661,0.4543414316491119,-0.4015950142279634,0.0077259949242913795
ec22d525a8ce754f,high_proximity,15,10,3,0.15036886357293544,0.052496735541324835,-0.09516075730150186,0.6261929827009297,423,19.38946490885365,0.032572362100383244,0.3616827766508229,0.10629185906169912,665,False,6.827067669172933,5002.09,0.0,25308.88680122895,base,recent,0.02728560057378515,0.07648693415101215,-0.3180000659234332,0.025211134967539683
02d916714e612eaa,high_proximity,15,21,0,0.6355186404081847,0.051859421774446135,-0.322998605801491,0.5669752545173157,1055,66.9197519209972,0.11241849125208317,0.5059665100488471,0.10973989662966396,2365,False,10.391120507399577,26432.73147737556,354.5584608638395,23576.305981451544,base,full,0.03924387024782661,0.4543414316491119,-0.4015950142279634,0.012615551526619528
02d916714e612eaa,high_proximity,15,21,0,0.12654814062165554,0.044483534517421264,-0.1606196785821279,0.5271905122754861,224,10.146852337230445,0.017045697241313423,0.36249117202386105,0.08406803349337445,665,False,6.8165413533834585,4708.25,0.0,27045.814309167192,base,recent,0.02728560057378515,0.07648693415101215,-0.3180000659234332,0.017197933943636112
c0363248f99c5233,high_proximity,15,21,3,0.5315400947010926,0.04478258515030853,-0.3296299479556828,0.5071939399616932,1136,69.54933468751967,0.11683592734156432,0.4617082246017094,0.10772703523391756,2365,False,9.554756871035941,20802.766477375557,354.5584608638395,31227.45134017043,base,full,0.03924387024782661,0.4543414316491119,-0.4015950142279634,0.005538714902481923
c0363248f99c5233,high_proximity,15,21,3,0.12488736897179664,0.0439208625189218,-0.1506224331827467,0.5395118234124083,246,11.483010419461728,0.019290309203653752,0.317847696684191,0.08296234956767075,665,False,6.033082706766917,4434.13,0.0,26879.737144181294,base,recent,0.02728560057378515,0.07648693415101215,-0.3180000659234332,0.016635261945136648
ddb6f5a9b34baae4,high_proximity,15,42,0,0.8502550179518364,0.06528006043820578,-0.16842679622600287,0.7393311114037158,601,37.87407722289689,0.06362466232674449,0.45742881167610033,0.1298007007448446,2365,False,9.458773784355179,20869.954173424074,354.5584608638395,37295.94443104528,base,full,0.03924387024782661,0.4543414316491119,-0.4015950142279634,0.02603619019037917
ddb6f5a9b34baae4,high_proximity,15,42,0,0.21082493804459101,0.07237199947586381,-0.09342445109852937,1.0710185016885365,115,5.733706716657161,0.009632053913312367,0.2419729246303173,0.09898487927070351,665,False,4.574436090225564,3356.8,0.0,28792.49451017809,base,recent,0.02728560057378515,0.07648693415101215,-0.3180000659234332,0.04508639890207866
c04240aef2f1e692,high_proximity,15,42,3,0.9109259786833466,0.0688182503245478,-0.170294836349826,0.8162946236211159,601,39.039317758871,0.0655821499031274,0.3987331565488715,0.13474424147126535,2365,False,8.35137420718816,18744.35787203518,354.5584608638395,38693.04064247906,base,full,0.03924387024782661,0.4543414316491119,-0.4015950142279634,0.029574380076721196
c04240aef2f1e692,high_proximity,15,42,3,0.21410670269553278,0.07343268972611328,-0.09026457890750506,1.1002524021055047,115,5.721853469611168,0.0096121416435998,0.22151502080856783,0.09867931294952716,665,False,4.184962406015037,3356.8,0.0,29120.670975272275,base,recent,0.02728560057378515,0.07648693415101215,-0.3180000659234332,0.046147089152328125
c9fa9561cc04ca2f,trend_quality,3,10,0,2.9509471863255765,0.15165897069033552,-0.29915194159363867,0.7888924248948327,476,142.2767752672308,0.239010754771421,0.5730690980886911,0.444137034193364,2365,False,1.9509513742071882,22742.635499999997,0.0,62052.722630360426,base,full,0.03924387024782661,0.4543414316491119,-0.4015950142279634,0.11241510044250891
c9fa9561cc04ca2f,trend_quality,3,10,0,0.5775427745046429,0.1811705569854647,-0.19967955018918315,0.977103027396386,122,22.619450538182615,0.03799841495909297,0.46291060678110646,0.4420948470889453,665,False,1.6150375939849624,3244.0,0.0,24880.279046915093,base,recent,0.02728560057378515,0.07648693415101215,-0.3180000659234332,0.15388495641167954
f35389a34adecccc,trend_quality,3,10,3,2.096824924071854,0.12318747835849453,-0.2982780733820417,0.6624461915399629,507,142.3741646510092,0.23917435919723037,0.5550496253509655,0.44476040230466424,2365,False,1.8739957716701903,19241.5406,0.0,48847.49556384736,base,full,0.03924387024782661,0.4543414316491119,-0.4015950142279634,0.08394360811066792
f35389a34adecccc,trend_quality,3,10,3,0.4458753705027454,0.14416272903826743,-0.2116907138133809,0.8121924036809566,132,26.894759432838914,0.045180506371226094,0.43608112253213244,0.4416145931794553,665,False,1.506766917293233,2901.5,0.0,22848.53849413745,base,recent,0.02728560057378515,0.07648693415101215,-0.3180000659234332,0.11687712846448228
1ba96dd9896ea4c7,trend_quality,3,21,0,1.1703648744492616,0.08289409161052674,-0.3430763510733542,0.4933216339322985,308,93.02102583234952,0.15626602129576392,0.5586414398279306,0.4371591511675571,2365,False,2.830443974630021,32121.811521596243,205.79029733959942,43485.69964621328,base,full,0.03924387024782661,0.4543414316491119,-0.4015950142279634,0.04365022136270014
1ba96dd9896ea4c7,trend_quality,3,21,0,-0.10885929359867441,-0.04122239874185596,-0.34238297556285824,-0.191474823041026,69,12.922148045730113,0.021707916502022025,0.4481902923441536,0.3771876382961822,665,False,1.5338345864661653,4454.0,0.0,21729.071651027334,base,recent,0.02728560057378515,0.07648693415101215,-0.3180000659234332,-0.06850799931564111
e11bda6f2fa99f3e,trend_quality,3,21,3,1.6212023920225058,0.10410389084773253,-0.24979631852006656,0.6006520715846435,312,102.81939551855405,0.172726302531619,0.5055878674920691,0.43916745129062595,2365,False,2.643551797040169,24808.525821596242,205.79029733959942,48904.45191852181,base,full,0.03924387024782661,0.4543414316491119,-0.4015950142279634,0.06486002059990592
e11bda6f2fa99f3e,trend_quality,3,21,3,0.12280403812153384,0.04321428069267874,-0.22567128598590924,0.36804963355308806,74,16.297851370206832,0.027378760516810454,0.37020646711547,0.39096342309933735,665,False,1.2766917293233082,3053.0,0.0,30490.405090076973,base,recent,0.02728560057378515,0.07648693415101215,-0.3180000659234332,0.01592868011889359
e9e5c71138c74967,trend_quality,3,42,0,1.3914852755898441,0.09374544699985266,-0.35547728067444384,0.522442271275021,174,62.726216900990636,0.1053737717719741,0.4859501448950162,0.6614119659274725,2365,False,2.635095137420719,26949.868127699527,411.58059467918974,40131.94971088723,base,full,0.03924387024782661,0.4543414316491119,-0.4015950142279634,0.05450157675202605
e9e5c71138c74967,trend_quality,3,42,0,-0.12326081171250147,-0.04691108046866754,-0.30367351050750924,-0.3307066034935892,30,5.866491401454926,0.009855118905304128,0.2519186177673624,0.43451385126748726,665,False,0.9022556390977443,775.0,0.0,20288.919839644623,base,recent,0.02728560057378515,0.07648693415101215,-0.3180000659234332,-0.0741966810424527
82dc626fb89f1135,trend_quality,3,42,3,1.8988739373282462,0.11558845998667855,-0.25219999744649313,0.6355137466368805,174,69.61035179298541,0.11693842997703623,0.42394685872524795,0.6164020073418733,2365,False,2.40676532769556,25170.582427699526,411.58059467918974,49025.81647600552,base,full,0.03924387024782661,0.4543414316491119,-0.4015950142279634,0.07634458973885194
82dc626fb89f1135,trend_quality,3,42,3,0.010990263331302597,0.0040002752849421785,-0.22282542719937615,0.09676470458123329,33,7.04151161433649,0.011829035360923869,0.23668440867583643,0.43451385126748726,665,False,0.843609022556391,930.0,0.0,17954.02749661293,base,recent,0.02728560057378515,0.07648693415101215,-0.3180000659234332,-0.023285325288842973
c9d7e77da027c78d,trend_quality,5,10,0,1.6397972530318827,0.10490630203373219,-0.36708105780573697,0.7073524876766287,689,93.41955353741284,0.15693550798749983,0.5572764699615057,0.2902426935764997,2365,False,3.8723044397463,20346.057720187793,286.38497652582146,25224.341846819298,base,full,0.03924387024782661,0.4543414316491119,-0.4015950142279634,0.06566243178590558
c9d7e77da027c78d,trend_quality,5,10,0,0.5696767605272524,0.17901596515018214,-0.15259094666969153,1.1909085286645016,167,18.352936005847454,0.03083109719622314,0.45219498000855496,0.2864033399689746,665,False,2.706766917293233,5883.5,0.0,15483.67694345706,base,recent,0.02728560057378515,0.07648693415101215,-0.3180000659234332,0.151730364576397
2c1128e9b23d249f,trend_quality,5,10,3,0.9269809905301274,0.06973766642590018,-0.41021310049053383,0.5096260738824141,705,88.04585228487002,0.14790822725335323,0.532846724595981,0.28840207603373597,2365,False,3.7424947145877376,17105.877702816902,51.643192488263594,21403.45697441607,base,full,0.03924387024782661,0.4543414316491119,-0.4015950142279634,0.030493796178073573
2c1128e9b23d249f,trend_quality,5,10,3,0.5505974696980653,0.173761298217032,-0.1415448622671529,1.1649286199407398,187,22.162508908766625,0.03723079871583706,0.4325950946914634,0.2922765797017006,665,False,2.536842105263158,5058.5,0.0,14171.747864353027,base,recent,0.02728560057378515,0.07648693415101215,-0.3180000659234332,0.14647569764324686
03d3fe6a0fc67c34,trend_quality,5,21,0,0.9456682090293209,0.0707992039590366,-0.37216854533210486,0.5089343499385574,451,67.56289232979638,0.11349890282482496,0.5562271509614383,0.3741084685932706,2365,False,4.005919661733615,25712.310212206576,315.336463223789,18826.485584117465,base,full,0.03924387024782661,0.4543414316491119,-0.4015950142279634,0.03155533371121
03d3fe6a0fc67c34,trend_quality,5,21,0,0.4413011636181665,0.1428393033690618,-0.2151872883339151,0.9612037343308414,106,14.959391407412413,0.025130281625312112,0.43563963421591245,0.3726217282254191,665,False,2.556390977443609,6099.0,0.0,12849.117178161847,base,recent,0.02728560057378515,0.07648693415101215,-0.3180000659234332,0.11555370279527666
ded320de8100d703,trend_quality,5,21,3,0.9214054881573288,0.06941915790807007,-0.3868164067944456,0.508955105922991,472,70.32437177732308,0.11813791214872509,0.5003135803454514,0.3751801861054291,2365,False,3.689640591966173,19679.344494835685,80.59467918623113,18669.955271419087,base,full,0.03924387024782661,0.4543414316491119,-0.4015950142279634,0.030175287660243466
ded320de8100d703,trend_quality,5,21,3,0.5684645069517724,0.17868330587551795,-0.18783755466317165,1.1716947371634376,113,17.913446366238116,0.030092798550643417,0.37033777687601344,0.3770168778234176,665,False,2.130827067669173,4668.0,0.0,19562.45158590906,base,recent,0.02728560057378515,0.07648693415101215,-0.3180000659234332,0.1513977053017328
e3dc2f6972f60222,trend_quality,5,42,0,1.7944741183738318,0.11139116757318313,-0.26114476913025664,0.7364316111015504,277,63.82140419755103,0.10721357691146598,0.4892485829789409,0.3789064120592283,2365,False,2.8676532769556027,27833.912876995306,0.0,25644.413437648705,base,full,0.03924387024782661,0.4543414316491119,-0.4015950142279634,0.07214729732535652
e3dc2f6972f60222,trend_quality,5,42,0,0.06583197898559501,0.023560021354618987,-0.24469699259439226,0.26335533801171856,56,6.981144436769247,0.011727624539328659,0.28197285382356396,0.23387646482445654,665,False,1.6721804511278195,2932.5,0.0,24688.198489837578,base,recent,0.02728560057378515,0.07648693415101215,-0.3180000659234332,-0.003725579219166164
dbb46459b0bd21d4,trend_quality,5,42,3,2.381682696947881,0.1333910804030891,-0.1982878605134556,0.8911888925882763,283,71.8071854246044,0.1206288907947929,0.4283440248369297,0.3448462667784277,2365,False,2.4854122621564483,22568.336176995304,0.0,30917.271674615986,base,full,0.03924387024782661,0.4543414316491119,-0.4015950142279634,0.0941472101552625
dbb46459b0bd21d4,trend_quality,5,42,3,0.1317170651026942,0.04623141184806978,-0.1959796129431427,0.4548384529350797,56,7.13226541244483,0.011981492666366068,0.25065834145240923,0.24113355895228408,665,False,1.4631578947368422,3237.5,0.0,16549.707151138562,base,recent,0.02728560057378515,0.07648693415101215,-0.3180000659234332,0.01894581127428463
42aeb11723e89cfc,trend_quality,8,10,0,0.9326175510839987,0.07005882359478988,-0.2924062619111669,0.5766201808457305,948,83.96040784504497,0.141045089138891,0.5541436588533025,0.19368966943290003,2365,False,6.913319238900634,23812.052638292254,806.4441426725648,27885.31150932166,base,full,0.03924387024782661,0.4543414316491119,-0.4015950142279634,0.03081495334696327
42aeb11723e89cfc,trend_quality,8,10,0,0.2806040828171663,0.09454415389261328,-0.0906272959963188,0.840674683955334,220,14.286606348149178,0.024000070004255802,0.4465260112881635,0.18955813367019603,665,False,4.366917293233083,5333.5,0.0,18536.408638390832,base,recent,0.02728560057378515,0.07648693415101215,-0.3180000659234332,0.06725855331882813
7fc21aa18f17209a,trend_quality,8,10,3,0.6468404931499492,0.05260543682354246,-0.3593659547505802,0.46268587028969016,1022,83.89998814313881,0.1409435900816589,0.5270001717388456,0.19085978051464678,2365,False,6.691754756871036,19049.795920921362,571.7023586350069,28473.347398864767,base,full,0.03924387024782661,0.4543414316491119,-0.4015950142279634,0.013361566575715855
7fc21aa18f17209a,trend_quality,8,10,3,0.230921205166152,0.07883890621509515,-0.11928174242341294,0.7078339778354016,259,17.91095331759751,0.03008861047823205,0.42320016777410896,0.18869668120700253,665,False,4.094736842105263,4864.0,0.0,16869.120848493854,base,recent,0.02728560057378515,0.07648693415101215,-0.3180000659234332,0.05155330564131
639fa32882ed80e4,trend_quality,8,21,0,1.414266760659022,0.09481168604245815,-0.21449957805478237,0.7489270637307073,652,79.36821247357165,0.13333066013435302,0.549636044481513,0.26877736768365046,2365,False,6.427906976744186,29679.45567615932,830.308255086073,26544.368671030366,base,full,0.03924387024782661,0.4543414316491119,-0.4015950142279634,0.05556781579463155
639fa32882ed80e4,trend_quality,8,21,0,0.2269756759466821,0.0775745653076525,-0.19983263279592212,0.652806341476703,154,12.83818097327578,0.021566860217005983,0.4392116453278114,0.2685423900965361,665,False,4.090225563909774,5641.0,0.0,23462.56803335841,base,recent,0.02728560057378515,0.07648693415101215,-0.3180000659234332,0.05028896473386735
3f7788626c6c0223,trend_quality,8,21,3,1.2050920004698904,0.0846621542013084,-0.22882780748966003,0.6975836854521118,684,78.17204942854984,0.1313212258350209,0.4931983357512227,0.26481643805277255,2365,False,5.909936575052854,22163.373747075733,578.1248043818489,24163.07602271276,base,full,0.03924387024782661,0.4543414316491119,-0.4015950142279634,0.0454182839534818
3f7788626c6c0223,trend_quality,8,21,3,0.263383496306145,0.08914507396086613,-0.2061312943046565,0.7484734044325555,163,14.503216075027941,0.024363952684439437,0.3664802408184092,0.2679555829269441,665,False,3.4075187969924814,4719.5,0.0,26507.350065489987,base,recent,0.02728560057378515,0.07648693415101215,-0.3180000659234332,0.06185947338708098
416c6a94210c78e4,trend_quality,8,42,0,1.3979190016424972,0.09404748413439235,-0.23458718439898585,0.7797743884289935,388,49.389776851726985,0.08296988613321614,0.4906846280596124,0.24814917174644596,2365,False,5.895137420718816,27469.317986575985,830.308255086073,24909.592769377865,base,full,0.03924387024782661,0.4543414316491119,-0.4015950142279634,0.05480361388656574
416c6a94210c78e4,trend_quality,8,42,0,0.10088031488401072,0.03572765792512156,-0.18959358295397322,0.41915326152359617,79,6.496671326272249,0.010913758161004752,0.29170370986679295,0.14313251182590256,665,False,2.700751879699248,3929.5,0.0,24128.031879407547,base,recent,0.02728560057378515,0.07648693415101215,-0.3180000659234332,0.008442057351336407
45c0cf9d4246f173,trend_quality,8,42,3,1.5569596330936455,0.10129179629793339,-0.17971156812589273,0.8771370871037062,390,51.72644227547707,0.08689525037857393,0.4240106448122827,0.24402277890698998,2365,False,5.309513742071881,23660.417986575987,830.308255086073,34015.65596026907,base,full,0.03924387024782661,0.4543414316491119,-0.4015950142279634,0.06204792605010678
45c0cf9d4246f173,trend_quality,8,42,3,0.11237732648904508,0.03966539728252205,-0.17428988831257874,0.4663142862042885,78,6.449269946638583,0.010834128583358155,0.25517145533511515,0.1419894487955893,665,False,2.3639097744360904,3906.5,0.0,25277.733039910978,base,recent,0.02728560057378515,0.07648693415101215,-0.3180000659234332,0.012379796708736901
b5c1bbed99d197e3,trend_quality,10,10,0,0.8680290708896146,0.0663272545152569,-0.2478779495450465,0.5935503439252089,1082,83.52817304447582,0.1403189778974149,0.5501046818892071,0.15915163662400603,2365,False,7.985623678646935,25464.097870173122,1113.0905153465949,28453.816989416864,base,full,0.03924387024782661,0.4543414316491119,-0.4015950142279634,0.027083384267430288
b5c1bbed99d197e3,trend_quality,10,10,0,0.20214401877741972,0.06955743637222112,-0.09097926212210372,0.6808827015853347,248,13.450781762752177,0.022595968283247385,0.4422560747760095,0.15679316599700086,665,False,5.428571428571429,5092.1,0.0,18219.402135234042,base,recent,0.02728560057378515,0.07648693415101215,-0.3180000659234332,0.042271835798435964
485145597ee2ca3f,trend_quality,10,10,3,0.634970295475406,0.05182317292977845,-0.2987523865903978,0.48961376198959133,1148,85.10073381703629,0.14296072273923913,0.5221057051776851,0.15306062930203318,2365,False,7.7183932346723045,21431.555452802226,878.3487313090359,21736.68118053513,base,full,0.03924387024782661,0.4543414316491119,-0.4015950142279634,0.012579302681951843
485145597ee2ca3f,trend_quality,10,10,3,0.19755186723078122,0.06806333058164604,-0.11810099539962549,0.6837672491839952,297,16.84349426634371,0.028295386018030805,0.4089945632322672,0.1555637118084017,665,False,5.067669172932331,5021.4,0.0,18058.186982477535,base,recent,0.02728560057378515,0.07648693415101215,-0.3180000659234332,0.04077773000786089
e0ed39f64b63c77a,trend_quality,10,21,0,1.7477877427520219,0.1094684867345943,-0.18811789238150223,0.9037061896339402,750,87.71502251335804,0.1473524663201902,0.5403517469089336,0.22022260649384692,2365,False,7.452431289640592,35765.12218888911,372.334507042254,28696.440874422115,base,full,0.03924387024782661,0.4543414316491119,-0.4015950142279634,0.0702246164867677
e0ed39f64b63c77a,trend_quality,10,21,0,0.17911768421564145,0.0620286924783644,-0.17609283773117623,0.5731374579005797,165,11.389632408488035,0.019133443483019052,0.42182582202551433,0.22083318284906622,665,False,4.954887218045113,5724.63,0.0,19707.76866379741,base,recent,0.02728560057378515,0.07648693415101215,-0.3180000659234332,0.03474309190457925
a056f88c6ddfd88a,trend_quality,10,21,3,1.4334100158943066,0.09570068833383627,-0.1999292476836967,0.8336613542712281,780,83.26250901031916,0.1398726888864352,0.48343658601821626,0.21925498839750765,2365,False,6.829175475687103,27842.345041638862,129.90105633802693,43681.101515377144,base,full,0.03924387024782661,0.4543414316491119,-0.4015950142279634,0.056456818086009664
a056f88c6ddfd88a,trend_quality,10,21,3,0.2322483549785772,0.07926361180153285,-0.16731090826190376,0.735174652681265,183,13.423022348337176,0.022549335242971615,0.35971992683206605,0.21629090546733057,665,False,4.242105263157895,5186.23,0.0,23169.83576488652,base,recent,0.02728560057378515,0.07648693415101215,-0.3180000659234332,0.0519780112277477
e3a8b3ac48ce2aff,trend_quality,10,42,0,1.2797852504569711,0.08838188798620572,-0.20980207333691026,0.7923086025646106,447,44.92145082066996,0.07546354523364346,0.4797987493080658,0.19722930769171854,2365,False,6.7864693446088795,24968.762282630378,686.2845070422543,32307.241454182207,base,full,0.03924387024782661,0.4543414316491119,-0.4015950142279634,0.049138017738379114
e3a8b3ac48ce2aff,trend_quality,10,42,0,0.14503322800120388,0.05071106853915097,-0.14091315228370505,0.6186169156373901,88,5.943355908888697,0.009984243591342123,0.28405759844451767,0.1282213494563125,665,False,3.4706766917293232,3470.1,0.0,16817.323025187517,base,recent,0.02728560057378515,0.07648693415101215,-0.3180000659234332,0.02342546796536582
32c6bbfe24f4099c,trend_quality,10,42,3,1.4631603136691607,0.09706990004921123,-0.17296764696590305,0.9051390818694388,457,49.35882198983674,0.08291788506072673,0.4146771739880525,0.2005672957007309,2365,False,6.011416490486258,22872.02911664864,364.64284037558707,33468.38953552792,base,full,0.03924387024782661,0.4543414316491119,-0.4015950142279634,0.057826029801384626
32c6bbfe24f4099c,trend_quality,10,42,3,0.14331665302078544,0.05013546298735938,-0.1415257391224971,0.6198152904469963,90,5.93461054256749,0.00996955225045913,0.2512857439930449,0.1284345717011879,665,False,3.0406015037593983,3470.1,0.0,17355.66551760894,base,recent,0.02728560057378515,0.07648693415101215,-0.3180000659234332,0.02284986241357423
18beb6918b757ec6,trend_quality,15,10,0,0.944709597802776,0.07074497258861112,-0.2656526545003943,0.6991339829892756,1386,80.88113139457148,0.13587221262974072,0.528744187309722,0.10312418073040289,2365,False,12.53784355179704,24477.538646323235,1603.4348929876055,33586.525322165486,base,full,0.03924387024782661,0.4543414316491119,-0.4015950142279634,0.031501102340784515
18beb6918b757ec6,trend_quality,15,10,0,0.25300533734557695,0.08586867383519259,-0.09059739193376182,0.9439640209385991,305,11.808425201916217,0.019836973496699047,0.3923627239246841,0.09728860676325331,665,False,7.2781954887218046,4363.65,0.0,24313.533817527346,base,recent,0.02728560057378515,0.07648693415101215,-0.3180000659234332,0.05858307326140744
cbd0c9e8cbbed5e1,trend_quality,15,10,3,0.7294376980699246,0.057912750723232875,-0.28913032372393266,0.5949237598773096,1512,85.00044388871083,0.14279224568864526,0.5048502638419636,0.10338867141207417,2365,False,12.137420718816067,22334.436549499427,1475.0765621974033,24058.693802694528,base,full,0.03924387024782661,0.4543414316491119,-0.4015950142279634,0.01866888047540627
cbd0c9e8cbbed5e1,trend_quality,15,10,3,0.21432653913765853,0.07350367739515207,-0.10203424352990276,0.8324231374818303,354,14.752122686162114,0.024782090900483732,0.3717813751766112,0.10590494717386845,665,False,6.882706766917293,4330.400000000001,0.0,20775.65399196714,base,recent,0.02728560057378515,0.07648693415101215,-0.3180000659234332,0.046218076821366916
7f9f81b61f56fba0,trend_quality,15,21,0,1.0313352087365808,0.07555143492847849,-0.2325203740069547,0.7340099658872106,953,61.649281398645115,0.1035646278215839,0.5200391116620331,0.15167372103011886,2365,False,12.303594080338266,27082.289186520164,1475.0765621974033,36731.44412263317,base,full,0.03924387024782661,0.4543414316491119,-0.4015950142279634,0.03630756468065188
7f9f81b61f56fba0,trend_quality,15,21,0,0.18949080614040548,0.0654317581250734,-0.13884570198105772,0.7189979730301151,206,9.365992913463232,0.015733931495326887,0.37247307765967524,0.14748423155521934,665,False,6.879699248120301,4855.99,0.0,24200.08063692874,base,recent,0.02728560057378515,0.07648693415101215,-0.3180000659234332,0.03814615755128825
98aa22b8f9fa0288,trend_quality,15,21,3,0.871807107694365,0.06654869251497164,-0.24669212584994837,0.6783320652927243,1012,64.56424203076357,0.10846147018747977,0.46829316861425146,0.15525322983044815,2365,False,11.445665961945032,22387.687787909053,1475.0765621974033,31852.633995523396,base,full,0.03924387024782661,0.4543414316491119,-0.4015950142279634,0.027304822267145035
98aa22b8f9fa0288,trend_quality,15,21,3,0.20648985269180797,0.07096806721453097,-0.1378354119953208,0.7996114949720452,222,10.55668272290897,0.017734171306214786,0.3254307823594833,0.1546436031322957,665,False,6.064661654135338,4429.59,0.0,25899.985292068966,base,recent,0.02728560057378515,0.07648693415101215,-0.3180000659234332,0.04368246664074582
2a73a74ec9eee356,trend_quality,15,42,0,0.8939110342458338,0.06783626624162897,-0.21494037342158134,0.69802409180208,586,35.33680709694948,0.05936230224216543,0.4681294057903508,0.13135954324830315,2365,False,10.224101479915433,21022.811325096605,1351.4285704100073,30641.674661531164,base,full,0.03924387024782661,0.4543414316491119,-0.4015950142279634,0.028592395993802366
2a73a74ec9eee356,trend_quality,15,42,0,0.18500398734255263,0.06396210791758095,-0.10835593242126307,0.9239029365471889,117,5.596020763319253,0.009400755280300014,0.256991874921522,0.08724679124766742,665,False,4.76390977443609,3180.05,0.0,23425.398781938973,base,recent,0.02728560057378515,0.07648693415101215,-0.3180000659234332,0.036676507343795794
42ef150df6bd7543,trend_quality,15,42,3,1.0979818477444603,0.07912574605165101,-0.2261543883867324,0.8352938484076671,599,38.55473142296205,0.06476809331743395,0.4166721369569913,0.13110854070427821,2365,False,9.170401691331923,20270.59184574055,1387.1202689593006,41633.064341454745,base,full,0.03924387024782661,0.4543414316491119,-0.4015950142279634,0.03988187580382441
42ef150df6bd7543,trend_quality,15,42,3,0.1834460708203729,0.0634509888779895,-0.10951487045434771,0.9296501534654669,117,5.595242319298983,0.009399447572190361,0.2365624932675092,0.08736275439706583,665,False,4.356390977443609,3180.05,0.0,23269.607129720993,base,recent,0.02728560057378515,0.07648693415101215,-0.3180000659234332,0.03616538830420435
e9a522bb24938501,multi_horizon,15,21,0,1.3594642447856486,0.09223125924353837,-0.14265234488737522,0.9389274170774852,887,64.64927221251371,0.10860431238980174,0.44106588069008684,0.1501933507777415,2365,False,10.082029598308669,21940.06177487785,704.8973025176829,40620.52798285567,base,full,0.03924387024782661,0.4543414316491119,-0.4015950142279634,0.05298738899571176
e9a522bb24938501,multi_horizon,15,21,0,0.2906682050827647,0.09767819423329871,-0.08443687691140267,1.1056756102084526,188,9.269871082444785,0.015572456431398997,0.30872589128096445,0.14668361582085723,665,False,5.667669172932331,3174.69,0.0,43408.8209450593,base,recent,0.02728560057378515,0.07648693415101215,-0.3180000659234332,0.07039259365951356
b142b3be5b992c7b,multi_horizon,15,21,0,1.4607027328990982,0.0969573575148619,-0.18715706883450522,0.9255818889091739,999,69.57566814204016,0.1168801649118133,0.5000458955182456,0.14513257509798724,2365,False,11.46723044397463,26859.226689901323,1264.3652211405301,50184.90887557778,base,full,0.03924387024782661,0.4543414316491119,-0.4015950142279634,0.05771348726703529
b142b3be5b992c7b,multi_horizon,15,21,0,0.31758018932958443,0.10598330129873168,-0.11381532476490908,1.0978028600527852,227,10.258021392734765,0.017232450137655134,0.3552111723648119,0.1467861466439691,665,False,6.942857142857143,4706.639999999999,0.0,32112.019167562346,base,recent,0.02728560057378515,0.07648693415101215,-0.3180000659234332,0.07869770072494653
5142cfccd2100d47,multi_horizon,10,21,0,1.429718776703516,0.09552975870314095,-0.2665303383097688,0.7918299539170317,830,91.64901059504416,0.25313219223641337,0.5440082745656402,0.146811583628479,2365,False,8.528541226215644,27916.134959634353,634.8087789613519,40182.0698736748,higher_cost,full,0.0382509063397376,0.44087666262770475,-0.40350230863534176,0.057278852363403354
5142cfccd2100d47,multi_horizon,10,21,0,0.17973647572919882,0.06223222853264354,-0.15946699303112644,0.5880729095323587,181,11.60353916505456,0.03242934589436561,0.41455691540581135,0.13958193074454803,665,False,4.986466165413534,4992.63,0.0,21979.64804403498,higher_cost,recent,0.025506728113537935,0.07139106258376304,-0.31900463845993343,0.036725500419105606
5142cfccd2100d47,multi_horizon,10,21,0,1.6555391784897853,0.10558164831502137,-0.23822190939930865,0.8612678044878763,843,96.29138392964084,0.16356286613944768,0.544157067291943,0.148709587872511,2365,False,8.528541226215644,29340.26507696769,574.6087807415437,35428.310142074275,minimum_fee,full,0.03845176850291243,0.44359132991388117,-0.4036026972461667,0.06712987981210894
5142cfccd2100d47,multi_horizon,10,21,0,0.2022639145264844,0.06959639717306287,-0.151022288711384,0.6499219847064378,182,11.78708290184021,0.020489749228217585,0.41558976339734854,0.13797817951539246,665,False,4.986466165413534,4992.63,0.0,22484.391921856193,minimum_fee,recent,0.026251940402367113,0.0735239772316365,-0.3190127412091216,0.04334445677069576
5142cfccd2100d47,multi_horizon,10,21,0,1.5970084492308905,0.10305218581582776,-0.23769568988566858,0.8547265393089012,825,94.86339049632933,0.15936100969478367,0.5256414907016301,0.1542833854644587,2365,False,8.309936575052854,28605.963306798676,604.7087798514473,31878.1372094455,delay_one,full,0.03924387024782661,0.4543414316491119,-0.4015950142279634,0.06380831556800115
5142cfccd2100d47,multi_horizon,10,21,0,0.27198390183805987,0.09184731351219977,-0.1029591239245744,0.8879250205426112,187,12.656014010528922,0.021260837936287535,0.3638171194162607,0.13865180175287464,665,False,4.33984962406015,5014.73,0.0,23206.39070069747,delay_one,recent,0.02728560057378515,0.07648693415101215,-0.3180000659234332,0.06456171293841462
5142cfccd2100d47,multi_horizon,10,21,0,1.0679518918034865,0.07752801745415594,-0.2521625013812746,0.7392800414804732,652,62.75687611240698,0.10542527618123251,0.4487338397151316,0.14448794863820838,2365,False,7.866384778012685,20825.26584147721,715.6504527487866,91133.53953440834,morning_only,full,0.03924387024782661,0.4543414316491119,-0.4015950142279634,0.03828414720632933
5142cfccd2100d47,multi_horizon,10,21,0,0.14757341094678256,0.051561843938086716,-0.14317101098546126,0.5586547154817596,148,9.428395566697956,0.015838761712495895,0.3510096217532375,0.126471893036804,665,False,4.469172932330827,4026.13,0.0,40916.341539090485,morning_only,recent,0.02728560057378515,0.07648693415101215,-0.3180000659234332,0.024276243364301564
5142cfccd2100d47,multi_horizon,10,21,0,1.0447395221348779,0.07627868666710858,-0.273751421001303,0.7239482923529095,637,63.06424628085899,0.10594162732721504,0.4513747266254729,0.1402223188935967,2365,False,7.8308668076109935,21187.062424106327,1480.9086687112265,89497.04435158503,close_only,full,0.03924387024782661,0.4543414316491119,-0.4015950142279634,0.03703481641928197
5142cfccd2100d47,multi_horizon,10,21,0,0.15110141758726714,0.05274148726846106,-0.147874126985174,0.5770245128768005,146,9.36571477879417,0.015733464256896326,0.351639407161695,0.12760085877941615,665,False,4.469172932330827,4021.13,0.0,40014.14223174918,close_only,recent,0.02728560057378515,0.07648693415101215,-0.3180000659234332,0.02545588669467591
5142cfccd2100d47,multi_horizon,10,21,0,1.0842310883370034,0.07839670796705445,-0.20238282177209033,0.8090211696150751,1254,47.307301094960756,0.07947153510942462,0.44432182983168755,0.156480906851108,2365,False,11.2169133192389,20632.455553243642,537.8633858902742,48444.24560612002,missed_fills,full,0.03924387024782661,0.4543414316491119,-0.4015950142279634,0.03915283771922784
5142cfccd2100d47,multi_horizon,10,21,0,0.15042397403011676,0.052515151794404025,-0.13240363966635504,0.6665881458698149,282,6.954240081961035,0.011682427913686344,0.31862783645123244,0.11225317487310205,665,False,6.798496240601504,3329.12,0.0,33129.39753461874,missed_fills,recent,0.02728560057378515,0.07648693415101215,-0.3180000659234332,0.025229551220618873
5142cfccd2100d47,multi_horizon,10,21,0,1.112657387843643,0.07989909988352806,-0.26080806454250016,0.6696066854086805,839,81.4232352784783,0.13678289294431573,0.543482364346666,0.12931494482710254,2365,False,8.589006342494715,28421.076459866235,617.6622901525857,27819.07759475187,phase_half,full,0.03924387024782661,0.4543414316491119,-0.4015950142279634,0.04065522963570145
5142cfccd2100d47,multi_horizon,10,21,0,0.32489994318788473,0.10822353910356575,-0.14885983464915375,0.9055134083394826,188,13.071684124567147,0.02195912216086036,0.38816667789799525,0.15574494582625087,665,False,4.615037593984963,4990.24,0.0,17085.99499017519,phase_half,recent,0.02728560057378515,0.07648693415101215,-0.3180000659234332,0.0809379385297806
5142cfccd2100d47,multi_horizon,10,21,0,0.8633988097896554,0.06605531734415782,-0.30988019014349166,0.5882817595028219,828,81.17694837672829,0.13636915557806598,0.5520915897254288,0.1402489634347995,2365,False,8.626215644820295,24385.981415875885,1130.9922314457708,23835.88950855189,exclude_top3,full,0.006841551805900847,0.06859404794501556,-0.4518424224607587,0.05921376553825697
5142cfccd2100d47,multi_horizon,10,21,0,0.200848032302676,0.06913614073552532,-0.1547111784250612,0.6619122739205838,169,11.258909976606366,0.018913842869701037,0.3879292289524885,0.13950423603049078,665,False,4.670676691729323,3961.73,0.0,16987.803871136748,exclude_top3,recent,0.016873772398201092,0.04687803450940664,-0.31249356453123,0.05226236833732423
5142cfccd2100d47,multi_horizon,10,21,0,1.423134963721996,0.09522430388914405,-0.2197213598010559,0.8480826451679957,816,84.73234254346357,0.14234186223876447,0.5299186202925967,0.14557340227530174,2365,False,6.365750528541226,27551.5406,0.0,44586.49651715812,exclude_complex_actions,full,0.03530402869202165,0.40157245300140065,-0.3697472936685684,0.0599202751971224
5142cfccd2100d47,multi_horizon,10,21,0,0.14740112967701213,0.05150418012934588,-0.15017800119339964,0.5287522123616305,182,11.634616429893013,0.019544992140577276,0.43043348428560657,0.13519937977604315,665,False,5.207518796992481,4818.84,0.0,22239.113040180466,exclude_complex_actions,recent,0.009824843511492265,0.027129147977416945,-0.2829732322408286,0.04167933661785361
80d32ff3dfccfd36,medium_long,3,42,3,1.347510069432019,0.09166124884666171,-0.31672734903661603,0.5666777604371995,175,53.95403550117154,0.14924563657681497,0.4277054473252319,0.4524061276176216,2365,False,2.3873150105708247,18666.590527699525,411.58059467918747,30493.42868121012,higher_cost,full,0.0382509063397376,0.44087666262770475,-0.40350230863534176,0.05341034250692411
80d32ff3dfccfd36,medium_long,3,42,3,0.2273293073679592,0.0776879913368198,-0.18433477085237127,0.5811158160921172,32,6.586397718507766,0.018481175502142903,0.26251762999306183,0.41654436385899807,665,False,0.9007518796992481,0.0,0.0,15449.93193651821,higher_cost,recent,0.025506728113537935,0.07139106258376304,-0.31900463845993343,0.05218126322328187
80d32ff3dfccfd36,medium_long,3,42,3,1.7223374530555535,0.10840799150144198,-0.24132872206056,0.6458373457309846,176,58.00244648272316,0.09843045476054262,0.4254324335385284,0.44554789546772994,2365,False,2.369556025369979,20305.304827699525,411.58059467918747,33249.16742694065,minimum_fee,full,0.03845176850291243,0.44359132991388117,-0.4036026972461667,0.06995622299852955
80d32ff3dfccfd36,medium_long,3,42,3,0.24010119262030316,0.08177070165349898,-0.17953542440571824,0.6096579110063863,32,6.597685958456753,0.011601970201704781,0.2612181298205356,0.4152941840396007,665,False,0.9007518796992481,0.0,0.0,15586.120477011398,minimum_fee,recent,0.026251940402367113,0.0735239772316365,-0.3190127412091216,0.055518761251131865
80d32ff3dfccfd36,medium_long,3,42,3,1.1048453068796604,0.07948803046547126,-0.35254685583579115,0.5140953065186953,169,48.9409576658904,0.08221591478292925,0.4177409076545628,0.4549367641974439,2365,False,2.367864693446089,18008.272221596242,205.79029733959715,27589.742454377643,delay_one,full,0.03924387024782661,0.4543414316491119,-0.4015950142279634,0.04024416021764465
80d32ff3dfccfd36,medium_long,3,42,3,0.21949329243525884,0.07516973686728634,-0.16060129475081542,0.5603003949990395,32,6.461987841806173,0.010855493375450189,0.2646065768622914,0.43229774197587817,665,False,0.8962406015037594,0.0,0.0,18489.330445155538,delay_one,recent,0.02728560057378515,0.07648693415101215,-0.3180000659234332,0.04788413629350119
80d32ff3dfccfd36,medium_long,3,42,3,1.2517241592496573,0.08699744536379894,-0.17939759004186062,0.6541263312822995,131,34.074583833530454,0.0572418933819478,0.3146082508333684,0.44253884783317465,2365,False,2.2359408033826638,11213.264627699531,411.5805946791886,118423.83786896756,morning_only,full,0.03924387024782661,0.4543414316491119,-0.4015950142279634,0.047753575115972335
80d32ff3dfccfd36,medium_long,3,42,3,0.2966569994455057,0.09953579179900873,-0.12706260974457984,0.8057528616420179,24,5.06482052227068,0.008508391995362513,0.2155730508272049,0.41118641770518616,665,False,0.8781954887218045,0.0,0.0,78592.70142083842,morning_only,recent,0.02728560057378515,0.07648693415101215,-0.3180000659234332,0.07225019122522358
80d32ff3dfccfd36,medium_long,3,42,3,1.1527053698909877,0.08198523555025017,-0.14980171000760656,0.6189664154274213,130,33.39848359064605,0.05610611258392628,0.31303605730397505,0.4534070045855501,2365,False,2.2359408033826638,10918.264627699531,411.5805946791886,113877.95883201112,close_only,full,0.03924387024782661,0.4543414316491119,-0.4015950142279634,0.04274136530242356
80d32ff3dfccfd36,medium_long,3,42,3,0.2905657897758924,0.09764637963397105,-0.10576606827747226,0.7963485054912709,24,4.938398507418633,0.00829601565261256,0.21367032504877637,0.4207834958819806,665,False,0.8781954887218045,0.0,0.0,78826.58043671094,close_only,recent,0.02728560057378515,0.07648693415101215,-0.3180000659234332,0.0703607790601859
80d32ff3dfccfd36,medium_long,3,42,3,1.7948794575681504,0.1114077340436983,-0.16500024437528682,0.7996966879938407,305,31.27704505657962,0.05254230799054809,0.30173113193416207,0.4458178783459306,2365,False,3.367019027484144,16617.208483012946,1077.3111893583728,104700.63748570008,missed_fills,full,0.03924387024782661,0.4543414316491119,-0.4015950142279634,0.0721638637958717
80d32ff3dfccfd36,medium_long,3,42,3,0.22401888625677535,0.0766253723582222,-0.14579549923128576,0.6754683537555207,45,3.8104210721733565,0.006401126359144023,0.21045713762604523,0.4131780895385763,665,False,0.9864661654135338,650.0,0.0,54872.88986926883,missed_fills,recent,0.02728560057378515,0.07648693415101215,-0.3180000659234332,0.04933977178443705
80d32ff3dfccfd36,medium_long,3,42,3,2.403492154845952,0.13414013139194791,-0.44272540851926834,0.7045208311101012,196,58.34368264939953,0.09801155248272629,0.46437577209890785,0.5384252828849361,2365,False,1.587737843551797,27037.518399530516,0.0,18131.216789221693,phase_half,full,0.03924387024782661,0.4543414316491119,-0.4015950142279634,0.09489626114412131
80d32ff3dfccfd36,medium_long,3,42,3,1.361519377401494,0.3686997890297228,-0.08836319681226656,1.875165945534539,44,13.015942513358477,0.021865481828190904,0.30825799258923287,0.539418862957748,665,False,1.019548872180451,6529.0,0.0,11256.938665213485,phase_half,recent,0.02728560057378515,0.07648693415101215,-0.3180000659234332,0.34141418845593763
80d32ff3dfccfd36,medium_long,3,42,3,0.20504090857479063,0.01935316932382336,-0.44852513344710987,0.20348701576564995,185,40.85117013879846,0.06862588071616753,0.4174144241933182,0.41415178495020977,2365,False,2.288794926004228,10505.161927699532,411.58059467918747,6146.512118650106,exclude_top3,full,0.006841551805900847,0.06859404794501556,-0.4518424224607587,0.012511617517922513
80d32ff3dfccfd36,medium_long,3,42,3,-0.028571749221130704,-0.01053196475219742,-0.32032894489688857,-0.0058385291325588175,36,6.445268289623261,0.010827406199738114,0.256600256465435,0.3856282499543744,665,False,0.8781954887218045,810.0,0.0,5440.826557989458,exclude_top3,recent,0.016873772398201092,0.04687803450940664,-0.31249356453123,-0.027405737150398513
80d32ff3dfccfd36,medium_long,3,42,3,1.0169673855404233,0.07476711109126977,-0.4474842845255912,0.5139781252220028,189,61.80574517664396,0.10382747132224418,0.414240665510171,0.43923037362611145,2365,False,1.4562367864693446,18416.2261,0.0,16821.738554042327,exclude_complex_actions,full,0.03530402869202165,0.40157245300140065,-0.3697472936685684,0.03946308239924812
80d32ff3dfccfd36,medium_long,3,42,3,0.19236106380135598,0.06637006170101523,-0.17724399609775765,0.5140550870109876,34,7.7240952233572004,0.012975707565717762,0.2711519950850693,0.40018740045960266,665,False,0.9518796992481203,787.5,0.0,13411.106380135596,exclude_complex_actions,recent,0.009824843511492265,0.027129147977416945,-0.2829732322408286,0.05654521818952296
fa458d94733431ad,risk_adjusted,10,21,0,1.0533059405196528,0.07674122100752934,-0.20776769094390812,0.7038113728027983,753,71.56962324884942,0.19782397192398238,0.5364905380069898,0.2184506897340384,2365,False,8.395348837209303,30089.87119546782,686.6989660508183,31469.89553795611,higher_cost,full,0.0382509063397376,0.44087666262770475,-0.40350230863534176,0.038490314667791736
fa458d94733431ad,risk_adjusted,10,21,0,0.29240438319016815,0.09821728216583869,-0.15841356162207132,0.9400893073980237,183,13.135822153719426,0.03635681051491389,0.42026526806184,0.21895017698471647,665,False,4.923308270676691,5701.73,0.0,22631.43858986032,higher_cost,recent,0.025506728113537935,0.07139106258376304,-0.31900463845993343,0.07271055405230076
fa458d94733431ad,risk_adjusted,10,21,0,1.295478492098693,0.08914948881637974,-0.17996058107212942,0.8098157120497327,771,76.3305687067034,0.1301934791958318,0.5365935606481291,0.21870781890518753,2365,False,8.413107822410147,32260.91479546781,686.6989660508192,33103.15072828505,minimum_fee,full,0.03845176850291243,0.44359132991388117,-0.4036026972461667,0.05069772031346731
fa458d94733431ad,risk_adjusted,10,21,0,0.3301946640535298,0.10983911588113471,-0.15030341523056978,1.0442235595816771,183,13.252617369657518,0.02278343498221036,0.4192721425182133,0.21778567943295446,665,False,4.923308270676691,5781.7300000000005,0.0,24662.466674289135,minimum_fee,recent,0.026251940402367113,0.0735239772316365,-0.3190127412091216,0.0835871754787676
fa458d94733431ad,risk_adjusted,10,21,0,1.3557061455366677,0.09205234176404242,-0.19634557263799035,0.8305325345633524,760,75.20907758799211,0.12634372944006797,0.5257415735911999,0.21710733144877423,2365,False,8.389852008456659,33449.804470115705,1480.9086687112258,34850.706375144146,delay_one,full,0.03924387024782661,0.4543414316491119,-0.4015950142279634,0.052808471516215816
fa458d94733431ad,risk_adjusted,10,21,0,0.38981415737120795,0.1277554800270695,-0.10557735561671899,1.272630578514118,180,13.853706209695579,0.023272841061667597,0.36626473591391673,0.21702983173590282,665,False,4.276691729323308,5731.63,0.0,29667.416036574512,delay_one,recent,0.02728560057378515,0.07648693415101215,-0.3180000659234332,0.10046987945328434
fa458d94733431ad,risk_adjusted,10,21,0,0.9083520924190498,0.06867020840160576,-0.1553196819552647,0.7036536681752622,627,56.224072503553955,0.09445081939872027,0.46055680932314175,0.21541400099750405,2365,False,8.10782241014799,25742.38506808356,1391.5190867686674,85665.69042025777,morning_only,full,0.03924387024782661,0.4543414316491119,-0.4015950142279634,0.029426338153779152
fa458d94733431ad,risk_adjusted,10,21,0,0.1765516207428688,0.06118392549514229,-0.1617944908215826,0.6784198429913428,145,10.070826376185297,0.016917981229353684,0.3445187238597311,0.21770697315430484,665,False,4.463157894736842,4693.5,0.0,54665.16220780129,morning_only,recent,0.02728560057378515,0.07648693415101215,-0.3180000659234332,0.03389832492135714
fa458d94733431ad,risk_adjusted,10,21,0,0.8399424400350102,0.06466832922935684,-0.172056633811148,0.6658712330476383,623,55.081503180366006,0.09253141719269685,0.46106412435853905,0.2163478171238947,2365,False,8.125581395348837,25348.495068083557,1391.5190867686674,81661.72517040973,close_only,full,0.03924387024782661,0.4543414316491119,-0.4015950142279634,0.02542445898153023
fa458d94733431ad,risk_adjusted,10,21,0,0.1508214895805975,0.052647972920982555,-0.1714323473425804,0.5928785603797087,144,9.940289463348032,0.016698692269478354,0.34578399902467233,0.22010383643358608,665,False,4.463157894736842,4632.000000000001,0.0,52390.14909348151,close_only,recent,0.02728560057378515,0.07648693415101215,-0.3180000659234332,0.025362372347197404
fa458d94733431ad,risk_adjusted,10,21,0,1.1061634901237714,0.0795574887818391,-0.1558413476492604,0.8476484903433708,1230,43.59307631251699,0.07323200889739725,0.4586647748660751,0.17802105109913277,2365,False,11.222410147991543,24867.78902281626,1427.805553923136,79719.54397725285,missed_fills,full,0.03924387024782661,0.4543414316491119,-0.4015950142279634,0.040313618534012496
fa458d94733431ad,risk_adjusted,10,21,0,0.24024196850524637,0.08181555356269876,-0.13627860716926077,1.058189629852825,273,7.2720673855860225,0.012216346001045961,0.31576734409500035,0.16873196432305868,665,False,6.596992481203007,3631.2,0.0,58314.197146163686,missed_fills,recent,0.02728560057378515,0.07648693415101215,-0.3180000659234332,0.05452995298891361
fa458d94733431ad,risk_adjusted,10,21,0,0.698672645467874,0.055963055734973954,-0.19130129091091908,0.5318498129361852,771,61.70359181849058,0.10365586389588233,0.5441515744208295,0.15269769782108034,2365,False,8.624524312896407,26120.919319773126,1382.9205061150283,31047.344815055905,phase_half,full,0.03924387024782661,0.4543414316491119,-0.4015950142279634,0.016719185487147348
fa458d94733431ad,risk_adjusted,10,21,0,0.2706005075911433,0.09141343668603596,-0.1369621738897252,0.9076680652373716,175,12.243085809948441,0.020567159852132394,0.3780075290551624,0.15529785163611343,665,False,4.615037593984963,5489.1,0.0,21140.051255024984,phase_half,recent,0.02728560057378515,0.07648693415101215,-0.3180000659234332,0.06412783611225081
fa458d94733431ad,risk_adjusted,10,21,0,0.7646363756283576,0.06010561270467085,-0.203611536818757,0.588212159812272,784,69.96663249874955,0.11753694593464938,0.5427106383736892,0.21661538579698442,2365,False,8.528541226215644,27263.904331977345,644.3406327174855,32350.297305865977,exclude_top3,full,0.006841551805900847,0.06859404794501556,-0.4518424224607587,0.053264060898770005
fa458d94733431ad,risk_adjusted,10,21,0,0.2396831200477585,0.08163748256280212,-0.14595057935447653,0.8331548397417148,176,12.324204910851952,0.020703431829740198,0.39041917231554624,0.21949919367404477,665,False,4.607518796992482,5295.63,0.0,19210.312250823823,exclude_top3,recent,0.016873772398201092,0.04687803450940664,-0.31249356453123,0.06476371016460103
fa458d94733431ad,risk_adjusted,10,21,0,1.046499929107069,0.07637387965319231,-0.20808024171148487,0.7477479225680944,729,68.10782548820818,0.11441433603764095,0.5291570624314272,0.14739124794716363,2365,False,6.356871035940803,28414.341399999994,0.0,33340.993038499226,exclude_complex_actions,full,0.03530402869202165,0.40157245300140065,-0.3697472936685684,0.04106985096117066
fa458d94733431ad,risk_adjusted,10,21,0,0.10458948082857988,0.0370008917221043,-0.18139748831718483,0.4327385874016713,182,11.500893778849962,0.019320351459090047,0.4294873032035255,0.11789464516008272,665,False,5.207518796992481,5151.44,0.0,20540.948529177564,exclude_complex_actions,recent,0.009824843511492265,0.027129147977416945,-0.2829732322408286,0.027176048210612036
11577da5c7e54174,high_proximity,3,42,0,5.739835885587606,0.21663849748867747,-0.18626301197418382,1.3159454300633222,216,134.2698656997715,0.3692287036878017,0.4841117438266329,0.5059735562186708,2365,False,1.7276955602536999,43720.6247,0.0,100668.59679850668,higher_cost,full,0.0382509063397376,0.44087666262770475,-0.40350230863534176,0.17838759114893987
11577da5c7e54174,high_proximity,3,42,0,0.5914076075728645,0.1849517515255239,-0.06005692092589843,1.668442042974982,30,7.9121689505124095,0.02181080157201408,0.27258541195137215,0.38322574258782105,665,False,0.9654135338345865,3520.0,0.0,26790.762664635084,higher_cost,recent,0.025506728113537935,0.07139106258376304,-0.31900463845993343,0.15944502341198596
11577da5c7e54174,high_proximity,3,42,0,6.412224721987122,0.22858707471715034,-0.17341416002448184,1.3845374928126624,217,142.5721412952476,0.23950694016188642,0.4832690276582784,0.4938665009466238,2365,False,1.7276955602536999,45939.9547,0.0,112527.48127769167,minimum_fee,full,0.03845176850291243,0.44359132991388117,-0.4036026972461667,0.1901353062142379
11577da5c7e54174,high_proximity,3,42,0,0.6086515881538681,0.18962543904442763,-0.059740485427030254,1.719075211066862,30,7.895667170109748,0.013563440955132719,0.27167837441623177,0.38122230681948055,665,False,0.9654135338345865,3520.0,0.0,25140.160722735454,minimum_fee,recent,0.026251940402367113,0.0735239772316365,-0.3190127412091216,0.16337349864206052
11577da5c7e54174,high_proximity,3,42,0,6.648150738355873,0.2325497067129787,-0.1615875938286122,1.3843793826116737,215,147.6684432617375,0.2480682178353929,0.48163964029994816,0.5084358282432252,2365,False,1.7264270613107822,47397.1947,0.0,118980.08314344857,delay_one,full,0.03924387024782661,0.4543414316491119,-0.4015950142279634,0.1933058364651521
11577da5c7e54174,high_proximity,3,42,0,0.5951087405114386,0.1859575798779216,-0.06203582772328564,1.689158783573168,34,8.519685534072162,0.014312219728687823,0.28793585888972323,0.37974137140085273,665,False,1.02406015037594,3305.0,0.0,27160.875958492485,delay_one,recent,0.02728560057378515,0.07648693415101215,-0.3180000659234332,0.15867197930413646
11577da5c7e54174,high_proximity,3,42,0,3.840755582359459,0.1759519306375803,-0.12385955341839572,1.366632884943633,135,69.38616003256035,0.1165618102386981,0.31961093893957676,0.49509397668056404,2365,False,1.4063424947145877,27616.53,0.0,217360.56266099476,morning_only,full,0.03924387024782661,0.4543414316491119,-0.4015950142279634,0.1367080603897537
11577da5c7e54174,high_proximity,3,42,0,0.40208734543334,0.13138285766286817,-0.052570378933063044,1.4659031769815594,24,5.811047321339846,0.009761978395118805,0.21802374828726104,0.3829312575301929,665,False,0.8962406015037594,3270.0,0.0,58713.73599291897,morning_only,recent,0.02728560057378515,0.07648693415101215,-0.3180000659234332,0.10409725708908302
11577da5c7e54174,high_proximity,3,42,0,3.930637836391541,0.17817745680780606,-0.1165145376945197,1.3548040996375255,140,70.66180722638202,0.11870476995959914,0.31926339323922903,0.5009804859039091,2365,False,1.441860465116279,28017.68,0.0,220993.78814049688,close_only,full,0.03924387024782661,0.4543414316491119,-0.4015950142279634,0.13893358655997945
11577da5c7e54174,high_proximity,3,42,0,0.37232710219673804,0.12255183240556522,-0.05220626153023111,1.3884470142425656,24,5.751413859729051,0.009661800142958832,0.21857984659312046,0.3820451197916622,665,False,0.8962406015037594,3227.0,0.0,63072.7115166709,close_only,recent,0.02728560057378515,0.07648693415101215,-0.3180000659234332,0.09526623183178007
11577da5c7e54174,high_proximity,3,42,0,3.2641976405756266,0.16072501064409628,-0.09753653012202157,1.3701328369096475,357,43.16694518589224,0.07251615121778034,0.3463912959526246,0.4806367817229357,2365,False,4.614799154334038,22148.055390909092,142.76679419717306,113432.00102561066,missed_fills,full,0.03924387024782661,0.4543414316491119,-0.4015950142279634,0.12148114039626967
11577da5c7e54174,high_proximity,3,42,0,0.36177416565895437,0.1193911897663471,-0.05749176145186885,1.4795229538220744,46,4.9577430604670045,0.00832851256727852,0.241284311134673,0.31235901685179307,665,False,1.6030075187969925,3469.0,0.0,54367.41767215764,missed_fills,recent,0.02728560057378515,0.07648693415101215,-0.3180000659234332,0.09210558919256195
11577da5c7e54174,high_proximity,3,42,0,1.2225278871409553,0.08554046660112191,-0.29249403284075914,0.5709247944562268,235,68.63838865570214,0.11530562910271407,0.5490801192388489,0.46369333700671245,2365,False,2.9192389006342494,36778.36822159625,205.79029733959715,32372.99805817443,phase_half,full,0.03924387024782661,0.4543414316491119,-0.4015950142279634,0.046296596353295305
11577da5c7e54174,high_proximity,3,42,0,0.5513019035356312,0.17395603524680525,-0.09510380942474361,1.223984297885912,50,11.585809335188388,0.019463001102182974,0.4604256715746623,0.3782372102387753,665,False,1.5654135338345865,10608.0,0.0,25965.19010560779,phase_half,recent,0.02728560057378515,0.07648693415101215,-0.3180000659234332,0.1466704346730201
11577da5c7e54174,high_proximity,3,42,0,1.5469058696791973,0.1008459888851363,-0.22725537802362827,0.7608971551144512,219,72.47901191692604,0.1217574921192441,0.47870663469070507,0.3900563454175951,2365,False,1.7454545454545454,23572.074699999997,0.0,42485.59009597149,exclude_top3,full,0.006841551805900847,0.06859404794501556,-0.4518424224607587,0.09400443707923545
11577da5c7e54174,high_proximity,3,42,0,0.575078429967492,0.18049627964365,-0.060941695270912866,1.5892263526442503,32,8.359366049919128,0.014042899027259144,0.3017125826148102,0.3888266014199101,665,False,1.0917293233082708,3777.0,0.0,25157.84490409783,exclude_top3,recent,0.016873772398201092,0.04687803450940664,-0.31249356453123,0.1636225072454489
11577da5c7e54174,high_proximity,3,42,0,2.794832864075394,0.1468972522260381,-0.16833298861700707,1.0138444807664875,223,96.93116633565806,0.16283466632727195,0.4934493840881351,0.45575821417782053,2365,False,1.7809725158562368,32406.7647,0.0,60478.29106147005,exclude_complex_actions,full,0.03530402869202165,0.40157245300140065,-0.3697472936685684,0.11159322353401646
11577da5c7e54174,high_proximity,3,42,0,0.47982371587883277,0.15390271801116118,-0.08222416780767838,1.5580605569152606,31,7.693175220788954,0.012923765053403367,0.2828702100451336,0.38832057145271975,665,False,1.0285714285714285,5700.0,0.0,27417.37334264401,exclude_complex_actions,recent,0.009824843511492265,0.027129147977416945,-0.2829732322408286,0.1440778744996689
dbb46459b0bd21d4,trend_quality,5,42,3,1.9678023402622995,0.11828593491346284,-0.21708962173564894,0.8086566702209673,276,66.21191722690035,0.18207615118225332,0.4245046936681155,0.3630302123647231,2365,False,2.4854122621564483,21333.959476995304,0.0,28760.23571423351,higher_cost,full,0.0382509063397376,0.44087666262770475,-0.40350230863534176,0.08003502857372524
dbb46459b0bd21d4,trend_quality,5,42,3,0.12796223958415776,0.04496221854745586,-0.20073204613688966,0.4459643740322506,54,7.033059678846359,0.019364872165491626,0.248807663630374,0.24426374849714957,665,False,1.4631578947368422,3001.0,0.0,16174.22459928492,higher_cost,recent,0.025506728113537935,0.07139106258376304,-0.31900463845993343,0.01945549043391792
dbb46459b0bd21d4,trend_quality,5,42,3,2.3821312240457053,0.1334065287702435,-0.198260550271807,0.8915406478594096,283,71.80773497431801,0.1206298139833568,0.42812313943956204,0.34476830433599076,2365,False,2.4854122621564483,22568.336176995304,0.0,30962.124384398412,minimum_fee,full,0.03845176850291243,0.44359132991388117,-0.4036026972461667,0.09495476026733107
dbb46459b0bd21d4,trend_quality,5,42,3,0.13217065202066314,0.04638455070487346,-0.19509388455642085,0.4573449979903053,55,7.075624708521365,0.01228454961469785,0.24868906124700893,0.2414757624106162,665,False,1.4631578947368422,3013.5,0.0,16595.065842935455,minimum_fee,recent,0.026251940402367113,0.0735239772316365,-0.3190127412091216,0.02013261030250635
dbb46459b0bd21d4,trend_quality,5,42,3,2.1748963443478737,0.12606513227803262,-0.21276406999099062,0.8525751605516428,280,68.71414793202504,0.11543289711100886,0.42622219580296966,0.3614085751485511,2365,False,3.3192389006342493,21485.994269014085,28.95148669796754,32923.684771514745,delay_one,full,0.03924387024782661,0.4543414316491119,-0.4015950142279634,0.08682126203020601
dbb46459b0bd21d4,trend_quality,5,42,3,0.17331149980751182,0.06011558151048413,-0.16418905149716434,0.5825068709646322,55,7.223873030615568,0.012135384304131091,0.24998053875474932,0.2538142697395354,665,False,1.455639097744361,2730.5,0.0,20760.1506445085,delay_one,recent,0.02728560057378515,0.07648693415101215,-0.3180000659234332,0.03282998093669898
dbb46459b0bd21d4,trend_quality,5,42,3,1.1213104125531115,0.0803528306139909,-0.1793507304774572,0.6380619337209159,192,37.225627525901146,0.06253533168076132,0.3102773861932439,0.42874547524995626,2365,False,2.0832980972515855,13249.345576995307,0.0,92370.04267247117,morning_only,full,0.03924387024782661,0.4543414316491119,-0.4015950142279634,0.04110896036616429
dbb46459b0bd21d4,trend_quality,5,42,3,-0.002438764536377258,-0.0008914491144609293,-0.1651776092293883,0.036364272854215,36,4.902898420412063,0.008236379056450225,0.17290119461615547,0.22684658914389194,665,False,1.2,1997.0,0.0,45847.124198675505,morning_only,recent,0.02728560057378515,0.07648693415101215,-0.3180000659234332,-0.02817704968824608
dbb46459b0bd21d4,trend_quality,5,42,3,1.0683325941635018,0.07754840245085037,-0.20803982559698841,0.6163743424029914,196,35.64448004514662,0.05987916202784179,0.3105899559968232,0.4398219803025248,2365,False,2.141649048625793,13091.045576995306,0.0,91440.26081634409,close_only,full,0.03924387024782661,0.4543414316491119,-0.4015950142279634,0.03830453220302377
dbb46459b0bd21d4,trend_quality,5,42,3,0.022423771880796695,0.008132696406175866,-0.13908883855834275,0.1381302251289763,39,4.8982338876223555,0.008228543107816795,0.17113460940302927,0.22767313506736145,665,False,1.263157894736842,1955.5,0.0,46298.377849929646,close_only,recent,0.02728560057378515,0.07648693415101215,-0.3180000659234332,-0.019152904167609286
dbb46459b0bd21d4,trend_quality,5,42,3,1.4798820812900844,0.0978329932779145,-0.15282215455971537,0.8398713712787329,465,30.718374102311866,0.05160379665447372,0.2996548260896816,0.4122834388710952,2365,False,4.034249471458774,14349.378377279747,84.71666666666667,86543.49318849226,missed_fills,full,0.03924387024782661,0.4543414316491119,-0.4015950142279634,0.0585891230300879
dbb46459b0bd21d4,trend_quality,5,42,3,0.12796658297099106,0.044963688232354304,-0.08283530720018295,0.6897927778610936,83,3.408353542647361,0.005725693116293303,0.14585855983883453,0.22085800039504172,665,False,1.8887218045112781,991.0,0.0,35732.659073389994,missed_fills,recent,0.02728560057378515,0.07648693415101215,-0.3180000659234332,0.017678087658569153
dbb46459b0bd21d4,trend_quality,5,42,3,1.4496104535057013,0.09644813913976424,-0.40916451418158917,0.6805135368917068,310,59.941709893809204,0.10069607845061002,0.4606248355810176,0.3801643522356227,2365,False,3.4126849894291755,24140.960129577466,550.0782472613491,17990.9696019355,phase_half,full,0.03924387024782661,0.4543414316491119,-0.4015950142279634,0.05720426889193764
dbb46459b0bd21d4,trend_quality,5,42,3,0.8853525164120593,0.26062853778530237,-0.10128938863771686,1.812678103201173,66,11.484836561684132,0.019293376939973173,0.2982275642105313,0.3770168778234176,665,False,1.7022556390977444,5849.0,0.0,16265.253567628046,phase_half,recent,0.02728560057378515,0.07648693415101215,-0.3180000659234332,0.23334293721151722
dbb46459b0bd21d4,trend_quality,5,42,3,0.770917805563444,0.060492810352362536,-0.23194382989406037,0.5261382236690701,288,54.35467412278121,0.09131041705886017,0.40898153644147023,0.2650125502462296,2365,False,2.3978858350951375,19128.394076995308,0.0,22875.781572961212,exclude_top3,full,0.006841551805900847,0.06859404794501556,-0.4518424224607587,0.05365125854646169
dbb46459b0bd21d4,trend_quality,5,42,3,0.005588620036559133,0.0020376339240206764,-0.20506014911723147,0.07402106682274738,59,7.105554776228904,0.011936621468586936,0.24352122269167814,0.23471096762486698,665,False,1.4225563909774437,3192.5,0.0,17620.862564416417,exclude_top3,recent,0.016873772398201092,0.04687803450940664,-0.31249356453123,-0.014836138474180416
dbb46459b0bd21d4,trend_quality,5,42,3,0.8603397662086956,0.06587532565607135,-0.3208026803378231,0.5517425631459082,283,53.59668663392876,0.09003707387633694,0.40162316033531575,0.28430813124769216,2365,False,2.3915433403805495,19181.4486,0.0,16804.976386265684,exclude_complex_actions,full,0.03530402869202165,0.40157245300140065,-0.3697472936685684,0.0305712969640497
dbb46459b0bd21d4,trend_quality,5,42,3,0.13512891914940828,0.04738235932616841,-0.21714170454885295,0.46635243859691206,51,6.773344989015818,0.01137854224704767,0.245193032869819,0.23807980037661303,665,False,1.4601503759398495,3736.0,0.0,18687.89177188969,exclude_complex_actions,recent,0.009824843511492265,0.027129147977416945,-0.2829732322408286,0.037557515814676146
60ee10de14d6268a,high_proximity,3,42,3,5.093614397509402,0.20410066847934383,-0.17787830279359618,1.3047293903226203,215,127.10916371133858,0.34953748928981,0.41907086468086374,0.49315134960379564,2365,False,1.4976744186046511,33497.0647,0.0,93896.44722774686,higher_cost,full,0.0382509063397376,0.44087666262770475,-0.40350230863534176,0.16584976213960623
60ee10de14d6268a,high_proximity,3,42,3,0.5428815662465076,0.17162459147380682,-0.061202690251888625,1.6012860481545304,30,7.723988190265179,0.02129332329941022,0.24538452458866572,0.36498204670997403,665,False,0.8781954887218045,3460.0,0.0,23918.158455705445,higher_cost,recent,0.025506728113537935,0.07139106258376304,-0.31900463845993343,0.14611786336026888
60ee10de14d6268a,high_proximity,3,42,3,5.6509640203503775,0.2149799331948965,-0.16615238590101766,1.3634722642836898,216,135.81305336666108,0.22815234835065398,0.418406915169784,0.509268255285424,2365,False,1.4976744186046511,36162.0647,0.0,101586.41019848984,minimum_fee,full,0.03845176850291243,0.44359132991388117,-0.4036026972461667,0.17652816469198407
60ee10de14d6268a,high_proximity,3,42,3,0.5714455639666638,0.17950105702913066,-0.061098533851668524,1.655067568175888,29,7.808360860167027,0.013416775085059937,0.246117473122412,0.3898192966650828,665,False,0.8781954887218045,3520.0,0.0,24794.55830401501,minimum_fee,recent,0.026251940402367113,0.0735239772316365,-0.3190127412091216,0.15324911662676355
60ee10de14d6268a,high_proximity,3,42,3,6.013788585830601,0.22163044107854946,-0.17675650206513294,1.3758183000541206,217,139.6426161262385,0.23458563083046796,0.4183735595952933,0.5115820905882357,2365,False,1.4964059196617336,35692.0647,0.0,110923.86705168802,delay_one,full,0.03924387024782661,0.4543414316491119,-0.4015950142279634,0.18238657083072285
60ee10de14d6268a,high_proximity,3,42,3,0.5537385232518628,0.1746291934182227,-0.06222577715545885,1.645274344758448,30,7.672729374052763,0.012889418075471237,0.24361765055963178,0.37392450014651113,665,False,0.8736842105263158,3245.0,0.0,25003.854156240966,delay_one,recent,0.02728560057378515,0.07648693415101215,-0.3180000659234332,0.14734359284443754
60ee10de14d6268a,high_proximity,3,42,3,3.331462993321333,0.16259355107037332,-0.13605589065813206,1.3150638348277868,140,65.67723436995027,0.1103311860180795,0.27551390664063613,0.5005328696357836,2365,False,1.2553911205073995,21396.41,0.0,193206.30337571236,morning_only,full,0.03924387024782661,0.4543414316491119,-0.4015950142279634,0.12334968082254671
60ee10de14d6268a,high_proximity,3,42,3,0.3604625400051289,0.1189972682270708,-0.053552128249646835,1.368574284383162,23,5.704615879576681,0.00958318421610087,0.19108413645322023,0.3917582237261571,665,False,0.8090225563909774,3270.0,0.0,61886.25529750996,morning_only,recent,0.02728560057378515,0.07648693415101215,-0.3180000659234332,0.09171166765328564
60ee10de14d6268a,high_proximity,3,42,3,3.352229706691886,0.1631651634155371,-0.14477404523907256,1.2894228010258768,135,65.84529777041388,0.11061351572451826,0.2754348807886281,0.5078801553632126,2365,False,1.2198731501057083,21277.41,0.0,191907.9747127677,close_only,full,0.03924387024782661,0.4543414316491119,-0.4015950142279634,0.1239212931677105
60ee10de14d6268a,high_proximity,3,42,3,0.3563680889690677,0.11776602556872828,-0.052808668904500866,1.3544120787526566,25,5.728669680711745,0.009623592196627662,0.19134121321450145,0.38639351980214753,665,False,0.8090225563909774,3227.0,0.0,59496.810270197784,close_only,recent,0.02728560057378515,0.07648693415101215,-0.3180000659234332,0.09048042499494313
60ee10de14d6268a,high_proximity,3,42,3,3.058932044359689,0.15485486047156094,-0.09945973097035965,1.3565067155104245,351,43.035371500866304,0.07229512058430532,0.27885426978784694,0.48726235242455124,2365,False,3.151797040169133,17547.77539090909,142.76679419717306,118020.44138971184,missed_fills,full,0.03924387024782661,0.4543414316491119,-0.4015950142279634,0.11561099022373433
60ee10de14d6268a,high_proximity,3,42,3,0.30758072597915453,0.10291012432325619,-0.04784516488956292,1.3402669210824167,46,4.955298111608744,0.008324405297691528,0.18473717237584536,0.3140207434362736,665,False,1.087218045112782,2689.0,0.0,53863.073666030694,missed_fills,recent,0.02728560057378515,0.07648693415101215,-0.3180000659234332,0.07562452374947104
60ee10de14d6268a,high_proximity,3,42,3,1.309251043135129,0.08981927371394449,-0.23230129836922353,0.6180644062952855,244,76.55249572282054,0.12860053756476622,0.4369764250583868,0.4492310193915622,2365,False,2.5078224101479916,30935.756221596243,205.79029733959715,37458.31366903588,phase_half,full,0.03924387024782661,0.4543414316491119,-0.4015950142279634,0.050575403466117885
60ee10de14d6268a,high_proximity,3,42,3,0.43366081720650307,0.14062281291380363,-0.0946539016199528,1.120105431306918,48,11.022774707178593,0.018517159230589317,0.2776495685076343,0.3750681205067384,665,False,0.956390977443609,8280.0,0.0,19576.081472695005,phase_half,recent,0.02728560057378515,0.07648693415101215,-0.3180000659234332,0.11333721234001848
60ee10de14d6268a,high_proximity,3,42,3,1.181677692332908,0.0834728315391633,-0.22132345530468567,0.7128163171405595,218,67.61308047244212,0.11358321388565548,0.39512702161890023,0.3831554180017204,2365,False,1.4456659619450316,14762.064699999999,0.0,32417.771903578905,exclude_top3,full,0.006841551805900847,0.06859404794501556,-0.4518424224607587,0.07663127973326245
60ee10de14d6268a,high_proximity,3,42,3,0.5703113271427289,0.179190034051945,-0.06115603896764066,1.6513675801909629,31,8.343360860167026,0.014016011908994588,0.24434010978441525,0.3901832597752239,665,False,0.8781954887218045,3520.0,0.0,24681.13462162153,exclude_top3,recent,0.016873772398201092,0.04687803450940664,-0.31249356453123,0.1623162616537439
60ee10de14d6268a,high_proximity,3,42,3,2.016271726391255,0.12014929715292944,-0.1848879474418651,0.9361478945073741,223,88.17206786643506,0.14812025680882424,0.39774500799144785,0.46033103961060456,2365,False,1.441014799154334,24253.0647,0.0,45337.17630123484,exclude_complex_actions,full,0.03530402869202165,0.40157245300140065,-0.3697472936685684,0.08484526846090779
60ee10de14d6268a,high_proximity,3,42,3,0.4409808638284851,0.1427465332867146,-0.08419422669800747,1.5030988021765916,31,7.59350433027315,0.012756327924425869,0.24892584521225328,0.39770552350828553,665,False,0.8977443609022556,5640.0,0.0,23533.08813760925,exclude_complex_actions,recent,0.009824843511492265,0.027129147977416945,-0.2829732322408286,0.13292168977522234
e9a522bb24938501,multi_horizon,15,21,0,1.2450348395975475,0.08666513217062155,-0.1628306390594947,0.8912532220839514,866,61.28004772201476,0.1696015178554493,0.4367535802341572,0.150540131220342,2365,False,10.02875264270613,21004.49332557229,704.8973025176829,36411.58743162062,higher_cost,full,0.0382509063397376,0.44087666262770475,-0.40350230863534176,0.04841422583088395
e9a522bb24938501,multi_horizon,15,21,0,0.255765160991011,0.08674163034640991,-0.09179533807189633,1.011591138840396,186,9.098508972603081,0.025019989823761222,0.30495536929326944,0.14719116737345453,665,False,5.63609022556391,3114.69,0.0,41230.51652443984,higher_cost,recent,0.025506728113537935,0.07139106258376304,-0.31900463845993343,0.06123490223287198
e9a522bb24938501,multi_horizon,15,21,0,1.3608154229877623,0.09229552432856591,-0.14094405444715263,0.9399977993003074,882,64.35834188263227,0.11048026816057128,0.44037138855547964,0.15008562991191488,2365,False,10.073150105708246,21931.06177487785,704.8973025176829,40755.645803067004,minimum_fee,full,0.03845176850291243,0.44359132991388117,-0.4036026972461667,0.05384375582565348
e9a522bb24938501,multi_horizon,15,21,0,0.29122566115372184,0.09785133597301865,-0.0845999029868868,1.1094397570991528,188,9.231670282159921,0.01585319912095136,0.3082768731321779,0.14670817868894834,665,False,5.667669172932331,3174.69,0.0,43464.56655215501,minimum_fee,recent,0.026251940402367113,0.0735239772316365,-0.3190127412091216,0.07159939557065154
e9a522bb24938501,multi_horizon,15,21,0,1.4772419873894416,0.09771282082367638,-0.13648167308778592,0.9868665670533399,880,67.56739444685617,0.11350646593127368,0.43656592177453807,0.15138745409265433,2365,False,9.914587737843553,23635.71297429021,1294.4652202504344,39737.73436937123,delay_one,full,0.03924387024782661,0.4543414316491119,-0.4015950142279634,0.058468950575849776
e9a522bb24938501,multi_horizon,15,21,0,0.3052200381982477,0.10218242929561883,-0.07163918516679357,1.200854203507548,185,9.452030080939767,0.01587846533297072,0.2774385531559086,0.14663569397891102,665,False,5.079699248120301,3463.29,0.0,45460.0042604223,delay_one,recent,0.02728560057378515,0.07648693415101215,-0.3180000659234332,0.07489682872183367
e9a522bb24938501,multi_horizon,15,21,0,1.1202113106061709,0.08029529017955128,-0.2129530211921764,0.8638117787963216,807,56.209252746977455,0.09442592368964743,0.4167677761052235,0.10932789076564393,2365,False,9.813953488372093,19165.893325572295,704.8973025176829,67746.23434937748,morning_only,full,0.03924387024782661,0.4543414316491119,-0.4015950142279634,0.041051419931724675
e9a522bb24938501,multi_horizon,15,21,0,0.27175321069575853,0.09177498218419045,-0.08302040682936118,1.0874630295433825,173,8.506786017772795,0.014290549831256515,0.29333771076368803,0.11215162477863824,665,False,5.446616541353383,2899.59,0.0,42119.32150445134,morning_only,recent,0.02728560057378515,0.07648693415101215,-0.3180000659234332,0.0644893816104053
e9a522bb24938501,multi_horizon,15,21,0,1.2452841671821866,0.08667753423957558,-0.17676866340197483,0.9227089503489234,803,58.19808703914181,0.09776696641705432,0.4179394165254836,0.10962600413370248,2365,False,9.80507399577167,20077.56177487785,704.8973025176829,63408.52002605257,close_only,full,0.03924387024782661,0.4543414316491119,-0.4015950142279634,0.047433663991748976
e9a522bb24938501,multi_horizon,15,21,0,0.23299232411722715,0.07950156482910575,-0.09381221491181302,0.9873566887689207,169,8.264588330956936,0.013883681937174552,0.2910624942417867,0.10402918106960318,665,False,5.446616541353383,2885.99,0.0,38953.23283706147,close_only,recent,0.02728560057378515,0.07648693415101215,-0.3180000659234332,0.0522159642553206
e9a522bb24938501,multi_horizon,15,21,0,0.9949652145801784,0.07355626576445773,-0.15210843779244776,0.881716623469759,1456,37.95969311835423,0.06376848846952325,0.39540443384504104,0.10784642562021417,2365,False,13.534038054968288,16776.13398223032,894.8827166518893,46688.63882528929,missed_fills,full,0.03924387024782661,0.4543414316491119,-0.4015950142279634,0.03431239551663112
e9a522bb24938501,multi_horizon,15,21,0,0.18484640013586295,0.06391042632805477,-0.09773690507752864,0.9960382717083208,289,5.695824146746397,0.009568414984119271,0.2512570210170292,0.09400281910275701,665,False,7.1759398496240605,2254.3999999999996,0.0,34059.640108953725,missed_fills,recent,0.02728560057378515,0.07648693415101215,-0.3180000659234332,0.03662482575426962
e9a522bb24938501,multi_horizon,15,21,0,0.9235588576176494,0.06954227037438465,-0.17867074749469802,0.724280745767772,867,56.14323380200315,0.09431501846398507,0.44102132473572153,0.10547349942879186,2365,False,10.192389006342495,19202.652452881503,1407.7938461422755,25221.092346683457,phase_half,full,0.03924387024782661,0.4543414316491119,-0.4015950142279634,0.030298400126558045
e9a522bb24938501,multi_horizon,15,21,0,0.21288256852497978,0.07303725370045755,-0.09493593549335,0.8195975269624215,190,9.025722454670428,0.015162311151600855,0.2833198993876345,0.10611651803002542,665,False,5.156390977443609,3396.2,0.0,36336.25718819135,phase_half,recent,0.02728560057378515,0.07648693415101215,-0.3180000659234332,0.0457516531266724
e9a522bb24938501,multi_horizon,15,21,0,0.8980681771502239,0.06807691608067512,-0.1768386915574831,0.734019653806615,886,56.27607150122259,0.0945381725149038,0.4455241007175473,0.1490321786136515,2365,False,10.206342494714587,17938.87137630404,632.4389700744457,32519.37958418132,exclude_top3,full,0.006841551805900847,0.06859404794501556,-0.4518424224607587,0.06123536427477427
e9a522bb24938501,multi_horizon,15,21,0,0.25154846954428156,0.08540736148179429,-0.1004413624454017,0.9813768027919734,195,9.45262604331231,0.01587946649016035,0.3031186477754939,0.14770891760523738,665,False,5.572932330827068,3147.19,0.0,39863.84749420781,exclude_top3,recent,0.016873772398201092,0.04687803450940664,-0.31249356453123,0.0685335890835932
e9a522bb24938501,multi_horizon,15,21,0,0.842307380531812,0.06480888634172399,-0.20245430401240982,0.7617666025150944,819,53.94913364863359,0.09062914961633957,0.41159944246358016,0.10521865805646138,2365,False,7.615644820295983,18806.092899999996,0.0,46877.73827061894,exclude_complex_actions,full,0.03530402869202165,0.40157245300140065,-0.3697472936685684,0.029504857649702343
e9a522bb24938501,multi_horizon,15,21,0,0.08504292481688691,0.030260352789734046,-0.1215800104237923,0.4143192180289246,188,8.36138062236619,0.014046283307512961,0.31461386364795585,0.09310835066835037,665,False,5.819548872180451,3746.9300000000003,0.0,37697.2926075737,exclude_complex_actions,recent,0.009824843511492265,0.027129147977416945,-0.2829732322408286,0.02043550927824178
b142b3be5b992c7b,multi_horizon,15,21,0,1.2357538413345392,0.08620259468634339,-0.22463394278238302,0.842221875775237,996,65.18117396219222,0.1799915583470296,0.49169843031182786,0.1459389236701266,2365,False,11.431712473572938,24798.500152792556,1264.3652211405301,61151.019637105885,higher_cost,full,0.0382509063397376,0.44087666262770475,-0.40350230863534176,0.04795168834660579
b142b3be5b992c7b,multi_horizon,15,21,0,0.28327397782899477,0.09537709764805458,-0.12349284864784382,0.9997201831661651,223,10.044119626569747,0.027620324561104158,0.35584669571063765,0.14730351230466068,665,False,6.942857142857143,4645.540000000001,0.0,31748.398072816464,higher_cost,recent,0.025506728113537935,0.07139106258376304,-0.31900463845993343,0.06987036953451664
b142b3be5b992c7b,multi_horizon,15,21,0,1.4573818743043647,0.09680512169224453,-0.18660572252946772,0.9235614180245565,1001,69.51426627279237,0.11900555385949667,0.5003340532605369,0.14520319471774543,2365,False,11.46723044397463,26855.426689901324,1264.3652211405301,49852.82301610445,minimum_fee,full,0.03845176850291243,0.44359132991388117,-0.4036026972461667,0.0583533531893321
b142b3be5b992c7b,multi_horizon,15,21,0,0.3174992893328703,0.10595849747105968,-0.11382383951574349,1.0975127934686644,227,10.258021392734765,0.01731335013436928,0.3552340627605227,0.1467973211183881,665,False,6.942857142857143,4706.639999999999,0.0,32103.929167890932,minimum_fee,recent,0.026251940402367113,0.0735239772316365,-0.3190127412091216,0.07970655706869256
b142b3be5b992c7b,multi_horizon,15,21,0,1.5921265691937396,0.10283890630934156,-0.16377867843084104,0.9804870351967233,1006,73.64246640133153,0.12371197930759686,0.4884299435174073,0.14138025835144372,2365,False,11.219873150105709,28721.386024984655,1294.4652202504344,53278.19254789365,delay_one,full,0.03924387024782661,0.4543414316491119,-0.4015950142279634,0.06359503606151495
b142b3be5b992c7b,multi_horizon,15,21,0,0.3239057293789567,0.10791971811938073,-0.10095658393005291,1.1702078469630102,227,10.558198307563066,0.017736717336875193,0.31737711970641386,0.13830307191397628,665,False,6.193984962406015,4926.639999999999,0.0,33340.573176314254,delay_one,recent,0.02728560057378515,0.07648693415101215,-0.3180000659234332,0.08063411754559557
b142b3be5b992c7b,multi_horizon,15,21,0,1.2539957105776849,0.0871100904434099,-0.18958655233283217,0.8886729523015852,868,57.905469157903845,0.09727539763836263,0.45993731849622316,0.10199464988486637,2365,False,10.978858350951374,22645.559791290212,1264.3652211405301,60184.206481311805,morning_only,full,0.03924387024782661,0.4543414316491119,-0.4015950142279634,0.04786622019558329
b142b3be5b992c7b,multi_horizon,15,21,0,0.31211489433660056,0.10430547113457878,-0.10792846619566687,1.1305038454049618,199,9.032340146737575,0.015173428212504452,0.32792555296092873,0.14606598139721028,665,False,6.627067669172932,4109.8,0.0,31565.489668263934,morning_only,recent,0.02728560057378515,0.07648693415101215,-0.3180000659234332,0.07701987056079362
b142b3be5b992c7b,multi_horizon,15,21,0,1.14636956999126,0.08165752901222345,-0.21248524896472698,0.837814413767631,871,56.63727862288741,0.09514496435858855,0.4590788486303029,0.10666366014978239,2365,False,10.986046511627906,21744.651641984656,1264.3652211405301,68005.59239024436,close_only,full,0.03924387024782661,0.4543414316491119,-0.4015950142279634,0.042413658764396844
b142b3be5b992c7b,multi_horizon,15,21,0,0.26408893181634574,0.08936715993336364,-0.12181978482075417,0.9921490581651049,200,8.724858331864235,0.014656889511698735,0.3280940181580387,0.1384711908241868,665,False,6.7218045112781954,4173.9800000000005,0.0,29829.893471551564,close_only,recent,0.02728560057378515,0.07648693415101215,-0.3180000659234332,0.062081559359578486
b142b3be5b992c7b,multi_horizon,15,21,0,0.9681811000359422,0.07206597917310642,-0.162003446305939,0.825482399084326,1615,39.165828933053405,0.06579467602463637,0.44060715446256493,0.10590212970035576,2365,False,15.197885835095137,19293.22784827668,1034.9939479811503,45718.11609376004,missed_fills,full,0.03924387024782661,0.4543414316491119,-0.4015950142279634,0.032822108925279814
b142b3be5b992c7b,multi_horizon,15,21,0,0.2227031066234224,0.07620251089849228,-0.1068137669465179,1.0521758062013484,339,6.420969709732531,0.01078658701537968,0.298018866702126,0.11132834578381523,665,False,8.697744360902256,3196.19,0.0,31309.310792041942,missed_fills,recent,0.02728560057378515,0.07648693415101215,-0.3180000659234332,0.04891691032470713
b142b3be5b992c7b,multi_horizon,15,21,0,0.995399420487898,0.07358027706100567,-0.17164381314344623,0.726488297550604,983,60.835421566151396,0.10219742468897777,0.4919798863681224,0.09868847901011034,2365,False,11.64862579281184,22430.474412965614,1202.0035488026795,41752.93898636099,phase_half,full,0.03924387024782661,0.4543414316491119,-0.4015950142279634,0.034336406813179066
b142b3be5b992c7b,multi_horizon,15,21,0,0.2031430096038842,0.06988198877739982,-0.09760572748803475,0.7601968123270887,210,9.35768982898369,0.015719983143709693,0.3212764023682543,0.10065212071836177,665,False,6.369924812030075,4362.07,0.0,29509.301227417214,phase_half,recent,0.02728560057378515,0.07648693415101215,-0.3180000659234332,0.042596388203614666
b142b3be5b992c7b,multi_horizon,15,21,0,0.841997913170742,0.06479050276731946,-0.20737365234426497,0.665385103771038,983,57.852837452330476,0.09718698163616997,0.4999371880341338,0.14449466051353302,2365,False,11.458350951374207,21048.974742021954,1191.906888697293,34428.88481366132,exclude_top3,full,0.006841551805900847,0.06859404794501556,-0.4518424224607587,0.05794895096141861
b142b3be5b992c7b,multi_horizon,15,21,0,0.27951046695455917,0.09420265352444623,-0.11182819285310863,1.0127955846334935,208,9.283993676845073,0.01559618097773204,0.33057565890399576,0.13895197771275183,665,False,6.437593984962406,4358.89,0.0,33147.046985372916,exclude_top3,recent,0.016873772398201092,0.04687803450940664,-0.31249356453123,0.07732888112624514
b142b3be5b992c7b,multi_horizon,15,21,0,0.8315344784307306,0.06416729707353475,-0.1939128005764733,0.7090506291020564,901,52.16163697971438,0.08762633396222219,0.47585349412839756,0.09063206585758606,2365,False,9.251162790697675,21522.031499999997,0.0,40514.44766568964,exclude_complex_actions,full,0.03530402869202165,0.40157245300140065,-0.3697472936685684,0.028863268381513096
b142b3be5b992c7b,multi_horizon,15,21,0,0.19822009336374724,0.06828097095347196,-0.11605049756103203,0.787031236835456,210,8.892345369506002,0.014938250986233133,0.3556618183982701,0.08589802395784857,665,False,6.974436090225564,4591.64,0.0,28080.009233377903,exclude_complex_actions,recent,0.009824843511492265,0.027129147977416945,-0.2829732322408286,0.0584561274419797
