symbol,yahoo_symbol,company_and_sector,source_url,source_file
AAV,AAV.BK,ASIA AVIATION PUBLIC COMPANY LIMITED Transportation & Logistics,https://media.set.or.th/set/Documents/2026/Jul/SET50_SET100_H2_2026_revise.pdf,SET50_SET100_H2_2026_revise.pdf
ADVANC,ADVANC.BK,ADVANCED INFO SERVICE PUBLIC COMPANY LIMITED Information & Communication Technology,https://media.set.or.th/set/Documents/2026/Jul/SET50_SET100_H2_2026_revise.pdf,SET50_SET100_H2_2026_revise.pdf
AEONTS,AEONTS.BK,AEON THANA SINSAP (THAILAND) PUBLIC COMPANY LIMITED Finance & Securities,https://media.set.or.th/set/Documents/2026/Jul/SET50_SET100_H2_2026_revise.pdf,SET50_SET100_H2_2026_revise.pdf
AMATA,AMATA.BK,AMATA CORPORATION PUBLIC COMPANY LIMITED Property Development,https://media.set.or.th/set/Documents/2026/Jul/SET50_SET100_H2_2026_revise.pdf,SET50_SET100_H2_2026_revise.pdf
AOT,AOT.BK,AIRPORTS OF THAILAND PUBLIC COMPANY LIMITED Transportation & Logistics,https://media.set.or.th/set/Documents/2026/Jul/SET50_SET100_H2_2026_revise.pdf,SET50_SET100_H2_2026_revise.pdf
AP,AP.BK,AP (THAILAND) PUBLIC COMPANY LIMITED Property Development,https://media.set.or.th/set/Documents/2026/Jul/SET50_SET100_H2_2026_revise.pdf,SET50_SET100_H2_2026_revise.pdf
AURA,AURA.BK,Aurora Design Public Company Limited Fashion,https://media.set.or.th/set/Documents/2026/Jul/SET50_SET100_H2_2026_revise.pdf,SET50_SET100_H2_2026_revise.pdf
AWC,AWC.BK,ASSET WORLD CORP PUBLIC COMPANY LIMITED Property Development,https://media.set.or.th/set/Documents/2026/Jul/SET50_SET100_H2_2026_revise.pdf,SET50_SET100_H2_2026_revise.pdf
BA,BA.BK,BANGKOK AIRWAYS PUBLIC COMPANY LIMITED Transportation & Logistics,https://media.set.or.th/set/Documents/2026/Jul/SET50_SET100_H2_2026_revise.pdf,SET50_SET100_H2_2026_revise.pdf
BAM,BAM.BK,BANGKOK COMMERCIAL ASSET MANAGEMENT PUBLIC COMPANY LIMITED Finance & Securities,https://media.set.or.th/set/Documents/2026/Jul/SET50_SET100_H2_2026_revise.pdf,SET50_SET100_H2_2026_revise.pdf
BANPU,BANPU.BK,BANPU PUBLIC COMPANY LIMITED Energy & Utilities,https://media.set.or.th/set/Documents/2026/Jul/SET50_SET100_H2_2026_revise.pdf,SET50_SET100_H2_2026_revise.pdf
BBL,BBL.BK,BANGKOK BANK PUBLIC COMPANY LIMITED Banking,https://media.set.or.th/set/Documents/2026/Jul/SET50_SET100_H2_2026_revise.pdf,SET50_SET100_H2_2026_revise.pdf
BCH,BCH.BK,BANGKOK CHAIN HOSPITAL PUBLIC COMPANY LIMITED Health Care Services,https://media.set.or.th/set/Documents/2026/Jul/SET50_SET100_H2_2026_revise.pdf,SET50_SET100_H2_2026_revise.pdf
BCP,BCP.BK,BANGCHAK CORPORATION PUBLIC COMPANY LIMITED Energy & Utilities,https://media.set.or.th/set/Documents/2026/Jul/SET50_SET100_H2_2026_revise.pdf,SET50_SET100_H2_2026_revise.pdf
BCPG,BCPG.BK,BCPG PUBLIC COMPANY LIMITED Energy & Utilities,https://media.set.or.th/set/Documents/2026/Jul/SET50_SET100_H2_2026_revise.pdf,SET50_SET100_H2_2026_revise.pdf
BDMS,BDMS.BK,BANGKOK DUSIT MEDICAL SERVICES PUBLIC COMPANY LIMITED Health Care Services,https://media.set.or.th/set/Documents/2026/Jul/SET50_SET100_H2_2026_revise.pdf,SET50_SET100_H2_2026_revise.pdf
BEM,BEM.BK,BANGKOK EXPRESSWAY AND METRO  PUBLIC COMPANY LIMITED Transportation & Logistics,https://media.set.or.th/set/Documents/2026/Jul/SET50_SET100_H2_2026_revise.pdf,SET50_SET100_H2_2026_revise.pdf
BGRIM,BGRIM.BK,B.GRIMM POWER PUBLIC COMPANY LIMITED Energy & Utilities,https://media.set.or.th/set/Documents/2026/Jul/SET50_SET100_H2_2026_revise.pdf,SET50_SET100_H2_2026_revise.pdf
BH,BH.BK,BUMRUNGRAD HOSPITAL PUBLIC COMPANY LIMITED Health Care Services,https://media.set.or.th/set/Documents/2026/Jul/SET50_SET100_H2_2026_revise.pdf,SET50_SET100_H2_2026_revise.pdf
BJC,BJC.BK,BERLI JUCKER PUBLIC COMPANY LIMITED Commerce,https://media.set.or.th/set/Documents/2026/Jul/SET50_SET100_H2_2026_revise.pdf,SET50_SET100_H2_2026_revise.pdf
BLA,BLA.BK,BANGKOK LIFE ASSURANCE PUBLIC COMPANY LIMITED Insurance,https://media.set.or.th/set/Documents/2026/Jul/SET50_SET100_H2_2026_revise.pdf,SET50_SET100_H2_2026_revise.pdf
BTG,BTG.BK,BETAGRO PUBLIC COMPANY LIMITED Food & Beverage,https://media.set.or.th/set/Documents/2026/Jul/SET50_SET100_H2_2026_revise.pdf,SET50_SET100_H2_2026_revise.pdf
BTS,BTS.BK,BTS GROUP HOLDINGS PUBLIC COMPANY LIMITED Transportation & Logistics,https://media.set.or.th/set/Documents/2026/Jul/SET50_SET100_H2_2026_revise.pdf,SET50_SET100_H2_2026_revise.pdf
CBG,CBG.BK,CARABAO GROUP PUBLIC COMPANY LIMITED Food & Beverage,https://media.set.or.th/set/Documents/2026/Jul/SET50_SET100_H2_2026_revise.pdf,SET50_SET100_H2_2026_revise.pdf
CCET,CCET.BK,"CAL-COMP ELECTRONICS (THAILAND) PUBLIC CO., LTD. Electronic Components",https://media.set.or.th/set/Documents/2026/Jul/SET50_SET100_H2_2026_revise.pdf,SET50_SET100_H2_2026_revise.pdf
CENTEL,CENTEL.BK,CENTRAL PLAZA HOTEL PUBLIC COMPANY LIMITED Tourism & Leisure,https://media.set.or.th/set/Documents/2026/Jul/SET50_SET100_H2_2026_revise.pdf,SET50_SET100_H2_2026_revise.pdf
CHG,CHG.BK,CHULARAT HOSPITAL PUBLIC COMPANY LIMITED Health Care Services,https://media.set.or.th/set/Documents/2026/Jul/SET50_SET100_H2_2026_revise.pdf,SET50_SET100_H2_2026_revise.pdf
CK,CK.BK,CH. KARNCHANG PUBLIC COMPANY LIMITED Construction Services,https://media.set.or.th/set/Documents/2026/Jul/SET50_SET100_H2_2026_revise.pdf,SET50_SET100_H2_2026_revise.pdf
COM7,COM7.BK,COM7 PUBLIC COMPANY LIMITED Commerce,https://media.set.or.th/set/Documents/2026/Jul/SET50_SET100_H2_2026_revise.pdf,SET50_SET100_H2_2026_revise.pdf
CPALL,CPALL.BK,CP ALL PUBLIC COMPANY LIMITED Commerce,https://media.set.or.th/set/Documents/2026/Jul/SET50_SET100_H2_2026_revise.pdf,SET50_SET100_H2_2026_revise.pdf
CPF,CPF.BK,CHAROEN POKPHAND FOODS PUBLIC COMPANY LIMITED Food & Beverage,https://media.set.or.th/set/Documents/2026/Jul/SET50_SET100_H2_2026_revise.pdf,SET50_SET100_H2_2026_revise.pdf
CPN,CPN.BK,CENTRAL PATTANA PUBLIC COMPANY LIMITED Property Development,https://media.set.or.th/set/Documents/2026/Jul/SET50_SET100_H2_2026_revise.pdf,SET50_SET100_H2_2026_revise.pdf
CRC,CRC.BK,CENTRAL RETAIL CORPORATION PUBLIC COMPANY LIMITED Commerce,https://media.set.or.th/set/Documents/2026/Jul/SET50_SET100_H2_2026_revise.pdf,SET50_SET100_H2_2026_revise.pdf
DELTA,DELTA.BK,DELTA ELECTRONICS (THAILAND) PUBLIC COMPANY LIMITED Electronic Components,https://media.set.or.th/set/Documents/2026/Jul/SET50_SET100_H2_2026_revise.pdf,SET50_SET100_H2_2026_revise.pdf
DOHOME,DOHOME.BK,DOHOME PUBLIC COMPANY LIMITED Commerce,https://media.set.or.th/set/Documents/2026/Jul/SET50_SET100_H2_2026_revise.pdf,SET50_SET100_H2_2026_revise.pdf
EA,EA.BK,ENERGY ABSOLUTE PUBLIC COMPANY LIMITED Energy & Utilities,https://media.set.or.th/set/Documents/2026/Jul/SET50_SET100_H2_2026_revise.pdf,SET50_SET100_H2_2026_revise.pdf
EGCO,EGCO.BK,ELECTRICITY GENERATING PUBLIC COMPANY LIMITED Energy & Utilities,https://media.set.or.th/set/Documents/2026/Jul/SET50_SET100_H2_2026_revise.pdf,SET50_SET100_H2_2026_revise.pdf
ERW,ERW.BK,THE ERAWAN GROUP PUBLIC COMPANY LIMITED Tourism & Leisure,https://media.set.or.th/set/Documents/2026/Jul/SET50_SET100_H2_2026_revise.pdf,SET50_SET100_H2_2026_revise.pdf
GFPT,GFPT.BK,GFPT PUBLIC COMPANY LIMITED Agribusiness,https://media.set.or.th/set/Documents/2026/Jul/SET50_SET100_H2_2026_revise.pdf,SET50_SET100_H2_2026_revise.pdf
GLOBAL,GLOBAL.BK,SIAM GLOBAL HOUSE PUBLIC COMPANY LIMITED Commerce,https://media.set.or.th/set/Documents/2026/Jul/SET50_SET100_H2_2026_revise.pdf,SET50_SET100_H2_2026_revise.pdf
GPSC,GPSC.BK,GLOBAL POWER SYNERGY PUBLIC COMPANY LIMITED Energy & Utilities,https://media.set.or.th/set/Documents/2026/Jul/SET50_SET100_H2_2026_revise.pdf,SET50_SET100_H2_2026_revise.pdf
GST,GST.BK,GULF SPACE TECHNOLOGY PUBLIC COMPANY LIMITED Information & Communication Technology,https://media.set.or.th/set/Documents/2026/Jul/SET50_SET100_H2_2026_revise.pdf,SET50_SET100_H2_2026_revise.pdf
GULF,GULF.BK,GULF DEVELOPMENT PUBLIC COMPANY LIMITED Energy & Utilities,https://media.set.or.th/set/Documents/2026/Jul/SET50_SET100_H2_2026_revise.pdf,SET50_SET100_H2_2026_revise.pdf
GUNKUL,GUNKUL.BK,GUNKUL ENGINEERING PUBLIC COMPANY LIMITED Energy & Utilities,https://media.set.or.th/set/Documents/2026/Jul/SET50_SET100_H2_2026_revise.pdf,SET50_SET100_H2_2026_revise.pdf
HANA,HANA.BK,HANA MICROELECTRONICS PUBLIC COMPANY LIMITED Electronic Components,https://media.set.or.th/set/Documents/2026/Jul/SET50_SET100_H2_2026_revise.pdf,SET50_SET100_H2_2026_revise.pdf
HMPRO,HMPRO.BK,HOME PRODUCT CENTER PUBLIC COMPANY LIMITED Commerce,https://media.set.or.th/set/Documents/2026/Jul/SET50_SET100_H2_2026_revise.pdf,SET50_SET100_H2_2026_revise.pdf
ICHI,ICHI.BK,ICHITAN GROUP PUBLIC COMPANY LIMITED Food & Beverage,https://media.set.or.th/set/Documents/2026/Jul/SET50_SET100_H2_2026_revise.pdf,SET50_SET100_H2_2026_revise.pdf
IRPC,IRPC.BK,IRPC PUBLIC COMPANY LIMITED Energy & Utilities,https://media.set.or.th/set/Documents/2026/Jul/SET50_SET100_H2_2026_revise.pdf,SET50_SET100_H2_2026_revise.pdf
IVL,IVL.BK,INDORAMA VENTURES PUBLIC COMPANY LIMITED Petrochemicals & Chemicals,https://media.set.or.th/set/Documents/2026/Jul/SET50_SET100_H2_2026_revise.pdf,SET50_SET100_H2_2026_revise.pdf
JMART,JMART.BK,JAYMART GROUP HOLDINGS PUBLIC COMPANY LIMITED Information & Communication Technology,https://media.set.or.th/set/Documents/2026/Jul/SET50_SET100_H2_2026_revise.pdf,SET50_SET100_H2_2026_revise.pdf
JMT,JMT.BK,JMT NETWORK SERVICES PUBLIC COMPANY LIMITED Finance & Securities,https://media.set.or.th/set/Documents/2026/Jul/SET50_SET100_H2_2026_revise.pdf,SET50_SET100_H2_2026_revise.pdf
KBANK,KBANK.BK,KASIKORNBANK PUBLIC COMPANY LIMITED Banking,https://media.set.or.th/set/Documents/2026/Jul/SET50_SET100_H2_2026_revise.pdf,SET50_SET100_H2_2026_revise.pdf
KCE,KCE.BK,KCE ELECTRONICS PUBLIC COMPANY LIMITED Electronic Components,https://media.set.or.th/set/Documents/2026/Jul/SET50_SET100_H2_2026_revise.pdf,SET50_SET100_H2_2026_revise.pdf
KKP,KKP.BK,KIATNAKIN PHATRA BANK PUBLIC COMPANY LIMITED Banking,https://media.set.or.th/set/Documents/2026/Jul/SET50_SET100_H2_2026_revise.pdf,SET50_SET100_H2_2026_revise.pdf
KTB,KTB.BK,KRUNG THAI BANK PUBLIC COMPANY LIMITED Banking,https://media.set.or.th/set/Documents/2026/Jul/SET50_SET100_H2_2026_revise.pdf,SET50_SET100_H2_2026_revise.pdf
KTC,KTC.BK,KRUNGTHAI CARD PUBLIC COMPANY LIMITED Finance & Securities,https://media.set.or.th/set/Documents/2026/Jul/SET50_SET100_H2_2026_revise.pdf,SET50_SET100_H2_2026_revise.pdf
LH,LH.BK,LAND AND HOUSES PUBLIC COMPANY LIMITED Property Development,https://media.set.or.th/set/Documents/2026/Jul/SET50_SET100_H2_2026_revise.pdf,SET50_SET100_H2_2026_revise.pdf
M,M.BK,MK RESTAURANT GROUP PUBLIC COMPANY LIMITED Food & Beverage,https://media.set.or.th/set/Documents/2026/Jul/SET50_SET100_H2_2026_revise.pdf,SET50_SET100_H2_2026_revise.pdf
MEGA,MEGA.BK,MEGA LIFESCIENCES PUBLIC COMPANY LIMITED Commerce,https://media.set.or.th/set/Documents/2026/Jul/SET50_SET100_H2_2026_revise.pdf,SET50_SET100_H2_2026_revise.pdf
MINT,MINT.BK,MINOR INTERNATIONAL PUBLIC COMPANY LIMITED Tourism & Leisure,https://media.set.or.th/set/Documents/2026/Jul/SET50_SET100_H2_2026_revise.pdf,SET50_SET100_H2_2026_revise.pdf
MOSHI,MOSHI.BK,Moshi Moshi Retail Corporation Public Company Limited Commerce,https://media.set.or.th/set/Documents/2026/Jul/SET50_SET100_H2_2026_revise.pdf,SET50_SET100_H2_2026_revise.pdf
MRDIYT,MRDIYT.BK,MR. D.I.Y. HOLDING (THAILAND) PUBLIC COMPANY LIMITED Commerce,https://media.set.or.th/set/Documents/2026/Jul/SET50_SET100_H2_2026_revise.pdf,SET50_SET100_H2_2026_revise.pdf
MTC,MTC.BK,MUANGTHAI CAPITAL PUBLIC COMPANY LIMITED Finance & Securities,https://media.set.or.th/set/Documents/2026/Jul/SET50_SET100_H2_2026_revise.pdf,SET50_SET100_H2_2026_revise.pdf
OR,OR.BK,PTT OIL AND RETAIL BUSINESS PUBLIC COMPANY LIMITED Energy & Utilities,https://media.set.or.th/set/Documents/2026/Jul/SET50_SET100_H2_2026_revise.pdf,SET50_SET100_H2_2026_revise.pdf
OSP,OSP.BK,OSOTSPA PUBLIC COMPANY LIMITED Food & Beverage,https://media.set.or.th/set/Documents/2026/Jul/SET50_SET100_H2_2026_revise.pdf,SET50_SET100_H2_2026_revise.pdf
PLANB,PLANB.BK,PLAN B MEDIA PUBLIC COMPANY LIMITED Media & Publishing,https://media.set.or.th/set/Documents/2026/Jul/SET50_SET100_H2_2026_revise.pdf,SET50_SET100_H2_2026_revise.pdf
PR9,PR9.BK,PRARAM,https://media.set.or.th/set/Documents/2026/Jul/SET50_SET100_H2_2026_revise.pdf,SET50_SET100_H2_2026_revise.pdf
PRM,PRM.BK,PRIMA MARINE PUBLIC COMPANY LIMITED Transportation & Logistics,https://media.set.or.th/set/Documents/2026/Jul/SET50_SET100_H2_2026_revise.pdf,SET50_SET100_H2_2026_revise.pdf
PTG,PTG.BK,PTG ENERGY PUBLIC COMPANY LIMITED Energy & Utilities,https://media.set.or.th/set/Documents/2026/Jul/SET50_SET100_H2_2026_revise.pdf,SET50_SET100_H2_2026_revise.pdf
PTT,PTT.BK,PTT PUBLIC COMPANY LIMITED Energy & Utilities,https://media.set.or.th/set/Documents/2026/Jul/SET50_SET100_H2_2026_revise.pdf,SET50_SET100_H2_2026_revise.pdf
PTTEP,PTTEP.BK,PTT EXPLORATION AND PRODUCTION PUBLIC COMPANY LIMITED Energy & Utilities,https://media.set.or.th/set/Documents/2026/Jul/SET50_SET100_H2_2026_revise.pdf,SET50_SET100_H2_2026_revise.pdf
PTTGC,PTTGC.BK,PTT GLOBAL CHEMICAL PUBLIC COMPANY LIMITED Petrochemicals & Chemicals,https://media.set.or.th/set/Documents/2026/Jul/SET50_SET100_H2_2026_revise.pdf,SET50_SET100_H2_2026_revise.pdf
QH,QH.BK,QUALITY HOUSES PUBLIC COMPANY LIMITED Property Development,https://media.set.or.th/set/Documents/2026/Jul/SET50_SET100_H2_2026_revise.pdf,SET50_SET100_H2_2026_revise.pdf
RATCH,RATCH.BK,RATCH GROUP PUBLIC COMPANY LIMITED Energy & Utilities,https://media.set.or.th/set/Documents/2026/Jul/SET50_SET100_H2_2026_revise.pdf,SET50_SET100_H2_2026_revise.pdf
RCL,RCL.BK,REGIONAL CONTAINER LINES PUBLIC COMPANY LIMITED Transportation & Logistics,https://media.set.or.th/set/Documents/2026/Jul/SET50_SET100_H2_2026_revise.pdf,SET50_SET100_H2_2026_revise.pdf
SAWAD,SAWAD.BK,SRISAWAD CORPORATION PUBLIC COMPANY LIMITED Finance & Securities,https://media.set.or.th/set/Documents/2026/Jul/SET50_SET100_H2_2026_revise.pdf,SET50_SET100_H2_2026_revise.pdf
SCB,SCB.BK,SCB X PUBLIC COMPANY LIMITED Banking,https://media.set.or.th/set/Documents/2026/Jul/SET50_SET100_H2_2026_revise.pdf,SET50_SET100_H2_2026_revise.pdf
SCC,SCC.BK,THE SIAM CEMENT PUBLIC COMPANY LIMITED Construction Materials,https://media.set.or.th/set/Documents/2026/Jul/SET50_SET100_H2_2026_revise.pdf,SET50_SET100_H2_2026_revise.pdf
SCGP,SCGP.BK,SCG PACKAGING PUBLIC COMPANY LIMITED Packaging,https://media.set.or.th/set/Documents/2026/Jul/SET50_SET100_H2_2026_revise.pdf,SET50_SET100_H2_2026_revise.pdf
SIRI,SIRI.BK,SANSIRI PUBLIC COMPANY LIMITED Property Development,https://media.set.or.th/set/Documents/2026/Jul/SET50_SET100_H2_2026_revise.pdf,SET50_SET100_H2_2026_revise.pdf
SPALI,SPALI.BK,SUPALAI PUBLIC COMPANY LIMITED Property Development,https://media.set.or.th/set/Documents/2026/Jul/SET50_SET100_H2_2026_revise.pdf,SET50_SET100_H2_2026_revise.pdf
SPRC,SPRC.BK,STAR PETROLEUM REFINING PUBLIC COMPANY LIMITED Energy & Utilities,https://media.set.or.th/set/Documents/2026/Jul/SET50_SET100_H2_2026_revise.pdf,SET50_SET100_H2_2026_revise.pdf
STA,STA.BK,SRI TRANG AGRO-INDUSTRY PUBLIC COMPANY LIMITED Agribusiness,https://media.set.or.th/set/Documents/2026/Jul/SET50_SET100_H2_2026_revise.pdf,SET50_SET100_H2_2026_revise.pdf
STECON,STECON.BK,STECON GROUP PUBLIC COMPANY LIMITED Construction Services,https://media.set.or.th/set/Documents/2026/Jul/SET50_SET100_H2_2026_revise.pdf,SET50_SET100_H2_2026_revise.pdf
STGT,STGT.BK,SRI TRANG GLOVES (THAILAND) PUBLIC COMPANY LIMITED Personal Products & Pharmaceuticals,https://media.set.or.th/set/Documents/2026/Jul/SET50_SET100_H2_2026_revise.pdf,SET50_SET100_H2_2026_revise.pdf
TASCO,TASCO.BK,TIPCO ASPHALT PUBLIC COMPANY LIMITED Construction Materials,https://media.set.or.th/set/Documents/2026/Jul/SET50_SET100_H2_2026_revise.pdf,SET50_SET100_H2_2026_revise.pdf
TCAP,TCAP.BK,THANACHART CAPITAL PUBLIC COMPANY LIMITED Banking,https://media.set.or.th/set/Documents/2026/Jul/SET50_SET100_H2_2026_revise.pdf,SET50_SET100_H2_2026_revise.pdf
TFG,TFG.BK,THAIFOODS GROUP PUBLIC COMPANY LIMITED Food & Beverage,https://media.set.or.th/set/Documents/2026/Jul/SET50_SET100_H2_2026_revise.pdf,SET50_SET100_H2_2026_revise.pdf
THAI,THAI.BK,THAI AIRWAYS INTERNATIONAL PUBLIC COMPANY LIMITED Transportation & Logistics,https://media.set.or.th/set/Documents/2026/Jul/SET50_SET100_H2_2026_revise.pdf,SET50_SET100_H2_2026_revise.pdf
TIDLOR,TIDLOR.BK,TIDLOR HOLDINGS PUBLIC COMPANY LIMITED Finance & Securities,https://media.set.or.th/set/Documents/2026/Jul/SET50_SET100_H2_2026_revise.pdf,SET50_SET100_H2_2026_revise.pdf
TISCO,TISCO.BK,TISCO FINANCIAL GROUP PUBLIC COMPANY LIMITED Banking,https://media.set.or.th/set/Documents/2026/Jul/SET50_SET100_H2_2026_revise.pdf,SET50_SET100_H2_2026_revise.pdf
TLI,TLI.BK,THAI LIFE INSURANCE PUBLIC COMPANY LIMITED Insurance,https://media.set.or.th/set/Documents/2026/Jul/SET50_SET100_H2_2026_revise.pdf,SET50_SET100_H2_2026_revise.pdf
TOA,TOA.BK,TOA PAINT (THAILAND) PUBLIC COMPANY LIMITED Construction Materials,https://media.set.or.th/set/Documents/2026/Jul/SET50_SET100_H2_2026_revise.pdf,SET50_SET100_H2_2026_revise.pdf
TOP,TOP.BK,THAI OIL PUBLIC COMPANY LIMITED Energy & Utilities,https://media.set.or.th/set/Documents/2026/Jul/SET50_SET100_H2_2026_revise.pdf,SET50_SET100_H2_2026_revise.pdf
TRUE,TRUE.BK,TRUE CORPORATION PUBLIC COMPANY LIMITED Information & Communication Technology,https://media.set.or.th/set/Documents/2026/Jul/SET50_SET100_H2_2026_revise.pdf,SET50_SET100_H2_2026_revise.pdf
TTB,TTB.BK,TMBTHANACHART BANK PUBLIC COMPANY LIMITED Banking,https://media.set.or.th/set/Documents/2026/Jul/SET50_SET100_H2_2026_revise.pdf,SET50_SET100_H2_2026_revise.pdf
TU,TU.BK,THAI UNION GROUP PUBLIC COMPANY LIMITED Food & Beverage,https://media.set.or.th/set/Documents/2026/Jul/SET50_SET100_H2_2026_revise.pdf,SET50_SET100_H2_2026_revise.pdf
VGI,VGI.BK,VGI PUBLIC COMPANY LIMITED Media & Publishing,https://media.set.or.th/set/Documents/2026/Jul/SET50_SET100_H2_2026_revise.pdf,SET50_SET100_H2_2026_revise.pdf
WHA,WHA.BK,WHA CORPORATION PUBLIC COMPANY LIMITED Property Development,https://media.set.or.th/set/Documents/2026/Jul/SET50_SET100_H2_2026_revise.pdf,SET50_SET100_H2_2026_revise.pdf
WHAUP,WHAUP.BK,WHA UTILITIES AND POWER PUBLIC COMPANY LIMITED Energy & Utilities,https://media.set.or.th/set/Documents/2026/Jul/SET50_SET100_H2_2026_revise.pdf,SET50_SET100_H2_2026_revise.pdf
AAV,AAV.BK,ASIA AVIATION PUBLIC COMPANY LIMITED Transportation & Logistics,https://media.set.or.th/set/Documents/2026/Jun/SET50-SET100-H2-2026.pdf,SET50-SET100-H2-2026.pdf
ADVANC,ADVANC.BK,ADVANCED INFO SERVICE PUBLIC COMPANY LIMITED Information & Communication Technology,https://media.set.or.th/set/Documents/2026/Jun/SET50-SET100-H2-2026.pdf,SET50-SET100-H2-2026.pdf
AEONTS,AEONTS.BK,AEON THANA SINSAP (THAILAND) PUBLIC COMPANY LIMITED Finance & Securities,https://media.set.or.th/set/Documents/2026/Jun/SET50-SET100-H2-2026.pdf,SET50-SET100-H2-2026.pdf
AMATA,AMATA.BK,AMATA CORPORATION PUBLIC COMPANY LIMITED Property Development,https://media.set.or.th/set/Documents/2026/Jun/SET50-SET100-H2-2026.pdf,SET50-SET100-H2-2026.pdf
AOT,AOT.BK,AIRPORTS OF THAILAND PUBLIC COMPANY LIMITED Transportation & Logistics,https://media.set.or.th/set/Documents/2026/Jun/SET50-SET100-H2-2026.pdf,SET50-SET100-H2-2026.pdf
AP,AP.BK,AP (THAILAND) PUBLIC COMPANY LIMITED Property Development,https://media.set.or.th/set/Documents/2026/Jun/SET50-SET100-H2-2026.pdf,SET50-SET100-H2-2026.pdf
AURA,AURA.BK,Aurora Design Public Company Limited Fashion,https://media.set.or.th/set/Documents/2026/Jun/SET50-SET100-H2-2026.pdf,SET50-SET100-H2-2026.pdf
AWC,AWC.BK,ASSET WORLD CORP PUBLIC COMPANY LIMITED Property Development,https://media.set.or.th/set/Documents/2026/Jun/SET50-SET100-H2-2026.pdf,SET50-SET100-H2-2026.pdf
BA,BA.BK,BANGKOK AIRWAYS PUBLIC COMPANY LIMITED Transportation & Logistics,https://media.set.or.th/set/Documents/2026/Jun/SET50-SET100-H2-2026.pdf,SET50-SET100-H2-2026.pdf
BAM,BAM.BK,BANGKOK COMMERCIAL ASSET MANAGEMENT PUBLIC COMPANY LIMITED Finance & Securities,https://media.set.or.th/set/Documents/2026/Jun/SET50-SET100-H2-2026.pdf,SET50-SET100-H2-2026.pdf
BANPU,BANPU.BK,BANPU PUBLIC COMPANY LIMITED Energy & Utilities,https://media.set.or.th/set/Documents/2026/Jun/SET50-SET100-H2-2026.pdf,SET50-SET100-H2-2026.pdf
BBL,BBL.BK,BANGKOK BANK PUBLIC COMPANY LIMITED Banking,https://media.set.or.th/set/Documents/2026/Jun/SET50-SET100-H2-2026.pdf,SET50-SET100-H2-2026.pdf
BCH,BCH.BK,BANGKOK CHAIN HOSPITAL PUBLIC COMPANY LIMITED Health Care Services,https://media.set.or.th/set/Documents/2026/Jun/SET50-SET100-H2-2026.pdf,SET50-SET100-H2-2026.pdf
BCP,BCP.BK,BANGCHAK CORPORATION PUBLIC COMPANY LIMITED Energy & Utilities,https://media.set.or.th/set/Documents/2026/Jun/SET50-SET100-H2-2026.pdf,SET50-SET100-H2-2026.pdf
BCPG,BCPG.BK,BCPG PUBLIC COMPANY LIMITED Energy & Utilities,https://media.set.or.th/set/Documents/2026/Jun/SET50-SET100-H2-2026.pdf,SET50-SET100-H2-2026.pdf
BDMS,BDMS.BK,BANGKOK DUSIT MEDICAL SERVICES PUBLIC COMPANY LIMITED Health Care Services,https://media.set.or.th/set/Documents/2026/Jun/SET50-SET100-H2-2026.pdf,SET50-SET100-H2-2026.pdf
BEM,BEM.BK,BANGKOK EXPRESSWAY AND METRO  PUBLIC COMPANY LIMITED Transportation & Logistics,https://media.set.or.th/set/Documents/2026/Jun/SET50-SET100-H2-2026.pdf,SET50-SET100-H2-2026.pdf
BGRIM,BGRIM.BK,B.GRIMM POWER PUBLIC COMPANY LIMITED Energy & Utilities,https://media.set.or.th/set/Documents/2026/Jun/SET50-SET100-H2-2026.pdf,SET50-SET100-H2-2026.pdf
BH,BH.BK,BUMRUNGRAD HOSPITAL PUBLIC COMPANY LIMITED Health Care Services,https://media.set.or.th/set/Documents/2026/Jun/SET50-SET100-H2-2026.pdf,SET50-SET100-H2-2026.pdf
BJC,BJC.BK,BERLI JUCKER PUBLIC COMPANY LIMITED Commerce,https://media.set.or.th/set/Documents/2026/Jun/SET50-SET100-H2-2026.pdf,SET50-SET100-H2-2026.pdf
BLA,BLA.BK,BANGKOK LIFE ASSURANCE PUBLIC COMPANY LIMITED Insurance,https://media.set.or.th/set/Documents/2026/Jun/SET50-SET100-H2-2026.pdf,SET50-SET100-H2-2026.pdf
BTG,BTG.BK,BETAGRO PUBLIC COMPANY LIMITED Food & Beverage,https://media.set.or.th/set/Documents/2026/Jun/SET50-SET100-H2-2026.pdf,SET50-SET100-H2-2026.pdf
BTS,BTS.BK,BTS GROUP HOLDINGS PUBLIC COMPANY LIMITED Transportation & Logistics,https://media.set.or.th/set/Documents/2026/Jun/SET50-SET100-H2-2026.pdf,SET50-SET100-H2-2026.pdf
CBG,CBG.BK,CARABAO GROUP PUBLIC COMPANY LIMITED Food & Beverage,https://media.set.or.th/set/Documents/2026/Jun/SET50-SET100-H2-2026.pdf,SET50-SET100-H2-2026.pdf
CCET,CCET.BK,"CAL-COMP ELECTRONICS (THAILAND) PUBLIC CO., LTD. Electronic Components",https://media.set.or.th/set/Documents/2026/Jun/SET50-SET100-H2-2026.pdf,SET50-SET100-H2-2026.pdf
CENTEL,CENTEL.BK,CENTRAL PLAZA HOTEL PUBLIC COMPANY LIMITED Tourism & Leisure,https://media.set.or.th/set/Documents/2026/Jun/SET50-SET100-H2-2026.pdf,SET50-SET100-H2-2026.pdf
CHG,CHG.BK,CHULARAT HOSPITAL PUBLIC COMPANY LIMITED Health Care Services,https://media.set.or.th/set/Documents/2026/Jun/SET50-SET100-H2-2026.pdf,SET50-SET100-H2-2026.pdf
CK,CK.BK,CH. KARNCHANG PUBLIC COMPANY LIMITED Construction Services,https://media.set.or.th/set/Documents/2026/Jun/SET50-SET100-H2-2026.pdf,SET50-SET100-H2-2026.pdf
COM7,COM7.BK,COM7 PUBLIC COMPANY LIMITED Commerce,https://media.set.or.th/set/Documents/2026/Jun/SET50-SET100-H2-2026.pdf,SET50-SET100-H2-2026.pdf
CPALL,CPALL.BK,CP ALL PUBLIC COMPANY LIMITED Commerce,https://media.set.or.th/set/Documents/2026/Jun/SET50-SET100-H2-2026.pdf,SET50-SET100-H2-2026.pdf
CPF,CPF.BK,CHAROEN POKPHAND FOODS PUBLIC COMPANY LIMITED Food & Beverage,https://media.set.or.th/set/Documents/2026/Jun/SET50-SET100-H2-2026.pdf,SET50-SET100-H2-2026.pdf
CPN,CPN.BK,CENTRAL PATTANA PUBLIC COMPANY LIMITED Property Development,https://media.set.or.th/set/Documents/2026/Jun/SET50-SET100-H2-2026.pdf,SET50-SET100-H2-2026.pdf
CRC,CRC.BK,CENTRAL RETAIL CORPORATION PUBLIC COMPANY LIMITED Commerce,https://media.set.or.th/set/Documents/2026/Jun/SET50-SET100-H2-2026.pdf,SET50-SET100-H2-2026.pdf
DELTA,DELTA.BK,DELTA ELECTRONICS (THAILAND) PUBLIC COMPANY LIMITED Electronic Components,https://media.set.or.th/set/Documents/2026/Jun/SET50-SET100-H2-2026.pdf,SET50-SET100-H2-2026.pdf
DOHOME,DOHOME.BK,DOHOME PUBLIC COMPANY LIMITED Commerce,https://media.set.or.th/set/Documents/2026/Jun/SET50-SET100-H2-2026.pdf,SET50-SET100-H2-2026.pdf
EA,EA.BK,ENERGY ABSOLUTE PUBLIC COMPANY LIMITED Energy & Utilities,https://media.set.or.th/set/Documents/2026/Jun/SET50-SET100-H2-2026.pdf,SET50-SET100-H2-2026.pdf
EGCO,EGCO.BK,ELECTRICITY GENERATING PUBLIC COMPANY LIMITED Energy & Utilities,https://media.set.or.th/set/Documents/2026/Jun/SET50-SET100-H2-2026.pdf,SET50-SET100-H2-2026.pdf
ERW,ERW.BK,THE ERAWAN GROUP PUBLIC COMPANY LIMITED Tourism & Leisure,https://media.set.or.th/set/Documents/2026/Jun/SET50-SET100-H2-2026.pdf,SET50-SET100-H2-2026.pdf
GFPT,GFPT.BK,GFPT PUBLIC COMPANY LIMITED Agribusiness,https://media.set.or.th/set/Documents/2026/Jun/SET50-SET100-H2-2026.pdf,SET50-SET100-H2-2026.pdf
GLOBAL,GLOBAL.BK,SIAM GLOBAL HOUSE PUBLIC COMPANY LIMITED Commerce,https://media.set.or.th/set/Documents/2026/Jun/SET50-SET100-H2-2026.pdf,SET50-SET100-H2-2026.pdf
GPSC,GPSC.BK,GLOBAL POWER SYNERGY PUBLIC COMPANY LIMITED Energy & Utilities,https://media.set.or.th/set/Documents/2026/Jun/SET50-SET100-H2-2026.pdf,SET50-SET100-H2-2026.pdf
GULF,GULF.BK,GULF DEVELOPMENT PUBLIC COMPANY LIMITED Energy & Utilities,https://media.set.or.th/set/Documents/2026/Jun/SET50-SET100-H2-2026.pdf,SET50-SET100-H2-2026.pdf
GUNKUL,GUNKUL.BK,GUNKUL ENGINEERING PUBLIC COMPANY LIMITED Energy & Utilities,https://media.set.or.th/set/Documents/2026/Jun/SET50-SET100-H2-2026.pdf,SET50-SET100-H2-2026.pdf
HANA,HANA.BK,HANA MICROELECTRONICS PUBLIC COMPANY LIMITED Electronic Components,https://media.set.or.th/set/Documents/2026/Jun/SET50-SET100-H2-2026.pdf,SET50-SET100-H2-2026.pdf
HMPRO,HMPRO.BK,HOME PRODUCT CENTER PUBLIC COMPANY LIMITED Commerce,https://media.set.or.th/set/Documents/2026/Jun/SET50-SET100-H2-2026.pdf,SET50-SET100-H2-2026.pdf
ICHI,ICHI.BK,ICHITAN GROUP PUBLIC COMPANY LIMITED Food & Beverage,https://media.set.or.th/set/Documents/2026/Jun/SET50-SET100-H2-2026.pdf,SET50-SET100-H2-2026.pdf
IRPC,IRPC.BK,IRPC PUBLIC COMPANY LIMITED Energy & Utilities,https://media.set.or.th/set/Documents/2026/Jun/SET50-SET100-H2-2026.pdf,SET50-SET100-H2-2026.pdf
IVL,IVL.BK,INDORAMA VENTURES PUBLIC COMPANY LIMITED Petrochemicals & Chemicals,https://media.set.or.th/set/Documents/2026/Jun/SET50-SET100-H2-2026.pdf,SET50-SET100-H2-2026.pdf
JMT,JMT.BK,JMT NETWORK SERVICES PUBLIC COMPANY LIMITED Finance & Securities,https://media.set.or.th/set/Documents/2026/Jun/SET50-SET100-H2-2026.pdf,SET50-SET100-H2-2026.pdf
JTS,JTS.BK,JASMINE TECHNOLOGY SOLUTION PUBLIC COMPANY LIMITED Information & Communication Technology,https://media.set.or.th/set/Documents/2026/Jun/SET50-SET100-H2-2026.pdf,SET50-SET100-H2-2026.pdf
KBANK,KBANK.BK,KASIKORNBANK PUBLIC COMPANY LIMITED Banking,https://media.set.or.th/set/Documents/2026/Jun/SET50-SET100-H2-2026.pdf,SET50-SET100-H2-2026.pdf
KCE,KCE.BK,KCE ELECTRONICS PUBLIC COMPANY LIMITED Electronic Components,https://media.set.or.th/set/Documents/2026/Jun/SET50-SET100-H2-2026.pdf,SET50-SET100-H2-2026.pdf
KKP,KKP.BK,KIATNAKIN PHATRA BANK PUBLIC COMPANY LIMITED Banking,https://media.set.or.th/set/Documents/2026/Jun/SET50-SET100-H2-2026.pdf,SET50-SET100-H2-2026.pdf
KTB,KTB.BK,KRUNG THAI BANK PUBLIC COMPANY LIMITED Banking,https://media.set.or.th/set/Documents/2026/Jun/SET50-SET100-H2-2026.pdf,SET50-SET100-H2-2026.pdf
KTC,KTC.BK,KRUNGTHAI CARD PUBLIC COMPANY LIMITED Finance & Securities,https://media.set.or.th/set/Documents/2026/Jun/SET50-SET100-H2-2026.pdf,SET50-SET100-H2-2026.pdf
LH,LH.BK,LAND AND HOUSES PUBLIC COMPANY LIMITED Property Development,https://media.set.or.th/set/Documents/2026/Jun/SET50-SET100-H2-2026.pdf,SET50-SET100-H2-2026.pdf
M,M.BK,MK RESTAURANT GROUP PUBLIC COMPANY LIMITED Food & Beverage,https://media.set.or.th/set/Documents/2026/Jun/SET50-SET100-H2-2026.pdf,SET50-SET100-H2-2026.pdf
MEGA,MEGA.BK,MEGA LIFESCIENCES PUBLIC COMPANY LIMITED Commerce,https://media.set.or.th/set/Documents/2026/Jun/SET50-SET100-H2-2026.pdf,SET50-SET100-H2-2026.pdf
MINT,MINT.BK,MINOR INTERNATIONAL PUBLIC COMPANY LIMITED Tourism & Leisure,https://media.set.or.th/set/Documents/2026/Jun/SET50-SET100-H2-2026.pdf,SET50-SET100-H2-2026.pdf
MOSHI,MOSHI.BK,Moshi Moshi Retail Corporation Public Company Limited Commerce,https://media.set.or.th/set/Documents/2026/Jun/SET50-SET100-H2-2026.pdf,SET50-SET100-H2-2026.pdf
MRDIYT,MRDIYT.BK,MR. D.I.Y. HOLDING (THAILAND) PUBLIC COMPANY LIMITED Commerce,https://media.set.or.th/set/Documents/2026/Jun/SET50-SET100-H2-2026.pdf,SET50-SET100-H2-2026.pdf
MTC,MTC.BK,MUANGTHAI CAPITAL PUBLIC COMPANY LIMITED Finance & Securities,https://media.set.or.th/set/Documents/2026/Jun/SET50-SET100-H2-2026.pdf,SET50-SET100-H2-2026.pdf
OR,OR.BK,PTT OIL AND RETAIL BUSINESS PUBLIC COMPANY LIMITED Energy & Utilities,https://media.set.or.th/set/Documents/2026/Jun/SET50-SET100-H2-2026.pdf,SET50-SET100-H2-2026.pdf
OSP,OSP.BK,OSOTSPA PUBLIC COMPANY LIMITED Food & Beverage,https://media.set.or.th/set/Documents/2026/Jun/SET50-SET100-H2-2026.pdf,SET50-SET100-H2-2026.pdf
PLANB,PLANB.BK,PLAN B MEDIA PUBLIC COMPANY LIMITED Media & Publishing,https://media.set.or.th/set/Documents/2026/Jun/SET50-SET100-H2-2026.pdf,SET50-SET100-H2-2026.pdf
PR9,PR9.BK,PRARAM,https://media.set.or.th/set/Documents/2026/Jun/SET50-SET100-H2-2026.pdf,SET50-SET100-H2-2026.pdf
PRM,PRM.BK,PRIMA MARINE PUBLIC COMPANY LIMITED Transportation & Logistics,https://media.set.or.th/set/Documents/2026/Jun/SET50-SET100-H2-2026.pdf,SET50-SET100-H2-2026.pdf
PTG,PTG.BK,PTG ENERGY PUBLIC COMPANY LIMITED Energy & Utilities,https://media.set.or.th/set/Documents/2026/Jun/SET50-SET100-H2-2026.pdf,SET50-SET100-H2-2026.pdf
PTT,PTT.BK,PTT PUBLIC COMPANY LIMITED Energy & Utilities,https://media.set.or.th/set/Documents/2026/Jun/SET50-SET100-H2-2026.pdf,SET50-SET100-H2-2026.pdf
PTTEP,PTTEP.BK,PTT EXPLORATION AND PRODUCTION PUBLIC COMPANY LIMITED Energy & Utilities,https://media.set.or.th/set/Documents/2026/Jun/SET50-SET100-H2-2026.pdf,SET50-SET100-H2-2026.pdf
PTTGC,PTTGC.BK,PTT GLOBAL CHEMICAL PUBLIC COMPANY LIMITED Petrochemicals & Chemicals,https://media.set.or.th/set/Documents/2026/Jun/SET50-SET100-H2-2026.pdf,SET50-SET100-H2-2026.pdf
QH,QH.BK,QUALITY HOUSES PUBLIC COMPANY LIMITED Property Development,https://media.set.or.th/set/Documents/2026/Jun/SET50-SET100-H2-2026.pdf,SET50-SET100-H2-2026.pdf
RATCH,RATCH.BK,RATCH GROUP PUBLIC COMPANY LIMITED Energy & Utilities,https://media.set.or.th/set/Documents/2026/Jun/SET50-SET100-H2-2026.pdf,SET50-SET100-H2-2026.pdf
RCL,RCL.BK,REGIONAL CONTAINER LINES PUBLIC COMPANY LIMITED Transportation & Logistics,https://media.set.or.th/set/Documents/2026/Jun/SET50-SET100-H2-2026.pdf,SET50-SET100-H2-2026.pdf
SAWAD,SAWAD.BK,SRISAWAD CORPORATION PUBLIC COMPANY LIMITED Finance & Securities,https://media.set.or.th/set/Documents/2026/Jun/SET50-SET100-H2-2026.pdf,SET50-SET100-H2-2026.pdf
SCB,SCB.BK,SCB X PUBLIC COMPANY LIMITED Banking,https://media.set.or.th/set/Documents/2026/Jun/SET50-SET100-H2-2026.pdf,SET50-SET100-H2-2026.pdf
SCC,SCC.BK,THE SIAM CEMENT PUBLIC COMPANY LIMITED Construction Materials,https://media.set.or.th/set/Documents/2026/Jun/SET50-SET100-H2-2026.pdf,SET50-SET100-H2-2026.pdf
SCGP,SCGP.BK,SCG PACKAGING PUBLIC COMPANY LIMITED Packaging,https://media.set.or.th/set/Documents/2026/Jun/SET50-SET100-H2-2026.pdf,SET50-SET100-H2-2026.pdf
SIRI,SIRI.BK,SANSIRI PUBLIC COMPANY LIMITED Property Development,https://media.set.or.th/set/Documents/2026/Jun/SET50-SET100-H2-2026.pdf,SET50-SET100-H2-2026.pdf
SPALI,SPALI.BK,SUPALAI PUBLIC COMPANY LIMITED Property Development,https://media.set.or.th/set/Documents/2026/Jun/SET50-SET100-H2-2026.pdf,SET50-SET100-H2-2026.pdf
SPRC,SPRC.BK,STAR PETROLEUM REFINING PUBLIC COMPANY LIMITED Energy & Utilities,https://media.set.or.th/set/Documents/2026/Jun/SET50-SET100-H2-2026.pdf,SET50-SET100-H2-2026.pdf
STA,STA.BK,SRI TRANG AGRO-INDUSTRY PUBLIC COMPANY LIMITED Agribusiness,https://media.set.or.th/set/Documents/2026/Jun/SET50-SET100-H2-2026.pdf,SET50-SET100-H2-2026.pdf
STECON,STECON.BK,STECON GROUP PUBLIC COMPANY LIMITED Construction Services,https://media.set.or.th/set/Documents/2026/Jun/SET50-SET100-H2-2026.pdf,SET50-SET100-H2-2026.pdf
STGT,STGT.BK,SRI TRANG GLOVES (THAILAND) PUBLIC COMPANY LIMITED Personal Products & Pharmaceuticals,https://media.set.or.th/set/Documents/2026/Jun/SET50-SET100-H2-2026.pdf,SET50-SET100-H2-2026.pdf
TASCO,TASCO.BK,TIPCO ASPHALT PUBLIC COMPANY LIMITED Construction Materials,https://media.set.or.th/set/Documents/2026/Jun/SET50-SET100-H2-2026.pdf,SET50-SET100-H2-2026.pdf
TCAP,TCAP.BK,THANACHART CAPITAL PUBLIC COMPANY LIMITED Banking,https://media.set.or.th/set/Documents/2026/Jun/SET50-SET100-H2-2026.pdf,SET50-SET100-H2-2026.pdf
TFG,TFG.BK,THAIFOODS GROUP PUBLIC COMPANY LIMITED Food & Beverage,https://media.set.or.th/set/Documents/2026/Jun/SET50-SET100-H2-2026.pdf,SET50-SET100-H2-2026.pdf
THAI,THAI.BK,THAI AIRWAYS INTERNATIONAL PUBLIC COMPANY LIMITED Transportation & Logistics,https://media.set.or.th/set/Documents/2026/Jun/SET50-SET100-H2-2026.pdf,SET50-SET100-H2-2026.pdf
THCOM,THCOM.BK,THAICOM PUBLIC COMPANY LIMITED Information & Communication Technology,https://media.set.or.th/set/Documents/2026/Jun/SET50-SET100-H2-2026.pdf,SET50-SET100-H2-2026.pdf
TIDLOR,TIDLOR.BK,TIDLOR HOLDINGS PUBLIC COMPANY LIMITED Finance & Securities,https://media.set.or.th/set/Documents/2026/Jun/SET50-SET100-H2-2026.pdf,SET50-SET100-H2-2026.pdf
TISCO,TISCO.BK,TISCO FINANCIAL GROUP PUBLIC COMPANY LIMITED Banking,https://media.set.or.th/set/Documents/2026/Jun/SET50-SET100-H2-2026.pdf,SET50-SET100-H2-2026.pdf
TLI,TLI.BK,THAI LIFE INSURANCE PUBLIC COMPANY LIMITED Insurance,https://media.set.or.th/set/Documents/2026/Jun/SET50-SET100-H2-2026.pdf,SET50-SET100-H2-2026.pdf
TOA,TOA.BK,TOA PAINT (THAILAND) PUBLIC COMPANY LIMITED Construction Materials,https://media.set.or.th/set/Documents/2026/Jun/SET50-SET100-H2-2026.pdf,SET50-SET100-H2-2026.pdf
TOP,TOP.BK,THAI OIL PUBLIC COMPANY LIMITED Energy & Utilities,https://media.set.or.th/set/Documents/2026/Jun/SET50-SET100-H2-2026.pdf,SET50-SET100-H2-2026.pdf
TRUE,TRUE.BK,TRUE CORPORATION PUBLIC COMPANY LIMITED Information & Communication Technology,https://media.set.or.th/set/Documents/2026/Jun/SET50-SET100-H2-2026.pdf,SET50-SET100-H2-2026.pdf
TTB,TTB.BK,TMBTHANACHART BANK PUBLIC COMPANY LIMITED Banking,https://media.set.or.th/set/Documents/2026/Jun/SET50-SET100-H2-2026.pdf,SET50-SET100-H2-2026.pdf
TU,TU.BK,THAI UNION GROUP PUBLIC COMPANY LIMITED Food & Beverage,https://media.set.or.th/set/Documents/2026/Jun/SET50-SET100-H2-2026.pdf,SET50-SET100-H2-2026.pdf
VGI,VGI.BK,VGI PUBLIC COMPANY LIMITED Media & Publishing,https://media.set.or.th/set/Documents/2026/Jun/SET50-SET100-H2-2026.pdf,SET50-SET100-H2-2026.pdf
WHA,WHA.BK,WHA CORPORATION PUBLIC COMPANY LIMITED Property Development,https://media.set.or.th/set/Documents/2026/Jun/SET50-SET100-H2-2026.pdf,SET50-SET100-H2-2026.pdf
WHAUP,WHAUP.BK,WHA UTILITIES AND POWER PUBLIC COMPANY LIMITED Energy & Utilities,https://media.set.or.th/set/Documents/2026/Jun/SET50-SET100-H2-2026.pdf,SET50-SET100-H2-2026.pdf
AAV,AAV.BK,ASIA AVIATION PUBLIC COMPANY LIMITED Transportation & Logistics,https://media.set.or.th/set/Documents/2025/Dec/SET50_100_H1_2026.pdf,SET50_100_H1_2026.pdf
ADVANC,ADVANC.BK,ADVANCED INFO SERVICE PUBLIC COMPANY LIMITED Information & Communication Technology,https://media.set.or.th/set/Documents/2025/Dec/SET50_100_H1_2026.pdf,SET50_100_H1_2026.pdf
AEONTS,AEONTS.BK,AEON THANA SINSAP (THAILAND) PUBLIC COMPANY LIMITED Finance & Securities,https://media.set.or.th/set/Documents/2025/Dec/SET50_100_H1_2026.pdf,SET50_100_H1_2026.pdf
AMATA,AMATA.BK,AMATA CORPORATION PUBLIC COMPANY LIMITED Property Development,https://media.set.or.th/set/Documents/2025/Dec/SET50_100_H1_2026.pdf,SET50_100_H1_2026.pdf
AOT,AOT.BK,AIRPORTS OF THAILAND PUBLIC COMPANY LIMITED Transportation & Logistics,https://media.set.or.th/set/Documents/2025/Dec/SET50_100_H1_2026.pdf,SET50_100_H1_2026.pdf
AP,AP.BK,AP (THAILAND) PUBLIC COMPANY LIMITED Property Development,https://media.set.or.th/set/Documents/2025/Dec/SET50_100_H1_2026.pdf,SET50_100_H1_2026.pdf
AURA,AURA.BK,Aurora Design Public Company Limited Fashion,https://media.set.or.th/set/Documents/2025/Dec/SET50_100_H1_2026.pdf,SET50_100_H1_2026.pdf
AWC,AWC.BK,ASSET WORLD CORP PUBLIC COMPANY LIMITED Property Development,https://media.set.or.th/set/Documents/2025/Dec/SET50_100_H1_2026.pdf,SET50_100_H1_2026.pdf
BA,BA.BK,BANGKOK AIRWAYS PUBLIC COMPANY LIMITED Transportation & Logistics,https://media.set.or.th/set/Documents/2025/Dec/SET50_100_H1_2026.pdf,SET50_100_H1_2026.pdf
BAM,BAM.BK,BANGKOK COMMERCIAL ASSET MANAGEMENT PUBLIC COMPANY LIMITED Finance & Securities,https://media.set.or.th/set/Documents/2025/Dec/SET50_100_H1_2026.pdf,SET50_100_H1_2026.pdf
BANPU,BANPU.BK,BANPU PUBLIC COMPANY LIMITED Energy & Utilities,https://media.set.or.th/set/Documents/2025/Dec/SET50_100_H1_2026.pdf,SET50_100_H1_2026.pdf
BBL,BBL.BK,BANGKOK BANK PUBLIC COMPANY LIMITED Banking,https://media.set.or.th/set/Documents/2025/Dec/SET50_100_H1_2026.pdf,SET50_100_H1_2026.pdf
BCH,BCH.BK,BANGKOK CHAIN HOSPITAL PUBLIC COMPANY LIMITED Health Care Services,https://media.set.or.th/set/Documents/2025/Dec/SET50_100_H1_2026.pdf,SET50_100_H1_2026.pdf
BCP,BCP.BK,BANGCHAK CORPORATION PUBLIC COMPANY LIMITED Energy & Utilities,https://media.set.or.th/set/Documents/2025/Dec/SET50_100_H1_2026.pdf,SET50_100_H1_2026.pdf
BCPG,BCPG.BK,BCPG PUBLIC COMPANY LIMITED Energy & Utilities,https://media.set.or.th/set/Documents/2025/Dec/SET50_100_H1_2026.pdf,SET50_100_H1_2026.pdf
BDMS,BDMS.BK,BANGKOK DUSIT MEDICAL SERVICES PUBLIC COMPANY LIMITED Health Care Services,https://media.set.or.th/set/Documents/2025/Dec/SET50_100_H1_2026.pdf,SET50_100_H1_2026.pdf
BEM,BEM.BK,BANGKOK EXPRESSWAY AND METRO  PUBLIC COMPANY LIMITED Transportation & Logistics,https://media.set.or.th/set/Documents/2025/Dec/SET50_100_H1_2026.pdf,SET50_100_H1_2026.pdf
BGRIM,BGRIM.BK,B.GRIMM POWER PUBLIC COMPANY LIMITED Energy & Utilities,https://media.set.or.th/set/Documents/2025/Dec/SET50_100_H1_2026.pdf,SET50_100_H1_2026.pdf
BH,BH.BK,BUMRUNGRAD HOSPITAL PUBLIC COMPANY LIMITED Health Care Services,https://media.set.or.th/set/Documents/2025/Dec/SET50_100_H1_2026.pdf,SET50_100_H1_2026.pdf
BJC,BJC.BK,BERLI JUCKER PUBLIC COMPANY LIMITED Commerce,https://media.set.or.th/set/Documents/2025/Dec/SET50_100_H1_2026.pdf,SET50_100_H1_2026.pdf
BLA,BLA.BK,BANGKOK LIFE ASSURANCE PUBLIC COMPANY LIMITED Insurance,https://media.set.or.th/set/Documents/2025/Dec/SET50_100_H1_2026.pdf,SET50_100_H1_2026.pdf
BTG,BTG.BK,BETAGRO PUBLIC COMPANY LIMITED Food & Beverage,https://media.set.or.th/set/Documents/2025/Dec/SET50_100_H1_2026.pdf,SET50_100_H1_2026.pdf
BTS,BTS.BK,BTS GROUP HOLDINGS PUBLIC COMPANY LIMITED Transportation & Logistics,https://media.set.or.th/set/Documents/2025/Dec/SET50_100_H1_2026.pdf,SET50_100_H1_2026.pdf
CBG,CBG.BK,CARABAO GROUP PUBLIC COMPANY LIMITED Food & Beverage,https://media.set.or.th/set/Documents/2025/Dec/SET50_100_H1_2026.pdf,SET50_100_H1_2026.pdf
CCET,CCET.BK,"CAL-COMP ELECTRONICS (THAILAND) PUBLIC CO., LTD. Electronic Components",https://media.set.or.th/set/Documents/2025/Dec/SET50_100_H1_2026.pdf,SET50_100_H1_2026.pdf
CENTEL,CENTEL.BK,CENTRAL PLAZA HOTEL PUBLIC COMPANY LIMITED Tourism & Leisure,https://media.set.or.th/set/Documents/2025/Dec/SET50_100_H1_2026.pdf,SET50_100_H1_2026.pdf
CHG,CHG.BK,CHULARAT HOSPITAL PUBLIC COMPANY LIMITED Health Care Services,https://media.set.or.th/set/Documents/2025/Dec/SET50_100_H1_2026.pdf,SET50_100_H1_2026.pdf
CK,CK.BK,CH. KARNCHANG PUBLIC COMPANY LIMITED Construction Services,https://media.set.or.th/set/Documents/2025/Dec/SET50_100_H1_2026.pdf,SET50_100_H1_2026.pdf
COM7,COM7.BK,COM7 PUBLIC COMPANY LIMITED Commerce,https://media.set.or.th/set/Documents/2025/Dec/SET50_100_H1_2026.pdf,SET50_100_H1_2026.pdf
CPALL,CPALL.BK,CP ALL PUBLIC COMPANY LIMITED Commerce,https://media.set.or.th/set/Documents/2025/Dec/SET50_100_H1_2026.pdf,SET50_100_H1_2026.pdf
CPF,CPF.BK,CHAROEN POKPHAND FOODS PUBLIC COMPANY LIMITED Food & Beverage,https://media.set.or.th/set/Documents/2025/Dec/SET50_100_H1_2026.pdf,SET50_100_H1_2026.pdf
CPN,CPN.BK,CENTRAL PATTANA PUBLIC COMPANY LIMITED Property Development,https://media.set.or.th/set/Documents/2025/Dec/SET50_100_H1_2026.pdf,SET50_100_H1_2026.pdf
CRC,CRC.BK,CENTRAL RETAIL CORPORATION PUBLIC COMPANY LIMITED Commerce,https://media.set.or.th/set/Documents/2025/Dec/SET50_100_H1_2026.pdf,SET50_100_H1_2026.pdf
DELTA,DELTA.BK,DELTA ELECTRONICS (THAILAND) PUBLIC COMPANY LIMITED Electronic Components,https://media.set.or.th/set/Documents/2025/Dec/SET50_100_H1_2026.pdf,SET50_100_H1_2026.pdf
DOHOME,DOHOME.BK,DOHOME PUBLIC COMPANY LIMITED Commerce,https://media.set.or.th/set/Documents/2025/Dec/SET50_100_H1_2026.pdf,SET50_100_H1_2026.pdf
EA,EA.BK,ENERGY ABSOLUTE PUBLIC COMPANY LIMITED Energy & Utilities,https://media.set.or.th/set/Documents/2025/Dec/SET50_100_H1_2026.pdf,SET50_100_H1_2026.pdf
EGCO,EGCO.BK,ELECTRICITY GENERATING PUBLIC COMPANY LIMITED Energy & Utilities,https://media.set.or.th/set/Documents/2025/Dec/SET50_100_H1_2026.pdf,SET50_100_H1_2026.pdf
ERW,ERW.BK,THE ERAWAN GROUP PUBLIC COMPANY LIMITED Tourism & Leisure,https://media.set.or.th/set/Documents/2025/Dec/SET50_100_H1_2026.pdf,SET50_100_H1_2026.pdf
GFPT,GFPT.BK,GFPT PUBLIC COMPANY LIMITED Agribusiness,https://media.set.or.th/set/Documents/2025/Dec/SET50_100_H1_2026.pdf,SET50_100_H1_2026.pdf
GLOBAL,GLOBAL.BK,SIAM GLOBAL HOUSE PUBLIC COMPANY LIMITED Commerce,https://media.set.or.th/set/Documents/2025/Dec/SET50_100_H1_2026.pdf,SET50_100_H1_2026.pdf
GPSC,GPSC.BK,GLOBAL POWER SYNERGY PUBLIC COMPANY LIMITED Energy & Utilities,https://media.set.or.th/set/Documents/2025/Dec/SET50_100_H1_2026.pdf,SET50_100_H1_2026.pdf
GULF,GULF.BK,GULF DEVELOPMENT PUBLIC COMPANY LIMITED Energy & Utilities,https://media.set.or.th/set/Documents/2025/Dec/SET50_100_H1_2026.pdf,SET50_100_H1_2026.pdf
GUNKUL,GUNKUL.BK,GUNKUL ENGINEERING PUBLIC COMPANY LIMITED Energy & Utilities,https://media.set.or.th/set/Documents/2025/Dec/SET50_100_H1_2026.pdf,SET50_100_H1_2026.pdf
HANA,HANA.BK,HANA MICROELECTRONICS PUBLIC COMPANY LIMITED Electronic Components,https://media.set.or.th/set/Documents/2025/Dec/SET50_100_H1_2026.pdf,SET50_100_H1_2026.pdf
HMPRO,HMPRO.BK,HOME PRODUCT CENTER PUBLIC COMPANY LIMITED Commerce,https://media.set.or.th/set/Documents/2025/Dec/SET50_100_H1_2026.pdf,SET50_100_H1_2026.pdf
ICHI,ICHI.BK,ICHITAN GROUP PUBLIC COMPANY LIMITED Food & Beverage,https://media.set.or.th/set/Documents/2025/Dec/SET50_100_H1_2026.pdf,SET50_100_H1_2026.pdf
IRPC,IRPC.BK,IRPC PUBLIC COMPANY LIMITED Energy & Utilities,https://media.set.or.th/set/Documents/2025/Dec/SET50_100_H1_2026.pdf,SET50_100_H1_2026.pdf
IVL,IVL.BK,INDORAMA VENTURES PUBLIC COMPANY LIMITED Petrochemicals & Chemicals,https://media.set.or.th/set/Documents/2025/Dec/SET50_100_H1_2026.pdf,SET50_100_H1_2026.pdf
JAS,JAS.BK,JASMINE INTERNATIONAL PUBLIC COMPANY LIMITED Information & Communication Technology,https://media.set.or.th/set/Documents/2025/Dec/SET50_100_H1_2026.pdf,SET50_100_H1_2026.pdf
JMART,JMART.BK,JAYMART GROUP HOLDINGS PUBLIC COMPANY LIMITED Information & Communication Technology,https://media.set.or.th/set/Documents/2025/Dec/SET50_100_H1_2026.pdf,SET50_100_H1_2026.pdf
JMT,JMT.BK,JMT NETWORK SERVICES PUBLIC COMPANY LIMITED Finance & Securities,https://media.set.or.th/set/Documents/2025/Dec/SET50_100_H1_2026.pdf,SET50_100_H1_2026.pdf
JTS,JTS.BK,JASMINE TECHNOLOGY SOLUTION PUBLIC COMPANY LIMITED Information & Communication Technology,https://media.set.or.th/set/Documents/2025/Dec/SET50_100_H1_2026.pdf,SET50_100_H1_2026.pdf
KBANK,KBANK.BK,KASIKORNBANK PUBLIC COMPANY LIMITED Banking,https://media.set.or.th/set/Documents/2025/Dec/SET50_100_H1_2026.pdf,SET50_100_H1_2026.pdf
KCE,KCE.BK,KCE ELECTRONICS PUBLIC COMPANY LIMITED Electronic Components,https://media.set.or.th/set/Documents/2025/Dec/SET50_100_H1_2026.pdf,SET50_100_H1_2026.pdf
KKP,KKP.BK,KIATNAKIN PHATRA BANK PUBLIC COMPANY LIMITED Banking,https://media.set.or.th/set/Documents/2025/Dec/SET50_100_H1_2026.pdf,SET50_100_H1_2026.pdf
KTB,KTB.BK,KRUNG THAI BANK PUBLIC COMPANY LIMITED Banking,https://media.set.or.th/set/Documents/2025/Dec/SET50_100_H1_2026.pdf,SET50_100_H1_2026.pdf
KTC,KTC.BK,KRUNGTHAI CARD PUBLIC COMPANY LIMITED Finance & Securities,https://media.set.or.th/set/Documents/2025/Dec/SET50_100_H1_2026.pdf,SET50_100_H1_2026.pdf
LH,LH.BK,LAND AND HOUSES PUBLIC COMPANY LIMITED Property Development,https://media.set.or.th/set/Documents/2025/Dec/SET50_100_H1_2026.pdf,SET50_100_H1_2026.pdf
M,M.BK,MK RESTAURANT GROUP PUBLIC COMPANY LIMITED Food & Beverage,https://media.set.or.th/set/Documents/2025/Dec/SET50_100_H1_2026.pdf,SET50_100_H1_2026.pdf
MEGA,MEGA.BK,MEGA LIFESCIENCES PUBLIC COMPANY LIMITED Commerce,https://media.set.or.th/set/Documents/2025/Dec/SET50_100_H1_2026.pdf,SET50_100_H1_2026.pdf
MINT,MINT.BK,MINOR INTERNATIONAL PUBLIC COMPANY LIMITED Tourism & Leisure,https://media.set.or.th/set/Documents/2025/Dec/SET50_100_H1_2026.pdf,SET50_100_H1_2026.pdf
MOSHI,MOSHI.BK,Moshi Moshi Retail Corporation Public Company Limited Commerce,https://media.set.or.th/set/Documents/2025/Dec/SET50_100_H1_2026.pdf,SET50_100_H1_2026.pdf
MTC,MTC.BK,MUANGTHAI CAPITAL PUBLIC COMPANY LIMITED Finance & Securities,https://media.set.or.th/set/Documents/2025/Dec/SET50_100_H1_2026.pdf,SET50_100_H1_2026.pdf
OR,OR.BK,PTT OIL AND RETAIL BUSINESS PUBLIC COMPANY LIMITED Energy & Utilities,https://media.set.or.th/set/Documents/2025/Dec/SET50_100_H1_2026.pdf,SET50_100_H1_2026.pdf
OSP,OSP.BK,OSOTSPA PUBLIC COMPANY LIMITED Food & Beverage,https://media.set.or.th/set/Documents/2025/Dec/SET50_100_H1_2026.pdf,SET50_100_H1_2026.pdf
PLANB,PLANB.BK,PLAN B MEDIA PUBLIC COMPANY LIMITED Media & Publishing,https://media.set.or.th/set/Documents/2025/Dec/SET50_100_H1_2026.pdf,SET50_100_H1_2026.pdf
PR9,PR9.BK,PRARAM,https://media.set.or.th/set/Documents/2025/Dec/SET50_100_H1_2026.pdf,SET50_100_H1_2026.pdf
PRM,PRM.BK,PRIMA MARINE PUBLIC COMPANY LIMITED Transportation & Logistics,https://media.set.or.th/set/Documents/2025/Dec/SET50_100_H1_2026.pdf,SET50_100_H1_2026.pdf
PTG,PTG.BK,PTG ENERGY PUBLIC COMPANY LIMITED Energy & Utilities,https://media.set.or.th/set/Documents/2025/Dec/SET50_100_H1_2026.pdf,SET50_100_H1_2026.pdf
PTT,PTT.BK,PTT PUBLIC COMPANY LIMITED Energy & Utilities,https://media.set.or.th/set/Documents/2025/Dec/SET50_100_H1_2026.pdf,SET50_100_H1_2026.pdf
PTTEP,PTTEP.BK,PTT EXPLORATION AND PRODUCTION PUBLIC COMPANY LIMITED Energy & Utilities,https://media.set.or.th/set/Documents/2025/Dec/SET50_100_H1_2026.pdf,SET50_100_H1_2026.pdf
PTTGC,PTTGC.BK,PTT GLOBAL CHEMICAL PUBLIC COMPANY LIMITED Petrochemicals & Chemicals,https://media.set.or.th/set/Documents/2025/Dec/SET50_100_H1_2026.pdf,SET50_100_H1_2026.pdf
QH,QH.BK,QUALITY HOUSES PUBLIC COMPANY LIMITED Property Development,https://media.set.or.th/set/Documents/2025/Dec/SET50_100_H1_2026.pdf,SET50_100_H1_2026.pdf
RATCH,RATCH.BK,RATCH GROUP PUBLIC COMPANY LIMITED Energy & Utilities,https://media.set.or.th/set/Documents/2025/Dec/SET50_100_H1_2026.pdf,SET50_100_H1_2026.pdf
RCL,RCL.BK,REGIONAL CONTAINER LINES PUBLIC COMPANY LIMITED Transportation & Logistics,https://media.set.or.th/set/Documents/2025/Dec/SET50_100_H1_2026.pdf,SET50_100_H1_2026.pdf
SAWAD,SAWAD.BK,SRISAWAD CORPORATION PUBLIC COMPANY LIMITED Finance & Securities,https://media.set.or.th/set/Documents/2025/Dec/SET50_100_H1_2026.pdf,SET50_100_H1_2026.pdf
SCB,SCB.BK,SCB X PUBLIC COMPANY LIMITED Banking,https://media.set.or.th/set/Documents/2025/Dec/SET50_100_H1_2026.pdf,SET50_100_H1_2026.pdf
SCC,SCC.BK,THE SIAM CEMENT PUBLIC COMPANY LIMITED Construction Materials,https://media.set.or.th/set/Documents/2025/Dec/SET50_100_H1_2026.pdf,SET50_100_H1_2026.pdf
SCGP,SCGP.BK,SCG PACKAGING PUBLIC COMPANY LIMITED Packaging,https://media.set.or.th/set/Documents/2025/Dec/SET50_100_H1_2026.pdf,SET50_100_H1_2026.pdf
SIRI,SIRI.BK,SANSIRI PUBLIC COMPANY LIMITED Property Development,https://media.set.or.th/set/Documents/2025/Dec/SET50_100_H1_2026.pdf,SET50_100_H1_2026.pdf
SISB,SISB.BK,SISB PUBLIC COMPANY LIMITED Professional Services,https://media.set.or.th/set/Documents/2025/Dec/SET50_100_H1_2026.pdf,SET50_100_H1_2026.pdf
SJWD,SJWD.BK,SCGJWD LOGISTICS PUBLIC COMPANY LIMITED Transportation & Logistics,https://media.set.or.th/set/Documents/2025/Dec/SET50_100_H1_2026.pdf,SET50_100_H1_2026.pdf
SPALI,SPALI.BK,SUPALAI PUBLIC COMPANY LIMITED Property Development,https://media.set.or.th/set/Documents/2025/Dec/SET50_100_H1_2026.pdf,SET50_100_H1_2026.pdf
SPRC,SPRC.BK,STAR PETROLEUM REFINING PUBLIC COMPANY LIMITED Energy & Utilities,https://media.set.or.th/set/Documents/2025/Dec/SET50_100_H1_2026.pdf,SET50_100_H1_2026.pdf
STA,STA.BK,SRI TRANG AGRO-INDUSTRY PUBLIC COMPANY LIMITED Agribusiness,https://media.set.or.th/set/Documents/2025/Dec/SET50_100_H1_2026.pdf,SET50_100_H1_2026.pdf
STECON,STECON.BK,STECON GROUP PUBLIC COMPANY LIMITED Construction Services,https://media.set.or.th/set/Documents/2025/Dec/SET50_100_H1_2026.pdf,SET50_100_H1_2026.pdf
STGT,STGT.BK,SRI TRANG GLOVES (THAILAND) PUBLIC COMPANY LIMITED Personal Products & Pharmaceuticals,https://media.set.or.th/set/Documents/2025/Dec/SET50_100_H1_2026.pdf,SET50_100_H1_2026.pdf
TASCO,TASCO.BK,TIPCO ASPHALT PUBLIC COMPANY LIMITED Construction Materials,https://media.set.or.th/set/Documents/2025/Dec/SET50_100_H1_2026.pdf,SET50_100_H1_2026.pdf
TCAP,TCAP.BK,THANACHART CAPITAL PUBLIC COMPANY LIMITED Banking,https://media.set.or.th/set/Documents/2025/Dec/SET50_100_H1_2026.pdf,SET50_100_H1_2026.pdf
TFG,TFG.BK,THAIFOODS GROUP PUBLIC COMPANY LIMITED Food & Beverage,https://media.set.or.th/set/Documents/2025/Dec/SET50_100_H1_2026.pdf,SET50_100_H1_2026.pdf
TIDLOR,TIDLOR.BK,TIDLOR HOLDINGS PUBLIC COMPANY LIMITED Finance & Securities,https://media.set.or.th/set/Documents/2025/Dec/SET50_100_H1_2026.pdf,SET50_100_H1_2026.pdf
TISCO,TISCO.BK,TISCO FINANCIAL GROUP PUBLIC COMPANY LIMITED Banking,https://media.set.or.th/set/Documents/2025/Dec/SET50_100_H1_2026.pdf,SET50_100_H1_2026.pdf
TLI,TLI.BK,THAI LIFE INSURANCE PUBLIC COMPANY LIMITED Insurance,https://media.set.or.th/set/Documents/2025/Dec/SET50_100_H1_2026.pdf,SET50_100_H1_2026.pdf
TOA,TOA.BK,TOA PAINT (THAILAND) PUBLIC COMPANY LIMITED Construction Materials,https://media.set.or.th/set/Documents/2025/Dec/SET50_100_H1_2026.pdf,SET50_100_H1_2026.pdf
TOP,TOP.BK,THAI OIL PUBLIC COMPANY LIMITED Energy & Utilities,https://media.set.or.th/set/Documents/2025/Dec/SET50_100_H1_2026.pdf,SET50_100_H1_2026.pdf
TRUE,TRUE.BK,TRUE CORPORATION PUBLIC COMPANY LIMITED Information & Communication Technology,https://media.set.or.th/set/Documents/2025/Dec/SET50_100_H1_2026.pdf,SET50_100_H1_2026.pdf
TTB,TTB.BK,TMBTHANACHART BANK PUBLIC COMPANY LIMITED Banking,https://media.set.or.th/set/Documents/2025/Dec/SET50_100_H1_2026.pdf,SET50_100_H1_2026.pdf
TU,TU.BK,THAI UNION GROUP PUBLIC COMPANY LIMITED Food & Beverage,https://media.set.or.th/set/Documents/2025/Dec/SET50_100_H1_2026.pdf,SET50_100_H1_2026.pdf
VGI,VGI.BK,VGI PUBLIC COMPANY LIMITED Media & Publishing,https://media.set.or.th/set/Documents/2025/Dec/SET50_100_H1_2026.pdf,SET50_100_H1_2026.pdf
WHA,WHA.BK,WHA CORPORATION PUBLIC COMPANY LIMITED Property Development,https://media.set.or.th/set/Documents/2025/Dec/SET50_100_H1_2026.pdf,SET50_100_H1_2026.pdf
AAV,AAV.BK,ASIA AVIATION PUBLIC COMPANY LIMITED Transportation & Logistics,https://media.set.or.th/set/Documents/2025/Jun/SET50_100_H2_2025.pdf,SET50_100_H2_2025.pdf
ADVANC,ADVANC.BK,ADVANCED INFO SERVICE PUBLIC COMPANY LIMITED Information & Communication Technology,https://media.set.or.th/set/Documents/2025/Jun/SET50_100_H2_2025.pdf,SET50_100_H2_2025.pdf
AEONTS,AEONTS.BK,AEON THANA SINSAP (THAILAND) PUBLIC COMPANY LIMITED Finance & Securities,https://media.set.or.th/set/Documents/2025/Jun/SET50_100_H2_2025.pdf,SET50_100_H2_2025.pdf
AMATA,AMATA.BK,AMATA CORPORATION PUBLIC COMPANY LIMITED Property Development,https://media.set.or.th/set/Documents/2025/Jun/SET50_100_H2_2025.pdf,SET50_100_H2_2025.pdf
AOT,AOT.BK,AIRPORTS OF THAILAND PUBLIC COMPANY LIMITED Transportation & Logistics,https://media.set.or.th/set/Documents/2025/Jun/SET50_100_H2_2025.pdf,SET50_100_H2_2025.pdf
AP,AP.BK,AP (THAILAND) PUBLIC COMPANY LIMITED Property Development,https://media.set.or.th/set/Documents/2025/Jun/SET50_100_H2_2025.pdf,SET50_100_H2_2025.pdf
AURA,AURA.BK,Aurora Design Public Company Limited Fashion,https://media.set.or.th/set/Documents/2025/Jun/SET50_100_H2_2025.pdf,SET50_100_H2_2025.pdf
AWC,AWC.BK,ASSET WORLD CORP PUBLIC COMPANY LIMITED Property Development,https://media.set.or.th/set/Documents/2025/Jun/SET50_100_H2_2025.pdf,SET50_100_H2_2025.pdf
BA,BA.BK,BANGKOK AIRWAYS PUBLIC COMPANY LIMITED Transportation & Logistics,https://media.set.or.th/set/Documents/2025/Jun/SET50_100_H2_2025.pdf,SET50_100_H2_2025.pdf
BAM,BAM.BK,BANGKOK COMMERCIAL ASSET MANAGEMENT PUBLIC COMPANY LIMITED Finance & Securities,https://media.set.or.th/set/Documents/2025/Jun/SET50_100_H2_2025.pdf,SET50_100_H2_2025.pdf
BANPU,BANPU.BK,BANPU PUBLIC COMPANY LIMITED Energy & Utilities,https://media.set.or.th/set/Documents/2025/Jun/SET50_100_H2_2025.pdf,SET50_100_H2_2025.pdf
BBL,BBL.BK,BANGKOK BANK PUBLIC COMPANY LIMITED Banking,https://media.set.or.th/set/Documents/2025/Jun/SET50_100_H2_2025.pdf,SET50_100_H2_2025.pdf
BCH,BCH.BK,BANGKOK CHAIN HOSPITAL PUBLIC COMPANY LIMITED Health Care Services,https://media.set.or.th/set/Documents/2025/Jun/SET50_100_H2_2025.pdf,SET50_100_H2_2025.pdf
BCP,BCP.BK,BANGCHAK CORPORATION PUBLIC COMPANY LIMITED Energy & Utilities,https://media.set.or.th/set/Documents/2025/Jun/SET50_100_H2_2025.pdf,SET50_100_H2_2025.pdf
BCPG,BCPG.BK,BCPG PUBLIC COMPANY LIMITED Energy & Utilities,https://media.set.or.th/set/Documents/2025/Jun/SET50_100_H2_2025.pdf,SET50_100_H2_2025.pdf
BDMS,BDMS.BK,BANGKOK DUSIT MEDICAL SERVICES PUBLIC COMPANY LIMITED Health Care Services,https://media.set.or.th/set/Documents/2025/Jun/SET50_100_H2_2025.pdf,SET50_100_H2_2025.pdf
BEM,BEM.BK,BANGKOK EXPRESSWAY AND METRO  PUBLIC COMPANY LIMITED Transportation & Logistics,https://media.set.or.th/set/Documents/2025/Jun/SET50_100_H2_2025.pdf,SET50_100_H2_2025.pdf
BGRIM,BGRIM.BK,B.GRIMM POWER PUBLIC COMPANY LIMITED Energy & Utilities,https://media.set.or.th/set/Documents/2025/Jun/SET50_100_H2_2025.pdf,SET50_100_H2_2025.pdf
BH,BH.BK,BUMRUNGRAD HOSPITAL PUBLIC COMPANY LIMITED Health Care Services,https://media.set.or.th/set/Documents/2025/Jun/SET50_100_H2_2025.pdf,SET50_100_H2_2025.pdf
BJC,BJC.BK,BERLI JUCKER PUBLIC COMPANY LIMITED Commerce,https://media.set.or.th/set/Documents/2025/Jun/SET50_100_H2_2025.pdf,SET50_100_H2_2025.pdf
BLA,BLA.BK,BANGKOK LIFE ASSURANCE PUBLIC COMPANY LIMITED Insurance,https://media.set.or.th/set/Documents/2025/Jun/SET50_100_H2_2025.pdf,SET50_100_H2_2025.pdf
BTG,BTG.BK,BETAGRO PUBLIC COMPANY LIMITED Food & Beverage,https://media.set.or.th/set/Documents/2025/Jun/SET50_100_H2_2025.pdf,SET50_100_H2_2025.pdf
BTS,BTS.BK,BTS GROUP HOLDINGS PUBLIC COMPANY LIMITED Transportation & Logistics,https://media.set.or.th/set/Documents/2025/Jun/SET50_100_H2_2025.pdf,SET50_100_H2_2025.pdf
CBG,CBG.BK,CARABAO GROUP PUBLIC COMPANY LIMITED Food & Beverage,https://media.set.or.th/set/Documents/2025/Jun/SET50_100_H2_2025.pdf,SET50_100_H2_2025.pdf
CCET,CCET.BK,"CAL-COMP ELECTRONICS (THAILAND) PUBLIC CO., LTD. Electronic Components",https://media.set.or.th/set/Documents/2025/Jun/SET50_100_H2_2025.pdf,SET50_100_H2_2025.pdf
CENTEL,CENTEL.BK,CENTRAL PLAZA HOTEL PUBLIC COMPANY LIMITED Tourism & Leisure,https://media.set.or.th/set/Documents/2025/Jun/SET50_100_H2_2025.pdf,SET50_100_H2_2025.pdf
CHG,CHG.BK,CHULARAT HOSPITAL PUBLIC COMPANY LIMITED Health Care Services,https://media.set.or.th/set/Documents/2025/Jun/SET50_100_H2_2025.pdf,SET50_100_H2_2025.pdf
CK,CK.BK,CH. KARNCHANG PUBLIC COMPANY LIMITED Construction Services,https://media.set.or.th/set/Documents/2025/Jun/SET50_100_H2_2025.pdf,SET50_100_H2_2025.pdf
COM7,COM7.BK,COM7 PUBLIC COMPANY LIMITED Commerce,https://media.set.or.th/set/Documents/2025/Jun/SET50_100_H2_2025.pdf,SET50_100_H2_2025.pdf
CPALL,CPALL.BK,CP ALL PUBLIC COMPANY LIMITED Commerce,https://media.set.or.th/set/Documents/2025/Jun/SET50_100_H2_2025.pdf,SET50_100_H2_2025.pdf
CPF,CPF.BK,CHAROEN POKPHAND FOODS PUBLIC COMPANY LIMITED Food & Beverage,https://media.set.or.th/set/Documents/2025/Jun/SET50_100_H2_2025.pdf,SET50_100_H2_2025.pdf
CPN,CPN.BK,CENTRAL PATTANA PUBLIC COMPANY LIMITED Property Development,https://media.set.or.th/set/Documents/2025/Jun/SET50_100_H2_2025.pdf,SET50_100_H2_2025.pdf
CRC,CRC.BK,CENTRAL RETAIL CORPORATION PUBLIC COMPANY LIMITED Commerce,https://media.set.or.th/set/Documents/2025/Jun/SET50_100_H2_2025.pdf,SET50_100_H2_2025.pdf
DELTA,DELTA.BK,DELTA ELECTRONICS (THAILAND) PUBLIC COMPANY LIMITED Electronic Components,https://media.set.or.th/set/Documents/2025/Jun/SET50_100_H2_2025.pdf,SET50_100_H2_2025.pdf
DOHOME,DOHOME.BK,DOHOME PUBLIC COMPANY LIMITED Commerce,https://media.set.or.th/set/Documents/2025/Jun/SET50_100_H2_2025.pdf,SET50_100_H2_2025.pdf
EA,EA.BK,ENERGY ABSOLUTE PUBLIC COMPANY LIMITED Energy & Utilities,https://media.set.or.th/set/Documents/2025/Jun/SET50_100_H2_2025.pdf,SET50_100_H2_2025.pdf
EGCO,EGCO.BK,ELECTRICITY GENERATING PUBLIC COMPANY LIMITED Energy & Utilities,https://media.set.or.th/set/Documents/2025/Jun/SET50_100_H2_2025.pdf,SET50_100_H2_2025.pdf
ERW,ERW.BK,THE ERAWAN GROUP PUBLIC COMPANY LIMITED Tourism & Leisure,https://media.set.or.th/set/Documents/2025/Jun/SET50_100_H2_2025.pdf,SET50_100_H2_2025.pdf
GLOBAL,GLOBAL.BK,SIAM GLOBAL HOUSE PUBLIC COMPANY LIMITED Commerce,https://media.set.or.th/set/Documents/2025/Jun/SET50_100_H2_2025.pdf,SET50_100_H2_2025.pdf
GPSC,GPSC.BK,GLOBAL POWER SYNERGY PUBLIC COMPANY LIMITED Energy & Utilities,https://media.set.or.th/set/Documents/2025/Jun/SET50_100_H2_2025.pdf,SET50_100_H2_2025.pdf
GULF,GULF.BK,GULF DEVELOPMENT PUBLIC COMPANY LIMITED Energy & Utilities,https://media.set.or.th/set/Documents/2025/Jun/SET50_100_H2_2025.pdf,SET50_100_H2_2025.pdf
GUNKUL,GUNKUL.BK,GUNKUL ENGINEERING PUBLIC COMPANY LIMITED Energy & Utilities,https://media.set.or.th/set/Documents/2025/Jun/SET50_100_H2_2025.pdf,SET50_100_H2_2025.pdf
HANA,HANA.BK,HANA MICROELECTRONICS PUBLIC COMPANY LIMITED Electronic Components,https://media.set.or.th/set/Documents/2025/Jun/SET50_100_H2_2025.pdf,SET50_100_H2_2025.pdf
HMPRO,HMPRO.BK,HOME PRODUCT CENTER PUBLIC COMPANY LIMITED Commerce,https://media.set.or.th/set/Documents/2025/Jun/SET50_100_H2_2025.pdf,SET50_100_H2_2025.pdf
ICHI,ICHI.BK,ICHITAN GROUP PUBLIC COMPANY LIMITED Food & Beverage,https://media.set.or.th/set/Documents/2025/Jun/SET50_100_H2_2025.pdf,SET50_100_H2_2025.pdf
IRPC,IRPC.BK,IRPC PUBLIC COMPANY LIMITED Energy & Utilities,https://media.set.or.th/set/Documents/2025/Jun/SET50_100_H2_2025.pdf,SET50_100_H2_2025.pdf
ITC,ITC.BK,i-Tail Corporation Public Company Limited Food & Beverage,https://media.set.or.th/set/Documents/2025/Jun/SET50_100_H2_2025.pdf,SET50_100_H2_2025.pdf
IVL,IVL.BK,INDORAMA VENTURES PUBLIC COMPANY LIMITED Petrochemicals & Chemicals,https://media.set.or.th/set/Documents/2025/Jun/SET50_100_H2_2025.pdf,SET50_100_H2_2025.pdf
JAS,JAS.BK,JASMINE INTERNATIONAL PUBLIC COMPANY LIMITED Information & Communication Technology,https://media.set.or.th/set/Documents/2025/Jun/SET50_100_H2_2025.pdf,SET50_100_H2_2025.pdf
JMART,JMART.BK,JAYMART GROUP HOLDINGS PUBLIC COMPANY LIMITED Information & Communication Technology,https://media.set.or.th/set/Documents/2025/Jun/SET50_100_H2_2025.pdf,SET50_100_H2_2025.pdf
JMT,JMT.BK,JMT NETWORK SERVICES PUBLIC COMPANY LIMITED Finance & Securities,https://media.set.or.th/set/Documents/2025/Jun/SET50_100_H2_2025.pdf,SET50_100_H2_2025.pdf
JTS,JTS.BK,JASMINE TECHNOLOGY SOLUTION PUBLIC COMPANY LIMITED Information & Communication Technology,https://media.set.or.th/set/Documents/2025/Jun/SET50_100_H2_2025.pdf,SET50_100_H2_2025.pdf
KBANK,KBANK.BK,KASIKORNBANK PUBLIC COMPANY LIMITED Banking,https://media.set.or.th/set/Documents/2025/Jun/SET50_100_H2_2025.pdf,SET50_100_H2_2025.pdf
KCE,KCE.BK,KCE ELECTRONICS PUBLIC COMPANY LIMITED Electronic Components,https://media.set.or.th/set/Documents/2025/Jun/SET50_100_H2_2025.pdf,SET50_100_H2_2025.pdf
KKP,KKP.BK,KIATNAKIN PHATRA BANK PUBLIC COMPANY LIMITED Banking,https://media.set.or.th/set/Documents/2025/Jun/SET50_100_H2_2025.pdf,SET50_100_H2_2025.pdf
KTB,KTB.BK,KRUNG THAI BANK PUBLIC COMPANY LIMITED Banking,https://media.set.or.th/set/Documents/2025/Jun/SET50_100_H2_2025.pdf,SET50_100_H2_2025.pdf
KTC,KTC.BK,KRUNGTHAI CARD PUBLIC COMPANY LIMITED Finance & Securities,https://media.set.or.th/set/Documents/2025/Jun/SET50_100_H2_2025.pdf,SET50_100_H2_2025.pdf
LH,LH.BK,LAND AND HOUSES PUBLIC COMPANY LIMITED Property Development,https://media.set.or.th/set/Documents/2025/Jun/SET50_100_H2_2025.pdf,SET50_100_H2_2025.pdf
M,M.BK,MK RESTAURANT GROUP PUBLIC COMPANY LIMITED Food & Beverage,https://media.set.or.th/set/Documents/2025/Jun/SET50_100_H2_2025.pdf,SET50_100_H2_2025.pdf
MBK,MBK.BK,MBK PUBLIC COMPANY LIMITED Property Development,https://media.set.or.th/set/Documents/2025/Jun/SET50_100_H2_2025.pdf,SET50_100_H2_2025.pdf
MEGA,MEGA.BK,MEGA LIFESCIENCES PUBLIC COMPANY LIMITED Commerce,https://media.set.or.th/set/Documents/2025/Jun/SET50_100_H2_2025.pdf,SET50_100_H2_2025.pdf
MINT,MINT.BK,MINOR INTERNATIONAL PUBLIC COMPANY LIMITED Tourism & Leisure,https://media.set.or.th/set/Documents/2025/Jun/SET50_100_H2_2025.pdf,SET50_100_H2_2025.pdf
MOSHI,MOSHI.BK,Moshi Moshi Retail Corporation Public Company Limited Commerce,https://media.set.or.th/set/Documents/2025/Jun/SET50_100_H2_2025.pdf,SET50_100_H2_2025.pdf
MTC,MTC.BK,MUANGTHAI CAPITAL PUBLIC COMPANY LIMITED Finance & Securities,https://media.set.or.th/set/Documents/2025/Jun/SET50_100_H2_2025.pdf,SET50_100_H2_2025.pdf
OR,OR.BK,PTT OIL AND RETAIL BUSINESS PUBLIC COMPANY LIMITED Energy & Utilities,https://media.set.or.th/set/Documents/2025/Jun/SET50_100_H2_2025.pdf,SET50_100_H2_2025.pdf
OSP,OSP.BK,OSOTSPA PUBLIC COMPANY LIMITED Food & Beverage,https://media.set.or.th/set/Documents/2025/Jun/SET50_100_H2_2025.pdf,SET50_100_H2_2025.pdf
PLANB,PLANB.BK,PLAN B MEDIA PUBLIC COMPANY LIMITED Media & Publishing,https://media.set.or.th/set/Documents/2025/Jun/SET50_100_H2_2025.pdf,SET50_100_H2_2025.pdf
PR9,PR9.BK,PRARAM,https://media.set.or.th/set/Documents/2025/Jun/SET50_100_H2_2025.pdf,SET50_100_H2_2025.pdf
PRM,PRM.BK,PRIMA MARINE PUBLIC COMPANY LIMITED Transportation & Logistics,https://media.set.or.th/set/Documents/2025/Jun/SET50_100_H2_2025.pdf,SET50_100_H2_2025.pdf
PTT,PTT.BK,PTT PUBLIC COMPANY LIMITED Energy & Utilities,https://media.set.or.th/set/Documents/2025/Jun/SET50_100_H2_2025.pdf,SET50_100_H2_2025.pdf
PTTEP,PTTEP.BK,PTT EXPLORATION AND PRODUCTION PUBLIC COMPANY LIMITED Energy & Utilities,https://media.set.or.th/set/Documents/2025/Jun/SET50_100_H2_2025.pdf,SET50_100_H2_2025.pdf
PTTGC,PTTGC.BK,PTT GLOBAL CHEMICAL PUBLIC COMPANY LIMITED Petrochemicals & Chemicals,https://media.set.or.th/set/Documents/2025/Jun/SET50_100_H2_2025.pdf,SET50_100_H2_2025.pdf
QH,QH.BK,QUALITY HOUSES PUBLIC COMPANY LIMITED Property Development,https://media.set.or.th/set/Documents/2025/Jun/SET50_100_H2_2025.pdf,SET50_100_H2_2025.pdf
RATCH,RATCH.BK,RATCH GROUP PUBLIC COMPANY LIMITED Energy & Utilities,https://media.set.or.th/set/Documents/2025/Jun/SET50_100_H2_2025.pdf,SET50_100_H2_2025.pdf
RCL,RCL.BK,REGIONAL CONTAINER LINES PUBLIC COMPANY LIMITED Transportation & Logistics,https://media.set.or.th/set/Documents/2025/Jun/SET50_100_H2_2025.pdf,SET50_100_H2_2025.pdf
SAWAD,SAWAD.BK,SRISAWAD CORPORATION PUBLIC COMPANY LIMITED Finance & Securities,https://media.set.or.th/set/Documents/2025/Jun/SET50_100_H2_2025.pdf,SET50_100_H2_2025.pdf
SCB,SCB.BK,SCB X PUBLIC COMPANY LIMITED Banking,https://media.set.or.th/set/Documents/2025/Jun/SET50_100_H2_2025.pdf,SET50_100_H2_2025.pdf
SCC,SCC.BK,THE SIAM CEMENT PUBLIC COMPANY LIMITED Construction Materials,https://media.set.or.th/set/Documents/2025/Jun/SET50_100_H2_2025.pdf,SET50_100_H2_2025.pdf
SCGP,SCGP.BK,SCG PACKAGING PUBLIC COMPANY LIMITED Packaging,https://media.set.or.th/set/Documents/2025/Jun/SET50_100_H2_2025.pdf,SET50_100_H2_2025.pdf
SIRI,SIRI.BK,SANSIRI PUBLIC COMPANY LIMITED Property Development,https://media.set.or.th/set/Documents/2025/Jun/SET50_100_H2_2025.pdf,SET50_100_H2_2025.pdf
SISB,SISB.BK,SISB PUBLIC COMPANY LIMITED Professional Services,https://media.set.or.th/set/Documents/2025/Jun/SET50_100_H2_2025.pdf,SET50_100_H2_2025.pdf
SJWD,SJWD.BK,SCGJWD LOGISTICS PUBLIC COMPANY LIMITED Transportation & Logistics,https://media.set.or.th/set/Documents/2025/Jun/SET50_100_H2_2025.pdf,SET50_100_H2_2025.pdf
SPALI,SPALI.BK,SUPALAI PUBLIC COMPANY LIMITED Property Development,https://media.set.or.th/set/Documents/2025/Jun/SET50_100_H2_2025.pdf,SET50_100_H2_2025.pdf
SPRC,SPRC.BK,STAR PETROLEUM REFINING PUBLIC COMPANY LIMITED Energy & Utilities,https://media.set.or.th/set/Documents/2025/Jun/SET50_100_H2_2025.pdf,SET50_100_H2_2025.pdf
STA,STA.BK,SRI TRANG AGRO-INDUSTRY PUBLIC COMPANY LIMITED Agribusiness,https://media.set.or.th/set/Documents/2025/Jun/SET50_100_H2_2025.pdf,SET50_100_H2_2025.pdf
STGT,STGT.BK,SRI TRANG GLOVES (THAILAND) PUBLIC COMPANY LIMITED Personal Products & Pharmaceuticals,https://media.set.or.th/set/Documents/2025/Jun/SET50_100_H2_2025.pdf,SET50_100_H2_2025.pdf
TASCO,TASCO.BK,TIPCO ASPHALT PUBLIC COMPANY LIMITED Construction Materials,https://media.set.or.th/set/Documents/2025/Jun/SET50_100_H2_2025.pdf,SET50_100_H2_2025.pdf
TCAP,TCAP.BK,THANACHART CAPITAL PUBLIC COMPANY LIMITED Banking,https://media.set.or.th/set/Documents/2025/Jun/SET50_100_H2_2025.pdf,SET50_100_H2_2025.pdf
TFG,TFG.BK,THAIFOODS GROUP PUBLIC COMPANY LIMITED Food & Beverage,https://media.set.or.th/set/Documents/2025/Jun/SET50_100_H2_2025.pdf,SET50_100_H2_2025.pdf
TIDLOR,TIDLOR.BK,TIDLOR HOLDINGS PUBLIC COMPANY LIMITED Finance & Securities,https://media.set.or.th/set/Documents/2025/Jun/SET50_100_H2_2025.pdf,SET50_100_H2_2025.pdf
TISCO,TISCO.BK,TISCO FINANCIAL GROUP PUBLIC COMPANY LIMITED Banking,https://media.set.or.th/set/Documents/2025/Jun/SET50_100_H2_2025.pdf,SET50_100_H2_2025.pdf
TLI,TLI.BK,THAI LIFE INSURANCE PUBLIC COMPANY LIMITED Insurance,https://media.set.or.th/set/Documents/2025/Jun/SET50_100_H2_2025.pdf,SET50_100_H2_2025.pdf
TOA,TOA.BK,TOA PAINT (THAILAND) PUBLIC COMPANY LIMITED Construction Materials,https://media.set.or.th/set/Documents/2025/Jun/SET50_100_H2_2025.pdf,SET50_100_H2_2025.pdf
TOP,TOP.BK,THAI OIL PUBLIC COMPANY LIMITED Energy & Utilities,https://media.set.or.th/set/Documents/2025/Jun/SET50_100_H2_2025.pdf,SET50_100_H2_2025.pdf
TRUE,TRUE.BK,TRUE CORPORATION PUBLIC COMPANY LIMITED Information & Communication Technology,https://media.set.or.th/set/Documents/2025/Jun/SET50_100_H2_2025.pdf,SET50_100_H2_2025.pdf
TTB,TTB.BK,TMBTHANACHART BANK PUBLIC COMPANY LIMITED Banking,https://media.set.or.th/set/Documents/2025/Jun/SET50_100_H2_2025.pdf,SET50_100_H2_2025.pdf
TU,TU.BK,THAI UNION GROUP PUBLIC COMPANY LIMITED Food & Beverage,https://media.set.or.th/set/Documents/2025/Jun/SET50_100_H2_2025.pdf,SET50_100_H2_2025.pdf
VGI,VGI.BK,VGI PUBLIC COMPANY LIMITED Media & Publishing,https://media.set.or.th/set/Documents/2025/Jun/SET50_100_H2_2025.pdf,SET50_100_H2_2025.pdf
WHA,WHA.BK,WHA CORPORATION PUBLIC COMPANY LIMITED Property Development,https://media.set.or.th/set/Documents/2025/Jun/SET50_100_H2_2025.pdf,SET50_100_H2_2025.pdf
WHAUP,WHAUP.BK,WHA UTILITIES AND POWER PUBLIC COMPANY LIMITED Energy & Utilities,https://media.set.or.th/set/Documents/2025/Jun/SET50_100_H2_2025.pdf,SET50_100_H2_2025.pdf
AAV,AAV.BK,ASIA AVIATION PUBLIC COMPANY LIMITED Transportation & Logistics,https://media.set.or.th/set/Documents/2025/Feb/SET50_100_H1_2025_revise.pdf,SET50_100_H1_2025_revise.pdf
ADVANC,ADVANC.BK,ADVANCED INFO SERVICE PUBLIC COMPANY LIMITED Information & Communication Technology,https://media.set.or.th/set/Documents/2025/Feb/SET50_100_H1_2025_revise.pdf,SET50_100_H1_2025_revise.pdf
AEONTS,AEONTS.BK,AEON THANA SINSAP (THAILAND) PUBLIC COMPANY LIMITED Finance & Securities,https://media.set.or.th/set/Documents/2025/Feb/SET50_100_H1_2025_revise.pdf,SET50_100_H1_2025_revise.pdf
AMATA,AMATA.BK,AMATA CORPORATION PUBLIC COMPANY LIMITED Property Development,https://media.set.or.th/set/Documents/2025/Feb/SET50_100_H1_2025_revise.pdf,SET50_100_H1_2025_revise.pdf
AOT,AOT.BK,AIRPORTS OF THAILAND PUBLIC COMPANY LIMITED Transportation & Logistics,https://media.set.or.th/set/Documents/2025/Feb/SET50_100_H1_2025_revise.pdf,SET50_100_H1_2025_revise.pdf
AP,AP.BK,AP (THAILAND) PUBLIC COMPANY LIMITED Property Development,https://media.set.or.th/set/Documents/2025/Feb/SET50_100_H1_2025_revise.pdf,SET50_100_H1_2025_revise.pdf
AWC,AWC.BK,ASSET WORLD CORP PUBLIC COMPANY LIMITED Property Development,https://media.set.or.th/set/Documents/2025/Feb/SET50_100_H1_2025_revise.pdf,SET50_100_H1_2025_revise.pdf
BA,BA.BK,BANGKOK AIRWAYS PUBLIC COMPANY LIMITED Transportation & Logistics,https://media.set.or.th/set/Documents/2025/Feb/SET50_100_H1_2025_revise.pdf,SET50_100_H1_2025_revise.pdf
BAM,BAM.BK,BANGKOK COMMERCIAL ASSET MANAGEMENT PUBLIC COMPANY LIMITED Finance & Securities,https://media.set.or.th/set/Documents/2025/Feb/SET50_100_H1_2025_revise.pdf,SET50_100_H1_2025_revise.pdf
BANPU,BANPU.BK,BANPU PUBLIC COMPANY LIMITED Energy & Utilities,https://media.set.or.th/set/Documents/2025/Feb/SET50_100_H1_2025_revise.pdf,SET50_100_H1_2025_revise.pdf
BBL,BBL.BK,BANGKOK BANK PUBLIC COMPANY LIMITED Banking,https://media.set.or.th/set/Documents/2025/Feb/SET50_100_H1_2025_revise.pdf,SET50_100_H1_2025_revise.pdf
BCH,BCH.BK,BANGKOK CHAIN HOSPITAL PUBLIC COMPANY LIMITED Health Care Services,https://media.set.or.th/set/Documents/2025/Feb/SET50_100_H1_2025_revise.pdf,SET50_100_H1_2025_revise.pdf
BCP,BCP.BK,BANGCHAK CORPORATION PUBLIC COMPANY LIMITED Energy & Utilities,https://media.set.or.th/set/Documents/2025/Feb/SET50_100_H1_2025_revise.pdf,SET50_100_H1_2025_revise.pdf
BCPG,BCPG.BK,BCPG PUBLIC COMPANY LIMITED Energy & Utilities,https://media.set.or.th/set/Documents/2025/Feb/SET50_100_H1_2025_revise.pdf,SET50_100_H1_2025_revise.pdf
BDMS,BDMS.BK,BANGKOK DUSIT MEDICAL SERVICES PUBLIC COMPANY LIMITED Health Care Services,https://media.set.or.th/set/Documents/2025/Feb/SET50_100_H1_2025_revise.pdf,SET50_100_H1_2025_revise.pdf
BEM,BEM.BK,BANGKOK EXPRESSWAY AND METRO  PUBLIC COMPANY LIMITED Transportation & Logistics,https://media.set.or.th/set/Documents/2025/Feb/SET50_100_H1_2025_revise.pdf,SET50_100_H1_2025_revise.pdf
BGRIM,BGRIM.BK,B.GRIMM POWER PUBLIC COMPANY LIMITED Energy & Utilities,https://media.set.or.th/set/Documents/2025/Feb/SET50_100_H1_2025_revise.pdf,SET50_100_H1_2025_revise.pdf
BH,BH.BK,BUMRUNGRAD HOSPITAL PUBLIC COMPANY LIMITED Health Care Services,https://media.set.or.th/set/Documents/2025/Feb/SET50_100_H1_2025_revise.pdf,SET50_100_H1_2025_revise.pdf
BJC,BJC.BK,BERLI JUCKER PUBLIC COMPANY LIMITED Commerce,https://media.set.or.th/set/Documents/2025/Feb/SET50_100_H1_2025_revise.pdf,SET50_100_H1_2025_revise.pdf
BLA,BLA.BK,BANGKOK LIFE ASSURANCE PUBLIC COMPANY LIMITED Insurance,https://media.set.or.th/set/Documents/2025/Feb/SET50_100_H1_2025_revise.pdf,SET50_100_H1_2025_revise.pdf
BTG,BTG.BK,BETAGRO PUBLIC COMPANY LIMITED Food & Beverage,https://media.set.or.th/set/Documents/2025/Feb/SET50_100_H1_2025_revise.pdf,SET50_100_H1_2025_revise.pdf
BTS,BTS.BK,BTS GROUP HOLDINGS PUBLIC COMPANY LIMITED Transportation & Logistics,https://media.set.or.th/set/Documents/2025/Feb/SET50_100_H1_2025_revise.pdf,SET50_100_H1_2025_revise.pdf
CBG,CBG.BK,CARABAO GROUP PUBLIC COMPANY LIMITED Food & Beverage,https://media.set.or.th/set/Documents/2025/Feb/SET50_100_H1_2025_revise.pdf,SET50_100_H1_2025_revise.pdf
CCET,CCET.BK,"CAL-COMP ELECTRONICS (THAILAND) PUBLIC CO., LTD. Electronic Components",https://media.set.or.th/set/Documents/2025/Feb/SET50_100_H1_2025_revise.pdf,SET50_100_H1_2025_revise.pdf
CENTEL,CENTEL.BK,CENTRAL PLAZA HOTEL PUBLIC COMPANY LIMITED Tourism & Leisure,https://media.set.or.th/set/Documents/2025/Feb/SET50_100_H1_2025_revise.pdf,SET50_100_H1_2025_revise.pdf
CHG,CHG.BK,CHULARAT HOSPITAL PUBLIC COMPANY LIMITED Health Care Services,https://media.set.or.th/set/Documents/2025/Feb/SET50_100_H1_2025_revise.pdf,SET50_100_H1_2025_revise.pdf
CK,CK.BK,CH. KARNCHANG PUBLIC COMPANY LIMITED Construction Services,https://media.set.or.th/set/Documents/2025/Feb/SET50_100_H1_2025_revise.pdf,SET50_100_H1_2025_revise.pdf
CKP,CKP.BK,CK POWER PUBLIC COMPANY LIMITED Energy & Utilities,https://media.set.or.th/set/Documents/2025/Feb/SET50_100_H1_2025_revise.pdf,SET50_100_H1_2025_revise.pdf
COCOCO,COCOCO.BK,Thai Coconut Public Company Limited Food & Beverage,https://media.set.or.th/set/Documents/2025/Feb/SET50_100_H1_2025_revise.pdf,SET50_100_H1_2025_revise.pdf
COM7,COM7.BK,COM7 PUBLIC COMPANY LIMITED Commerce,https://media.set.or.th/set/Documents/2025/Feb/SET50_100_H1_2025_revise.pdf,SET50_100_H1_2025_revise.pdf
CPALL,CPALL.BK,CP ALL PUBLIC COMPANY LIMITED Commerce,https://media.set.or.th/set/Documents/2025/Feb/SET50_100_H1_2025_revise.pdf,SET50_100_H1_2025_revise.pdf
CPF,CPF.BK,CHAROEN POKPHAND FOODS PUBLIC COMPANY LIMITED Food & Beverage,https://media.set.or.th/set/Documents/2025/Feb/SET50_100_H1_2025_revise.pdf,SET50_100_H1_2025_revise.pdf
CPN,CPN.BK,CENTRAL PATTANA PUBLIC COMPANY LIMITED Property Development,https://media.set.or.th/set/Documents/2025/Feb/SET50_100_H1_2025_revise.pdf,SET50_100_H1_2025_revise.pdf
CRC,CRC.BK,CENTRAL RETAIL CORPORATION PUBLIC COMPANY LIMITED Commerce,https://media.set.or.th/set/Documents/2025/Feb/SET50_100_H1_2025_revise.pdf,SET50_100_H1_2025_revise.pdf
DELTA,DELTA.BK,DELTA ELECTRONICS (THAILAND) PUBLIC COMPANY LIMITED Electronic Components,https://media.set.or.th/set/Documents/2025/Feb/SET50_100_H1_2025_revise.pdf,SET50_100_H1_2025_revise.pdf
DOHOME,DOHOME.BK,DOHOME PUBLIC COMPANY LIMITED Commerce,https://media.set.or.th/set/Documents/2025/Feb/SET50_100_H1_2025_revise.pdf,SET50_100_H1_2025_revise.pdf
EA,EA.BK,ENERGY ABSOLUTE PUBLIC COMPANY LIMITED Energy & Utilities,https://media.set.or.th/set/Documents/2025/Feb/SET50_100_H1_2025_revise.pdf,SET50_100_H1_2025_revise.pdf
EGCO,EGCO.BK,ELECTRICITY GENERATING PUBLIC COMPANY LIMITED Energy & Utilities,https://media.set.or.th/set/Documents/2025/Feb/SET50_100_H1_2025_revise.pdf,SET50_100_H1_2025_revise.pdf
ERW,ERW.BK,THE ERAWAN GROUP PUBLIC COMPANY LIMITED Tourism & Leisure,https://media.set.or.th/set/Documents/2025/Feb/SET50_100_H1_2025_revise.pdf,SET50_100_H1_2025_revise.pdf
GLOBAL,GLOBAL.BK,SIAM GLOBAL HOUSE PUBLIC COMPANY LIMITED Commerce,https://media.set.or.th/set/Documents/2025/Feb/SET50_100_H1_2025_revise.pdf,SET50_100_H1_2025_revise.pdf
GPSC,GPSC.BK,GLOBAL POWER SYNERGY PUBLIC COMPANY LIMITED Energy & Utilities,https://media.set.or.th/set/Documents/2025/Feb/SET50_100_H1_2025_revise.pdf,SET50_100_H1_2025_revise.pdf
GULF,GULF.BK,GULF DEVELOPMENT PUBLIC COMPANY LIMITED Energy & Utilities,https://media.set.or.th/set/Documents/2025/Feb/SET50_100_H1_2025_revise.pdf,SET50_100_H1_2025_revise.pdf
GUNKUL,GUNKUL.BK,GUNKUL ENGINEERING PUBLIC COMPANY LIMITED Energy & Utilities,https://media.set.or.th/set/Documents/2025/Feb/SET50_100_H1_2025_revise.pdf,SET50_100_H1_2025_revise.pdf
HANA,HANA.BK,HANA MICROELECTRONICS PUBLIC COMPANY LIMITED Electronic Components,https://media.set.or.th/set/Documents/2025/Feb/SET50_100_H1_2025_revise.pdf,SET50_100_H1_2025_revise.pdf
HMPRO,HMPRO.BK,HOME PRODUCT CENTER PUBLIC COMPANY LIMITED Commerce,https://media.set.or.th/set/Documents/2025/Feb/SET50_100_H1_2025_revise.pdf,SET50_100_H1_2025_revise.pdf
ICHI,ICHI.BK,ICHITAN GROUP PUBLIC COMPANY LIMITED Food & Beverage,https://media.set.or.th/set/Documents/2025/Feb/SET50_100_H1_2025_revise.pdf,SET50_100_H1_2025_revise.pdf
IRPC,IRPC.BK,IRPC PUBLIC COMPANY LIMITED Energy & Utilities,https://media.set.or.th/set/Documents/2025/Feb/SET50_100_H1_2025_revise.pdf,SET50_100_H1_2025_revise.pdf
ITC,ITC.BK,i-Tail Corporation Public Company Limited Food & Beverage,https://media.set.or.th/set/Documents/2025/Feb/SET50_100_H1_2025_revise.pdf,SET50_100_H1_2025_revise.pdf
IVL,IVL.BK,INDORAMA VENTURES PUBLIC COMPANY LIMITED Petrochemicals & Chemicals,https://media.set.or.th/set/Documents/2025/Feb/SET50_100_H1_2025_revise.pdf,SET50_100_H1_2025_revise.pdf
JAS,JAS.BK,JASMINE INTERNATIONAL PUBLIC COMPANY LIMITED Information & Communication Technology,https://media.set.or.th/set/Documents/2025/Feb/SET50_100_H1_2025_revise.pdf,SET50_100_H1_2025_revise.pdf
JMART,JMART.BK,JAYMART GROUP HOLDINGS PUBLIC COMPANY LIMITED Information & Communication Technology,https://media.set.or.th/set/Documents/2025/Feb/SET50_100_H1_2025_revise.pdf,SET50_100_H1_2025_revise.pdf
JMT,JMT.BK,JMT NETWORK SERVICES PUBLIC COMPANY LIMITED Finance & Securities,https://media.set.or.th/set/Documents/2025/Feb/SET50_100_H1_2025_revise.pdf,SET50_100_H1_2025_revise.pdf
KBANK,KBANK.BK,KASIKORNBANK PUBLIC COMPANY LIMITED Banking,https://media.set.or.th/set/Documents/2025/Feb/SET50_100_H1_2025_revise.pdf,SET50_100_H1_2025_revise.pdf
KCE,KCE.BK,KCE ELECTRONICS PUBLIC COMPANY LIMITED Electronic Components,https://media.set.or.th/set/Documents/2025/Feb/SET50_100_H1_2025_revise.pdf,SET50_100_H1_2025_revise.pdf
KKP,KKP.BK,KIATNAKIN PHATRA BANK PUBLIC COMPANY LIMITED Banking,https://media.set.or.th/set/Documents/2025/Feb/SET50_100_H1_2025_revise.pdf,SET50_100_H1_2025_revise.pdf
KTB,KTB.BK,KRUNG THAI BANK PUBLIC COMPANY LIMITED Banking,https://media.set.or.th/set/Documents/2025/Feb/SET50_100_H1_2025_revise.pdf,SET50_100_H1_2025_revise.pdf
KTC,KTC.BK,KRUNGTHAI CARD PUBLIC COMPANY LIMITED Finance & Securities,https://media.set.or.th/set/Documents/2025/Feb/SET50_100_H1_2025_revise.pdf,SET50_100_H1_2025_revise.pdf
LH,LH.BK,LAND AND HOUSES PUBLIC COMPANY LIMITED Property Development,https://media.set.or.th/set/Documents/2025/Feb/SET50_100_H1_2025_revise.pdf,SET50_100_H1_2025_revise.pdf
M,M.BK,MK RESTAURANT GROUP PUBLIC COMPANY LIMITED Food & Beverage,https://media.set.or.th/set/Documents/2025/Feb/SET50_100_H1_2025_revise.pdf,SET50_100_H1_2025_revise.pdf
MEGA,MEGA.BK,MEGA LIFESCIENCES PUBLIC COMPANY LIMITED Commerce,https://media.set.or.th/set/Documents/2025/Feb/SET50_100_H1_2025_revise.pdf,SET50_100_H1_2025_revise.pdf
MINT,MINT.BK,MINOR INTERNATIONAL PUBLIC COMPANY LIMITED Tourism & Leisure,https://media.set.or.th/set/Documents/2025/Feb/SET50_100_H1_2025_revise.pdf,SET50_100_H1_2025_revise.pdf
MOSHI,MOSHI.BK,MOSHI MOSHI RETAIL CORPORATION PUBLIC COMPANY LIMITED Commerce,https://media.set.or.th/set/Documents/2025/Feb/SET50_100_H1_2025_revise.pdf,SET50_100_H1_2025_revise.pdf
MTC,MTC.BK,MUANGTHAI CAPITAL PUBLIC COMPANY LIMITED Finance & Securities,https://media.set.or.th/set/Documents/2025/Feb/SET50_100_H1_2025_revise.pdf,SET50_100_H1_2025_revise.pdf
OR,OR.BK,PTT OIL AND RETAIL BUSINESS PUBLIC COMPANY LIMITED Energy & Utilities,https://media.set.or.th/set/Documents/2025/Feb/SET50_100_H1_2025_revise.pdf,SET50_100_H1_2025_revise.pdf
OSP,OSP.BK,OSOTSPA PUBLIC COMPANY LIMITED Food & Beverage,https://media.set.or.th/set/Documents/2025/Feb/SET50_100_H1_2025_revise.pdf,SET50_100_H1_2025_revise.pdf
PLANB,PLANB.BK,PLAN B MEDIA PUBLIC COMPANY LIMITED Media & Publishing,https://media.set.or.th/set/Documents/2025/Feb/SET50_100_H1_2025_revise.pdf,SET50_100_H1_2025_revise.pdf
PR9,PR9.BK,PRARAM,https://media.set.or.th/set/Documents/2025/Feb/SET50_100_H1_2025_revise.pdf,SET50_100_H1_2025_revise.pdf
PRM,PRM.BK,PRIMA MARINE PUBLIC COMPANY LIMITED Transportation & Logistics,https://media.set.or.th/set/Documents/2025/Feb/SET50_100_H1_2025_revise.pdf,SET50_100_H1_2025_revise.pdf
PTT,PTT.BK,PTT PUBLIC COMPANY LIMITED Energy & Utilities,https://media.set.or.th/set/Documents/2025/Feb/SET50_100_H1_2025_revise.pdf,SET50_100_H1_2025_revise.pdf
PTTEP,PTTEP.BK,PTT EXPLORATION AND PRODUCTION PUBLIC COMPANY LIMITED Energy & Utilities,https://media.set.or.th/set/Documents/2025/Feb/SET50_100_H1_2025_revise.pdf,SET50_100_H1_2025_revise.pdf
PTTGC,PTTGC.BK,PTT GLOBAL CHEMICAL PUBLIC COMPANY LIMITED Petrochemicals & Chemicals,https://media.set.or.th/set/Documents/2025/Feb/SET50_100_H1_2025_revise.pdf,SET50_100_H1_2025_revise.pdf
QH,QH.BK,QUALITY HOUSES PUBLIC COMPANY LIMITED Property Development,https://media.set.or.th/set/Documents/2025/Feb/SET50_100_H1_2025_revise.pdf,SET50_100_H1_2025_revise.pdf
RATCH,RATCH.BK,RATCH GROUP PUBLIC COMPANY LIMITED Energy & Utilities,https://media.set.or.th/set/Documents/2025/Feb/SET50_100_H1_2025_revise.pdf,SET50_100_H1_2025_revise.pdf
RCL,RCL.BK,REGIONAL CONTAINER LINES PUBLIC COMPANY LIMITED Transportation & Logistics,https://media.set.or.th/set/Documents/2025/Feb/SET50_100_H1_2025_revise.pdf,SET50_100_H1_2025_revise.pdf
ROJNA,ROJNA.BK,ROJANA INDUSTRIAL PARK PUBLIC COMPANY LIMITED Property Development,https://media.set.or.th/set/Documents/2025/Feb/SET50_100_H1_2025_revise.pdf,SET50_100_H1_2025_revise.pdf
SAPPE,SAPPE.BK,SAPPE PUBLIC COMPANY LIMITED Food & Beverage,https://media.set.or.th/set/Documents/2025/Feb/SET50_100_H1_2025_revise.pdf,SET50_100_H1_2025_revise.pdf
SAWAD,SAWAD.BK,SRISAWAD CORPORATION PUBLIC COMPANY LIMITED Finance & Securities,https://media.set.or.th/set/Documents/2025/Feb/SET50_100_H1_2025_revise.pdf,SET50_100_H1_2025_revise.pdf
SCB,SCB.BK,SCB X PUBLIC COMPANY LIMITED Banking,https://media.set.or.th/set/Documents/2025/Feb/SET50_100_H1_2025_revise.pdf,SET50_100_H1_2025_revise.pdf
SCC,SCC.BK,THE SIAM CEMENT PUBLIC COMPANY LIMITED Construction Materials,https://media.set.or.th/set/Documents/2025/Feb/SET50_100_H1_2025_revise.pdf,SET50_100_H1_2025_revise.pdf
SCGP,SCGP.BK,SCG PACKAGING PUBLIC COMPANY LIMITED Packaging,https://media.set.or.th/set/Documents/2025/Feb/SET50_100_H1_2025_revise.pdf,SET50_100_H1_2025_revise.pdf
SIRI,SIRI.BK,SANSIRI PUBLIC COMPANY LIMITED Property Development,https://media.set.or.th/set/Documents/2025/Feb/SET50_100_H1_2025_revise.pdf,SET50_100_H1_2025_revise.pdf
SISB,SISB.BK,SISB PUBLIC COMPANY LIMITED Professional Services,https://media.set.or.th/set/Documents/2025/Feb/SET50_100_H1_2025_revise.pdf,SET50_100_H1_2025_revise.pdf
SJWD,SJWD.BK,SCGJWD LOGISTICS PUBLIC COMPANY LIMITED Transportation & Logistics,https://media.set.or.th/set/Documents/2025/Feb/SET50_100_H1_2025_revise.pdf,SET50_100_H1_2025_revise.pdf
SKY,SKY.BK,SKY ICT PUBLIC COMPANY LIMITED Information & Communication Technology,https://media.set.or.th/set/Documents/2025/Feb/SET50_100_H1_2025_revise.pdf,SET50_100_H1_2025_revise.pdf
SNNP,SNNP.BK,SRINANAPORN MARKETING PUBLIC COMPANY LIMITED Food & Beverage,https://media.set.or.th/set/Documents/2025/Feb/SET50_100_H1_2025_revise.pdf,SET50_100_H1_2025_revise.pdf
SPALI,SPALI.BK,SUPALAI PUBLIC COMPANY LIMITED Property Development,https://media.set.or.th/set/Documents/2025/Feb/SET50_100_H1_2025_revise.pdf,SET50_100_H1_2025_revise.pdf
SPRC,SPRC.BK,STAR PETROLEUM REFINING PUBLIC COMPANY LIMITED Energy & Utilities,https://media.set.or.th/set/Documents/2025/Feb/SET50_100_H1_2025_revise.pdf,SET50_100_H1_2025_revise.pdf
STA,STA.BK,SRI TRANG AGRO-INDUSTRY PUBLIC COMPANY LIMITED Agribusiness,https://media.set.or.th/set/Documents/2025/Feb/SET50_100_H1_2025_revise.pdf,SET50_100_H1_2025_revise.pdf
STGT,STGT.BK,SRI TRANG GLOVES (THAILAND) PUBLIC COMPANY LIMITED Personal Products & Pharmaceuticals,https://media.set.or.th/set/Documents/2025/Feb/SET50_100_H1_2025_revise.pdf,SET50_100_H1_2025_revise.pdf
TASCO,TASCO.BK,TIPCO ASPHALT PUBLIC COMPANY LIMITED Construction Materials,https://media.set.or.th/set/Documents/2025/Feb/SET50_100_H1_2025_revise.pdf,SET50_100_H1_2025_revise.pdf
TCAP,TCAP.BK,THANACHART CAPITAL PUBLIC COMPANY LIMITED Banking,https://media.set.or.th/set/Documents/2025/Feb/SET50_100_H1_2025_revise.pdf,SET50_100_H1_2025_revise.pdf
TIDLOR,TIDLOR.BK,TIDLOR HOLDINGS PUBLIC COMPANY LIMITED Finance & Securities,https://media.set.or.th/set/Documents/2025/Feb/SET50_100_H1_2025_revise.pdf,SET50_100_H1_2025_revise.pdf
TISCO,TISCO.BK,TISCO FINANCIAL GROUP PUBLIC COMPANY LIMITED Banking,https://media.set.or.th/set/Documents/2025/Feb/SET50_100_H1_2025_revise.pdf,SET50_100_H1_2025_revise.pdf
TLI,TLI.BK,THAI LIFE INSURANCE PUBLIC COMPANY LIMITED Insurance,https://media.set.or.th/set/Documents/2025/Feb/SET50_100_H1_2025_revise.pdf,SET50_100_H1_2025_revise.pdf
TOP,TOP.BK,THAI OIL PUBLIC COMPANY LIMITED Energy & Utilities,https://media.set.or.th/set/Documents/2025/Feb/SET50_100_H1_2025_revise.pdf,SET50_100_H1_2025_revise.pdf
TRUE,TRUE.BK,TRUE CORPORATION PUBLIC COMPANY LIMITED Information & Communication Technology,https://media.set.or.th/set/Documents/2025/Feb/SET50_100_H1_2025_revise.pdf,SET50_100_H1_2025_revise.pdf
TTB,TTB.BK,TMBTHANACHART BANK PUBLIC COMPANY LIMITED Banking,https://media.set.or.th/set/Documents/2025/Feb/SET50_100_H1_2025_revise.pdf,SET50_100_H1_2025_revise.pdf
TU,TU.BK,THAI UNION GROUP PUBLIC COMPANY LIMITED Food & Beverage,https://media.set.or.th/set/Documents/2025/Feb/SET50_100_H1_2025_revise.pdf,SET50_100_H1_2025_revise.pdf
VGI,VGI.BK,VGI PUBLIC COMPANY LIMITED Media & Publishing,https://media.set.or.th/set/Documents/2025/Feb/SET50_100_H1_2025_revise.pdf,SET50_100_H1_2025_revise.pdf
WHA,WHA.BK,WHA CORPORATION PUBLIC COMPANY LIMITED Property Development,https://media.set.or.th/set/Documents/2025/Feb/SET50_100_H1_2025_revise.pdf,SET50_100_H1_2025_revise.pdf
AAV,AAV.BK,ASIA AVIATION PUBLIC COMPANY LIMITED Transportation & Logistics,https://media.set.or.th/set/Documents/2024/Dec/SET50_100_H1_2025.pdf,SET50_100_H1_2025.pdf
ADVANC,ADVANC.BK,ADVANCED INFO SERVICE PUBLIC COMPANY LIMITED Information & Communication Technology,https://media.set.or.th/set/Documents/2024/Dec/SET50_100_H1_2025.pdf,SET50_100_H1_2025.pdf
AEONTS,AEONTS.BK,AEON THANA SINSAP (THAILAND) PUBLIC COMPANY LIMITED Finance & Securities,https://media.set.or.th/set/Documents/2024/Dec/SET50_100_H1_2025.pdf,SET50_100_H1_2025.pdf
AMATA,AMATA.BK,AMATA CORPORATION PUBLIC COMPANY LIMITED Property Development,https://media.set.or.th/set/Documents/2024/Dec/SET50_100_H1_2025.pdf,SET50_100_H1_2025.pdf
AOT,AOT.BK,AIRPORTS OF THAILAND PUBLIC COMPANY LIMITED Transportation & Logistics,https://media.set.or.th/set/Documents/2024/Dec/SET50_100_H1_2025.pdf,SET50_100_H1_2025.pdf
AP,AP.BK,AP (THAILAND) PUBLIC COMPANY LIMITED Property Development,https://media.set.or.th/set/Documents/2024/Dec/SET50_100_H1_2025.pdf,SET50_100_H1_2025.pdf
AWC,AWC.BK,ASSET WORLD CORP PUBLIC COMPANY LIMITED Property Development,https://media.set.or.th/set/Documents/2024/Dec/SET50_100_H1_2025.pdf,SET50_100_H1_2025.pdf
BA,BA.BK,BANGKOK AIRWAYS PUBLIC COMPANY LIMITED Transportation & Logistics,https://media.set.or.th/set/Documents/2024/Dec/SET50_100_H1_2025.pdf,SET50_100_H1_2025.pdf
BAM,BAM.BK,BANGKOK COMMERCIAL ASSET MANAGEMENT PUBLIC COMPANY LIMITED Finance & Securities,https://media.set.or.th/set/Documents/2024/Dec/SET50_100_H1_2025.pdf,SET50_100_H1_2025.pdf
BANPU,BANPU.BK,BANPU PUBLIC COMPANY LIMITED Energy & Utilities,https://media.set.or.th/set/Documents/2024/Dec/SET50_100_H1_2025.pdf,SET50_100_H1_2025.pdf
BBL,BBL.BK,BANGKOK BANK PUBLIC COMPANY LIMITED Banking,https://media.set.or.th/set/Documents/2024/Dec/SET50_100_H1_2025.pdf,SET50_100_H1_2025.pdf
BCH,BCH.BK,BANGKOK CHAIN HOSPITAL PUBLIC COMPANY LIMITED Health Care Services,https://media.set.or.th/set/Documents/2024/Dec/SET50_100_H1_2025.pdf,SET50_100_H1_2025.pdf
BCP,BCP.BK,BANGCHAK CORPORATION PUBLIC COMPANY LIMITED Energy & Utilities,https://media.set.or.th/set/Documents/2024/Dec/SET50_100_H1_2025.pdf,SET50_100_H1_2025.pdf
BCPG,BCPG.BK,BCPG PUBLIC COMPANY LIMITED Energy & Utilities,https://media.set.or.th/set/Documents/2024/Dec/SET50_100_H1_2025.pdf,SET50_100_H1_2025.pdf
BDMS,BDMS.BK,BANGKOK DUSIT MEDICAL SERVICES PUBLIC COMPANY LIMITED Health Care Services,https://media.set.or.th/set/Documents/2024/Dec/SET50_100_H1_2025.pdf,SET50_100_H1_2025.pdf
BEM,BEM.BK,BANGKOK EXPRESSWAY AND METRO  PUBLIC COMPANY LIMITED Transportation & Logistics,https://media.set.or.th/set/Documents/2024/Dec/SET50_100_H1_2025.pdf,SET50_100_H1_2025.pdf
BGRIM,BGRIM.BK,B.GRIMM POWER PUBLIC COMPANY LIMITED Energy & Utilities,https://media.set.or.th/set/Documents/2024/Dec/SET50_100_H1_2025.pdf,SET50_100_H1_2025.pdf
BH,BH.BK,BUMRUNGRAD HOSPITAL PUBLIC COMPANY LIMITED Health Care Services,https://media.set.or.th/set/Documents/2024/Dec/SET50_100_H1_2025.pdf,SET50_100_H1_2025.pdf
BJC,BJC.BK,BERLI JUCKER PUBLIC COMPANY LIMITED Commerce,https://media.set.or.th/set/Documents/2024/Dec/SET50_100_H1_2025.pdf,SET50_100_H1_2025.pdf
BLA,BLA.BK,BANGKOK LIFE ASSURANCE PUBLIC COMPANY LIMITED Insurance,https://media.set.or.th/set/Documents/2024/Dec/SET50_100_H1_2025.pdf,SET50_100_H1_2025.pdf
BSRC,BSRC.BK,BANGCHAK SRIRACHA PUBLIC COMPANY LIMITED Energy & Utilities,https://media.set.or.th/set/Documents/2024/Dec/SET50_100_H1_2025.pdf,SET50_100_H1_2025.pdf
BTG,BTG.BK,BETAGRO PUBLIC COMPANY LIMITED Food & Beverage,https://media.set.or.th/set/Documents/2024/Dec/SET50_100_H1_2025.pdf,SET50_100_H1_2025.pdf
BTS,BTS.BK,BTS GROUP HOLDINGS PUBLIC COMPANY LIMITED Transportation & Logistics,https://media.set.or.th/set/Documents/2024/Dec/SET50_100_H1_2025.pdf,SET50_100_H1_2025.pdf
CBG,CBG.BK,CARABAO GROUP PUBLIC COMPANY LIMITED Food & Beverage,https://media.set.or.th/set/Documents/2024/Dec/SET50_100_H1_2025.pdf,SET50_100_H1_2025.pdf
CCET,CCET.BK,"CAL-COMP ELECTRONICS (THAILAND) PUBLIC CO., LTD. Electronic Components",https://media.set.or.th/set/Documents/2024/Dec/SET50_100_H1_2025.pdf,SET50_100_H1_2025.pdf
CENTEL,CENTEL.BK,CENTRAL PLAZA HOTEL PUBLIC COMPANY LIMITED Tourism & Leisure,https://media.set.or.th/set/Documents/2024/Dec/SET50_100_H1_2025.pdf,SET50_100_H1_2025.pdf
CHG,CHG.BK,CHULARAT HOSPITAL PUBLIC COMPANY LIMITED Health Care Services,https://media.set.or.th/set/Documents/2024/Dec/SET50_100_H1_2025.pdf,SET50_100_H1_2025.pdf
CK,CK.BK,CH. KARNCHANG PUBLIC COMPANY LIMITED Construction Services,https://media.set.or.th/set/Documents/2024/Dec/SET50_100_H1_2025.pdf,SET50_100_H1_2025.pdf
CKP,CKP.BK,CK POWER PUBLIC COMPANY LIMITED Energy & Utilities,https://media.set.or.th/set/Documents/2024/Dec/SET50_100_H1_2025.pdf,SET50_100_H1_2025.pdf
COCOCO,COCOCO.BK,Thai Coconut Public Company Limited Food & Beverage,https://media.set.or.th/set/Documents/2024/Dec/SET50_100_H1_2025.pdf,SET50_100_H1_2025.pdf
COM7,COM7.BK,COM7 PUBLIC COMPANY LIMITED Commerce,https://media.set.or.th/set/Documents/2024/Dec/SET50_100_H1_2025.pdf,SET50_100_H1_2025.pdf
CPALL,CPALL.BK,CP ALL PUBLIC COMPANY LIMITED Commerce,https://media.set.or.th/set/Documents/2024/Dec/SET50_100_H1_2025.pdf,SET50_100_H1_2025.pdf
CPF,CPF.BK,CHAROEN POKPHAND FOODS PUBLIC COMPANY LIMITED Food & Beverage,https://media.set.or.th/set/Documents/2024/Dec/SET50_100_H1_2025.pdf,SET50_100_H1_2025.pdf
CPN,CPN.BK,CENTRAL PATTANA PUBLIC COMPANY LIMITED Property Development,https://media.set.or.th/set/Documents/2024/Dec/SET50_100_H1_2025.pdf,SET50_100_H1_2025.pdf
CRC,CRC.BK,CENTRAL RETAIL CORPORATION PUBLIC COMPANY LIMITED Commerce,https://media.set.or.th/set/Documents/2024/Dec/SET50_100_H1_2025.pdf,SET50_100_H1_2025.pdf
DELTA,DELTA.BK,DELTA ELECTRONICS (THAILAND) PUBLIC COMPANY LIMITED Electronic Components,https://media.set.or.th/set/Documents/2024/Dec/SET50_100_H1_2025.pdf,SET50_100_H1_2025.pdf
DOHOME,DOHOME.BK,DOHOME PUBLIC COMPANY LIMITED Commerce,https://media.set.or.th/set/Documents/2024/Dec/SET50_100_H1_2025.pdf,SET50_100_H1_2025.pdf
EA,EA.BK,ENERGY ABSOLUTE PUBLIC COMPANY LIMITED Energy & Utilities,https://media.set.or.th/set/Documents/2024/Dec/SET50_100_H1_2025.pdf,SET50_100_H1_2025.pdf
EGCO,EGCO.BK,ELECTRICITY GENERATING PUBLIC COMPANY LIMITED Energy & Utilities,https://media.set.or.th/set/Documents/2024/Dec/SET50_100_H1_2025.pdf,SET50_100_H1_2025.pdf
ERW,ERW.BK,THE ERAWAN GROUP PUBLIC COMPANY LIMITED Tourism & Leisure,https://media.set.or.th/set/Documents/2024/Dec/SET50_100_H1_2025.pdf,SET50_100_H1_2025.pdf
GLOBAL,GLOBAL.BK,SIAM GLOBAL HOUSE PUBLIC COMPANY LIMITED Commerce,https://media.set.or.th/set/Documents/2024/Dec/SET50_100_H1_2025.pdf,SET50_100_H1_2025.pdf
GPSC,GPSC.BK,GLOBAL POWER SYNERGY PUBLIC COMPANY LIMITED Energy & UtilitiesS,https://media.set.or.th/set/Documents/2024/Dec/SET50_100_H1_2025.pdf,SET50_100_H1_2025.pdf
GULF,GULF.BK,GULF ENERGY DEVELOPMENT PUBLIC COMPANY LIMITED Energy & Utilities,https://media.set.or.th/set/Documents/2024/Dec/SET50_100_H1_2025.pdf,SET50_100_H1_2025.pdf
GUNKUL,GUNKUL.BK,GUNKUL ENGINEERING PUBLIC COMPANY LIMITED Energy & Utilities,https://media.set.or.th/set/Documents/2024/Dec/SET50_100_H1_2025.pdf,SET50_100_H1_2025.pdf
HANA,HANA.BK,HANA MICROELECTRONICS PUBLIC COMPANY LIMITED Electronic Components,https://media.set.or.th/set/Documents/2024/Dec/SET50_100_H1_2025.pdf,SET50_100_H1_2025.pdf
HMPRO,HMPRO.BK,HOME PRODUCT CENTER PUBLIC COMPANY LIMITED Commerce,https://media.set.or.th/set/Documents/2024/Dec/SET50_100_H1_2025.pdf,SET50_100_H1_2025.pdf
ICHI,ICHI.BK,ICHITAN GROUP PUBLIC COMPANY LIMITED Food & Beverage,https://media.set.or.th/set/Documents/2024/Dec/SET50_100_H1_2025.pdf,SET50_100_H1_2025.pdf
INTUCH,INTUCH.BK,INTOUCH HOLDINGS PUBLIC COMPANY LIMITED Information & Communication Technology,https://media.set.or.th/set/Documents/2024/Dec/SET50_100_H1_2025.pdf,SET50_100_H1_2025.pdf
IRPC,IRPC.BK,IRPC PUBLIC COMPANY LIMITED Energy & Utilities,https://media.set.or.th/set/Documents/2024/Dec/SET50_100_H1_2025.pdf,SET50_100_H1_2025.pdf
ITC,ITC.BK,i-Tail Corporation Public Company Limited Food & Beverage,https://media.set.or.th/set/Documents/2024/Dec/SET50_100_H1_2025.pdf,SET50_100_H1_2025.pdf
IVL,IVL.BK,INDORAMA VENTURES PUBLIC COMPANY LIMITED Petrochemicals & Chemicals,https://media.set.or.th/set/Documents/2024/Dec/SET50_100_H1_2025.pdf,SET50_100_H1_2025.pdf
JAS,JAS.BK,JASMINE INTERNATIONAL PUBLIC COMPANY LIMITED Information & Communication Technology,https://media.set.or.th/set/Documents/2024/Dec/SET50_100_H1_2025.pdf,SET50_100_H1_2025.pdf
JMART,JMART.BK,JAYMART GROUP HOLDINGS PUBLIC COMPANY LIMITED Information & Communication Technology,https://media.set.or.th/set/Documents/2024/Dec/SET50_100_H1_2025.pdf,SET50_100_H1_2025.pdf
JMT,JMT.BK,JMT NETWORK SERVICES PUBLIC COMPANY LIMITED Finance & Securities,https://media.set.or.th/set/Documents/2024/Dec/SET50_100_H1_2025.pdf,SET50_100_H1_2025.pdf
JTS,JTS.BK,JASMINE TECHNOLOGY SOLUTION PUBLIC COMPANY LIMITED Information & Communication Technology,https://media.set.or.th/set/Documents/2024/Dec/SET50_100_H1_2025.pdf,SET50_100_H1_2025.pdf
KBANK,KBANK.BK,KASIKORNBANK PUBLIC COMPANY LIMITED Banking,https://media.set.or.th/set/Documents/2024/Dec/SET50_100_H1_2025.pdf,SET50_100_H1_2025.pdf
KCE,KCE.BK,KCE ELECTRONICS PUBLIC COMPANY LIMITED Electronic Components,https://media.set.or.th/set/Documents/2024/Dec/SET50_100_H1_2025.pdf,SET50_100_H1_2025.pdf
KKP,KKP.BK,KIATNAKIN PHATRA BANK PUBLIC COMPANY LIMITED Banking,https://media.set.or.th/set/Documents/2024/Dec/SET50_100_H1_2025.pdf,SET50_100_H1_2025.pdf
KTB,KTB.BK,KRUNG THAI BANK PUBLIC COMPANY LIMITED Banking,https://media.set.or.th/set/Documents/2024/Dec/SET50_100_H1_2025.pdf,SET50_100_H1_2025.pdf
KTC,KTC.BK,KRUNGTHAI CARD PUBLIC COMPANY LIMITED Finance & Securities,https://media.set.or.th/set/Documents/2024/Dec/SET50_100_H1_2025.pdf,SET50_100_H1_2025.pdf
LH,LH.BK,LAND AND HOUSES PUBLIC COMPANY LIMITED Property Development,https://media.set.or.th/set/Documents/2024/Dec/SET50_100_H1_2025.pdf,SET50_100_H1_2025.pdf
M,M.BK,MK RESTAURANT GROUP PUBLIC COMPANY LIMITED Food & Beverage,https://media.set.or.th/set/Documents/2024/Dec/SET50_100_H1_2025.pdf,SET50_100_H1_2025.pdf
MEGA,MEGA.BK,MEGA LIFESCIENCES PUBLIC COMPANY LIMITED Commerce,https://media.set.or.th/set/Documents/2024/Dec/SET50_100_H1_2025.pdf,SET50_100_H1_2025.pdf
MINT,MINT.BK,MINOR INTERNATIONAL PUBLIC COMPANY LIMITED Tourism & Leisure,https://media.set.or.th/set/Documents/2024/Dec/SET50_100_H1_2025.pdf,SET50_100_H1_2025.pdf
MTC,MTC.BK,MUANGTHAI CAPITAL PUBLIC COMPANY LIMITED Finance & Securities,https://media.set.or.th/set/Documents/2024/Dec/SET50_100_H1_2025.pdf,SET50_100_H1_2025.pdf
OR,OR.BK,PTT OIL AND RETAIL BUSINESS PUBLIC COMPANY LIMITED Energy & Utilities,https://media.set.or.th/set/Documents/2024/Dec/SET50_100_H1_2025.pdf,SET50_100_H1_2025.pdf
OSP,OSP.BK,OSOTSPA PUBLIC COMPANY LIMITED Food & Beverage,https://media.set.or.th/set/Documents/2024/Dec/SET50_100_H1_2025.pdf,SET50_100_H1_2025.pdf
PLANB,PLANB.BK,PLAN B MEDIA PUBLIC COMPANY LIMITED Media & Publishing,https://media.set.or.th/set/Documents/2024/Dec/SET50_100_H1_2025.pdf,SET50_100_H1_2025.pdf
PR9,PR9.BK,PRARAM,https://media.set.or.th/set/Documents/2024/Dec/SET50_100_H1_2025.pdf,SET50_100_H1_2025.pdf
PRM,PRM.BK,PRIMA MARINE PUBLIC COMPANY LIMITED Transportation & Logistics,https://media.set.or.th/set/Documents/2024/Dec/SET50_100_H1_2025.pdf,SET50_100_H1_2025.pdf
PTT,PTT.BK,PTT PUBLIC COMPANY LIMITED Energy & Utilities,https://media.set.or.th/set/Documents/2024/Dec/SET50_100_H1_2025.pdf,SET50_100_H1_2025.pdf
PTTEP,PTTEP.BK,PTT EXPLORATION AND PRODUCTION PUBLIC COMPANY LIMITED Energy & Utilities,https://media.set.or.th/set/Documents/2024/Dec/SET50_100_H1_2025.pdf,SET50_100_H1_2025.pdf
PTTGC,PTTGC.BK,PTT GLOBAL CHEMICAL PUBLIC COMPANY LIMITED Petrochemicals & Chemicals,https://media.set.or.th/set/Documents/2024/Dec/SET50_100_H1_2025.pdf,SET50_100_H1_2025.pdf
QH,QH.BK,QUALITY HOUSES PUBLIC COMPANY LIMITED Property Development,https://media.set.or.th/set/Documents/2024/Dec/SET50_100_H1_2025.pdf,SET50_100_H1_2025.pdf
RATCH,RATCH.BK,RATCH GROUP PUBLIC COMPANY LIMITED Energy & Utilities,https://media.set.or.th/set/Documents/2024/Dec/SET50_100_H1_2025.pdf,SET50_100_H1_2025.pdf
RCL,RCL.BK,REGIONAL CONTAINER LINES PUBLIC COMPANY LIMITED Transportation & Logistics,https://media.set.or.th/set/Documents/2024/Dec/SET50_100_H1_2025.pdf,SET50_100_H1_2025.pdf
SAPPE,SAPPE.BK,SAPPE PUBLIC COMPANY LIMITED Food & Beverage,https://media.set.or.th/set/Documents/2024/Dec/SET50_100_H1_2025.pdf,SET50_100_H1_2025.pdf
SAWAD,SAWAD.BK,SRISAWAD CORPORATION PUBLIC COMPANY LIMITED Finance & Securities,https://media.set.or.th/set/Documents/2024/Dec/SET50_100_H1_2025.pdf,SET50_100_H1_2025.pdf
SCB,SCB.BK,SCB X PUBLIC COMPANY LIMITED Banking,https://media.set.or.th/set/Documents/2024/Dec/SET50_100_H1_2025.pdf,SET50_100_H1_2025.pdf
SCC,SCC.BK,THE SIAM CEMENT PUBLIC COMPANY LIMITED Construction Materials,https://media.set.or.th/set/Documents/2024/Dec/SET50_100_H1_2025.pdf,SET50_100_H1_2025.pdf
SCGP,SCGP.BK,SCG PACKAGING PUBLIC COMPANY LIMITED Packaging,https://media.set.or.th/set/Documents/2024/Dec/SET50_100_H1_2025.pdf,SET50_100_H1_2025.pdf
SIRI,SIRI.BK,SANSIRI PUBLIC COMPANY LIMITED Property Development,https://media.set.or.th/set/Documents/2024/Dec/SET50_100_H1_2025.pdf,SET50_100_H1_2025.pdf
SISB,SISB.BK,SISB PUBLIC COMPANY LIMITED Professional Services,https://media.set.or.th/set/Documents/2024/Dec/SET50_100_H1_2025.pdf,SET50_100_H1_2025.pdf
SJWD,SJWD.BK,SCGJWD LOGISTICS PUBLIC COMPANY LIMITED Transportation & Logistics,https://media.set.or.th/set/Documents/2024/Dec/SET50_100_H1_2025.pdf,SET50_100_H1_2025.pdf
SKY,SKY.BK,SKY ICT PUBLIC COMPANY LIMITED Information & Communication Technology,https://media.set.or.th/set/Documents/2024/Dec/SET50_100_H1_2025.pdf,SET50_100_H1_2025.pdf
SPALI,SPALI.BK,SUPALAI PUBLIC COMPANY LIMITED Property Development,https://media.set.or.th/set/Documents/2024/Dec/SET50_100_H1_2025.pdf,SET50_100_H1_2025.pdf
SPRC,SPRC.BK,STAR PETROLEUM REFINING PUBLIC COMPANY LIMITED Energy & Utilities,https://media.set.or.th/set/Documents/2024/Dec/SET50_100_H1_2025.pdf,SET50_100_H1_2025.pdf
STA,STA.BK,SRI TRANG AGRO-INDUSTRY PUBLIC COMPANY LIMITED Agribusiness,https://media.set.or.th/set/Documents/2024/Dec/SET50_100_H1_2025.pdf,SET50_100_H1_2025.pdf
STGT,STGT.BK,SRI TRANG GLOVES (THAILAND) PUBLIC COMPANY LIMITED Personal Products & Pharmaceuticals,https://media.set.or.th/set/Documents/2024/Dec/SET50_100_H1_2025.pdf,SET50_100_H1_2025.pdf
TASCO,TASCO.BK,TIPCO ASPHALT PUBLIC COMPANY LIMITED Construction Materials,https://media.set.or.th/set/Documents/2024/Dec/SET50_100_H1_2025.pdf,SET50_100_H1_2025.pdf
TCAP,TCAP.BK,THANACHART CAPITAL PUBLIC COMPANY LIMITED Banking,https://media.set.or.th/set/Documents/2024/Dec/SET50_100_H1_2025.pdf,SET50_100_H1_2025.pdf
TIDLOR,TIDLOR.BK,NGERN TID LOR PUBLIC COMPANY LIMITED Finance & Securities,https://media.set.or.th/set/Documents/2024/Dec/SET50_100_H1_2025.pdf,SET50_100_H1_2025.pdf
TISCO,TISCO.BK,TISCO FINANCIAL GROUP PUBLIC COMPANY LIMITED Banking,https://media.set.or.th/set/Documents/2024/Dec/SET50_100_H1_2025.pdf,SET50_100_H1_2025.pdf
TLI,TLI.BK,THAI LIFE INSURANCE PUBLIC COMPANY LIMITED Insurance,https://media.set.or.th/set/Documents/2024/Dec/SET50_100_H1_2025.pdf,SET50_100_H1_2025.pdf
TOP,TOP.BK,THAI OIL PUBLIC COMPANY LIMITED Energy & Utilities,https://media.set.or.th/set/Documents/2024/Dec/SET50_100_H1_2025.pdf,SET50_100_H1_2025.pdf
TRUE,TRUE.BK,TRUE CORPORATION PUBLIC COMPANY LIMITED Information & Communication Technology,https://media.set.or.th/set/Documents/2024/Dec/SET50_100_H1_2025.pdf,SET50_100_H1_2025.pdf
TTB,TTB.BK,TMBTHANACHART BANK PUBLIC COMPANY LIMITED Banking,https://media.set.or.th/set/Documents/2024/Dec/SET50_100_H1_2025.pdf,SET50_100_H1_2025.pdf
TU,TU.BK,THAI UNION GROUP PUBLIC COMPANY LIMITED Food & Beverage,https://media.set.or.th/set/Documents/2024/Dec/SET50_100_H1_2025.pdf,SET50_100_H1_2025.pdf
VGI,VGI.BK,VGI PUBLIC COMPANY LIMITED Media & Publishing,https://media.set.or.th/set/Documents/2024/Dec/SET50_100_H1_2025.pdf,SET50_100_H1_2025.pdf
WHA,WHA.BK,WHA CORPORATION PUBLIC COMPANY LIMITED Property Development,https://media.set.or.th/set/Documents/2024/Dec/SET50_100_H1_2025.pdf,SET50_100_H1_2025.pdf
AAV,AAV.BK,ASIA AVIATION PUBLIC COMPANY LIMITED Transportation & Logistics,https://media.set.or.th/set/Documents/2024/Jun/SET50_100_H2_2024.pdf,SET50_100_H2_2024.pdf
ADVANC,ADVANC.BK,ADVANCED INFO SERVICE PUBLIC COMPANY LIMITED Information & Communication Technology,https://media.set.or.th/set/Documents/2024/Jun/SET50_100_H2_2024.pdf,SET50_100_H2_2024.pdf
AEONTS,AEONTS.BK,AEON THANA SINSAP (THAILAND) PUBLIC COMPANY LIMITED Finance & Securities,https://media.set.or.th/set/Documents/2024/Jun/SET50_100_H2_2024.pdf,SET50_100_H2_2024.pdf
AMATA,AMATA.BK,AMATA CORPORATION PUBLIC COMPANY LIMITED Property Development,https://media.set.or.th/set/Documents/2024/Jun/SET50_100_H2_2024.pdf,SET50_100_H2_2024.pdf
AOT,AOT.BK,AIRPORTS OF THAILAND PUBLIC COMPANY LIMITED Transportation & Logistics,https://media.set.or.th/set/Documents/2024/Jun/SET50_100_H2_2024.pdf,SET50_100_H2_2024.pdf
AP,AP.BK,AP (THAILAND) PUBLIC COMPANY LIMITED Property Development,https://media.set.or.th/set/Documents/2024/Jun/SET50_100_H2_2024.pdf,SET50_100_H2_2024.pdf
AWC,AWC.BK,ASSET WORLD CORP PUBLIC COMPANY LIMITED Property Development,https://media.set.or.th/set/Documents/2024/Jun/SET50_100_H2_2024.pdf,SET50_100_H2_2024.pdf
BA,BA.BK,BANGKOK AIRWAYS PUBLIC COMPANY LIMITED Transportation & Logistics,https://media.set.or.th/set/Documents/2024/Jun/SET50_100_H2_2024.pdf,SET50_100_H2_2024.pdf
BAM,BAM.BK,BANGKOK COMMERCIAL ASSET MANAGEMENT PUBLIC COMPANY LIMITED Finance & Securities,https://media.set.or.th/set/Documents/2024/Jun/SET50_100_H2_2024.pdf,SET50_100_H2_2024.pdf
BANPU,BANPU.BK,BANPU PUBLIC COMPANY LIMITED Energy & Utilities,https://media.set.or.th/set/Documents/2024/Jun/SET50_100_H2_2024.pdf,SET50_100_H2_2024.pdf
BBL,BBL.BK,BANGKOK BANK PUBLIC COMPANY LIMITED Banking,https://media.set.or.th/set/Documents/2024/Jun/SET50_100_H2_2024.pdf,SET50_100_H2_2024.pdf
BCH,BCH.BK,BANGKOK CHAIN HOSPITAL PUBLIC COMPANY LIMITED Health Care Services,https://media.set.or.th/set/Documents/2024/Jun/SET50_100_H2_2024.pdf,SET50_100_H2_2024.pdf
BCP,BCP.BK,BANGCHAK CORPORATION PUBLIC COMPANY LIMITED Energy & Utilities,https://media.set.or.th/set/Documents/2024/Jun/SET50_100_H2_2024.pdf,SET50_100_H2_2024.pdf
BCPG,BCPG.BK,BCPG PUBLIC COMPANY LIMITED Energy & Utilities,https://media.set.or.th/set/Documents/2024/Jun/SET50_100_H2_2024.pdf,SET50_100_H2_2024.pdf
BDMS,BDMS.BK,BANGKOK DUSIT MEDICAL SERVICES PUBLIC COMPANY LIMITED Health Care Services,https://media.set.or.th/set/Documents/2024/Jun/SET50_100_H2_2024.pdf,SET50_100_H2_2024.pdf
BEM,BEM.BK,BANGKOK EXPRESSWAY AND METRO PUBLIC COMPANY LIMITED Transportation & Logistics,https://media.set.or.th/set/Documents/2024/Jun/SET50_100_H2_2024.pdf,SET50_100_H2_2024.pdf
BGRIM,BGRIM.BK,B.GRIMM POWER PUBLIC COMPANY LIMITED Energy & Utilities,https://media.set.or.th/set/Documents/2024/Jun/SET50_100_H2_2024.pdf,SET50_100_H2_2024.pdf
BH,BH.BK,BUMRUNGRAD HOSPITAL PUBLIC COMPANY LIMITED Health Care Services,https://media.set.or.th/set/Documents/2024/Jun/SET50_100_H2_2024.pdf,SET50_100_H2_2024.pdf
BJC,BJC.BK,BERLI JUCKER PUBLIC COMPANY LIMITED Commerce,https://media.set.or.th/set/Documents/2024/Jun/SET50_100_H2_2024.pdf,SET50_100_H2_2024.pdf
BLA,BLA.BK,BANGKOK LIFE ASSURANCE PUBLIC COMPANY LIMITED Insurance,https://media.set.or.th/set/Documents/2024/Jun/SET50_100_H2_2024.pdf,SET50_100_H2_2024.pdf
BSRC,BSRC.BK,BANGCHAK SRIRACHA PUBLIC COMPANY LIMITED Energy & Utilities,https://media.set.or.th/set/Documents/2024/Jun/SET50_100_H2_2024.pdf,SET50_100_H2_2024.pdf
BTG,BTG.BK,BETAGRO PUBLIC COMPANY LIMITED Food & Beverage,https://media.set.or.th/set/Documents/2024/Jun/SET50_100_H2_2024.pdf,SET50_100_H2_2024.pdf
BTS,BTS.BK,BTS GROUP HOLDINGS PUBLIC COMPANY LIMITED Transportation & Logistics,https://media.set.or.th/set/Documents/2024/Jun/SET50_100_H2_2024.pdf,SET50_100_H2_2024.pdf
CBG,CBG.BK,CARABAO GROUP PUBLIC COMPANY LIMITED Food & Beverage,https://media.set.or.th/set/Documents/2024/Jun/SET50_100_H2_2024.pdf,SET50_100_H2_2024.pdf
CENTEL,CENTEL.BK,CENTRAL PLAZA HOTEL PUBLIC COMPANY LIMITED Tourism & Leisure,https://media.set.or.th/set/Documents/2024/Jun/SET50_100_H2_2024.pdf,SET50_100_H2_2024.pdf
CHG,CHG.BK,CHULARAT HOSPITAL PUBLIC COMPANY LIMITED Health Care Services,https://media.set.or.th/set/Documents/2024/Jun/SET50_100_H2_2024.pdf,SET50_100_H2_2024.pdf
CK,CK.BK,CH. KARNCHANG PUBLIC COMPANY LIMITED Construction Services,https://media.set.or.th/set/Documents/2024/Jun/SET50_100_H2_2024.pdf,SET50_100_H2_2024.pdf
CKP,CKP.BK,CK POWER PUBLIC COMPANY LIMITED Energy & Utilities,https://media.set.or.th/set/Documents/2024/Jun/SET50_100_H2_2024.pdf,SET50_100_H2_2024.pdf
COM7,COM7.BK,COM7 PUBLIC COMPANY LIMITED Commerce,https://media.set.or.th/set/Documents/2024/Jun/SET50_100_H2_2024.pdf,SET50_100_H2_2024.pdf
CPALL,CPALL.BK,CP ALL PUBLIC COMPANY LIMITED Commerce,https://media.set.or.th/set/Documents/2024/Jun/SET50_100_H2_2024.pdf,SET50_100_H2_2024.pdf
CPF,CPF.BK,CHAROEN POKPHAND FOODS PUBLIC COMPANY LIMITED Food & Beverage,https://media.set.or.th/set/Documents/2024/Jun/SET50_100_H2_2024.pdf,SET50_100_H2_2024.pdf
CPN,CPN.BK,CENTRAL PATTANA PUBLIC COMPANY LIMITED Property Development,https://media.set.or.th/set/Documents/2024/Jun/SET50_100_H2_2024.pdf,SET50_100_H2_2024.pdf
CRC,CRC.BK,CENTRAL RETAIL CORPORATION PUBLIC COMPANY LIMITED Commerce,https://media.set.or.th/set/Documents/2024/Jun/SET50_100_H2_2024.pdf,SET50_100_H2_2024.pdf
DELTA,DELTA.BK,DELTA ELECTRONICS (THAILAND) PUBLIC COMPANY LIMITED Electronic Components,https://media.set.or.th/set/Documents/2024/Jun/SET50_100_H2_2024.pdf,SET50_100_H2_2024.pdf
DOHOME,DOHOME.BK,DOHOME PUBLIC COMPANY LIMITED Commerce,https://media.set.or.th/set/Documents/2024/Jun/SET50_100_H2_2024.pdf,SET50_100_H2_2024.pdf
EA,EA.BK,ENERGY ABSOLUTE PUBLIC COMPANY LIMITED Energy & Utilities,https://media.set.or.th/set/Documents/2024/Jun/SET50_100_H2_2024.pdf,SET50_100_H2_2024.pdf
EGCO,EGCO.BK,ELECTRICITY GENERATING PUBLIC COMPANY LIMITED Energy & Utilities,https://media.set.or.th/set/Documents/2024/Jun/SET50_100_H2_2024.pdf,SET50_100_H2_2024.pdf
ERW,ERW.BK,THE ERAWAN GROUP PUBLIC COMPANY LIMITED Tourism & Leisure,https://media.set.or.th/set/Documents/2024/Jun/SET50_100_H2_2024.pdf,SET50_100_H2_2024.pdf
GLOBAL,GLOBAL.BK,SIAM GLOBAL HOUSE PUBLIC COMPANY LIMITED Commerce,https://media.set.or.th/set/Documents/2024/Jun/SET50_100_H2_2024.pdf,SET50_100_H2_2024.pdf
GPSC,GPSC.BK,GLOBAL POWER SYNERGY PUBLIC COMPANY LIMITED Energy & Utilities,https://media.set.or.th/set/Documents/2024/Jun/SET50_100_H2_2024.pdf,SET50_100_H2_2024.pdf
GULF,GULF.BK,GULF ENERGY DEVELOPMENT PUBLIC COMPANY LIMITED Energy & Utilities,https://media.set.or.th/set/Documents/2024/Jun/SET50_100_H2_2024.pdf,SET50_100_H2_2024.pdf
GUNKUL,GUNKUL.BK,GUNKUL ENGINEERING PUBLIC COMPANY LIMITED Energy & UtilitiesS,https://media.set.or.th/set/Documents/2024/Jun/SET50_100_H2_2024.pdf,SET50_100_H2_2024.pdf
HANA,HANA.BK,HANA MICROELECTRONICS PUBLIC COMPANY LIMITED Electronic Components,https://media.set.or.th/set/Documents/2024/Jun/SET50_100_H2_2024.pdf,SET50_100_H2_2024.pdf
HMPRO,HMPRO.BK,HOME PRODUCT CENTER PUBLIC COMPANY LIMITED Commerce,https://media.set.or.th/set/Documents/2024/Jun/SET50_100_H2_2024.pdf,SET50_100_H2_2024.pdf
ICHI,ICHI.BK,ICHITAN GROUP PUBLIC COMPANY LIMITED Food & Beverage,https://media.set.or.th/set/Documents/2024/Jun/SET50_100_H2_2024.pdf,SET50_100_H2_2024.pdf
INTUCH,INTUCH.BK,INTOUCH HOLDINGS PUBLIC COMPANY LIMITED Information & Communication Technology,https://media.set.or.th/set/Documents/2024/Jun/SET50_100_H2_2024.pdf,SET50_100_H2_2024.pdf
IRPC,IRPC.BK,IRPC PUBLIC COMPANY LIMITED Energy & Utilities,https://media.set.or.th/set/Documents/2024/Jun/SET50_100_H2_2024.pdf,SET50_100_H2_2024.pdf
ITC,ITC.BK,i-Tail Corporation Public Company Limited Food & Beverage,https://media.set.or.th/set/Documents/2024/Jun/SET50_100_H2_2024.pdf,SET50_100_H2_2024.pdf
IVL,IVL.BK,INDORAMA VENTURES PUBLIC COMPANY LIMITED Petrochemicals & Chemicals,https://media.set.or.th/set/Documents/2024/Jun/SET50_100_H2_2024.pdf,SET50_100_H2_2024.pdf
JAS,JAS.BK,JASMINE INTERNATIONAL PUBLIC COMPANY LIMITED Information & Communication Technology,https://media.set.or.th/set/Documents/2024/Jun/SET50_100_H2_2024.pdf,SET50_100_H2_2024.pdf
JMART,JMART.BK,JAYMART GROUP HOLDINGS PUBLIC COMPANY LIMITED Information & Communication Technology,https://media.set.or.th/set/Documents/2024/Jun/SET50_100_H2_2024.pdf,SET50_100_H2_2024.pdf
JMT,JMT.BK,JMT NETWORK SERVICES PUBLIC COMPANY LIMITED Finance & Securities,https://media.set.or.th/set/Documents/2024/Jun/SET50_100_H2_2024.pdf,SET50_100_H2_2024.pdf
KBANK,KBANK.BK,KASIKORNBANK PUBLIC COMPANY LIMITED Banking,https://media.set.or.th/set/Documents/2024/Jun/SET50_100_H2_2024.pdf,SET50_100_H2_2024.pdf
KCE,KCE.BK,KCE ELECTRONICS PUBLIC COMPANY LIMITED Electronic Components,https://media.set.or.th/set/Documents/2024/Jun/SET50_100_H2_2024.pdf,SET50_100_H2_2024.pdf
KKP,KKP.BK,KIATNAKIN PHATRA BANK PUBLIC COMPANY LIMITED Banking,https://media.set.or.th/set/Documents/2024/Jun/SET50_100_H2_2024.pdf,SET50_100_H2_2024.pdf
KTB,KTB.BK,KRUNG THAI BANK PUBLIC COMPANY LIMITED Banking,https://media.set.or.th/set/Documents/2024/Jun/SET50_100_H2_2024.pdf,SET50_100_H2_2024.pdf
KTC,KTC.BK,KRUNGTHAI CARD PUBLIC COMPANY LIMITED Finance & Securities,https://media.set.or.th/set/Documents/2024/Jun/SET50_100_H2_2024.pdf,SET50_100_H2_2024.pdf
LH,LH.BK,LAND AND HOUSES PUBLIC COMPANY LIMITED Property Development,https://media.set.or.th/set/Documents/2024/Jun/SET50_100_H2_2024.pdf,SET50_100_H2_2024.pdf
M,M.BK,MK RESTAURANT GROUP PUBLIC COMPANY LIMITED Food & Beverage,https://media.set.or.th/set/Documents/2024/Jun/SET50_100_H2_2024.pdf,SET50_100_H2_2024.pdf
MBK,MBK.BK,MBK PUBLIC COMPANY LIMITED Property Development,https://media.set.or.th/set/Documents/2024/Jun/SET50_100_H2_2024.pdf,SET50_100_H2_2024.pdf
MEGA,MEGA.BK,MEGA LIFESCIENCES PUBLIC COMPANY LIMITED Commerce,https://media.set.or.th/set/Documents/2024/Jun/SET50_100_H2_2024.pdf,SET50_100_H2_2024.pdf
MINT,MINT.BK,MINOR INTERNATIONAL PUBLIC COMPANY LIMITED Tourism & Leisure,https://media.set.or.th/set/Documents/2024/Jun/SET50_100_H2_2024.pdf,SET50_100_H2_2024.pdf
MTC,MTC.BK,MUANGTHAI CAPITAL PUBLIC COMPANY LIMITED Finance & Securities,https://media.set.or.th/set/Documents/2024/Jun/SET50_100_H2_2024.pdf,SET50_100_H2_2024.pdf
OR,OR.BK,PTT OIL AND RETAIL BUSINESS PUBLIC COMPANY LIMITED Energy & Utilities,https://media.set.or.th/set/Documents/2024/Jun/SET50_100_H2_2024.pdf,SET50_100_H2_2024.pdf
OSP,OSP.BK,OSOTSPA PUBLIC COMPANY LIMITED Food & Beverage,https://media.set.or.th/set/Documents/2024/Jun/SET50_100_H2_2024.pdf,SET50_100_H2_2024.pdf
PLANB,PLANB.BK,PLAN B MEDIA PUBLIC COMPANY LIMITED Media & Publishing,https://media.set.or.th/set/Documents/2024/Jun/SET50_100_H2_2024.pdf,SET50_100_H2_2024.pdf
PRM,PRM.BK,PRIMA MARINE PUBLIC COMPANY LIMITED Transportation & Logistics,https://media.set.or.th/set/Documents/2024/Jun/SET50_100_H2_2024.pdf,SET50_100_H2_2024.pdf
PTT,PTT.BK,PTT PUBLIC COMPANY LIMITED Energy & Utilities,https://media.set.or.th/set/Documents/2024/Jun/SET50_100_H2_2024.pdf,SET50_100_H2_2024.pdf
PTTEP,PTTEP.BK,PTT EXPLORATION AND PRODUCTION PUBLIC COMPANY LIMITED Energy & Utilities,https://media.set.or.th/set/Documents/2024/Jun/SET50_100_H2_2024.pdf,SET50_100_H2_2024.pdf
PTTGC,PTTGC.BK,PTT GLOBAL CHEMICAL PUBLIC COMPANY LIMITED Petrochemicals & Chemicals,https://media.set.or.th/set/Documents/2024/Jun/SET50_100_H2_2024.pdf,SET50_100_H2_2024.pdf
QH,QH.BK,QUALITY HOUSES PUBLIC COMPANY LIMITED Property Development,https://media.set.or.th/set/Documents/2024/Jun/SET50_100_H2_2024.pdf,SET50_100_H2_2024.pdf
RATCH,RATCH.BK,RATCH GROUP PUBLIC COMPANY LIMITED Energy & Utilities,https://media.set.or.th/set/Documents/2024/Jun/SET50_100_H2_2024.pdf,SET50_100_H2_2024.pdf
RBF,RBF.BK,R&B FOOD SUPPLY PUBLIC COMPANY LIMITED Food & Beverage,https://media.set.or.th/set/Documents/2024/Jun/SET50_100_H2_2024.pdf,SET50_100_H2_2024.pdf
RCL,RCL.BK,REGIONAL CONTAINER LINES PUBLIC COMPANY LIMITED Transportation & Logistics,https://media.set.or.th/set/Documents/2024/Jun/SET50_100_H2_2024.pdf,SET50_100_H2_2024.pdf
SAPPE,SAPPE.BK,SAPPE PUBLIC COMPANY LIMITED Food & Beverage,https://media.set.or.th/set/Documents/2024/Jun/SET50_100_H2_2024.pdf,SET50_100_H2_2024.pdf
SAWAD,SAWAD.BK,SRISAWAD CORPORATION PUBLIC COMPANY LIMITED Finance & Securities,https://media.set.or.th/set/Documents/2024/Jun/SET50_100_H2_2024.pdf,SET50_100_H2_2024.pdf
SCB,SCB.BK,SCB X PUBLIC COMPANY LIMITED Banking,https://media.set.or.th/set/Documents/2024/Jun/SET50_100_H2_2024.pdf,SET50_100_H2_2024.pdf
SCC,SCC.BK,THE SIAM CEMENT PUBLIC COMPANY LIMITED Construction Materials,https://media.set.or.th/set/Documents/2024/Jun/SET50_100_H2_2024.pdf,SET50_100_H2_2024.pdf
SCGP,SCGP.BK,SCG PACKAGING PUBLIC COMPANY LIMITED Packaging,https://media.set.or.th/set/Documents/2024/Jun/SET50_100_H2_2024.pdf,SET50_100_H2_2024.pdf
SIRI,SIRI.BK,SANSIRI PUBLIC COMPANY LIMITED Property Development,https://media.set.or.th/set/Documents/2024/Jun/SET50_100_H2_2024.pdf,SET50_100_H2_2024.pdf
SISB,SISB.BK,SISB PUBLIC COMPANY LIMITED Professional Services,https://media.set.or.th/set/Documents/2024/Jun/SET50_100_H2_2024.pdf,SET50_100_H2_2024.pdf
SJWD,SJWD.BK,SCGJWD LOGISTICS PUBLIC COMPANY LIMITED Transportation & Logistics,https://media.set.or.th/set/Documents/2024/Jun/SET50_100_H2_2024.pdf,SET50_100_H2_2024.pdf
SKY,SKY.BK,SKY ICT PUBLIC COMPANY LIMITED Information & Communication Technology,https://media.set.or.th/set/Documents/2024/Jun/SET50_100_H2_2024.pdf,SET50_100_H2_2024.pdf
SPALI,SPALI.BK,SUPALAI PUBLIC COMPANY LIMITED Property Development,https://media.set.or.th/set/Documents/2024/Jun/SET50_100_H2_2024.pdf,SET50_100_H2_2024.pdf
SPRC,SPRC.BK,STAR PETROLEUM REFINING PUBLIC COMPANY LIMITED Energy & Utilities,https://media.set.or.th/set/Documents/2024/Jun/SET50_100_H2_2024.pdf,SET50_100_H2_2024.pdf
STA,STA.BK,SRI TRANG AGRO-INDUSTRY PUBLIC COMPANY LIMITED Agribusiness,https://media.set.or.th/set/Documents/2024/Jun/SET50_100_H2_2024.pdf,SET50_100_H2_2024.pdf
STGT,STGT.BK,SRI TRANG GLOVES (THAILAND) PUBLIC COMPANY LIMITED Personal Products & Pharmaceuticals,https://media.set.or.th/set/Documents/2024/Jun/SET50_100_H2_2024.pdf,SET50_100_H2_2024.pdf
TASCO,TASCO.BK,TIPCO ASPHALT PUBLIC COMPANY LIMITED Construction Materials,https://media.set.or.th/set/Documents/2024/Jun/SET50_100_H2_2024.pdf,SET50_100_H2_2024.pdf
TCAP,TCAP.BK,THANACHART CAPITAL PUBLIC COMPANY LIMITED Banking,https://media.set.or.th/set/Documents/2024/Jun/SET50_100_H2_2024.pdf,SET50_100_H2_2024.pdf
TIDLOR,TIDLOR.BK,NGERN TID LOR PUBLIC COMPANY LIMITED Finance & Securities,https://media.set.or.th/set/Documents/2024/Jun/SET50_100_H2_2024.pdf,SET50_100_H2_2024.pdf
TIPH,TIPH.BK,DHIPAYA GROUP HOLDINGS PUBLIC COMPANY LIMITED Insurance,https://media.set.or.th/set/Documents/2024/Jun/SET50_100_H2_2024.pdf,SET50_100_H2_2024.pdf
TISCO,TISCO.BK,TISCO FINANCIAL GROUP PUBLIC COMPANY LIMITED Banking,https://media.set.or.th/set/Documents/2024/Jun/SET50_100_H2_2024.pdf,SET50_100_H2_2024.pdf
TLI,TLI.BK,THAI LIFE INSURANCE PUBLIC COMPANY LIMITED Insurance,https://media.set.or.th/set/Documents/2024/Jun/SET50_100_H2_2024.pdf,SET50_100_H2_2024.pdf
TOA,TOA.BK,TOA PAINT (THAILAND) PUBLIC COMPANY LIMITED Construction Materials,https://media.set.or.th/set/Documents/2024/Jun/SET50_100_H2_2024.pdf,SET50_100_H2_2024.pdf
TOP,TOP.BK,THAI OIL PUBLIC COMPANY LIMITED Energy & Utilities,https://media.set.or.th/set/Documents/2024/Jun/SET50_100_H2_2024.pdf,SET50_100_H2_2024.pdf
TRUE,TRUE.BK,TRUE CORPORATION PUBLIC COMPANY LIMITED Information & Communication Technology,https://media.set.or.th/set/Documents/2024/Jun/SET50_100_H2_2024.pdf,SET50_100_H2_2024.pdf
TTB,TTB.BK,TMBTHANACHART BANK PUBLIC COMPANY LIMITED Banking,https://media.set.or.th/set/Documents/2024/Jun/SET50_100_H2_2024.pdf,SET50_100_H2_2024.pdf
TU,TU.BK,THAI UNION GROUP PUBLIC COMPANY LIMITED Food & Beverage,https://media.set.or.th/set/Documents/2024/Jun/SET50_100_H2_2024.pdf,SET50_100_H2_2024.pdf
VGI,VGI.BK,VGI PUBLIC COMPANY LIMITED Media & Publishing,https://media.set.or.th/set/Documents/2024/Jun/SET50_100_H2_2024.pdf,SET50_100_H2_2024.pdf
WHA,WHA.BK,WHA CORPORATION PUBLIC COMPANY LIMITED Property Development,https://media.set.or.th/set/Documents/2024/Jun/SET50_100_H2_2024.pdf,SET50_100_H2_2024.pdf
AAV,AAV.BK,ASIA AVIATION PUBLIC COMPANY LIMITED Transportation & Logistics,https://media.set.or.th/set/Documents/2023/Dec/SET50_100_H1_2024.pdf,SET50_100_H1_2024.pdf
ADVANC,ADVANC.BK,ADVANCED INFO SERVICE PUBLIC COMPANY LIMITED Information & Communication Technology,https://media.set.or.th/set/Documents/2023/Dec/SET50_100_H1_2024.pdf,SET50_100_H1_2024.pdf
AEONTS,AEONTS.BK,AEON THANA SINSAP (THAILAND) PUBLIC COMPANY LIMITED Finance & Securities,https://media.set.or.th/set/Documents/2023/Dec/SET50_100_H1_2024.pdf,SET50_100_H1_2024.pdf
AMATA,AMATA.BK,AMATA CORPORATION PUBLIC COMPANY LIMITED Property Development,https://media.set.or.th/set/Documents/2023/Dec/SET50_100_H1_2024.pdf,SET50_100_H1_2024.pdf
AOT,AOT.BK,AIRPORTS OF THAILAND PUBLIC COMPANY LIMITED Transportation & Logistics,https://media.set.or.th/set/Documents/2023/Dec/SET50_100_H1_2024.pdf,SET50_100_H1_2024.pdf
AP,AP.BK,AP (THAILAND) PUBLIC COMPANY LIMITED Property Development,https://media.set.or.th/set/Documents/2023/Dec/SET50_100_H1_2024.pdf,SET50_100_H1_2024.pdf
AURA,AURA.BK,Aurora Design Public Company Limited Fashion,https://media.set.or.th/set/Documents/2023/Dec/SET50_100_H1_2024.pdf,SET50_100_H1_2024.pdf
AWC,AWC.BK,ASSET WORLD CORP PUBLIC COMPANY LIMITED Property Development,https://media.set.or.th/set/Documents/2023/Dec/SET50_100_H1_2024.pdf,SET50_100_H1_2024.pdf
BAM,BAM.BK,BANGKOK COMMERCIAL ASSET MANAGEMENT PUBLIC COMPANY LIMITED Finance & Securities,https://media.set.or.th/set/Documents/2023/Dec/SET50_100_H1_2024.pdf,SET50_100_H1_2024.pdf
BANPU,BANPU.BK,BANPU PUBLIC COMPANY LIMITED Energy & Utilities,https://media.set.or.th/set/Documents/2023/Dec/SET50_100_H1_2024.pdf,SET50_100_H1_2024.pdf
BBL,BBL.BK,BANGKOK BANK PUBLIC COMPANY LIMITED Banking,https://media.set.or.th/set/Documents/2023/Dec/SET50_100_H1_2024.pdf,SET50_100_H1_2024.pdf
BCH,BCH.BK,BANGKOK CHAIN HOSPITAL PUBLIC COMPANY LIMITED Health Care Services,https://media.set.or.th/set/Documents/2023/Dec/SET50_100_H1_2024.pdf,SET50_100_H1_2024.pdf
BCP,BCP.BK,BANGCHAK CORPORATION PUBLIC COMPANY LIMITED Energy & Utilities,https://media.set.or.th/set/Documents/2023/Dec/SET50_100_H1_2024.pdf,SET50_100_H1_2024.pdf
BCPG,BCPG.BK,BCPG PUBLIC COMPANY LIMITED Energy & Utilities,https://media.set.or.th/set/Documents/2023/Dec/SET50_100_H1_2024.pdf,SET50_100_H1_2024.pdf
BDMS,BDMS.BK,BANGKOK DUSIT MEDICAL SERVICES PUBLIC COMPANY LIMITED Health Care Services,https://media.set.or.th/set/Documents/2023/Dec/SET50_100_H1_2024.pdf,SET50_100_H1_2024.pdf
BEM,BEM.BK,BANGKOK EXPRESSWAY AND METRO  PUBLIC COMPANY LIMITED Transportation & Logistics,https://media.set.or.th/set/Documents/2023/Dec/SET50_100_H1_2024.pdf,SET50_100_H1_2024.pdf
BGRIM,BGRIM.BK,B.GRIMM POWER PUBLIC COMPANY LIMITED Energy & Utilities,https://media.set.or.th/set/Documents/2023/Dec/SET50_100_H1_2024.pdf,SET50_100_H1_2024.pdf
BH,BH.BK,BUMRUNGRAD HOSPITAL PUBLIC COMPANY LIMITED Health Care Services,https://media.set.or.th/set/Documents/2023/Dec/SET50_100_H1_2024.pdf,SET50_100_H1_2024.pdf
BLA,BLA.BK,BANGKOK LIFE ASSURANCE PUBLIC COMPANY LIMITED Insurance,https://media.set.or.th/set/Documents/2023/Dec/SET50_100_H1_2024.pdf,SET50_100_H1_2024.pdf
BSRC,BSRC.BK,BANGCHAK SRIRACHA PUBLIC COMPANY LIMITED Energy & Utilities,https://media.set.or.th/set/Documents/2023/Dec/SET50_100_H1_2024.pdf,SET50_100_H1_2024.pdf
BTG,BTG.BK,BETAGRO PUBLIC COMPANY LIMITED Food & Beverage,https://media.set.or.th/set/Documents/2023/Dec/SET50_100_H1_2024.pdf,SET50_100_H1_2024.pdf
BTS,BTS.BK,BTS GROUP HOLDINGS PUBLIC COMPANY LIMITED Transportation & Logistics,https://media.set.or.th/set/Documents/2023/Dec/SET50_100_H1_2024.pdf,SET50_100_H1_2024.pdf
BYD,BYD.BK,BEYOND SECURITIES PUBLIC COMPANY LIMITED Finance & Securities,https://media.set.or.th/set/Documents/2023/Dec/SET50_100_H1_2024.pdf,SET50_100_H1_2024.pdf
CBG,CBG.BK,CARABAO GROUP PUBLIC COMPANY LIMITED Food & Beverage,https://media.set.or.th/set/Documents/2023/Dec/SET50_100_H1_2024.pdf,SET50_100_H1_2024.pdf
CENTEL,CENTEL.BK,CENTRAL PLAZA HOTEL PUBLIC COMPANY LIMITED Tourism & Leisure,https://media.set.or.th/set/Documents/2023/Dec/SET50_100_H1_2024.pdf,SET50_100_H1_2024.pdf
CHG,CHG.BK,CHULARAT HOSPITAL PUBLIC COMPANY LIMITED Health Care Services,https://media.set.or.th/set/Documents/2023/Dec/SET50_100_H1_2024.pdf,SET50_100_H1_2024.pdf
CK,CK.BK,CH. KARNCHANG PUBLIC COMPANY LIMITED Construction Services,https://media.set.or.th/set/Documents/2023/Dec/SET50_100_H1_2024.pdf,SET50_100_H1_2024.pdf
COM7,COM7.BK,COM7 PUBLIC COMPANY LIMITED Commerce,https://media.set.or.th/set/Documents/2023/Dec/SET50_100_H1_2024.pdf,SET50_100_H1_2024.pdf
CPALL,CPALL.BK,CP ALL PUBLIC COMPANY LIMITED Commerce,https://media.set.or.th/set/Documents/2023/Dec/SET50_100_H1_2024.pdf,SET50_100_H1_2024.pdf
CPF,CPF.BK,CHAROEN POKPHAND FOODS PUBLIC COMPANY LIMITED Food & Beverage,https://media.set.or.th/set/Documents/2023/Dec/SET50_100_H1_2024.pdf,SET50_100_H1_2024.pdf
CPN,CPN.BK,CENTRAL PATTANA PUBLIC COMPANY LIMITED Property Development,https://media.set.or.th/set/Documents/2023/Dec/SET50_100_H1_2024.pdf,SET50_100_H1_2024.pdf
CRC,CRC.BK,CENTRAL RETAIL CORPORATION PUBLIC COMPANY LIMITED Commerce,https://media.set.or.th/set/Documents/2023/Dec/SET50_100_H1_2024.pdf,SET50_100_H1_2024.pdf
DELTA,DELTA.BK,DELTA ELECTRONICS (THAILAND) PUBLIC COMPANY LIMITED Electronic Components,https://media.set.or.th/set/Documents/2023/Dec/SET50_100_H1_2024.pdf,SET50_100_H1_2024.pdf
DOHOME,DOHOME.BK,DOHOME PUBLIC COMPANY LIMITED Commerce,https://media.set.or.th/set/Documents/2023/Dec/SET50_100_H1_2024.pdf,SET50_100_H1_2024.pdf
EA,EA.BK,ENERGY ABSOLUTE PUBLIC COMPANY LIMITED Energy & Utilities,https://media.set.or.th/set/Documents/2023/Dec/SET50_100_H1_2024.pdf,SET50_100_H1_2024.pdf
EGCO,EGCO.BK,ELECTRICITY GENERATING PUBLIC COMPANY LIMITED Energy & Utilities,https://media.set.or.th/set/Documents/2023/Dec/SET50_100_H1_2024.pdf,SET50_100_H1_2024.pdf
ERW,ERW.BK,THE ERAWAN GROUP PUBLIC COMPANY LIMITED Tourism & Leisure,https://media.set.or.th/set/Documents/2023/Dec/SET50_100_H1_2024.pdf,SET50_100_H1_2024.pdf
FORTH,FORTH.BK,FORTH CORPORATION PUBLIC COMPANY LIMITED Information & Communication Technology,https://media.set.or.th/set/Documents/2023/Dec/SET50_100_H1_2024.pdf,SET50_100_H1_2024.pdf
GLOBAL,GLOBAL.BK,SIAM GLOBAL HOUSE PUBLIC COMPANY LIMITED Commerce,https://media.set.or.th/set/Documents/2023/Dec/SET50_100_H1_2024.pdf,SET50_100_H1_2024.pdf
GPSC,GPSC.BK,GLOBAL POWER SYNERGY PUBLIC COMPANY LIMITED Energy & Utilities,https://media.set.or.th/set/Documents/2023/Dec/SET50_100_H1_2024.pdf,SET50_100_H1_2024.pdf
GULF,GULF.BK,GULF ENERGY DEVELOPMENT PUBLIC COMPANY LIMITED Energy & Utilities,https://media.set.or.th/set/Documents/2023/Dec/SET50_100_H1_2024.pdf,SET50_100_H1_2024.pdf
GUNKUL,GUNKUL.BK,GUNKUL ENGINEERING PUBLIC COMPANY LIMITED Energy & Utilities,https://media.set.or.th/set/Documents/2023/Dec/SET50_100_H1_2024.pdf,SET50_100_H1_2024.pdf
HANA,HANA.BK,HANA MICROELECTRONICS PUBLIC COMPANY LIMITED Electronic Components,https://media.set.or.th/set/Documents/2023/Dec/SET50_100_H1_2024.pdf,SET50_100_H1_2024.pdf
HMPRO,HMPRO.BK,HOME PRODUCT CENTER PUBLIC COMPANY LIMITED Commerce,https://media.set.or.th/set/Documents/2023/Dec/SET50_100_H1_2024.pdf,SET50_100_H1_2024.pdf
ICHI,ICHI.BK,ICHITAN GROUP PUBLIC COMPANY LIMITED Food & Beverage,https://media.set.or.th/set/Documents/2023/Dec/SET50_100_H1_2024.pdf,SET50_100_H1_2024.pdf
INTUCH,INTUCH.BK,INTOUCH HOLDINGS PUBLIC COMPANY LIMITED Information & Communication Technology,https://media.set.or.th/set/Documents/2023/Dec/SET50_100_H1_2024.pdf,SET50_100_H1_2024.pdf
IRPC,IRPC.BK,IRPC PUBLIC COMPANY LIMITED Energy & Utilities,https://media.set.or.th/set/Documents/2023/Dec/SET50_100_H1_2024.pdf,SET50_100_H1_2024.pdf
ITC,ITC.BK,i-Tail Corporation Public Company Limited Food & Beverage,https://media.set.or.th/set/Documents/2023/Dec/SET50_100_H1_2024.pdf,SET50_100_H1_2024.pdf
IVL,IVL.BK,INDORAMA VENTURES PUBLIC COMPANY LIMITED Petrochemicals & Chemicals,https://media.set.or.th/set/Documents/2023/Dec/SET50_100_H1_2024.pdf,SET50_100_H1_2024.pdf
JMART,JMART.BK,JAYMART GROUP HOLDINGS PUBLIC COMPANY LIMITED Information & Communication Technology,https://media.set.or.th/set/Documents/2023/Dec/SET50_100_H1_2024.pdf,SET50_100_H1_2024.pdf
JMT,JMT.BK,JMT NETWORK SERVICES PUBLIC COMPANY LIMITED Finance & Securities,https://media.set.or.th/set/Documents/2023/Dec/SET50_100_H1_2024.pdf,SET50_100_H1_2024.pdf
KBANK,KBANK.BK,KASIKORNBANK PUBLIC COMPANY LIMITED Banking,https://media.set.or.th/set/Documents/2023/Dec/SET50_100_H1_2024.pdf,SET50_100_H1_2024.pdf
KCE,KCE.BK,KCE ELECTRONICS PUBLIC COMPANY LIMITED Electronic Components,https://media.set.or.th/set/Documents/2023/Dec/SET50_100_H1_2024.pdf,SET50_100_H1_2024.pdf
KKP,KKP.BK,KIATNAKIN PHATRA BANK PUBLIC COMPANY LIMITED Banking,https://media.set.or.th/set/Documents/2023/Dec/SET50_100_H1_2024.pdf,SET50_100_H1_2024.pdf
KTB,KTB.BK,KRUNG THAI BANK PUBLIC COMPANY LIMITED Banking,https://media.set.or.th/set/Documents/2023/Dec/SET50_100_H1_2024.pdf,SET50_100_H1_2024.pdf
KTC,KTC.BK,KRUNGTHAI CARD PUBLIC COMPANY LIMITED Finance & Securities,https://media.set.or.th/set/Documents/2023/Dec/SET50_100_H1_2024.pdf,SET50_100_H1_2024.pdf
LH,LH.BK,LAND AND HOUSES PUBLIC COMPANY LIMITED Property Development,https://media.set.or.th/set/Documents/2023/Dec/SET50_100_H1_2024.pdf,SET50_100_H1_2024.pdf
M,M.BK,MK RESTAURANT GROUP PUBLIC COMPANY LIMITED Food & Beverage,https://media.set.or.th/set/Documents/2023/Dec/SET50_100_H1_2024.pdf,SET50_100_H1_2024.pdf
MEGA,MEGA.BK,MEGA LIFESCIENCES PUBLIC COMPANY LIMITED Commerce,https://media.set.or.th/set/Documents/2023/Dec/SET50_100_H1_2024.pdf,SET50_100_H1_2024.pdf
MINT,MINT.BK,MINOR INTERNATIONAL PUBLIC COMPANY LIMITED Tourism & Leisure,https://media.set.or.th/set/Documents/2023/Dec/SET50_100_H1_2024.pdf,SET50_100_H1_2024.pdf
MOSHI,MOSHI.BK,Moshi Moshi Retail Corporation Public Company Limited Commerce,https://media.set.or.th/set/Documents/2023/Dec/SET50_100_H1_2024.pdf,SET50_100_H1_2024.pdf
MTC,MTC.BK,MUANGTHAI CAPITAL PUBLIC COMPANY LIMITED Finance & Securities,https://media.set.or.th/set/Documents/2023/Dec/SET50_100_H1_2024.pdf,SET50_100_H1_2024.pdf
NEX,NEX.BK,NEX POINT PUBLIC COMPANY LIMITED Automotive,https://media.set.or.th/set/Documents/2023/Dec/SET50_100_H1_2024.pdf,SET50_100_H1_2024.pdf
OR,OR.BK,PTT OIL AND RETAIL BUSINESS PUBLIC COMPANY LIMITED Energy & Utilities,https://media.set.or.th/set/Documents/2023/Dec/SET50_100_H1_2024.pdf,SET50_100_H1_2024.pdf
ORI,ORI.BK,ORIGIN PROPERTY PUBLIC COMPANY LIMITED Property Development,https://media.set.or.th/set/Documents/2023/Dec/SET50_100_H1_2024.pdf,SET50_100_H1_2024.pdf
OSP,OSP.BK,OSOTSPA PUBLIC COMPANY LIMITED Food & Beverage,https://media.set.or.th/set/Documents/2023/Dec/SET50_100_H1_2024.pdf,SET50_100_H1_2024.pdf
PLANB,PLANB.BK,PLAN B MEDIA PUBLIC COMPANY LIMITED Media & Publishing,https://media.set.or.th/set/Documents/2023/Dec/SET50_100_H1_2024.pdf,SET50_100_H1_2024.pdf
PTT,PTT.BK,PTT PUBLIC COMPANY LIMITED Energy & Utilities,https://media.set.or.th/set/Documents/2023/Dec/SET50_100_H1_2024.pdf,SET50_100_H1_2024.pdf
PTTEP,PTTEP.BK,PTT EXPLORATION AND PRODUCTION PUBLIC COMPANY LIMITED Energy & Utilities,https://media.set.or.th/set/Documents/2023/Dec/SET50_100_H1_2024.pdf,SET50_100_H1_2024.pdf
PTTGC,PTTGC.BK,PTT GLOBAL CHEMICAL PUBLIC COMPANY LIMITED Petrochemicals & Chemicals,https://media.set.or.th/set/Documents/2023/Dec/SET50_100_H1_2024.pdf,SET50_100_H1_2024.pdf
RATCH,RATCH.BK,RATCH GROUP PUBLIC COMPANY LIMITED Energy & Utilities,https://media.set.or.th/set/Documents/2023/Dec/SET50_100_H1_2024.pdf,SET50_100_H1_2024.pdf
RBF,RBF.BK,R&B FOOD SUPPLY PUBLIC COMPANY LIMITED Food & Beverage,https://media.set.or.th/set/Documents/2023/Dec/SET50_100_H1_2024.pdf,SET50_100_H1_2024.pdf
RCL,RCL.BK,REGIONAL CONTAINER LINES PUBLIC COMPANY LIMITED Transportation & Logistics,https://media.set.or.th/set/Documents/2023/Dec/SET50_100_H1_2024.pdf,SET50_100_H1_2024.pdf
SAPPE,SAPPE.BK,SAPPE PUBLIC COMPANY LIMITED Food & Beverage,https://media.set.or.th/set/Documents/2023/Dec/SET50_100_H1_2024.pdf,SET50_100_H1_2024.pdf
SAWAD,SAWAD.BK,SRISAWAD CORPORATION PUBLIC COMPANY LIMITED Finance & Securities,https://media.set.or.th/set/Documents/2023/Dec/SET50_100_H1_2024.pdf,SET50_100_H1_2024.pdf
SCB,SCB.BK,SCB X PUBLIC COMPANY LIMITED Banking,https://media.set.or.th/set/Documents/2023/Dec/SET50_100_H1_2024.pdf,SET50_100_H1_2024.pdf
SCC,SCC.BK,THE SIAM CEMENT PUBLIC COMPANY LIMITED Construction Materials,https://media.set.or.th/set/Documents/2023/Dec/SET50_100_H1_2024.pdf,SET50_100_H1_2024.pdf
SCGP,SCGP.BK,SCG PACKAGING PUBLIC COMPANY LIMITED Packaging,https://media.set.or.th/set/Documents/2023/Dec/SET50_100_H1_2024.pdf,SET50_100_H1_2024.pdf
SIRI,SIRI.BK,SANSIRI PUBLIC COMPANY LIMITED Property Development,https://media.set.or.th/set/Documents/2023/Dec/SET50_100_H1_2024.pdf,SET50_100_H1_2024.pdf
SISB,SISB.BK,SISB PUBLIC COMPANY LIMITED Professional Services,https://media.set.or.th/set/Documents/2023/Dec/SET50_100_H1_2024.pdf,SET50_100_H1_2024.pdf
SJWD,SJWD.BK,SCGJWD LOGISTICS PUBLIC COMPANY LIMITED Transportation & Logistics,https://media.set.or.th/set/Documents/2023/Dec/SET50_100_H1_2024.pdf,SET50_100_H1_2024.pdf
SNNP,SNNP.BK,SRINANAPORN MARKETING PUBLIC COMPANY LIMITED Food & Beverage,https://media.set.or.th/set/Documents/2023/Dec/SET50_100_H1_2024.pdf,SET50_100_H1_2024.pdf
SPALI,SPALI.BK,SUPALAI PUBLIC COMPANY LIMITED Property Development,https://media.set.or.th/set/Documents/2023/Dec/SET50_100_H1_2024.pdf,SET50_100_H1_2024.pdf
SPRC,SPRC.BK,STAR PETROLEUM REFINING PUBLIC COMPANY LIMITED Energy & Utilities,https://media.set.or.th/set/Documents/2023/Dec/SET50_100_H1_2024.pdf,SET50_100_H1_2024.pdf
STA,STA.BK,SRI TRANG AGRO-INDUSTRY PUBLIC COMPANY LIMITED Agribusiness,https://media.set.or.th/set/Documents/2023/Dec/SET50_100_H1_2024.pdf,SET50_100_H1_2024.pdf
STGT,STGT.BK,SRI TRANG GLOVES (THAILAND) PUBLIC COMPANY LIMITED Personal Products & Pharmaceuticals,https://media.set.or.th/set/Documents/2023/Dec/SET50_100_H1_2024.pdf,SET50_100_H1_2024.pdf
TASCO,TASCO.BK,TIPCO ASPHALT PUBLIC COMPANY LIMITED Construction Materials,https://media.set.or.th/set/Documents/2023/Dec/SET50_100_H1_2024.pdf,SET50_100_H1_2024.pdf
TCAP,TCAP.BK,THANACHART CAPITAL PUBLIC COMPANY LIMITED Banking,https://media.set.or.th/set/Documents/2023/Dec/SET50_100_H1_2024.pdf,SET50_100_H1_2024.pdf
THG,THG.BK,THONBURI HEALTHCARE GROUP PUBLIC COMPANY LIMITED Health Care Services,https://media.set.or.th/set/Documents/2023/Dec/SET50_100_H1_2024.pdf,SET50_100_H1_2024.pdf
TIDLOR,TIDLOR.BK,NGERN TID LOR PUBLIC COMPANY LIMITED Finance & Securities,https://media.set.or.th/set/Documents/2023/Dec/SET50_100_H1_2024.pdf,SET50_100_H1_2024.pdf
TISCO,TISCO.BK,TISCO FINANCIAL GROUP PUBLIC COMPANY LIMITED Banking,https://media.set.or.th/set/Documents/2023/Dec/SET50_100_H1_2024.pdf,SET50_100_H1_2024.pdf
TKN,TKN.BK,TAOKAENOI FOOD & MARKETING PUBLIC COMPANY LIMITED Food & Beverage,https://media.set.or.th/set/Documents/2023/Dec/SET50_100_H1_2024.pdf,SET50_100_H1_2024.pdf
TLI,TLI.BK,THAI LIFE INSURANCE PUBLIC COMPANY LIMITED Insurance,https://media.set.or.th/set/Documents/2023/Dec/SET50_100_H1_2024.pdf,SET50_100_H1_2024.pdf
TOA,TOA.BK,TOA PAINT (THAILAND) PUBLIC COMPANY LIMITED Construction Materials,https://media.set.or.th/set/Documents/2023/Dec/SET50_100_H1_2024.pdf,SET50_100_H1_2024.pdf
TOP,TOP.BK,THAI OIL PUBLIC COMPANY LIMITED Energy & Utilities,https://media.set.or.th/set/Documents/2023/Dec/SET50_100_H1_2024.pdf,SET50_100_H1_2024.pdf
TRUE,TRUE.BK,TRUE CORPORATION PUBLIC COMPANY LIMITED Information & Communication Technology,https://media.set.or.th/set/Documents/2023/Dec/SET50_100_H1_2024.pdf,SET50_100_H1_2024.pdf
TTB,TTB.BK,TMBTHANACHART BANK PUBLIC COMPANY LIMITED Banking,https://media.set.or.th/set/Documents/2023/Dec/SET50_100_H1_2024.pdf,SET50_100_H1_2024.pdf
TU,TU.BK,THAI UNION GROUP PUBLIC COMPANY LIMITED Food & Beverage,https://media.set.or.th/set/Documents/2023/Dec/SET50_100_H1_2024.pdf,SET50_100_H1_2024.pdf
VGI,VGI.BK,VGI PUBLIC COMPANY LIMITED Media & Publishing,https://media.set.or.th/set/Documents/2023/Dec/SET50_100_H1_2024.pdf,SET50_100_H1_2024.pdf
WHA,WHA.BK,WHA CORPORATION PUBLIC COMPANY LIMITED Property Development,https://media.set.or.th/set/Documents/2023/Dec/SET50_100_H1_2024.pdf,SET50_100_H1_2024.pdf
AAV,AAV.BK,ASIA AVIATION PUBLIC COMPANY LIMITED Transportation & Logistics,https://media.set.or.th/set/Documents/2023/Jun/SET50-SET100_H2_2023.pdf,SET50-SET100_H2_2023.pdf
ACE,ACE.BK,ABSOLUTE CLEAN ENERGY PUBLIC COMPANY LIMITED Energy & Utilities,https://media.set.or.th/set/Documents/2023/Jun/SET50-SET100_H2_2023.pdf,SET50-SET100_H2_2023.pdf
ADVANC,ADVANC.BK,ADVANCED INFO SERVICE PUBLIC COMPANY LIMITED Information & Communication Technology,https://media.set.or.th/set/Documents/2023/Jun/SET50-SET100_H2_2023.pdf,SET50-SET100_H2_2023.pdf
AMATA,AMATA.BK,AMATA CORPORATION PUBLIC COMPANY LIMITED Property Development,https://media.set.or.th/set/Documents/2023/Jun/SET50-SET100_H2_2023.pdf,SET50-SET100_H2_2023.pdf
AOT,AOT.BK,AIRPORTS OF THAILAND PUBLIC COMPANY LIMITED Transportation & Logistics,https://media.set.or.th/set/Documents/2023/Jun/SET50-SET100_H2_2023.pdf,SET50-SET100_H2_2023.pdf
AP,AP.BK,AP (THAILAND) PUBLIC COMPANY LIMITED Property Development,https://media.set.or.th/set/Documents/2023/Jun/SET50-SET100_H2_2023.pdf,SET50-SET100_H2_2023.pdf
AURA,AURA.BK,AURORA DESIGN PUBLIC COMPANY LIMITED Fashion,https://media.set.or.th/set/Documents/2023/Jun/SET50-SET100_H2_2023.pdf,SET50-SET100_H2_2023.pdf
AWC,AWC.BK,ASSET WORLD CORP PUBLIC COMPANY LIMITED Property Development,https://media.set.or.th/set/Documents/2023/Jun/SET50-SET100_H2_2023.pdf,SET50-SET100_H2_2023.pdf
BAM,BAM.BK,BANGKOK COMMERCIAL ASSET MANAGEMENT PUBLIC COMPANY,https://media.set.or.th/set/Documents/2023/Jun/SET50-SET100_H2_2023.pdf,SET50-SET100_H2_2023.pdf
BANPU,BANPU.BK,BANPU PUBLIC COMPANY LIMITED Energy & Utilities,https://media.set.or.th/set/Documents/2023/Jun/SET50-SET100_H2_2023.pdf,SET50-SET100_H2_2023.pdf
BBL,BBL.BK,BANGKOK BANK PUBLIC COMPANY LIMITED Banking,https://media.set.or.th/set/Documents/2023/Jun/SET50-SET100_H2_2023.pdf,SET50-SET100_H2_2023.pdf
BCH,BCH.BK,BANGKOK CHAIN HOSPITAL PUBLIC COMPANY LIMITED Health Care Services,https://media.set.or.th/set/Documents/2023/Jun/SET50-SET100_H2_2023.pdf,SET50-SET100_H2_2023.pdf
BCP,BCP.BK,BANGCHAK CORPORATION PUBLIC COMPANY LIMITED Energy & Utilities,https://media.set.or.th/set/Documents/2023/Jun/SET50-SET100_H2_2023.pdf,SET50-SET100_H2_2023.pdf
BCPG,BCPG.BK,BCPG PUBLIC COMPANY LIMITED Energy & Utilities,https://media.set.or.th/set/Documents/2023/Jun/SET50-SET100_H2_2023.pdf,SET50-SET100_H2_2023.pdf
BDMS,BDMS.BK,BANGKOK DUSIT MEDICAL SERVICES PUBLIC COMPANY LIMITED Health Care Services,https://media.set.or.th/set/Documents/2023/Jun/SET50-SET100_H2_2023.pdf,SET50-SET100_H2_2023.pdf
BEM,BEM.BK,BANGKOK EXPRESSWAY AND METRO  PUBLIC COMPANY LIMITED Transportation & Logistics,https://media.set.or.th/set/Documents/2023/Jun/SET50-SET100_H2_2023.pdf,SET50-SET100_H2_2023.pdf
BGRIM,BGRIM.BK,B.GRIMM POWER PUBLIC COMPANY LIMITED Energy & Utilities,https://media.set.or.th/set/Documents/2023/Jun/SET50-SET100_H2_2023.pdf,SET50-SET100_H2_2023.pdf
BH,BH.BK,BUMRUNGRAD HOSPITAL PUBLIC COMPANY LIMITED Health Care Services,https://media.set.or.th/set/Documents/2023/Jun/SET50-SET100_H2_2023.pdf,SET50-SET100_H2_2023.pdf
BLA,BLA.BK,BANGKOK LIFE ASSURANCE PUBLIC COMPANY LIMITED Insurance,https://media.set.or.th/set/Documents/2023/Jun/SET50-SET100_H2_2023.pdf,SET50-SET100_H2_2023.pdf
BTG,BTG.BK,BETAGRO PUBLIC COMPANY LIMITED Food & Beverage,https://media.set.or.th/set/Documents/2023/Jun/SET50-SET100_H2_2023.pdf,SET50-SET100_H2_2023.pdf
BTS,BTS.BK,BTS GROUP HOLDINGS PUBLIC COMPANY LIMITED Transportation & Logistics,https://media.set.or.th/set/Documents/2023/Jun/SET50-SET100_H2_2023.pdf,SET50-SET100_H2_2023.pdf
BYD,BYD.BK,BEYOND SECURITIES PUBLIC COMPANY LIMITED Finance & Securities,https://media.set.or.th/set/Documents/2023/Jun/SET50-SET100_H2_2023.pdf,SET50-SET100_H2_2023.pdf
CBG,CBG.BK,CARABAO GROUP PUBLIC COMPANY LIMITED Food & Beverage,https://media.set.or.th/set/Documents/2023/Jun/SET50-SET100_H2_2023.pdf,SET50-SET100_H2_2023.pdf
CENTEL,CENTEL.BK,CENTRAL PLAZA HOTEL PUBLIC COMPANY LIMITED Tourism & Leisure,https://media.set.or.th/set/Documents/2023/Jun/SET50-SET100_H2_2023.pdf,SET50-SET100_H2_2023.pdf
CHG,CHG.BK,CHULARAT HOSPITAL PUBLIC COMPANY LIMITED Health Care Services,https://media.set.or.th/set/Documents/2023/Jun/SET50-SET100_H2_2023.pdf,SET50-SET100_H2_2023.pdf
CK,CK.BK,CH. KARNCHANG PUBLIC COMPANY LIMITED Construction Services,https://media.set.or.th/set/Documents/2023/Jun/SET50-SET100_H2_2023.pdf,SET50-SET100_H2_2023.pdf
CKP,CKP.BK,CK POWER PUBLIC COMPANY LIMITED Energy & Utilities,https://media.set.or.th/set/Documents/2023/Jun/SET50-SET100_H2_2023.pdf,SET50-SET100_H2_2023.pdf
COM7,COM7.BK,COM7 PUBLIC COMPANY LIMITED Commerce,https://media.set.or.th/set/Documents/2023/Jun/SET50-SET100_H2_2023.pdf,SET50-SET100_H2_2023.pdf
CPALL,CPALL.BK,CP ALL PUBLIC COMPANY LIMITED Commerce,https://media.set.or.th/set/Documents/2023/Jun/SET50-SET100_H2_2023.pdf,SET50-SET100_H2_2023.pdf
CPF,CPF.BK,CHAROEN POKPHAND FOODS PUBLIC COMPANY LIMITED Food & Beverage,https://media.set.or.th/set/Documents/2023/Jun/SET50-SET100_H2_2023.pdf,SET50-SET100_H2_2023.pdf
CPN,CPN.BK,CENTRAL PATTANA PUBLIC COMPANY LIMITED Property Development,https://media.set.or.th/set/Documents/2023/Jun/SET50-SET100_H2_2023.pdf,SET50-SET100_H2_2023.pdf
CRC,CRC.BK,CENTRAL RETAIL CORPORATION PUBLIC COMPANY LIMITED Commerce,https://media.set.or.th/set/Documents/2023/Jun/SET50-SET100_H2_2023.pdf,SET50-SET100_H2_2023.pdf
DELTA,DELTA.BK,DELTA ELECTRONICS (THAILAND) PUBLIC COMPANY LIMITED Electronic Components,https://media.set.or.th/set/Documents/2023/Jun/SET50-SET100_H2_2023.pdf,SET50-SET100_H2_2023.pdf
DOHOME,DOHOME.BK,DOHOME PUBLIC COMPANY LIMITED Commerce,https://media.set.or.th/set/Documents/2023/Jun/SET50-SET100_H2_2023.pdf,SET50-SET100_H2_2023.pdf
EA,EA.BK,ENERGY ABSOLUTE PUBLIC COMPANY LIMITED Energy & Utilities,https://media.set.or.th/set/Documents/2023/Jun/SET50-SET100_H2_2023.pdf,SET50-SET100_H2_2023.pdf
EGCO,EGCO.BK,ELECTRICITY GENERATING PUBLIC COMPANY LIMITED Energy & Utilities,https://media.set.or.th/set/Documents/2023/Jun/SET50-SET100_H2_2023.pdf,SET50-SET100_H2_2023.pdf
ERW,ERW.BK,THE ERAWAN GROUP PUBLIC COMPANY LIMITED Tourism & Leisure,https://media.set.or.th/set/Documents/2023/Jun/SET50-SET100_H2_2023.pdf,SET50-SET100_H2_2023.pdf
ESSO,ESSO.BK,ESSO (THAILAND) PUBLIC COMPANY LIMITED Energy & Utilities,https://media.set.or.th/set/Documents/2023/Jun/SET50-SET100_H2_2023.pdf,SET50-SET100_H2_2023.pdf
FORTH,FORTH.BK,FORTH CORPORATION PUBLIC COMPANY LIMITED Information & Communication Technology,https://media.set.or.th/set/Documents/2023/Jun/SET50-SET100_H2_2023.pdf,SET50-SET100_H2_2023.pdf
GLOBAL,GLOBAL.BK,SIAM GLOBAL HOUSE PUBLIC COMPANY LIMITED Commerce,https://media.set.or.th/set/Documents/2023/Jun/SET50-SET100_H2_2023.pdf,SET50-SET100_H2_2023.pdf
GPSC,GPSC.BK,GLOBAL POWER SYNERGY PUBLIC COMPANY LIMITED Energy & Utilities,https://media.set.or.th/set/Documents/2023/Jun/SET50-SET100_H2_2023.pdf,SET50-SET100_H2_2023.pdf
GULF,GULF.BK,GULF ENERGY DEVELOPMENT PUBLIC COMPANY LIMITED Energy & Utilities,https://media.set.or.th/set/Documents/2023/Jun/SET50-SET100_H2_2023.pdf,SET50-SET100_H2_2023.pdf
GUNKUL,GUNKUL.BK,GUNKUL ENGINEERING PUBLIC COMPANY LIMITED Energy & Utilities,https://media.set.or.th/set/Documents/2023/Jun/SET50-SET100_H2_2023.pdf,SET50-SET100_H2_2023.pdf
HANA,HANA.BK,HANA MICROELECTRONICS PUBLIC COMPANY LIMITED Electronic Components,https://media.set.or.th/set/Documents/2023/Jun/SET50-SET100_H2_2023.pdf,SET50-SET100_H2_2023.pdf
HMPRO,HMPRO.BK,HOME PRODUCT CENTER PUBLIC COMPANY LIMITED Commerce,https://media.set.or.th/set/Documents/2023/Jun/SET50-SET100_H2_2023.pdf,SET50-SET100_H2_2023.pdf
INTUCH,INTUCH.BK,INTOUCH HOLDINGS PUBLIC COMPANY LIMITED Information & Communication Technology,https://media.set.or.th/set/Documents/2023/Jun/SET50-SET100_H2_2023.pdf,SET50-SET100_H2_2023.pdf
IRPC,IRPC.BK,IRPC PUBLIC COMPANY LIMITED Energy & Utilities,https://media.set.or.th/set/Documents/2023/Jun/SET50-SET100_H2_2023.pdf,SET50-SET100_H2_2023.pdf
IVL,IVL.BK,INDORAMA VENTURES PUBLIC COMPANY LIMITED Petrochemicals & Chemicals Reserve list of SET100,https://media.set.or.th/set/Documents/2023/Jun/SET50-SET100_H2_2023.pdf,SET50-SET100_H2_2023.pdf
JMART,JMART.BK,JAYMART GROUP HOLDINGS PUBLIC COMPANY LIMITED Information & Communication Technology,https://media.set.or.th/set/Documents/2023/Jun/SET50-SET100_H2_2023.pdf,SET50-SET100_H2_2023.pdf
JMT,JMT.BK,JMT NETWORK SERVICES PUBLIC COMPANY LIMITED Finance & Securities,https://media.set.or.th/set/Documents/2023/Jun/SET50-SET100_H2_2023.pdf,SET50-SET100_H2_2023.pdf
KBANK,KBANK.BK,KASIKORNBANK PUBLIC COMPANY LIMITED Banking,https://media.set.or.th/set/Documents/2023/Jun/SET50-SET100_H2_2023.pdf,SET50-SET100_H2_2023.pdf
KCE,KCE.BK,KCE ELECTRONICS PUBLIC COMPANY LIMITED Electronic Components,https://media.set.or.th/set/Documents/2023/Jun/SET50-SET100_H2_2023.pdf,SET50-SET100_H2_2023.pdf
KKP,KKP.BK,KIATNAKIN PHATRA BANK PUBLIC COMPANY LIMITED Banking,https://media.set.or.th/set/Documents/2023/Jun/SET50-SET100_H2_2023.pdf,SET50-SET100_H2_2023.pdf
KTB,KTB.BK,KRUNG THAI BANK PUBLIC COMPANY LIMITED Banking,https://media.set.or.th/set/Documents/2023/Jun/SET50-SET100_H2_2023.pdf,SET50-SET100_H2_2023.pdf
KTC,KTC.BK,KRUNGTHAI CARD PUBLIC COMPANY LIMITED Finance & Securities,https://media.set.or.th/set/Documents/2023/Jun/SET50-SET100_H2_2023.pdf,SET50-SET100_H2_2023.pdf
LH,LH.BK,LAND AND HOUSES PUBLIC COMPANY LIMITED Property Development,https://media.set.or.th/set/Documents/2023/Jun/SET50-SET100_H2_2023.pdf,SET50-SET100_H2_2023.pdf
MBK,MBK.BK,MBK PUBLIC COMPANY LIMITED Property Development,https://media.set.or.th/set/Documents/2023/Jun/SET50-SET100_H2_2023.pdf,SET50-SET100_H2_2023.pdf
MEGA,MEGA.BK,MEGA LIFESCIENCES PUBLIC COMPANY LIMITED Commerce,https://media.set.or.th/set/Documents/2023/Jun/SET50-SET100_H2_2023.pdf,SET50-SET100_H2_2023.pdf
MINT,MINT.BK,MINOR INTERNATIONAL PUBLIC COMPANY LIMITED Tourism & Leisure,https://media.set.or.th/set/Documents/2023/Jun/SET50-SET100_H2_2023.pdf,SET50-SET100_H2_2023.pdf
MTC,MTC.BK,MUANGTHAI CAPITAL PUBLIC COMPANY LIMITED Finance & Securities,https://media.set.or.th/set/Documents/2023/Jun/SET50-SET100_H2_2023.pdf,SET50-SET100_H2_2023.pdf
NEX,NEX.BK,NEX POINT PUBLIC COMPANY LIMITED Automotive,https://media.set.or.th/set/Documents/2023/Jun/SET50-SET100_H2_2023.pdf,SET50-SET100_H2_2023.pdf
OR,OR.BK,PTT OIL AND RETAIL BUSINESS PUBLIC COMPANY LIMITED Energy & Utilities,https://media.set.or.th/set/Documents/2023/Jun/SET50-SET100_H2_2023.pdf,SET50-SET100_H2_2023.pdf
ORI,ORI.BK,ORIGIN PROPERTY PUBLIC COMPANY LIMITED Property Development,https://media.set.or.th/set/Documents/2023/Jun/SET50-SET100_H2_2023.pdf,SET50-SET100_H2_2023.pdf
OSP,OSP.BK,OSOTSPA PUBLIC COMPANY LIMITED Food & Beverage,https://media.set.or.th/set/Documents/2023/Jun/SET50-SET100_H2_2023.pdf,SET50-SET100_H2_2023.pdf
PLANB,PLANB.BK,PLAN B MEDIA PUBLIC COMPANY LIMITED Media & Publishing,https://media.set.or.th/set/Documents/2023/Jun/SET50-SET100_H2_2023.pdf,SET50-SET100_H2_2023.pdf
PSL,PSL.BK,PRECIOUS SHIPPING PUBLIC COMPANY LIMITED Transportation & Logistics,https://media.set.or.th/set/Documents/2023/Jun/SET50-SET100_H2_2023.pdf,SET50-SET100_H2_2023.pdf
PTG,PTG.BK,PTG ENERGY PUBLIC COMPANY LIMITED Energy & Utilities,https://media.set.or.th/set/Documents/2023/Jun/SET50-SET100_H2_2023.pdf,SET50-SET100_H2_2023.pdf
PTT,PTT.BK,PTT PUBLIC COMPANY LIMITED Energy & Utilities,https://media.set.or.th/set/Documents/2023/Jun/SET50-SET100_H2_2023.pdf,SET50-SET100_H2_2023.pdf
PTTEP,PTTEP.BK,PTT EXPLORATION AND PRODUCTION PUBLIC COMPANY,https://media.set.or.th/set/Documents/2023/Jun/SET50-SET100_H2_2023.pdf,SET50-SET100_H2_2023.pdf
PTTGC,PTTGC.BK,PTT GLOBAL CHEMICAL PUBLIC COMPANY LIMITED Petrochemicals & Chemicals,https://media.set.or.th/set/Documents/2023/Jun/SET50-SET100_H2_2023.pdf,SET50-SET100_H2_2023.pdf
RATCH,RATCH.BK,RATCH GROUP PUBLIC COMPANY LIMITED Energy & Utilities,https://media.set.or.th/set/Documents/2023/Jun/SET50-SET100_H2_2023.pdf,SET50-SET100_H2_2023.pdf
RCL,RCL.BK,REGIONAL CONTAINER LINES PUBLIC COMPANY LIMITED Transportation & Logistics,https://media.set.or.th/set/Documents/2023/Jun/SET50-SET100_H2_2023.pdf,SET50-SET100_H2_2023.pdf
SABUY,SABUY.BK,SABUY TECHNOLOGY PUBLIC COMPANY LIMITED Commerce,https://media.set.or.th/set/Documents/2023/Jun/SET50-SET100_H2_2023.pdf,SET50-SET100_H2_2023.pdf
SAWAD,SAWAD.BK,SRISAWAD CORPORATION PUBLIC COMPANY LIMITED Finance & Securities,https://media.set.or.th/set/Documents/2023/Jun/SET50-SET100_H2_2023.pdf,SET50-SET100_H2_2023.pdf
SCB,SCB.BK,SCB X PUBLIC COMPANY LIMITED Banking,https://media.set.or.th/set/Documents/2023/Jun/SET50-SET100_H2_2023.pdf,SET50-SET100_H2_2023.pdf
SCC,SCC.BK,THE SIAM CEMENT PUBLIC COMPANY LIMITED Construction Materials,https://media.set.or.th/set/Documents/2023/Jun/SET50-SET100_H2_2023.pdf,SET50-SET100_H2_2023.pdf
SCGP,SCGP.BK,SCG PACKAGING PUBLIC COMPANY LIMITED Packaging,https://media.set.or.th/set/Documents/2023/Jun/SET50-SET100_H2_2023.pdf,SET50-SET100_H2_2023.pdf
SIRI,SIRI.BK,SANSIRI PUBLIC COMPANY LIMITED Property Development,https://media.set.or.th/set/Documents/2023/Jun/SET50-SET100_H2_2023.pdf,SET50-SET100_H2_2023.pdf
SJWD,SJWD.BK,SCGJWD LOGISTICS PUBLIC COMPANY LIMITED Transportation & Logistics,https://media.set.or.th/set/Documents/2023/Jun/SET50-SET100_H2_2023.pdf,SET50-SET100_H2_2023.pdf
SNNP,SNNP.BK,SRINANAPORN MARKETING PUBLIC COMPANY LIMITED Food & Beverage,https://media.set.or.th/set/Documents/2023/Jun/SET50-SET100_H2_2023.pdf,SET50-SET100_H2_2023.pdf
SPALI,SPALI.BK,SUPALAI PUBLIC COMPANY LIMITED Property Development,https://media.set.or.th/set/Documents/2023/Jun/SET50-SET100_H2_2023.pdf,SET50-SET100_H2_2023.pdf
SPRC,SPRC.BK,STAR PETROLEUM REFINING PUBLIC COMPANY LIMITED Energy & Utilities,https://media.set.or.th/set/Documents/2023/Jun/SET50-SET100_H2_2023.pdf,SET50-SET100_H2_2023.pdf
STA,STA.BK,SRI TRANG AGRO-INDUSTRY PUBLIC COMPANY LIMITED Agribusiness,https://media.set.or.th/set/Documents/2023/Jun/SET50-SET100_H2_2023.pdf,SET50-SET100_H2_2023.pdf
STEC,STEC.BK,"SINO-THAI ENGINEERING AND CONSTRUCTION PUBLIC CO.,LTD. Construction Services",https://media.set.or.th/set/Documents/2023/Jun/SET50-SET100_H2_2023.pdf,SET50-SET100_H2_2023.pdf
STGT,STGT.BK,SRI TRANG GLOVES (THAILAND) PUBLIC COMPANY LIMITED Personal Products & Pharmaceuticals,https://media.set.or.th/set/Documents/2023/Jun/SET50-SET100_H2_2023.pdf,SET50-SET100_H2_2023.pdf
TASCO,TASCO.BK,TIPCO ASPHALT PUBLIC COMPANY LIMITED Construction Materials,https://media.set.or.th/set/Documents/2023/Jun/SET50-SET100_H2_2023.pdf,SET50-SET100_H2_2023.pdf
TCAP,TCAP.BK,THANACHART CAPITAL PUBLIC COMPANY LIMITED Banking,https://media.set.or.th/set/Documents/2023/Jun/SET50-SET100_H2_2023.pdf,SET50-SET100_H2_2023.pdf
THANI,THANI.BK,RATCHTHANI LEASING PUBLIC COMPANY LIMITED Finance & Securities,https://media.set.or.th/set/Documents/2023/Jun/SET50-SET100_H2_2023.pdf,SET50-SET100_H2_2023.pdf
THG,THG.BK,THONBURI HEALTHCARE GROUP PUBLIC COMPANY LIMITED Health Care Services,https://media.set.or.th/set/Documents/2023/Jun/SET50-SET100_H2_2023.pdf,SET50-SET100_H2_2023.pdf
TIDLOR,TIDLOR.BK,NGERN TID LOR PUBLIC COMPANY LIMITED Finance & Securities,https://media.set.or.th/set/Documents/2023/Jun/SET50-SET100_H2_2023.pdf,SET50-SET100_H2_2023.pdf
TIPH,TIPH.BK,DHIPAYA GROUP HOLDINGS PUBLIC COMPANY LIMITED Insurance,https://media.set.or.th/set/Documents/2023/Jun/SET50-SET100_H2_2023.pdf,SET50-SET100_H2_2023.pdf
TISCO,TISCO.BK,TISCO FINANCIAL GROUP PUBLIC COMPANY LIMITED Banking,https://media.set.or.th/set/Documents/2023/Jun/SET50-SET100_H2_2023.pdf,SET50-SET100_H2_2023.pdf
TLI,TLI.BK,THAI LIFE INSURANCE PUBLIC COMPANY LIMITED Insurance,https://media.set.or.th/set/Documents/2023/Jun/SET50-SET100_H2_2023.pdf,SET50-SET100_H2_2023.pdf
TOP,TOP.BK,THAI OIL PUBLIC COMPANY LIMITED Energy & Utilities,https://media.set.or.th/set/Documents/2023/Jun/SET50-SET100_H2_2023.pdf,SET50-SET100_H2_2023.pdf
TQM,TQM.BK,TQM ALPHA PUBLIC COMPANY LIMITED Insurance,https://media.set.or.th/set/Documents/2023/Jun/SET50-SET100_H2_2023.pdf,SET50-SET100_H2_2023.pdf
TRUE,TRUE.BK,TRUE CORPORATION PUBLIC COMPANY LIMITED Information & Communication Technology,https://media.set.or.th/set/Documents/2023/Jun/SET50-SET100_H2_2023.pdf,SET50-SET100_H2_2023.pdf
TTB,TTB.BK,TMBTHANACHART BANK PUBLIC COMPANY LIMITED Banking,https://media.set.or.th/set/Documents/2023/Jun/SET50-SET100_H2_2023.pdf,SET50-SET100_H2_2023.pdf
TU,TU.BK,THAI UNION GROUP PUBLIC COMPANY LIMITED Food & Beverage,https://media.set.or.th/set/Documents/2023/Jun/SET50-SET100_H2_2023.pdf,SET50-SET100_H2_2023.pdf
VGI,VGI.BK,VGI PUBLIC COMPANY LIMITED Media & Publishing,https://media.set.or.th/set/Documents/2023/Jun/SET50-SET100_H2_2023.pdf,SET50-SET100_H2_2023.pdf
WHA,WHA.BK,WHA CORPORATION PUBLIC COMPANY LIMITED Property Development,https://media.set.or.th/set/Documents/2023/Jun/SET50-SET100_H2_2023.pdf,SET50-SET100_H2_2023.pdf
AAV,AAV.BK,ASIA AVIATION PUBLIC COMPANY LIMITED Transportation & Logistics,https://media.set.or.th/set/Documents/2023/Mar/SET50SET100_H1_2023_revise.pdf,SET50SET100_H1_2023_revise.pdf
ACE,ACE.BK,ABSOLUTE CLEAN ENERGY PUBLIC COMPANY LIMITED Energy & Utilities,https://media.set.or.th/set/Documents/2023/Mar/SET50SET100_H1_2023_revise.pdf,SET50SET100_H1_2023_revise.pdf
ADVANC,ADVANC.BK,ADVANCED INFO SERVICE PUBLIC COMPANY LIMITED Information & Communication Technology,https://media.set.or.th/set/Documents/2023/Mar/SET50SET100_H1_2023_revise.pdf,SET50SET100_H1_2023_revise.pdf
AMATA,AMATA.BK,AMATA CORPORATION PUBLIC COMPANY LIMITED Property Development,https://media.set.or.th/set/Documents/2023/Mar/SET50SET100_H1_2023_revise.pdf,SET50SET100_H1_2023_revise.pdf
AOT,AOT.BK,AIRPORTS OF THAILAND PUBLIC COMPANY LIMITED Transportation & Logistics,https://media.set.or.th/set/Documents/2023/Mar/SET50SET100_H1_2023_revise.pdf,SET50SET100_H1_2023_revise.pdf
AP,AP.BK,AP (THAILAND) PUBLIC COMPANY LIMITED Property Development,https://media.set.or.th/set/Documents/2023/Mar/SET50SET100_H1_2023_revise.pdf,SET50SET100_H1_2023_revise.pdf
AWC,AWC.BK,ASSET WORLD CORP PUBLIC COMPANY LIMITED Property Development,https://media.set.or.th/set/Documents/2023/Mar/SET50SET100_H1_2023_revise.pdf,SET50SET100_H1_2023_revise.pdf
BAM,BAM.BK,BANGKOK COMMERCIAL ASSET MANAGEMENT PUBLIC COMPANY,https://media.set.or.th/set/Documents/2023/Mar/SET50SET100_H1_2023_revise.pdf,SET50SET100_H1_2023_revise.pdf
BANPU,BANPU.BK,BANPU PUBLIC COMPANY LIMITED Energy & Utilities,https://media.set.or.th/set/Documents/2023/Mar/SET50SET100_H1_2023_revise.pdf,SET50SET100_H1_2023_revise.pdf
BBL,BBL.BK,BANGKOK BANK PUBLIC COMPANY LIMITED Banking,https://media.set.or.th/set/Documents/2023/Mar/SET50SET100_H1_2023_revise.pdf,SET50SET100_H1_2023_revise.pdf
BCH,BCH.BK,BANGKOK CHAIN HOSPITAL PUBLIC COMPANY LIMITED Health Care Services,https://media.set.or.th/set/Documents/2023/Mar/SET50SET100_H1_2023_revise.pdf,SET50SET100_H1_2023_revise.pdf
BCP,BCP.BK,BANGCHAK CORPORATION PUBLIC COMPANY LIMITED Energy & Utilities,https://media.set.or.th/set/Documents/2023/Mar/SET50SET100_H1_2023_revise.pdf,SET50SET100_H1_2023_revise.pdf
BCPG,BCPG.BK,BCPG PUBLIC COMPANY LIMITED Energy & Utilities,https://media.set.or.th/set/Documents/2023/Mar/SET50SET100_H1_2023_revise.pdf,SET50SET100_H1_2023_revise.pdf
BDMS,BDMS.BK,BANGKOK DUSIT MEDICAL SERVICES PUBLIC COMPANY LIMITED Health Care Services,https://media.set.or.th/set/Documents/2023/Mar/SET50SET100_H1_2023_revise.pdf,SET50SET100_H1_2023_revise.pdf
BEC,BEC.BK,BEC WORLD PUBLIC COMPANY LIMITED Media & Publishing,https://media.set.or.th/set/Documents/2023/Mar/SET50SET100_H1_2023_revise.pdf,SET50SET100_H1_2023_revise.pdf
BEM,BEM.BK,BANGKOK EXPRESSWAY AND METRO  PUBLIC COMPANY LIMITED Transportation & Logistics,https://media.set.or.th/set/Documents/2023/Mar/SET50SET100_H1_2023_revise.pdf,SET50SET100_H1_2023_revise.pdf
BGRIM,BGRIM.BK,B.GRIMM POWER PUBLIC COMPANY LIMITED Energy & Utilities,https://media.set.or.th/set/Documents/2023/Mar/SET50SET100_H1_2023_revise.pdf,SET50SET100_H1_2023_revise.pdf
BH,BH.BK,BUMRUNGRAD HOSPITAL PUBLIC COMPANY LIMITED Health Care Services,https://media.set.or.th/set/Documents/2023/Mar/SET50SET100_H1_2023_revise.pdf,SET50SET100_H1_2023_revise.pdf
BLA,BLA.BK,BANGKOK LIFE ASSURANCE PUBLIC COMPANY LIMITED Insurance,https://media.set.or.th/set/Documents/2023/Mar/SET50SET100_H1_2023_revise.pdf,SET50SET100_H1_2023_revise.pdf
BTS,BTS.BK,BTS GROUP HOLDINGS PUBLIC COMPANY LIMITED Transportation & Logistics,https://media.set.or.th/set/Documents/2023/Mar/SET50SET100_H1_2023_revise.pdf,SET50SET100_H1_2023_revise.pdf
BYD,BYD.BK,BEYOND SECURITIES PUBLIC COMPANY LIMITED Finance and Securities,https://media.set.or.th/set/Documents/2023/Mar/SET50SET100_H1_2023_revise.pdf,SET50SET100_H1_2023_revise.pdf
CBG,CBG.BK,CARABAO GROUP PUBLIC COMPANY LIMITED Food and Beverage,https://media.set.or.th/set/Documents/2023/Mar/SET50SET100_H1_2023_revise.pdf,SET50SET100_H1_2023_revise.pdf
CENTEL,CENTEL.BK,CENTRAL PLAZA HOTEL PUBLIC COMPANY LIMITED Tourism & Leisure,https://media.set.or.th/set/Documents/2023/Mar/SET50SET100_H1_2023_revise.pdf,SET50SET100_H1_2023_revise.pdf
CHG,CHG.BK,CHULARAT HOSPITAL PUBLIC COMPANY LIMITED Health Care Services,https://media.set.or.th/set/Documents/2023/Mar/SET50SET100_H1_2023_revise.pdf,SET50SET100_H1_2023_revise.pdf
CK,CK.BK,CH. KARNCHANG PUBLIC COMPANY LIMITED Construction Services,https://media.set.or.th/set/Documents/2023/Mar/SET50SET100_H1_2023_revise.pdf,SET50SET100_H1_2023_revise.pdf
CKP,CKP.BK,CK POWER PUBLIC COMPANY LIMITED Energy & Utilities,https://media.set.or.th/set/Documents/2023/Mar/SET50SET100_H1_2023_revise.pdf,SET50SET100_H1_2023_revise.pdf
COM7,COM7.BK,COM7 PUBLIC COMPANY LIMITED Commerce,https://media.set.or.th/set/Documents/2023/Mar/SET50SET100_H1_2023_revise.pdf,SET50SET100_H1_2023_revise.pdf
CPALL,CPALL.BK,CP ALL PUBLIC COMPANY LIMITED Commerce,https://media.set.or.th/set/Documents/2023/Mar/SET50SET100_H1_2023_revise.pdf,SET50SET100_H1_2023_revise.pdf
CPF,CPF.BK,CHAROEN POKPHAND FOODS PUBLIC COMPANY LIMITED Food and Beverage,https://media.set.or.th/set/Documents/2023/Mar/SET50SET100_H1_2023_revise.pdf,SET50SET100_H1_2023_revise.pdf
CPN,CPN.BK,CENTRAL PATTANA PUBLIC COMPANY LIMITED Property Development,https://media.set.or.th/set/Documents/2023/Mar/SET50SET100_H1_2023_revise.pdf,SET50SET100_H1_2023_revise.pdf
CRC,CRC.BK,CENTRAL RETAIL CORPORATION PUBLIC COMPANY LIMITED Commerce,https://media.set.or.th/set/Documents/2023/Mar/SET50SET100_H1_2023_revise.pdf,SET50SET100_H1_2023_revise.pdf
DELTA,DELTA.BK,DELTA ELECTRONICS (THAILAND) PUBLIC COMPANY LIMITED Electronic Components,https://media.set.or.th/set/Documents/2023/Mar/SET50SET100_H1_2023_revise.pdf,SET50SET100_H1_2023_revise.pdf
DOHOME,DOHOME.BK,DOHOME PUBLIC COMPANY LIMITED Commerce,https://media.set.or.th/set/Documents/2023/Mar/SET50SET100_H1_2023_revise.pdf,SET50SET100_H1_2023_revise.pdf
EA,EA.BK,ENERGY ABSOLUTE PUBLIC COMPANY LIMITED Energy & Utilities,https://media.set.or.th/set/Documents/2023/Mar/SET50SET100_H1_2023_revise.pdf,SET50SET100_H1_2023_revise.pdf
EGCO,EGCO.BK,ELECTRICITY GENERATING PUBLIC COMPANY LIMITED Energy & Utilities,https://media.set.or.th/set/Documents/2023/Mar/SET50SET100_H1_2023_revise.pdf,SET50SET100_H1_2023_revise.pdf
EPG,EPG.BK,EASTERN POLYMER GROUP PUBLIC COMPANY LIMITED Construction Materials,https://media.set.or.th/set/Documents/2023/Mar/SET50SET100_H1_2023_revise.pdf,SET50SET100_H1_2023_revise.pdf
ESSO,ESSO.BK,ESSO (THAILAND) PUBLIC COMPANY LIMITED Energy & Utilities,https://media.set.or.th/set/Documents/2023/Mar/SET50SET100_H1_2023_revise.pdf,SET50SET100_H1_2023_revise.pdf
FORTH,FORTH.BK,FORTH CORPORATION PUBLIC COMPANY LIMITED Information & Communication Technology,https://media.set.or.th/set/Documents/2023/Mar/SET50SET100_H1_2023_revise.pdf,SET50SET100_H1_2023_revise.pdf
GLOBAL,GLOBAL.BK,SIAM GLOBAL HOUSE PUBLIC COMPANY LIMITED Commerce,https://media.set.or.th/set/Documents/2023/Mar/SET50SET100_H1_2023_revise.pdf,SET50SET100_H1_2023_revise.pdf
GPSC,GPSC.BK,GLOBAL POWER SYNERGY PUBLIC COMPANY LIMITED Energy & Utilities,https://media.set.or.th/set/Documents/2023/Mar/SET50SET100_H1_2023_revise.pdf,SET50SET100_H1_2023_revise.pdf
GULF,GULF.BK,GULF ENERGY DEVELOPMENT PUBLIC COMPANY LIMITED Energy & Utilities,https://media.set.or.th/set/Documents/2023/Mar/SET50SET100_H1_2023_revise.pdf,SET50SET100_H1_2023_revise.pdf
GUNKUL,GUNKUL.BK,GUNKUL ENGINEERING PUBLIC COMPANY LIMITED Energy & Utilities,https://media.set.or.th/set/Documents/2023/Mar/SET50SET100_H1_2023_revise.pdf,SET50SET100_H1_2023_revise.pdf
HANA,HANA.BK,HANA MICROELECTRONICS PUBLIC COMPANY LIMITED Electronic Components,https://media.set.or.th/set/Documents/2023/Mar/SET50SET100_H1_2023_revise.pdf,SET50SET100_H1_2023_revise.pdf
HMPRO,HMPRO.BK,HOME PRODUCT CENTER PUBLIC COMPANY LIMITED Commerce,https://media.set.or.th/set/Documents/2023/Mar/SET50SET100_H1_2023_revise.pdf,SET50SET100_H1_2023_revise.pdf
INTUCH,INTUCH.BK,INTOUCH HOLDINGS PUBLIC COMPANY LIMITED Information & Communication Technology,https://media.set.or.th/set/Documents/2023/Mar/SET50SET100_H1_2023_revise.pdf,SET50SET100_H1_2023_revise.pdf
IRPC,IRPC.BK,IRPC PUBLIC COMPANY LIMITED Energy & Utilities,https://media.set.or.th/set/Documents/2023/Mar/SET50SET100_H1_2023_revise.pdf,SET50SET100_H1_2023_revise.pdf
IVL,IVL.BK,INDORAMA VENTURES PUBLIC COMPANY LIMITED Petrochemicals & Chemicals,https://media.set.or.th/set/Documents/2023/Mar/SET50SET100_H1_2023_revise.pdf,SET50SET100_H1_2023_revise.pdf
JAS,JAS.BK,JASMINE INTERNATIONAL PUBLIC COMPANY LIMITED Information & Communication Technology Reserve list of SET100,https://media.set.or.th/set/Documents/2023/Mar/SET50SET100_H1_2023_revise.pdf,SET50SET100_H1_2023_revise.pdf
JMART,JMART.BK,JAY MART PUBLIC COMPANY LIMITED Information & Communication Technology,https://media.set.or.th/set/Documents/2023/Mar/SET50SET100_H1_2023_revise.pdf,SET50SET100_H1_2023_revise.pdf
JMT,JMT.BK,JMT NETWORK SERVICES PUBLIC COMPANY LIMITED Finance and Securities,https://media.set.or.th/set/Documents/2023/Mar/SET50SET100_H1_2023_revise.pdf,SET50SET100_H1_2023_revise.pdf
KBANK,KBANK.BK,KASIKORNBANK PUBLIC COMPANY LIMITED Banking,https://media.set.or.th/set/Documents/2023/Mar/SET50SET100_H1_2023_revise.pdf,SET50SET100_H1_2023_revise.pdf
KCE,KCE.BK,KCE ELECTRONICS PUBLIC COMPANY LIMITED Electronic Components 0,https://media.set.or.th/set/Documents/2023/Mar/SET50SET100_H1_2023_revise.pdf,SET50SET100_H1_2023_revise.pdf
KEX,KEX.BK,KERRY EXPRESS (THAILAND) PUBLIC COMPANY LIMITED Transportation & Logistics 0,https://media.set.or.th/set/Documents/2023/Mar/SET50SET100_H1_2023_revise.pdf,SET50SET100_H1_2023_revise.pdf
KKP,KKP.BK,KIATNAKIN PHATRA BANK PUBLIC COMPANY LIMITED Banking,https://media.set.or.th/set/Documents/2023/Mar/SET50SET100_H1_2023_revise.pdf,SET50SET100_H1_2023_revise.pdf
KTB,KTB.BK,KRUNG THAI BANK PUBLIC COMPANY LIMITED Banking,https://media.set.or.th/set/Documents/2023/Mar/SET50SET100_H1_2023_revise.pdf,SET50SET100_H1_2023_revise.pdf
KTC,KTC.BK,KRUNGTHAI CARD PUBLIC COMPANY LIMITED Finance and Securities,https://media.set.or.th/set/Documents/2023/Mar/SET50SET100_H1_2023_revise.pdf,SET50SET100_H1_2023_revise.pdf
LH,LH.BK,LAND AND HOUSES PUBLIC COMPANY LIMITED Property Development,https://media.set.or.th/set/Documents/2023/Mar/SET50SET100_H1_2023_revise.pdf,SET50SET100_H1_2023_revise.pdf
MEGA,MEGA.BK,MEGA LIFESCIENCES PUBLIC COMPANY LIMITED Commerce,https://media.set.or.th/set/Documents/2023/Mar/SET50SET100_H1_2023_revise.pdf,SET50SET100_H1_2023_revise.pdf
MINT,MINT.BK,MINOR INTERNATIONAL PUBLIC COMPANY LIMITED Food and Beverage,https://media.set.or.th/set/Documents/2023/Mar/SET50SET100_H1_2023_revise.pdf,SET50SET100_H1_2023_revise.pdf
MTC,MTC.BK,MUANGTHAI CAPITAL PUBLIC COMPANY LIMITED Finance and Securities,https://media.set.or.th/set/Documents/2023/Mar/SET50SET100_H1_2023_revise.pdf,SET50SET100_H1_2023_revise.pdf
NEX,NEX.BK,NEX POINT PUBLIC COMPANY LIMITED Electronic Components,https://media.set.or.th/set/Documents/2023/Mar/SET50SET100_H1_2023_revise.pdf,SET50SET100_H1_2023_revise.pdf
ONEE,ONEE.BK,THE ONE ENTERPRISE PUBLIC COMPANY LIMITED Media & Publishing,https://media.set.or.th/set/Documents/2023/Mar/SET50SET100_H1_2023_revise.pdf,SET50SET100_H1_2023_revise.pdf
OR,OR.BK,PTT OIL AND RETAIL BUSINESS PUBLIC COMPANY LIMITED Energy & Utilities,https://media.set.or.th/set/Documents/2023/Mar/SET50SET100_H1_2023_revise.pdf,SET50SET100_H1_2023_revise.pdf
ORI,ORI.BK,ORIGIN PROPERTY PUBLIC COMPANY LIMITED Property Development,https://media.set.or.th/set/Documents/2023/Mar/SET50SET100_H1_2023_revise.pdf,SET50SET100_H1_2023_revise.pdf
OSP,OSP.BK,OSOTSPA PUBLIC COMPANY LIMITED Food and Beverage,https://media.set.or.th/set/Documents/2023/Mar/SET50SET100_H1_2023_revise.pdf,SET50SET100_H1_2023_revise.pdf
PLANB,PLANB.BK,PLAN B MEDIA PUBLIC COMPANY LIMITED Media & Publishing,https://media.set.or.th/set/Documents/2023/Mar/SET50SET100_H1_2023_revise.pdf,SET50SET100_H1_2023_revise.pdf
PSL,PSL.BK,PRECIOUS SHIPPING PUBLIC COMPANY LIMITED Transportation & Logistics,https://media.set.or.th/set/Documents/2023/Mar/SET50SET100_H1_2023_revise.pdf,SET50SET100_H1_2023_revise.pdf
PTG,PTG.BK,PTG ENERGY PUBLIC COMPANY LIMITED Energy & Utilities,https://media.set.or.th/set/Documents/2023/Mar/SET50SET100_H1_2023_revise.pdf,SET50SET100_H1_2023_revise.pdf
PTT,PTT.BK,PTT PUBLIC COMPANY LIMITED Energy & Utilities,https://media.set.or.th/set/Documents/2023/Mar/SET50SET100_H1_2023_revise.pdf,SET50SET100_H1_2023_revise.pdf
PTTEP,PTTEP.BK,PTT EXPLORATION AND PRODUCTION PUBLIC COMPANY,https://media.set.or.th/set/Documents/2023/Mar/SET50SET100_H1_2023_revise.pdf,SET50SET100_H1_2023_revise.pdf
PTTGC,PTTGC.BK,PTT GLOBAL CHEMICAL PUBLIC COMPANY LIMITED Petrochemicals & Chemicals,https://media.set.or.th/set/Documents/2023/Mar/SET50SET100_H1_2023_revise.pdf,SET50SET100_H1_2023_revise.pdf
QH,QH.BK,QUALITY HOUSES PUBLIC COMPANY LIMITED Property Development,https://media.set.or.th/set/Documents/2023/Mar/SET50SET100_H1_2023_revise.pdf,SET50SET100_H1_2023_revise.pdf
RATCH,RATCH.BK,RATCH GROUP PUBLIC COMPANY LIMITED Energy & Utilities,https://media.set.or.th/set/Documents/2023/Mar/SET50SET100_H1_2023_revise.pdf,SET50SET100_H1_2023_revise.pdf
RBF,RBF.BK,R&B FOOD SUPPLY PUBLIC COMPANY LIMITED Food and Beverage,https://media.set.or.th/set/Documents/2023/Mar/SET50SET100_H1_2023_revise.pdf,SET50SET100_H1_2023_revise.pdf
RCL,RCL.BK,REGIONAL CONTAINER LINES PUBLIC COMPANY LIMITED Transportation & Logistics,https://media.set.or.th/set/Documents/2023/Mar/SET50SET100_H1_2023_revise.pdf,SET50SET100_H1_2023_revise.pdf
SABUY,SABUY.BK,SABUY TECHNOLOGY PUBLIC COMPANY LIMITED Commerce,https://media.set.or.th/set/Documents/2023/Mar/SET50SET100_H1_2023_revise.pdf,SET50SET100_H1_2023_revise.pdf
SAWAD,SAWAD.BK,SRISAWAD CORPORATION PUBLIC COMPANY LIMITED Finance and Securities,https://media.set.or.th/set/Documents/2023/Mar/SET50SET100_H1_2023_revise.pdf,SET50SET100_H1_2023_revise.pdf
SCB,SCB.BK,SCB X PUBLIC COMPANY LIMITED Banking,https://media.set.or.th/set/Documents/2023/Mar/SET50SET100_H1_2023_revise.pdf,SET50SET100_H1_2023_revise.pdf
SCC,SCC.BK,THE SIAM CEMENT PUBLIC COMPANY LIMITED Construction Materials,https://media.set.or.th/set/Documents/2023/Mar/SET50SET100_H1_2023_revise.pdf,SET50SET100_H1_2023_revise.pdf
SCGP,SCGP.BK,SCG PACKAGING PUBLIC COMPANY LIMITED Packaging,https://media.set.or.th/set/Documents/2023/Mar/SET50SET100_H1_2023_revise.pdf,SET50SET100_H1_2023_revise.pdf
SINGER,SINGER.BK,SINGER THAILAND PUBLIC COMPANY LIMITED Commerce,https://media.set.or.th/set/Documents/2023/Mar/SET50SET100_H1_2023_revise.pdf,SET50SET100_H1_2023_revise.pdf
SIRI,SIRI.BK,SANSIRI PUBLIC COMPANY LIMITED Property Development,https://media.set.or.th/set/Documents/2023/Mar/SET50SET100_H1_2023_revise.pdf,SET50SET100_H1_2023_revise.pdf
SJWD,SJWD.BK,SCGJWD LOGISTICS PUBLIC COMPANY LIMITED Transportation & Logistics,https://media.set.or.th/set/Documents/2023/Mar/SET50SET100_H1_2023_revise.pdf,SET50SET100_H1_2023_revise.pdf
SPALI,SPALI.BK,SUPALAI PUBLIC COMPANY LIMITED Property Development,https://media.set.or.th/set/Documents/2023/Mar/SET50SET100_H1_2023_revise.pdf,SET50SET100_H1_2023_revise.pdf
SPRC,SPRC.BK,STAR PETROLEUM REFINING PUBLIC COMPANY LIMITED Energy & Utilities,https://media.set.or.th/set/Documents/2023/Mar/SET50SET100_H1_2023_revise.pdf,SET50SET100_H1_2023_revise.pdf
STA,STA.BK,SRI TRANG AGRO-INDUSTRY PUBLIC COMPANY LIMITED Agribusiness,https://media.set.or.th/set/Documents/2023/Mar/SET50SET100_H1_2023_revise.pdf,SET50SET100_H1_2023_revise.pdf
STGT,STGT.BK,SRI TRANG GLOVES (THAILAND) PUBLIC COMPANY LIMITED Personal Products & Pharmaceuticals,https://media.set.or.th/set/Documents/2023/Mar/SET50SET100_H1_2023_revise.pdf,SET50SET100_H1_2023_revise.pdf
TCAP,TCAP.BK,THANACHART CAPITAL PUBLIC COMPANY LIMITED Banking,https://media.set.or.th/set/Documents/2023/Mar/SET50SET100_H1_2023_revise.pdf,SET50SET100_H1_2023_revise.pdf
THANI,THANI.BK,RATCHTHANI LEASING PUBLIC COMPANY LIMITED Finance and Securities,https://media.set.or.th/set/Documents/2023/Mar/SET50SET100_H1_2023_revise.pdf,SET50SET100_H1_2023_revise.pdf
THG,THG.BK,THONBURI HEALTHCARE GROUP PUBLIC COMPANY LIMITED Health Care Services,https://media.set.or.th/set/Documents/2023/Mar/SET50SET100_H1_2023_revise.pdf,SET50SET100_H1_2023_revise.pdf
TIDLOR,TIDLOR.BK,NGERN TID LOR PUBLIC COMPANY LIMITED Finance and Securities,https://media.set.or.th/set/Documents/2023/Mar/SET50SET100_H1_2023_revise.pdf,SET50SET100_H1_2023_revise.pdf
TIPH,TIPH.BK,DHIPAYA GROUP HOLDINGS PUBLIC COMPANY LIMITED Insurance,https://media.set.or.th/set/Documents/2023/Mar/SET50SET100_H1_2023_revise.pdf,SET50SET100_H1_2023_revise.pdf
TISCO,TISCO.BK,TISCO FINANCIAL GROUP PUBLIC COMPANY LIMITED Banking,https://media.set.or.th/set/Documents/2023/Mar/SET50SET100_H1_2023_revise.pdf,SET50SET100_H1_2023_revise.pdf
TOP,TOP.BK,THAI OIL PUBLIC COMPANY LIMITED Energy & Utilities,https://media.set.or.th/set/Documents/2023/Mar/SET50SET100_H1_2023_revise.pdf,SET50SET100_H1_2023_revise.pdf
TQM,TQM.BK,TQM ALPHA PUBLIC COMPANY LIMITED Insurance,https://media.set.or.th/set/Documents/2023/Mar/SET50SET100_H1_2023_revise.pdf,SET50SET100_H1_2023_revise.pdf
TRUE,TRUE.BK,TRUE CORPORATION PUBLIC COMPANY LIMITED Information & Communication Technology,https://media.set.or.th/set/Documents/2023/Mar/SET50SET100_H1_2023_revise.pdf,SET50SET100_H1_2023_revise.pdf
TTB,TTB.BK,TMBTHANACHART BANK PUBLIC COMPANY LIMITED Banking,https://media.set.or.th/set/Documents/2023/Mar/SET50SET100_H1_2023_revise.pdf,SET50SET100_H1_2023_revise.pdf
TU,TU.BK,THAI UNION GROUP PUBLIC COMPANY LIMITED Food and Beverage,https://media.set.or.th/set/Documents/2023/Mar/SET50SET100_H1_2023_revise.pdf,SET50SET100_H1_2023_revise.pdf
VGI,VGI.BK,VGI PUBLIC COMPANY LIMITED Media & Publishing,https://media.set.or.th/set/Documents/2023/Mar/SET50SET100_H1_2023_revise.pdf,SET50SET100_H1_2023_revise.pdf
WHA,WHA.BK,WHA CORPORATION PUBLIC COMPANY LIMITED Property Development,https://media.set.or.th/set/Documents/2023/Mar/SET50SET100_H1_2023_revise.pdf,SET50SET100_H1_2023_revise.pdf
AAV,AAV.BK,ASIA AVIATION PUBLIC COMPANY LIMITED Transportation & Logistics,https://media.set.or.th/set/Documents/2022/Dec/SET50_100_H1_2023.pdf,SET50_100_H1_2023.pdf
ACE,ACE.BK,ABSOLUTE CLEAN ENERGY PUBLIC COMPANY LIMITED Energy & Utilities,https://media.set.or.th/set/Documents/2022/Dec/SET50_100_H1_2023.pdf,SET50_100_H1_2023.pdf
ADVANC,ADVANC.BK,ADVANCED INFO SERVICE PUBLIC COMPANY LIMITED Information & Communication Technology,https://media.set.or.th/set/Documents/2022/Dec/SET50_100_H1_2023.pdf,SET50_100_H1_2023.pdf
AMATA,AMATA.BK,AMATA CORPORATION PUBLIC COMPANY LIMITED Property Development,https://media.set.or.th/set/Documents/2022/Dec/SET50_100_H1_2023.pdf,SET50_100_H1_2023.pdf
AOT,AOT.BK,AIRPORTS OF THAILAND PUBLIC COMPANY LIMITED Transportation & Logistics,https://media.set.or.th/set/Documents/2022/Dec/SET50_100_H1_2023.pdf,SET50_100_H1_2023.pdf
AP,AP.BK,AP (THAILAND) PUBLIC COMPANY LIMITED Property Development,https://media.set.or.th/set/Documents/2022/Dec/SET50_100_H1_2023.pdf,SET50_100_H1_2023.pdf
AWC,AWC.BK,ASSET WORLD CORP PUBLIC COMPANY LIMITED Property Development,https://media.set.or.th/set/Documents/2022/Dec/SET50_100_H1_2023.pdf,SET50_100_H1_2023.pdf
BAM,BAM.BK,BANGKOK COMMERCIAL ASSET MANAGEMENT PUBLIC COMPANY,https://media.set.or.th/set/Documents/2022/Dec/SET50_100_H1_2023.pdf,SET50_100_H1_2023.pdf
BANPU,BANPU.BK,BANPU PUBLIC COMPANY LIMITED Energy & Utilities,https://media.set.or.th/set/Documents/2022/Dec/SET50_100_H1_2023.pdf,SET50_100_H1_2023.pdf
BBL,BBL.BK,BANGKOK BANK PUBLIC COMPANY LIMITED Banking,https://media.set.or.th/set/Documents/2022/Dec/SET50_100_H1_2023.pdf,SET50_100_H1_2023.pdf
BCH,BCH.BK,BANGKOK CHAIN HOSPITAL PUBLIC COMPANY LIMITED Health Care Services,https://media.set.or.th/set/Documents/2022/Dec/SET50_100_H1_2023.pdf,SET50_100_H1_2023.pdf
BCP,BCP.BK,BANGCHAK CORPORATION PUBLIC COMPANY LIMITED Energy & Utilities,https://media.set.or.th/set/Documents/2022/Dec/SET50_100_H1_2023.pdf,SET50_100_H1_2023.pdf
BCPG,BCPG.BK,BCPG PUBLIC COMPANY LIMITED Energy & Utilities,https://media.set.or.th/set/Documents/2022/Dec/SET50_100_H1_2023.pdf,SET50_100_H1_2023.pdf
BDMS,BDMS.BK,BANGKOK DUSIT MEDICAL SERVICES PUBLIC COMPANY LIMITED Health Care Services,https://media.set.or.th/set/Documents/2022/Dec/SET50_100_H1_2023.pdf,SET50_100_H1_2023.pdf
BEC,BEC.BK,BEC WORLD PUBLIC COMPANY LIMITED Media & Publishing,https://media.set.or.th/set/Documents/2022/Dec/SET50_100_H1_2023.pdf,SET50_100_H1_2023.pdf
BEM,BEM.BK,BANGKOK EXPRESSWAY AND METRO  PUBLIC COMPANY LIMITED Transportation & Logistics,https://media.set.or.th/set/Documents/2022/Dec/SET50_100_H1_2023.pdf,SET50_100_H1_2023.pdf
BGRIM,BGRIM.BK,B.GRIMM POWER PUBLIC COMPANY LIMITED Energy & Utilities,https://media.set.or.th/set/Documents/2022/Dec/SET50_100_H1_2023.pdf,SET50_100_H1_2023.pdf
BH,BH.BK,BUMRUNGRAD HOSPITAL PUBLIC COMPANY LIMITED Health Care Services,https://media.set.or.th/set/Documents/2022/Dec/SET50_100_H1_2023.pdf,SET50_100_H1_2023.pdf
BLA,BLA.BK,BANGKOK LIFE ASSURANCE PUBLIC COMPANY LIMITED Insurance,https://media.set.or.th/set/Documents/2022/Dec/SET50_100_H1_2023.pdf,SET50_100_H1_2023.pdf
BTS,BTS.BK,BTS GROUP HOLDINGS PUBLIC COMPANY LIMITED Transportation & Logistics,https://media.set.or.th/set/Documents/2022/Dec/SET50_100_H1_2023.pdf,SET50_100_H1_2023.pdf
BYD,BYD.BK,BEYOND SECURITIES PUBLIC COMPANY LIMITED Finance and Securities,https://media.set.or.th/set/Documents/2022/Dec/SET50_100_H1_2023.pdf,SET50_100_H1_2023.pdf
CBG,CBG.BK,CARABAO GROUP PUBLIC COMPANY LIMITED Food and Beverage,https://media.set.or.th/set/Documents/2022/Dec/SET50_100_H1_2023.pdf,SET50_100_H1_2023.pdf
CENTEL,CENTEL.BK,CENTRAL PLAZA HOTEL PUBLIC COMPANY LIMITED Tourism & Leisure,https://media.set.or.th/set/Documents/2022/Dec/SET50_100_H1_2023.pdf,SET50_100_H1_2023.pdf
CHG,CHG.BK,CHULARAT HOSPITAL PUBLIC COMPANY LIMITED Health Care Services,https://media.set.or.th/set/Documents/2022/Dec/SET50_100_H1_2023.pdf,SET50_100_H1_2023.pdf
CK,CK.BK,CH. KARNCHANG PUBLIC COMPANY LIMITED Construction Services,https://media.set.or.th/set/Documents/2022/Dec/SET50_100_H1_2023.pdf,SET50_100_H1_2023.pdf
CKP,CKP.BK,CK POWER PUBLIC COMPANY LIMITED Energy & Utilities,https://media.set.or.th/set/Documents/2022/Dec/SET50_100_H1_2023.pdf,SET50_100_H1_2023.pdf
COM7,COM7.BK,COM7 PUBLIC COMPANY LIMITED Commerce,https://media.set.or.th/set/Documents/2022/Dec/SET50_100_H1_2023.pdf,SET50_100_H1_2023.pdf
CPALL,CPALL.BK,CP ALL PUBLIC COMPANY LIMITED Commerce,https://media.set.or.th/set/Documents/2022/Dec/SET50_100_H1_2023.pdf,SET50_100_H1_2023.pdf
CPF,CPF.BK,CHAROEN POKPHAND FOODS PUBLIC COMPANY LIMITED Food and Beverage,https://media.set.or.th/set/Documents/2022/Dec/SET50_100_H1_2023.pdf,SET50_100_H1_2023.pdf
CPN,CPN.BK,CENTRAL PATTANA PUBLIC COMPANY LIMITED Property Development,https://media.set.or.th/set/Documents/2022/Dec/SET50_100_H1_2023.pdf,SET50_100_H1_2023.pdf
CRC,CRC.BK,CENTRAL RETAIL CORPORATION PUBLIC COMPANY LIMITED Commerce,https://media.set.or.th/set/Documents/2022/Dec/SET50_100_H1_2023.pdf,SET50_100_H1_2023.pdf
DELTA,DELTA.BK,DELTA ELECTRONICS (THAILAND) PUBLIC COMPANY LIMITED Electronic Components,https://media.set.or.th/set/Documents/2022/Dec/SET50_100_H1_2023.pdf,SET50_100_H1_2023.pdf
DOHOME,DOHOME.BK,DOHOME PUBLIC COMPANY LIMITED Commerce,https://media.set.or.th/set/Documents/2022/Dec/SET50_100_H1_2023.pdf,SET50_100_H1_2023.pdf
DTAC,DTAC.BK,TOTAL ACCESS COMMUNICATION PUBLIC COMPANY LIMITED Information & Communication Technology,https://media.set.or.th/set/Documents/2022/Dec/SET50_100_H1_2023.pdf,SET50_100_H1_2023.pdf
EA,EA.BK,ENERGY ABSOLUTE PUBLIC COMPANY LIMITED Energy & Utilities,https://media.set.or.th/set/Documents/2022/Dec/SET50_100_H1_2023.pdf,SET50_100_H1_2023.pdf
EGCO,EGCO.BK,ELECTRICITY GENERATING PUBLIC COMPANY LIMITED Energy & Utilities,https://media.set.or.th/set/Documents/2022/Dec/SET50_100_H1_2023.pdf,SET50_100_H1_2023.pdf
EPG,EPG.BK,EASTERN POLYMER GROUP PUBLIC COMPANY LIMITED Construction Materials,https://media.set.or.th/set/Documents/2022/Dec/SET50_100_H1_2023.pdf,SET50_100_H1_2023.pdf
ESSO,ESSO.BK,ESSO (THAILAND) PUBLIC COMPANY LIMITED Energy & Utilities,https://media.set.or.th/set/Documents/2022/Dec/SET50_100_H1_2023.pdf,SET50_100_H1_2023.pdf
FORTH,FORTH.BK,FORTH CORPORATION PUBLIC COMPANY LIMITED Information & Communication Technology,https://media.set.or.th/set/Documents/2022/Dec/SET50_100_H1_2023.pdf,SET50_100_H1_2023.pdf
GLOBAL,GLOBAL.BK,SIAM GLOBAL HOUSE PUBLIC COMPANY LIMITED Commerce,https://media.set.or.th/set/Documents/2022/Dec/SET50_100_H1_2023.pdf,SET50_100_H1_2023.pdf
GPSC,GPSC.BK,GLOBAL POWER SYNERGY PUBLIC COMPANY LIMITED Energy & Utilities,https://media.set.or.th/set/Documents/2022/Dec/SET50_100_H1_2023.pdf,SET50_100_H1_2023.pdf
GULF,GULF.BK,GULF ENERGY DEVELOPMENT PUBLIC COMPANY LIMITED Energy & Utilities,https://media.set.or.th/set/Documents/2022/Dec/SET50_100_H1_2023.pdf,SET50_100_H1_2023.pdf
GUNKUL,GUNKUL.BK,GUNKUL ENGINEERING PUBLIC COMPANY LIMITED Energy & Utilities,https://media.set.or.th/set/Documents/2022/Dec/SET50_100_H1_2023.pdf,SET50_100_H1_2023.pdf
HANA,HANA.BK,HANA MICROELECTRONICS PUBLIC COMPANY LIMITED Electronic Components,https://media.set.or.th/set/Documents/2022/Dec/SET50_100_H1_2023.pdf,SET50_100_H1_2023.pdf
HMPRO,HMPRO.BK,HOME PRODUCT CENTER PUBLIC COMPANY LIMITED Commerce,https://media.set.or.th/set/Documents/2022/Dec/SET50_100_H1_2023.pdf,SET50_100_H1_2023.pdf
INTUCH,INTUCH.BK,INTOUCH HOLDINGS PUBLIC COMPANY LIMITED Information & Communication Technology,https://media.set.or.th/set/Documents/2022/Dec/SET50_100_H1_2023.pdf,SET50_100_H1_2023.pdf
IRPC,IRPC.BK,IRPC PUBLIC COMPANY LIMITED Energy & Utilities,https://media.set.or.th/set/Documents/2022/Dec/SET50_100_H1_2023.pdf,SET50_100_H1_2023.pdf
IVL,IVL.BK,INDORAMA VENTURES PUBLIC COMPANY LIMITED Petrochemicals & Chemicals Reserve list of SET100,https://media.set.or.th/set/Documents/2022/Dec/SET50_100_H1_2023.pdf,SET50_100_H1_2023.pdf
JAS,JAS.BK,JASMINE INTERNATIONAL PUBLIC COMPANY LIMITED Information & Communication Technology,https://media.set.or.th/set/Documents/2022/Dec/SET50_100_H1_2023.pdf,SET50_100_H1_2023.pdf
JMART,JMART.BK,JAY MART PUBLIC COMPANY LIMITED Information & Communication Technology,https://media.set.or.th/set/Documents/2022/Dec/SET50_100_H1_2023.pdf,SET50_100_H1_2023.pdf
JMT,JMT.BK,JMT NETWORK SERVICES PUBLIC COMPANY LIMITED Finance and Securities,https://media.set.or.th/set/Documents/2022/Dec/SET50_100_H1_2023.pdf,SET50_100_H1_2023.pdf
KBANK,KBANK.BK,KASIKORNBANK PUBLIC COMPANY LIMITED Banking,https://media.set.or.th/set/Documents/2022/Dec/SET50_100_H1_2023.pdf,SET50_100_H1_2023.pdf
KCE,KCE.BK,KCE ELECTRONICS PUBLIC COMPANY LIMITED Electronic Components,https://media.set.or.th/set/Documents/2022/Dec/SET50_100_H1_2023.pdf,SET50_100_H1_2023.pdf
KEX,KEX.BK,KERRY EXPRESS (THAILAND) PUBLIC COMPANY LIMITED Transportation & Logistics,https://media.set.or.th/set/Documents/2022/Dec/SET50_100_H1_2023.pdf,SET50_100_H1_2023.pdf
KKP,KKP.BK,KIATNAKIN PHATRA BANK PUBLIC COMPANY LIMITED Banking,https://media.set.or.th/set/Documents/2022/Dec/SET50_100_H1_2023.pdf,SET50_100_H1_2023.pdf
KTB,KTB.BK,KRUNG THAI BANK PUBLIC COMPANY LIMITED Banking,https://media.set.or.th/set/Documents/2022/Dec/SET50_100_H1_2023.pdf,SET50_100_H1_2023.pdf
KTC,KTC.BK,KRUNGTHAI CARD PUBLIC COMPANY LIMITED Finance and Securities,https://media.set.or.th/set/Documents/2022/Dec/SET50_100_H1_2023.pdf,SET50_100_H1_2023.pdf
LH,LH.BK,LAND AND HOUSES PUBLIC COMPANY LIMITED Property Development,https://media.set.or.th/set/Documents/2022/Dec/SET50_100_H1_2023.pdf,SET50_100_H1_2023.pdf
MEGA,MEGA.BK,MEGA LIFESCIENCES PUBLIC COMPANY LIMITED Commerce,https://media.set.or.th/set/Documents/2022/Dec/SET50_100_H1_2023.pdf,SET50_100_H1_2023.pdf
MINT,MINT.BK,MINOR INTERNATIONAL PUBLIC COMPANY LIMITED Food and Beverage,https://media.set.or.th/set/Documents/2022/Dec/SET50_100_H1_2023.pdf,SET50_100_H1_2023.pdf
MTC,MTC.BK,MUANGTHAI CAPITAL PUBLIC COMPANY LIMITED Finance and Securities,https://media.set.or.th/set/Documents/2022/Dec/SET50_100_H1_2023.pdf,SET50_100_H1_2023.pdf
NEX,NEX.BK,NEX POINT PUBLIC COMPANY LIMITED Electronic Components,https://media.set.or.th/set/Documents/2022/Dec/SET50_100_H1_2023.pdf,SET50_100_H1_2023.pdf
ONEE,ONEE.BK,THE ONE ENTERPRISE PUBLIC COMPANY LIMITED Media & Publishing,https://media.set.or.th/set/Documents/2022/Dec/SET50_100_H1_2023.pdf,SET50_100_H1_2023.pdf
OR,OR.BK,PTT OIL AND RETAIL BUSINESS PUBLIC COMPANY LIMITED Energy & Utilities,https://media.set.or.th/set/Documents/2022/Dec/SET50_100_H1_2023.pdf,SET50_100_H1_2023.pdf
ORI,ORI.BK,ORIGIN PROPERTY PUBLIC COMPANY LIMITED Property Development,https://media.set.or.th/set/Documents/2022/Dec/SET50_100_H1_2023.pdf,SET50_100_H1_2023.pdf
OSP,OSP.BK,OSOTSPA PUBLIC COMPANY LIMITED Food and Beverage,https://media.set.or.th/set/Documents/2022/Dec/SET50_100_H1_2023.pdf,SET50_100_H1_2023.pdf
PLANB,PLANB.BK,PLAN B MEDIA PUBLIC COMPANY LIMITED Media & Publishing,https://media.set.or.th/set/Documents/2022/Dec/SET50_100_H1_2023.pdf,SET50_100_H1_2023.pdf
PSL,PSL.BK,PRECIOUS SHIPPING PUBLIC COMPANY LIMITED Transportation & Logistics,https://media.set.or.th/set/Documents/2022/Dec/SET50_100_H1_2023.pdf,SET50_100_H1_2023.pdf
PTG,PTG.BK,PTG ENERGY PUBLIC COMPANY LIMITED Energy & Utilities,https://media.set.or.th/set/Documents/2022/Dec/SET50_100_H1_2023.pdf,SET50_100_H1_2023.pdf
PTT,PTT.BK,PTT PUBLIC COMPANY LIMITED Energy & Utilities,https://media.set.or.th/set/Documents/2022/Dec/SET50_100_H1_2023.pdf,SET50_100_H1_2023.pdf
PTTEP,PTTEP.BK,PTT EXPLORATION AND PRODUCTION PUBLIC COMPANY,https://media.set.or.th/set/Documents/2022/Dec/SET50_100_H1_2023.pdf,SET50_100_H1_2023.pdf
PTTGC,PTTGC.BK,PTT GLOBAL CHEMICAL PUBLIC COMPANY LIMITED Petrochemicals & Chemicals,https://media.set.or.th/set/Documents/2022/Dec/SET50_100_H1_2023.pdf,SET50_100_H1_2023.pdf
QH,QH.BK,QUALITY HOUSES PUBLIC COMPANY LIMITED Property Development,https://media.set.or.th/set/Documents/2022/Dec/SET50_100_H1_2023.pdf,SET50_100_H1_2023.pdf
RATCH,RATCH.BK,RATCH GROUP PUBLIC COMPANY LIMITED Energy & Utilities,https://media.set.or.th/set/Documents/2022/Dec/SET50_100_H1_2023.pdf,SET50_100_H1_2023.pdf
RBF,RBF.BK,R&B FOOD SUPPLY PUBLIC COMPANY LIMITED Food and Beverage,https://media.set.or.th/set/Documents/2022/Dec/SET50_100_H1_2023.pdf,SET50_100_H1_2023.pdf
RCL,RCL.BK,REGIONAL CONTAINER LINES PUBLIC COMPANY LIMITED Transportation & Logistics,https://media.set.or.th/set/Documents/2022/Dec/SET50_100_H1_2023.pdf,SET50_100_H1_2023.pdf
SABUY,SABUY.BK,SABUY TECHNOLOGY PUBLIC COMPANY LIMITED Commerce,https://media.set.or.th/set/Documents/2022/Dec/SET50_100_H1_2023.pdf,SET50_100_H1_2023.pdf
SAWAD,SAWAD.BK,SRISAWAD CORPORATION PUBLIC COMPANY LIMITED Finance and Securities,https://media.set.or.th/set/Documents/2022/Dec/SET50_100_H1_2023.pdf,SET50_100_H1_2023.pdf
SCB,SCB.BK,SCB X PUBLIC COMPANY LIMITED Banking,https://media.set.or.th/set/Documents/2022/Dec/SET50_100_H1_2023.pdf,SET50_100_H1_2023.pdf
SCC,SCC.BK,THE SIAM CEMENT PUBLIC COMPANY LIMITED Construction Materials,https://media.set.or.th/set/Documents/2022/Dec/SET50_100_H1_2023.pdf,SET50_100_H1_2023.pdf
SCGP,SCGP.BK,SCG PACKAGING PUBLIC COMPANY LIMITED Packaging,https://media.set.or.th/set/Documents/2022/Dec/SET50_100_H1_2023.pdf,SET50_100_H1_2023.pdf
SINGER,SINGER.BK,SINGER THAILAND PUBLIC COMPANY LIMITED Commerce,https://media.set.or.th/set/Documents/2022/Dec/SET50_100_H1_2023.pdf,SET50_100_H1_2023.pdf
SPALI,SPALI.BK,SUPALAI PUBLIC COMPANY LIMITED Property Development,https://media.set.or.th/set/Documents/2022/Dec/SET50_100_H1_2023.pdf,SET50_100_H1_2023.pdf
SPRC,SPRC.BK,STAR PETROLEUM REFINING PUBLIC COMPANY LIMITED Energy & Utilities,https://media.set.or.th/set/Documents/2022/Dec/SET50_100_H1_2023.pdf,SET50_100_H1_2023.pdf
STA,STA.BK,SRI TRANG AGRO-INDUSTRY PUBLIC COMPANY LIMITED Agribusiness,https://media.set.or.th/set/Documents/2022/Dec/SET50_100_H1_2023.pdf,SET50_100_H1_2023.pdf
STARK,STARK.BK,STARK CORPORATION PUBLIC COMPANY LIMITED Industrial Materials & Machinery,https://media.set.or.th/set/Documents/2022/Dec/SET50_100_H1_2023.pdf,SET50_100_H1_2023.pdf
STGT,STGT.BK,SRI TRANG GLOVES (THAILAND) PUBLIC COMPANY LIMITED Personal Products & Pharmaceuticals,https://media.set.or.th/set/Documents/2022/Dec/SET50_100_H1_2023.pdf,SET50_100_H1_2023.pdf
TCAP,TCAP.BK,THANACHART CAPITAL PUBLIC COMPANY LIMITED Banking,https://media.set.or.th/set/Documents/2022/Dec/SET50_100_H1_2023.pdf,SET50_100_H1_2023.pdf
THANI,THANI.BK,RATCHTHANI LEASING PUBLIC COMPANY LIMITED Finance and Securities,https://media.set.or.th/set/Documents/2022/Dec/SET50_100_H1_2023.pdf,SET50_100_H1_2023.pdf
THG,THG.BK,THONBURI HEALTHCARE GROUP PUBLIC COMPANY LIMITED Health Care Services,https://media.set.or.th/set/Documents/2022/Dec/SET50_100_H1_2023.pdf,SET50_100_H1_2023.pdf
TIDLOR,TIDLOR.BK,NGERN TID LOR PUBLIC COMPANY LIMITED Finance and Securities,https://media.set.or.th/set/Documents/2022/Dec/SET50_100_H1_2023.pdf,SET50_100_H1_2023.pdf
TIPH,TIPH.BK,DHIPAYA GROUP HOLDINGS PUBLIC COMPANY LIMITED Insurance,https://media.set.or.th/set/Documents/2022/Dec/SET50_100_H1_2023.pdf,SET50_100_H1_2023.pdf
TISCO,TISCO.BK,TISCO FINANCIAL GROUP PUBLIC COMPANY LIMITED Banking,https://media.set.or.th/set/Documents/2022/Dec/SET50_100_H1_2023.pdf,SET50_100_H1_2023.pdf
TOP,TOP.BK,THAI OIL PUBLIC COMPANY LIMITED Energy & Utilities,https://media.set.or.th/set/Documents/2022/Dec/SET50_100_H1_2023.pdf,SET50_100_H1_2023.pdf
TQM,TQM.BK,TQM ALPHA PUBLIC COMPANY LIMITED Insurance,https://media.set.or.th/set/Documents/2022/Dec/SET50_100_H1_2023.pdf,SET50_100_H1_2023.pdf
TRUE,TRUE.BK,TRUE CORPORATION PUBLIC COMPANY LIMITED Information & Communication Technology,https://media.set.or.th/set/Documents/2022/Dec/SET50_100_H1_2023.pdf,SET50_100_H1_2023.pdf
TTB,TTB.BK,TMBTHANACHART BANK PUBLIC COMPANY LIMITED Banking,https://media.set.or.th/set/Documents/2022/Dec/SET50_100_H1_2023.pdf,SET50_100_H1_2023.pdf
TU,TU.BK,THAI UNION GROUP PUBLIC COMPANY LIMITED Food and Beverage,https://media.set.or.th/set/Documents/2022/Dec/SET50_100_H1_2023.pdf,SET50_100_H1_2023.pdf
VGI,VGI.BK,VGI PUBLIC COMPANY LIMITED Media & Publishing,https://media.set.or.th/set/Documents/2022/Dec/SET50_100_H1_2023.pdf,SET50_100_H1_2023.pdf
WHA,WHA.BK,WHA CORPORATION PUBLIC COMPANY LIMITED Property Development,https://media.set.or.th/set/Documents/2022/Dec/SET50_100_H1_2023.pdf,SET50_100_H1_2023.pdf
ACE,ACE.BK,ABSOLUTE CLEAN ENERGY PUBLIC COMPANY LIMITED Energy & Utilities,https://media.set.or.th/set/Documents/2022/Jun/SET50_SET100_H2_2022.pdf,SET50_SET100_H2_2022.pdf
ADVANC,ADVANC.BK,ADVANCED INFO SERVICE PUBLIC COMPANY LIMITED Information & Communication Technology,https://media.set.or.th/set/Documents/2022/Jun/SET50_SET100_H2_2022.pdf,SET50_SET100_H2_2022.pdf
AEONTS,AEONTS.BK,AEON THANA SINSAP (THAILAND) PUBLIC COMPANY,https://media.set.or.th/set/Documents/2022/Jun/SET50_SET100_H2_2022.pdf,SET50_SET100_H2_2022.pdf
AMATA,AMATA.BK,AMATA CORPORATION PUBLIC COMPANY LIMITED Property Development,https://media.set.or.th/set/Documents/2022/Jun/SET50_SET100_H2_2022.pdf,SET50_SET100_H2_2022.pdf
AOT,AOT.BK,AIRPORTS OF THAILAND PUBLIC COMPANY LIMITED Transportation & Logistics,https://media.set.or.th/set/Documents/2022/Jun/SET50_SET100_H2_2022.pdf,SET50_SET100_H2_2022.pdf
AP,AP.BK,AP (THAILAND) PUBLIC COMPANY LIMITED Property Development,https://media.set.or.th/set/Documents/2022/Jun/SET50_SET100_H2_2022.pdf,SET50_SET100_H2_2022.pdf
AWC,AWC.BK,ASSET WORLD CORP PUBLIC COMPANY LIMITED Property Development,https://media.set.or.th/set/Documents/2022/Jun/SET50_SET100_H2_2022.pdf,SET50_SET100_H2_2022.pdf
BAM,BAM.BK,BANGKOK COMMERCIAL ASSET MANAGEMENT PUBLIC,https://media.set.or.th/set/Documents/2022/Jun/SET50_SET100_H2_2022.pdf,SET50_SET100_H2_2022.pdf
BANPU,BANPU.BK,BANPU PUBLIC COMPANY LIMITED Energy & Utilities,https://media.set.or.th/set/Documents/2022/Jun/SET50_SET100_H2_2022.pdf,SET50_SET100_H2_2022.pdf
BBL,BBL.BK,BANGKOK BANK PUBLIC COMPANY LIMITED Banking,https://media.set.or.th/set/Documents/2022/Jun/SET50_SET100_H2_2022.pdf,SET50_SET100_H2_2022.pdf
BCH,BCH.BK,BANGKOK CHAIN HOSPITAL PUBLIC COMPANY LIMITED Health Care Services,https://media.set.or.th/set/Documents/2022/Jun/SET50_SET100_H2_2022.pdf,SET50_SET100_H2_2022.pdf
BCP,BCP.BK,BANGCHAK CORPORATION PUBLIC COMPANY LIMITED Energy & Utilities,https://media.set.or.th/set/Documents/2022/Jun/SET50_SET100_H2_2022.pdf,SET50_SET100_H2_2022.pdf
BCPG,BCPG.BK,BCPG PUBLIC COMPANY LIMITED Energy & Utilities,https://media.set.or.th/set/Documents/2022/Jun/SET50_SET100_H2_2022.pdf,SET50_SET100_H2_2022.pdf
BDMS,BDMS.BK,BANGKOK DUSIT MEDICAL SERVICES PUBLIC COMPANY,https://media.set.or.th/set/Documents/2022/Jun/SET50_SET100_H2_2022.pdf,SET50_SET100_H2_2022.pdf
BEC,BEC.BK,BEC WORLD PUBLIC COMPANY LIMITED Media & Publishing,https://media.set.or.th/set/Documents/2022/Jun/SET50_SET100_H2_2022.pdf,SET50_SET100_H2_2022.pdf
BEM,BEM.BK,BANGKOK EXPRESSWAY AND METRO  PUBLIC COMPANY,https://media.set.or.th/set/Documents/2022/Jun/SET50_SET100_H2_2022.pdf,SET50_SET100_H2_2022.pdf
BGRIM,BGRIM.BK,B.GRIMM POWER PUBLIC COMPANY LIMITED Energy & Utilities,https://media.set.or.th/set/Documents/2022/Jun/SET50_SET100_H2_2022.pdf,SET50_SET100_H2_2022.pdf
BH,BH.BK,BUMRUNGRAD HOSPITAL PUBLIC COMPANY LIMITED Health Care Services,https://media.set.or.th/set/Documents/2022/Jun/SET50_SET100_H2_2022.pdf,SET50_SET100_H2_2022.pdf
BLA,BLA.BK,BANGKOK LIFE ASSURANCE PUBLIC COMPANY LIMITED Insurance,https://media.set.or.th/set/Documents/2022/Jun/SET50_SET100_H2_2022.pdf,SET50_SET100_H2_2022.pdf
BTS,BTS.BK,BTS GROUP HOLDINGS PUBLIC COMPANY LIMITED Transportation & Logistics,https://media.set.or.th/set/Documents/2022/Jun/SET50_SET100_H2_2022.pdf,SET50_SET100_H2_2022.pdf
CBG,CBG.BK,CARABAO GROUP PUBLIC COMPANY LIMITED Food and Beverage,https://media.set.or.th/set/Documents/2022/Jun/SET50_SET100_H2_2022.pdf,SET50_SET100_H2_2022.pdf
CENTEL,CENTEL.BK,CENTRAL PLAZA HOTEL PUBLIC COMPANY LIMITED Tourism & Leisure,https://media.set.or.th/set/Documents/2022/Jun/SET50_SET100_H2_2022.pdf,SET50_SET100_H2_2022.pdf
CHG,CHG.BK,CHULARAT HOSPITAL PUBLIC COMPANY LIMITED Health Care Services,https://media.set.or.th/set/Documents/2022/Jun/SET50_SET100_H2_2022.pdf,SET50_SET100_H2_2022.pdf
CK,CK.BK,CH. KARNCHANG PUBLIC COMPANY LIMITED Construction Services,https://media.set.or.th/set/Documents/2022/Jun/SET50_SET100_H2_2022.pdf,SET50_SET100_H2_2022.pdf
CKP,CKP.BK,CK POWER PUBLIC COMPANY LIMITED Energy & Utilities,https://media.set.or.th/set/Documents/2022/Jun/SET50_SET100_H2_2022.pdf,SET50_SET100_H2_2022.pdf
COM7,COM7.BK,COM7 PUBLIC COMPANY LIMITED Commerce,https://media.set.or.th/set/Documents/2022/Jun/SET50_SET100_H2_2022.pdf,SET50_SET100_H2_2022.pdf
CPALL,CPALL.BK,CP ALL PUBLIC COMPANY LIMITED Commerce,https://media.set.or.th/set/Documents/2022/Jun/SET50_SET100_H2_2022.pdf,SET50_SET100_H2_2022.pdf
CPF,CPF.BK,CHAROEN POKPHAND FOODS PUBLIC COMPANY LIMITED Food and Beverage,https://media.set.or.th/set/Documents/2022/Jun/SET50_SET100_H2_2022.pdf,SET50_SET100_H2_2022.pdf
CPN,CPN.BK,CENTRAL PATTANA PUBLIC COMPANY LIMITED Property Development,https://media.set.or.th/set/Documents/2022/Jun/SET50_SET100_H2_2022.pdf,SET50_SET100_H2_2022.pdf
CRC,CRC.BK,CENTRAL RETAIL CORPORATION PUBLIC COMPANY LIMITED Commerce,https://media.set.or.th/set/Documents/2022/Jun/SET50_SET100_H2_2022.pdf,SET50_SET100_H2_2022.pdf
DOHOME,DOHOME.BK,DOHOME PUBLIC COMPANY LIMITED Commerce,https://media.set.or.th/set/Documents/2022/Jun/SET50_SET100_H2_2022.pdf,SET50_SET100_H2_2022.pdf
DTAC,DTAC.BK,TOTAL ACCESS COMMUNICATION PUBLIC COMPANY,https://media.set.or.th/set/Documents/2022/Jun/SET50_SET100_H2_2022.pdf,SET50_SET100_H2_2022.pdf
EA,EA.BK,ENERGY ABSOLUTE PUBLIC COMPANY LIMITED Energy & Utilities,https://media.set.or.th/set/Documents/2022/Jun/SET50_SET100_H2_2022.pdf,SET50_SET100_H2_2022.pdf
EGCO,EGCO.BK,ELECTRICITY GENERATING PUBLIC COMPANY LIMITED Energy & Utilities,https://media.set.or.th/set/Documents/2022/Jun/SET50_SET100_H2_2022.pdf,SET50_SET100_H2_2022.pdf
EPG,EPG.BK,EASTERN POLYMER GROUP PUBLIC COMPANY LIMITED Construction Materials,https://media.set.or.th/set/Documents/2022/Jun/SET50_SET100_H2_2022.pdf,SET50_SET100_H2_2022.pdf
ESSO,ESSO.BK,ESSO (THAILAND) PUBLIC COMPANY LIMITED Energy & Utilities,https://media.set.or.th/set/Documents/2022/Jun/SET50_SET100_H2_2022.pdf,SET50_SET100_H2_2022.pdf
FORTH,FORTH.BK,FORTH CORPORATION PUBLIC COMPANY LIMITED Information & Communication Technology,https://media.set.or.th/set/Documents/2022/Jun/SET50_SET100_H2_2022.pdf,SET50_SET100_H2_2022.pdf
GLOBAL,GLOBAL.BK,SIAM GLOBAL HOUSE PUBLIC COMPANY LIMITED Commerce,https://media.set.or.th/set/Documents/2022/Jun/SET50_SET100_H2_2022.pdf,SET50_SET100_H2_2022.pdf
GPSC,GPSC.BK,GLOBAL POWER SYNERGY PUBLIC COMPANY LIMITED Energy & Utilities,https://media.set.or.th/set/Documents/2022/Jun/SET50_SET100_H2_2022.pdf,SET50_SET100_H2_2022.pdf
GULF,GULF.BK,GULF ENERGY DEVELOPMENT PUBLIC COMPANY LIMITED Energy & Utilities,https://media.set.or.th/set/Documents/2022/Jun/SET50_SET100_H2_2022.pdf,SET50_SET100_H2_2022.pdf
GUNKUL,GUNKUL.BK,GUNKUL ENGINEERING PUBLIC COMPANY LIMITED Energy & Utilities,https://media.set.or.th/set/Documents/2022/Jun/SET50_SET100_H2_2022.pdf,SET50_SET100_H2_2022.pdf
HANA,HANA.BK,HANA MICROELECTRONICS PUBLIC COMPANY LIMITED Electronic Components,https://media.set.or.th/set/Documents/2022/Jun/SET50_SET100_H2_2022.pdf,SET50_SET100_H2_2022.pdf
HMPRO,HMPRO.BK,HOME PRODUCT CENTER PUBLIC COMPANY LIMITED Commerce,https://media.set.or.th/set/Documents/2022/Jun/SET50_SET100_H2_2022.pdf,SET50_SET100_H2_2022.pdf
INTUCH,INTUCH.BK,INTOUCH HOLDINGS PUBLIC COMPANY LIMITED Information & Communication Technology,https://media.set.or.th/set/Documents/2022/Jun/SET50_SET100_H2_2022.pdf,SET50_SET100_H2_2022.pdf
IRPC,IRPC.BK,IRPC PUBLIC COMPANY LIMITED Energy & Utilities,https://media.set.or.th/set/Documents/2022/Jun/SET50_SET100_H2_2022.pdf,SET50_SET100_H2_2022.pdf
IVL,IVL.BK,INDORAMA VENTURES PUBLIC COMPANY LIMITED Petrochemicals & Chemicals,https://media.set.or.th/set/Documents/2022/Jun/SET50_SET100_H2_2022.pdf,SET50_SET100_H2_2022.pdf
JMART,JMART.BK,JAY MART PUBLIC COMPANY LIMITED Information & Communication Technology,https://media.set.or.th/set/Documents/2022/Jun/SET50_SET100_H2_2022.pdf,SET50_SET100_H2_2022.pdf
JMT,JMT.BK,JMT NETWORK SERVICES PUBLIC COMPANY LIMITED Finance and Securities Reserve list of SET100,https://media.set.or.th/set/Documents/2022/Jun/SET50_SET100_H2_2022.pdf,SET50_SET100_H2_2022.pdf
KBANK,KBANK.BK,KASIKORNBANK PUBLIC COMPANY LIMITED Banking,https://media.set.or.th/set/Documents/2022/Jun/SET50_SET100_H2_2022.pdf,SET50_SET100_H2_2022.pdf
KCE,KCE.BK,KCE ELECTRONICS PUBLIC COMPANY LIMITED Electronic Components,https://media.set.or.th/set/Documents/2022/Jun/SET50_SET100_H2_2022.pdf,SET50_SET100_H2_2022.pdf
KEX,KEX.BK,KERRY EXPRESS (THAILAND) PUBLIC COMPANY LIMITED Transportation & Logistics,https://media.set.or.th/set/Documents/2022/Jun/SET50_SET100_H2_2022.pdf,SET50_SET100_H2_2022.pdf
KKP,KKP.BK,KIATNAKIN PHATRA BANK PUBLIC COMPANY LIMITED Banking,https://media.set.or.th/set/Documents/2022/Jun/SET50_SET100_H2_2022.pdf,SET50_SET100_H2_2022.pdf
KTB,KTB.BK,KRUNG THAI BANK PUBLIC COMPANY LIMITED Banking,https://media.set.or.th/set/Documents/2022/Jun/SET50_SET100_H2_2022.pdf,SET50_SET100_H2_2022.pdf
KTC,KTC.BK,KRUNGTHAI CARD PUBLIC COMPANY LIMITED Finance and Securities,https://media.set.or.th/set/Documents/2022/Jun/SET50_SET100_H2_2022.pdf,SET50_SET100_H2_2022.pdf
LH,LH.BK,LAND AND HOUSES PUBLIC COMPANY LIMITED Property Development,https://media.set.or.th/set/Documents/2022/Jun/SET50_SET100_H2_2022.pdf,SET50_SET100_H2_2022.pdf
MAJOR,MAJOR.BK,MAJOR CINEPLEX GROUP PUBLIC COMPANY LIMITED Media & Publishing,https://media.set.or.th/set/Documents/2022/Jun/SET50_SET100_H2_2022.pdf,SET50_SET100_H2_2022.pdf
MEGA,MEGA.BK,MEGA LIFESCIENCES PUBLIC COMPANY LIMITED Commerce,https://media.set.or.th/set/Documents/2022/Jun/SET50_SET100_H2_2022.pdf,SET50_SET100_H2_2022.pdf
MINT,MINT.BK,MINOR INTERNATIONAL PUBLIC COMPANY LIMITED Food and Beverage,https://media.set.or.th/set/Documents/2022/Jun/SET50_SET100_H2_2022.pdf,SET50_SET100_H2_2022.pdf
MTC,MTC.BK,MUANGTHAI CAPITAL PUBLIC COMPANY LIMITED Finance and Securities,https://media.set.or.th/set/Documents/2022/Jun/SET50_SET100_H2_2022.pdf,SET50_SET100_H2_2022.pdf
ONEE,ONEE.BK,THE ONE ENTERPRISE PUBLIC COMPANY LIMITED Media & Publishing,https://media.set.or.th/set/Documents/2022/Jun/SET50_SET100_H2_2022.pdf,SET50_SET100_H2_2022.pdf
OR,OR.BK,PTT OIL AND RETAIL BUSINESS PUBLIC COMPANY LIMITED Energy & Utilities,https://media.set.or.th/set/Documents/2022/Jun/SET50_SET100_H2_2022.pdf,SET50_SET100_H2_2022.pdf
ORI,ORI.BK,ORIGIN PROPERTY PUBLIC COMPANY LIMITED Property Development,https://media.set.or.th/set/Documents/2022/Jun/SET50_SET100_H2_2022.pdf,SET50_SET100_H2_2022.pdf
OSP,OSP.BK,OSOTSPA PUBLIC COMPANY LIMITED Food and Beverage,https://media.set.or.th/set/Documents/2022/Jun/SET50_SET100_H2_2022.pdf,SET50_SET100_H2_2022.pdf
PLANB,PLANB.BK,PLAN B MEDIA PUBLIC COMPANY LIMITED Media & Publishing,https://media.set.or.th/set/Documents/2022/Jun/SET50_SET100_H2_2022.pdf,SET50_SET100_H2_2022.pdf
PSL,PSL.BK,PRECIOUS SHIPPING PUBLIC COMPANY LIMITED Transportation & Logistics,https://media.set.or.th/set/Documents/2022/Jun/SET50_SET100_H2_2022.pdf,SET50_SET100_H2_2022.pdf
PTG,PTG.BK,PTG ENERGY PUBLIC COMPANY LIMITED Energy & Utilities,https://media.set.or.th/set/Documents/2022/Jun/SET50_SET100_H2_2022.pdf,SET50_SET100_H2_2022.pdf
PTT,PTT.BK,PTT PUBLIC COMPANY LIMITED Energy & Utilities,https://media.set.or.th/set/Documents/2022/Jun/SET50_SET100_H2_2022.pdf,SET50_SET100_H2_2022.pdf
PTTEP,PTTEP.BK,PTT EXPLORATION AND PRODUCTION PUBLIC COMPANY,https://media.set.or.th/set/Documents/2022/Jun/SET50_SET100_H2_2022.pdf,SET50_SET100_H2_2022.pdf
PTTGC,PTTGC.BK,PTT GLOBAL CHEMICAL PUBLIC COMPANY LIMITED Petrochemicals & Chemicals,https://media.set.or.th/set/Documents/2022/Jun/SET50_SET100_H2_2022.pdf,SET50_SET100_H2_2022.pdf
QH,QH.BK,QUALITY HOUSES PUBLIC COMPANY LIMITED Property Development,https://media.set.or.th/set/Documents/2022/Jun/SET50_SET100_H2_2022.pdf,SET50_SET100_H2_2022.pdf
RATCH,RATCH.BK,RATCH GROUP PUBLIC COMPANY LIMITED Energy & Utilities,https://media.set.or.th/set/Documents/2022/Jun/SET50_SET100_H2_2022.pdf,SET50_SET100_H2_2022.pdf
RBF,RBF.BK,R&B FOOD SUPPLY PUBLIC COMPANY LIMITED Food and Beverage,https://media.set.or.th/set/Documents/2022/Jun/SET50_SET100_H2_2022.pdf,SET50_SET100_H2_2022.pdf
RCL,RCL.BK,REGIONAL CONTAINER LINES PUBLIC COMPANY LIMITED Transportation & Logistics,https://media.set.or.th/set/Documents/2022/Jun/SET50_SET100_H2_2022.pdf,SET50_SET100_H2_2022.pdf
SAWAD,SAWAD.BK,SRISAWAD CORPORATION PUBLIC COMPANY LIMITED Finance and Securities,https://media.set.or.th/set/Documents/2022/Jun/SET50_SET100_H2_2022.pdf,SET50_SET100_H2_2022.pdf
SCB,SCB.BK,SCB X PUBLIC COMPANY LIMITED Banking,https://media.set.or.th/set/Documents/2022/Jun/SET50_SET100_H2_2022.pdf,SET50_SET100_H2_2022.pdf
SCC,SCC.BK,THE SIAM CEMENT PUBLIC COMPANY LIMITED Construction Materials,https://media.set.or.th/set/Documents/2022/Jun/SET50_SET100_H2_2022.pdf,SET50_SET100_H2_2022.pdf
SCGP,SCGP.BK,SCG PACKAGING PUBLIC COMPANY LIMITED Packaging,https://media.set.or.th/set/Documents/2022/Jun/SET50_SET100_H2_2022.pdf,SET50_SET100_H2_2022.pdf
SINGER,SINGER.BK,SINGER THAILAND PUBLIC COMPANY LIMITED Commerce,https://media.set.or.th/set/Documents/2022/Jun/SET50_SET100_H2_2022.pdf,SET50_SET100_H2_2022.pdf
SPALI,SPALI.BK,SUPALAI PUBLIC COMPANY LIMITED Property Development,https://media.set.or.th/set/Documents/2022/Jun/SET50_SET100_H2_2022.pdf,SET50_SET100_H2_2022.pdf
SPRC,SPRC.BK,STAR PETROLEUM REFINING PUBLIC COMPANY LIMITED Energy & Utilities,https://media.set.or.th/set/Documents/2022/Jun/SET50_SET100_H2_2022.pdf,SET50_SET100_H2_2022.pdf
STA,STA.BK,SRI TRANG AGRO-INDUSTRY PUBLIC COMPANY LIMITED Agribusiness,https://media.set.or.th/set/Documents/2022/Jun/SET50_SET100_H2_2022.pdf,SET50_SET100_H2_2022.pdf
STARK,STARK.BK,STARK CORPORATION PUBLIC COMPANY LIMITED Industrial Materials & Machinery,https://media.set.or.th/set/Documents/2022/Jun/SET50_SET100_H2_2022.pdf,SET50_SET100_H2_2022.pdf
STEC,STEC.BK,SINO-THAI ENGINEERING AND CONSTRUCTION PUBLIC,https://media.set.or.th/set/Documents/2022/Jun/SET50_SET100_H2_2022.pdf,SET50_SET100_H2_2022.pdf
STGT,STGT.BK,SRI TRANG GLOVES (THAILAND) PUBLIC COMPANY LIMITED Personal Products & Pharmaceuticals,https://media.set.or.th/set/Documents/2022/Jun/SET50_SET100_H2_2022.pdf,SET50_SET100_H2_2022.pdf
SUPER,SUPER.BK,SUPER ENERGY CORPORATION PUBLIC COMPANY LIMITED Energy & Utilities,https://media.set.or.th/set/Documents/2022/Jun/SET50_SET100_H2_2022.pdf,SET50_SET100_H2_2022.pdf
SYNEX,SYNEX.BK,SYNNEX (THAILAND) PUBLIC COMPANY LIMITED Information & Communication Technology,https://media.set.or.th/set/Documents/2022/Jun/SET50_SET100_H2_2022.pdf,SET50_SET100_H2_2022.pdf
TASCO,TASCO.BK,TIPCO ASPHALT PUBLIC COMPANY LIMITED Construction Materials,https://media.set.or.th/set/Documents/2022/Jun/SET50_SET100_H2_2022.pdf,SET50_SET100_H2_2022.pdf
TCAP,TCAP.BK,THANACHART CAPITAL PUBLIC COMPANY LIMITED Banking,https://media.set.or.th/set/Documents/2022/Jun/SET50_SET100_H2_2022.pdf,SET50_SET100_H2_2022.pdf
THANI,THANI.BK,RATCHTHANI LEASING PUBLIC COMPANY LIMITED Finance and Securities,https://media.set.or.th/set/Documents/2022/Jun/SET50_SET100_H2_2022.pdf,SET50_SET100_H2_2022.pdf
TIDLOR,TIDLOR.BK,NGERN TID LOR PUBLIC COMPANY LIMITED Finance and Securities,https://media.set.or.th/set/Documents/2022/Jun/SET50_SET100_H2_2022.pdf,SET50_SET100_H2_2022.pdf
TIPH,TIPH.BK,DHIPAYA GROUP HOLDINGS PUBLIC COMPANY LIMITED Insurance,https://media.set.or.th/set/Documents/2022/Jun/SET50_SET100_H2_2022.pdf,SET50_SET100_H2_2022.pdf
TISCO,TISCO.BK,TISCO FINANCIAL GROUP PUBLIC COMPANY LIMITED Banking,https://media.set.or.th/set/Documents/2022/Jun/SET50_SET100_H2_2022.pdf,SET50_SET100_H2_2022.pdf
TOP,TOP.BK,THAI OIL PUBLIC COMPANY LIMITED Energy & Utilities,https://media.set.or.th/set/Documents/2022/Jun/SET50_SET100_H2_2022.pdf,SET50_SET100_H2_2022.pdf
TQM,TQM.BK,TQM CORPORATION PUBLIC COMPANY LIMITED Insurance,https://media.set.or.th/set/Documents/2022/Jun/SET50_SET100_H2_2022.pdf,SET50_SET100_H2_2022.pdf
TRUE,TRUE.BK,TRUE CORPORATION PUBLIC COMPANY LIMITED Information & Communication Technology,https://media.set.or.th/set/Documents/2022/Jun/SET50_SET100_H2_2022.pdf,SET50_SET100_H2_2022.pdf
TTA,TTA.BK,THORESEN THAI AGENCIES PUBLIC COMPANY LIMITED Transportation & Logistics,https://media.set.or.th/set/Documents/2022/Jun/SET50_SET100_H2_2022.pdf,SET50_SET100_H2_2022.pdf
TTB,TTB.BK,TMBTHANACHART BANK PUBLIC COMPANY LIMITED Banking,https://media.set.or.th/set/Documents/2022/Jun/SET50_SET100_H2_2022.pdf,SET50_SET100_H2_2022.pdf
TU,TU.BK,THAI UNION GROUP PUBLIC COMPANY LIMITED Food and Beverage,https://media.set.or.th/set/Documents/2022/Jun/SET50_SET100_H2_2022.pdf,SET50_SET100_H2_2022.pdf
VGI,VGI.BK,VGI PUBLIC COMPANY LIMITED Media & Publishing,https://media.set.or.th/set/Documents/2022/Jun/SET50_SET100_H2_2022.pdf,SET50_SET100_H2_2022.pdf
WHA,WHA.BK,WHA CORPORATION PUBLIC COMPANY LIMITED Property Development,https://media.set.or.th/set/Documents/2022/Jun/SET50_SET100_H2_2022.pdf,SET50_SET100_H2_2022.pdf
ACE,ACE.BK,ABSOLUTE CLEAN ENERGY PCL Energy & Utilities,https://media.set.or.th/set/Documents/2022/Apr/SET50_100_H1_2022.pdf,SET50_100_H1_2022.pdf
ADVANC,ADVANC.BK,ADVANCED INFO SERVICE PCL Information & Communication Technology,https://media.set.or.th/set/Documents/2022/Apr/SET50_100_H1_2022.pdf,SET50_100_H1_2022.pdf
AEONTS,AEONTS.BK,AEON THANA SINSAP (THAILAND) PCL Finance and Securities,https://media.set.or.th/set/Documents/2022/Apr/SET50_100_H1_2022.pdf,SET50_100_H1_2022.pdf
AMATA,AMATA.BK,AMATA CORPORATION PCL Property Development,https://media.set.or.th/set/Documents/2022/Apr/SET50_100_H1_2022.pdf,SET50_100_H1_2022.pdf
AOT,AOT.BK,AIRPORTS OF THAILAND PCL Transportation & Logistics,https://media.set.or.th/set/Documents/2022/Apr/SET50_100_H1_2022.pdf,SET50_100_H1_2022.pdf
AP,AP.BK,AP (THAILAND) PCL Property Development,https://media.set.or.th/set/Documents/2022/Apr/SET50_100_H1_2022.pdf,SET50_100_H1_2022.pdf
AWC,AWC.BK,ASSET WORLD CORP PCL Property Development,https://media.set.or.th/set/Documents/2022/Apr/SET50_100_H1_2022.pdf,SET50_100_H1_2022.pdf
BAM,BAM.BK,BANGKOK COMMERCIAL ASSET MANAGEMENT PCL Finance and Securities,https://media.set.or.th/set/Documents/2022/Apr/SET50_100_H1_2022.pdf,SET50_100_H1_2022.pdf
BANPU,BANPU.BK,BANPU PCL Energy & Utilities,https://media.set.or.th/set/Documents/2022/Apr/SET50_100_H1_2022.pdf,SET50_100_H1_2022.pdf
BBL,BBL.BK,BANGKOK BANK PCL Banking,https://media.set.or.th/set/Documents/2022/Apr/SET50_100_H1_2022.pdf,SET50_100_H1_2022.pdf
BCH,BCH.BK,BANGKOK CHAIN HOSPITAL PCL Health Care Services,https://media.set.or.th/set/Documents/2022/Apr/SET50_100_H1_2022.pdf,SET50_100_H1_2022.pdf
BCP,BCP.BK,BANGCHAK CORPORATION PCL Energy & Utilities,https://media.set.or.th/set/Documents/2022/Apr/SET50_100_H1_2022.pdf,SET50_100_H1_2022.pdf
BCPG,BCPG.BK,BCPG PCL Energy & Utilities,https://media.set.or.th/set/Documents/2022/Apr/SET50_100_H1_2022.pdf,SET50_100_H1_2022.pdf
BDMS,BDMS.BK,BANGKOK DUSIT MEDICAL SERVICES PCL Health Care Services,https://media.set.or.th/set/Documents/2022/Apr/SET50_100_H1_2022.pdf,SET50_100_H1_2022.pdf
BEC,BEC.BK,BEC WORLD PCL Media & Publishing,https://media.set.or.th/set/Documents/2022/Apr/SET50_100_H1_2022.pdf,SET50_100_H1_2022.pdf
BEM,BEM.BK,BANGKOK EXPRESSWAY AND METRO PCL Transportation & Logistics,https://media.set.or.th/set/Documents/2022/Apr/SET50_100_H1_2022.pdf,SET50_100_H1_2022.pdf
BGRIM,BGRIM.BK,B.GRIMM POWER PCL Energy & Utilities,https://media.set.or.th/set/Documents/2022/Apr/SET50_100_H1_2022.pdf,SET50_100_H1_2022.pdf
BH,BH.BK,BUMRUNGRAD HOSPITAL PCL Health Care Services,https://media.set.or.th/set/Documents/2022/Apr/SET50_100_H1_2022.pdf,SET50_100_H1_2022.pdf
BLA,BLA.BK,BANGKOK LIFE ASSURANCE PCL Insurance,https://media.set.or.th/set/Documents/2022/Apr/SET50_100_H1_2022.pdf,SET50_100_H1_2022.pdf
BPP,BPP.BK,BANPU POWER PCL Energy & Utilities,https://media.set.or.th/set/Documents/2022/Apr/SET50_100_H1_2022.pdf,SET50_100_H1_2022.pdf
BTS,BTS.BK,BTS GROUP HOLDINGS PCL Transportation & Logistics,https://media.set.or.th/set/Documents/2022/Apr/SET50_100_H1_2022.pdf,SET50_100_H1_2022.pdf
CBG,CBG.BK,CARABAO GROUP PCL Food and Beverage,https://media.set.or.th/set/Documents/2022/Apr/SET50_100_H1_2022.pdf,SET50_100_H1_2022.pdf
CENTEL,CENTEL.BK,CENTRAL PLAZA HOTEL PCL Tourism & Leisure,https://media.set.or.th/set/Documents/2022/Apr/SET50_100_H1_2022.pdf,SET50_100_H1_2022.pdf
CHG,CHG.BK,CHULARAT HOSPITAL PCL Health Care Services,https://media.set.or.th/set/Documents/2022/Apr/SET50_100_H1_2022.pdf,SET50_100_H1_2022.pdf
CK,CK.BK,CH. KARNCHANG PCL Construction Services,https://media.set.or.th/set/Documents/2022/Apr/SET50_100_H1_2022.pdf,SET50_100_H1_2022.pdf
CKP,CKP.BK,CK POWER PCL Energy & Utilities,https://media.set.or.th/set/Documents/2022/Apr/SET50_100_H1_2022.pdf,SET50_100_H1_2022.pdf
COM7,COM7.BK,COM7 PCL Commerce,https://media.set.or.th/set/Documents/2022/Apr/SET50_100_H1_2022.pdf,SET50_100_H1_2022.pdf
CPALL,CPALL.BK,CP ALL PCL Commerce,https://media.set.or.th/set/Documents/2022/Apr/SET50_100_H1_2022.pdf,SET50_100_H1_2022.pdf
CPF,CPF.BK,CHAROEN POKPHAND FOODS PCL Food and Beverage,https://media.set.or.th/set/Documents/2022/Apr/SET50_100_H1_2022.pdf,SET50_100_H1_2022.pdf
CPN,CPN.BK,CENTRAL PATTANA PCL Property Development,https://media.set.or.th/set/Documents/2022/Apr/SET50_100_H1_2022.pdf,SET50_100_H1_2022.pdf
CRC,CRC.BK,CENTRAL RETAIL CORPORATION PCL Commerce,https://media.set.or.th/set/Documents/2022/Apr/SET50_100_H1_2022.pdf,SET50_100_H1_2022.pdf
DOHOME,DOHOME.BK,DOHOME PCL Commerce,https://media.set.or.th/set/Documents/2022/Apr/SET50_100_H1_2022.pdf,SET50_100_H1_2022.pdf
DTAC,DTAC.BK,TOTAL ACCESS COMMUNICATION PCL Information & Communication Technology,https://media.set.or.th/set/Documents/2022/Apr/SET50_100_H1_2022.pdf,SET50_100_H1_2022.pdf
EA,EA.BK,ENERGY ABSOLUTE PCL Energy & Utilities,https://media.set.or.th/set/Documents/2022/Apr/SET50_100_H1_2022.pdf,SET50_100_H1_2022.pdf
EGCO,EGCO.BK,ELECTRICITY GENERATING PCL Energy & Utilities,https://media.set.or.th/set/Documents/2022/Apr/SET50_100_H1_2022.pdf,SET50_100_H1_2022.pdf
EPG,EPG.BK,EASTERN POLYMER GROUP PCL Construction Materials,https://media.set.or.th/set/Documents/2022/Apr/SET50_100_H1_2022.pdf,SET50_100_H1_2022.pdf
ESSO,ESSO.BK,ESSO (THAILAND) PCL Energy & Utilities,https://media.set.or.th/set/Documents/2022/Apr/SET50_100_H1_2022.pdf,SET50_100_H1_2022.pdf
GLOBAL,GLOBAL.BK,SIAM GLOBAL HOUSE PCL Commerce,https://media.set.or.th/set/Documents/2022/Apr/SET50_100_H1_2022.pdf,SET50_100_H1_2022.pdf
GPSC,GPSC.BK,GLOBAL POWER SYNERGY PCL Energy & Utilities,https://media.set.or.th/set/Documents/2022/Apr/SET50_100_H1_2022.pdf,SET50_100_H1_2022.pdf
GULF,GULF.BK,GULF ENERGY DEVELOPMENT PCL Energy & Utilities,https://media.set.or.th/set/Documents/2022/Apr/SET50_100_H1_2022.pdf,SET50_100_H1_2022.pdf
GUNKUL,GUNKUL.BK,GUNKUL ENGINEERING PCL Energy & Utilities,https://media.set.or.th/set/Documents/2022/Apr/SET50_100_H1_2022.pdf,SET50_100_H1_2022.pdf
HANA,HANA.BK,HANA MICROELECTRONICS PCL Electronic Components,https://media.set.or.th/set/Documents/2022/Apr/SET50_100_H1_2022.pdf,SET50_100_H1_2022.pdf
HMPRO,HMPRO.BK,HOME PRODUCT CENTER PCL Commerce,https://media.set.or.th/set/Documents/2022/Apr/SET50_100_H1_2022.pdf,SET50_100_H1_2022.pdf
INTUCH,INTUCH.BK,INTOUCH HOLDINGS PCL Information & Communication Technology,https://media.set.or.th/set/Documents/2022/Apr/SET50_100_H1_2022.pdf,SET50_100_H1_2022.pdf
IRPC,IRPC.BK,IRPC PCL Energy & Utilities,https://media.set.or.th/set/Documents/2022/Apr/SET50_100_H1_2022.pdf,SET50_100_H1_2022.pdf
IVL,IVL.BK,INDORAMA VENTURES PCL Petrochemicals & Chemicals,https://media.set.or.th/set/Documents/2022/Apr/SET50_100_H1_2022.pdf,SET50_100_H1_2022.pdf
JMART,JMART.BK,JAY MART PCL Information & Communication Technology,https://media.set.or.th/set/Documents/2022/Apr/SET50_100_H1_2022.pdf,SET50_100_H1_2022.pdf
JMT,JMT.BK,JMT NETWORK SERVICES PCL Finance and Securities Reserve list of SET100,https://media.set.or.th/set/Documents/2022/Apr/SET50_100_H1_2022.pdf,SET50_100_H1_2022.pdf
KBANK,KBANK.BK,KASIKORNBANK PCL Banking,https://media.set.or.th/set/Documents/2022/Apr/SET50_100_H1_2022.pdf,SET50_100_H1_2022.pdf
KCE,KCE.BK,KCE ELECTRONICS PCL Electronic Components,https://media.set.or.th/set/Documents/2022/Apr/SET50_100_H1_2022.pdf,SET50_100_H1_2022.pdf
KEX,KEX.BK,KERRY EXPRESS (THAILAND) PCL Transportation & Logistics,https://media.set.or.th/set/Documents/2022/Apr/SET50_100_H1_2022.pdf,SET50_100_H1_2022.pdf
KKP,KKP.BK,KIATNAKIN PHATRA BANK PCL Banking,https://media.set.or.th/set/Documents/2022/Apr/SET50_100_H1_2022.pdf,SET50_100_H1_2022.pdf
KTB,KTB.BK,KRUNG THAI BANK PCL Banking,https://media.set.or.th/set/Documents/2022/Apr/SET50_100_H1_2022.pdf,SET50_100_H1_2022.pdf
KTC,KTC.BK,KRUNGTHAI CARD PCL Finance and Securities,https://media.set.or.th/set/Documents/2022/Apr/SET50_100_H1_2022.pdf,SET50_100_H1_2022.pdf
LH,LH.BK,LAND AND HOUSES PCL Property Development,https://media.set.or.th/set/Documents/2022/Apr/SET50_100_H1_2022.pdf,SET50_100_H1_2022.pdf
MAJOR,MAJOR.BK,MAJOR CINEPLEX GROUP PCL Media & Publishing,https://media.set.or.th/set/Documents/2022/Apr/SET50_100_H1_2022.pdf,SET50_100_H1_2022.pdf
MEGA,MEGA.BK,MEGA LIFESCIENCES PCL Commerce,https://media.set.or.th/set/Documents/2022/Apr/SET50_100_H1_2022.pdf,SET50_100_H1_2022.pdf
MINT,MINT.BK,MINOR INTERNATIONAL PCL Food and Beverage,https://media.set.or.th/set/Documents/2022/Apr/SET50_100_H1_2022.pdf,SET50_100_H1_2022.pdf
MTC,MTC.BK,MUANGTHAI CAPITAL PCL Finance and Securities,https://media.set.or.th/set/Documents/2022/Apr/SET50_100_H1_2022.pdf,SET50_100_H1_2022.pdf
OR,OR.BK,PTT OIL AND RETAIL BUSINESS PCL Energy & Utilities,https://media.set.or.th/set/Documents/2022/Apr/SET50_100_H1_2022.pdf,SET50_100_H1_2022.pdf
ORI,ORI.BK,ORIGIN PROPERTY PCL Property Development,https://media.set.or.th/set/Documents/2022/Apr/SET50_100_H1_2022.pdf,SET50_100_H1_2022.pdf
OSP,OSP.BK,OSOTSPA PCL Food and Beverage,https://media.set.or.th/set/Documents/2022/Apr/SET50_100_H1_2022.pdf,SET50_100_H1_2022.pdf
PLANB,PLANB.BK,PLAN B MEDIA PCL Media & Publishing,https://media.set.or.th/set/Documents/2022/Apr/SET50_100_H1_2022.pdf,SET50_100_H1_2022.pdf
PTG,PTG.BK,PTG ENERGY PCL Energy & Utilities,https://media.set.or.th/set/Documents/2022/Apr/SET50_100_H1_2022.pdf,SET50_100_H1_2022.pdf
PTT,PTT.BK,PTT PCL Energy & Utilities,https://media.set.or.th/set/Documents/2022/Apr/SET50_100_H1_2022.pdf,SET50_100_H1_2022.pdf
PTTEP,PTTEP.BK,PTT EXPLORATION AND PRODUCTION PCL Energy & Utilities,https://media.set.or.th/set/Documents/2022/Apr/SET50_100_H1_2022.pdf,SET50_100_H1_2022.pdf
PTTGC,PTTGC.BK,PTT GLOBAL CHEMICAL PCL Petrochemicals & Chemicals,https://media.set.or.th/set/Documents/2022/Apr/SET50_100_H1_2022.pdf,SET50_100_H1_2022.pdf
QH,QH.BK,QUALITY HOUSES PCL Property Development,https://media.set.or.th/set/Documents/2022/Apr/SET50_100_H1_2022.pdf,SET50_100_H1_2022.pdf
RATCH,RATCH.BK,RATCH GROUP PCL Energy & Utilities,https://media.set.or.th/set/Documents/2022/Apr/SET50_100_H1_2022.pdf,SET50_100_H1_2022.pdf
RBF,RBF.BK,R&B FOOD SUPPLY PCL Food and Beverage,https://media.set.or.th/set/Documents/2022/Apr/SET50_100_H1_2022.pdf,SET50_100_H1_2022.pdf
RCL,RCL.BK,REGIONAL CONTAINER LINES PCL Transportation & Logistics,https://media.set.or.th/set/Documents/2022/Apr/SET50_100_H1_2022.pdf,SET50_100_H1_2022.pdf
RS,RS.BK,RS PCL Commerce,https://media.set.or.th/set/Documents/2022/Apr/SET50_100_H1_2022.pdf,SET50_100_H1_2022.pdf
SAWAD,SAWAD.BK,SRISAWAD CORPORATION PCL Finance and Securities,https://media.set.or.th/set/Documents/2022/Apr/SET50_100_H1_2022.pdf,SET50_100_H1_2022.pdf
SCB,SCB.BK,THE SIAM COMMERCIAL BANK PCL Banking,https://media.set.or.th/set/Documents/2022/Apr/SET50_100_H1_2022.pdf,SET50_100_H1_2022.pdf
SCC,SCC.BK,THE SIAM CEMENT PCL Construction Materials,https://media.set.or.th/set/Documents/2022/Apr/SET50_100_H1_2022.pdf,SET50_100_H1_2022.pdf
SCGP,SCGP.BK,SCG PACKAGING PCL Packaging,https://media.set.or.th/set/Documents/2022/Apr/SET50_100_H1_2022.pdf,SET50_100_H1_2022.pdf
SINGER,SINGER.BK,SINGER THAILAND PCL Commerce,https://media.set.or.th/set/Documents/2022/Apr/SET50_100_H1_2022.pdf,SET50_100_H1_2022.pdf
SIRI,SIRI.BK,SANSIRI PCL Property Development,https://media.set.or.th/set/Documents/2022/Apr/SET50_100_H1_2022.pdf,SET50_100_H1_2022.pdf
SPALI,SPALI.BK,SUPALAI PCL Property Development,https://media.set.or.th/set/Documents/2022/Apr/SET50_100_H1_2022.pdf,SET50_100_H1_2022.pdf
SPRC,SPRC.BK,STAR PETROLEUM REFINING PCL Energy & Utilities,https://media.set.or.th/set/Documents/2022/Apr/SET50_100_H1_2022.pdf,SET50_100_H1_2022.pdf
STA,STA.BK,SRI TRANG AGRO-INDUSTRY PCL Agribusiness,https://media.set.or.th/set/Documents/2022/Apr/SET50_100_H1_2022.pdf,SET50_100_H1_2022.pdf
STARK,STARK.BK,STARK CORPORATION PCL Industrial Materials & Machinery,https://media.set.or.th/set/Documents/2022/Apr/SET50_100_H1_2022.pdf,SET50_100_H1_2022.pdf
STEC,STEC.BK,SINO-THAI ENGINEERING AND CONSTRUCTION PCL Construction Services,https://media.set.or.th/set/Documents/2022/Apr/SET50_100_H1_2022.pdf,SET50_100_H1_2022.pdf
STGT,STGT.BK,SRI TRANG GLOVES (THAILAND) PCL Personal Products & Pharmaceuticals,https://media.set.or.th/set/Documents/2022/Apr/SET50_100_H1_2022.pdf,SET50_100_H1_2022.pdf
SUPER,SUPER.BK,SUPER ENERGY CORPORATION PCL Energy & Utilities,https://media.set.or.th/set/Documents/2022/Apr/SET50_100_H1_2022.pdf,SET50_100_H1_2022.pdf
SYNEX,SYNEX.BK,SYNNEX (THAILAND) PCL Information & Communication Technology,https://media.set.or.th/set/Documents/2022/Apr/SET50_100_H1_2022.pdf,SET50_100_H1_2022.pdf
TASCO,TASCO.BK,TIPCO ASPHALT PCL Construction Materials,https://media.set.or.th/set/Documents/2022/Apr/SET50_100_H1_2022.pdf,SET50_100_H1_2022.pdf
TCAP,TCAP.BK,THANACHART CAPITAL PCL Banking,https://media.set.or.th/set/Documents/2022/Apr/SET50_100_H1_2022.pdf,SET50_100_H1_2022.pdf
THANI,THANI.BK,RATCHTHANI LEASING PCL Finance and Securities,https://media.set.or.th/set/Documents/2022/Apr/SET50_100_H1_2022.pdf,SET50_100_H1_2022.pdf
TIDLOR,TIDLOR.BK,NGERN TID LOR PCL Finance and Securities,https://media.set.or.th/set/Documents/2022/Apr/SET50_100_H1_2022.pdf,SET50_100_H1_2022.pdf
TISCO,TISCO.BK,TISCO FINANCIAL GROUP PCL Banking,https://media.set.or.th/set/Documents/2022/Apr/SET50_100_H1_2022.pdf,SET50_100_H1_2022.pdf
TOP,TOP.BK,THAI OIL PCL Energy & Utilities,https://media.set.or.th/set/Documents/2022/Apr/SET50_100_H1_2022.pdf,SET50_100_H1_2022.pdf
TQM,TQM.BK,TQM CORPORATION PCL Insurance,https://media.set.or.th/set/Documents/2022/Apr/SET50_100_H1_2022.pdf,SET50_100_H1_2022.pdf
TRUE,TRUE.BK,TRUE CORPORATION PCL Information & Communication Technology,https://media.set.or.th/set/Documents/2022/Apr/SET50_100_H1_2022.pdf,SET50_100_H1_2022.pdf
TTA,TTA.BK,THORESEN THAI AGENCIES PCL Transportation & Logistics,https://media.set.or.th/set/Documents/2022/Apr/SET50_100_H1_2022.pdf,SET50_100_H1_2022.pdf
TTB,TTB.BK,TMBTHANACHART BANK PCL Banking,https://media.set.or.th/set/Documents/2022/Apr/SET50_100_H1_2022.pdf,SET50_100_H1_2022.pdf
TU,TU.BK,THAI UNION GROUP PCL Food and Beverage,https://media.set.or.th/set/Documents/2022/Apr/SET50_100_H1_2022.pdf,SET50_100_H1_2022.pdf
TVO,TVO.BK,THAI VEGETABLE OIL PCL Food and Beverage,https://media.set.or.th/set/Documents/2022/Apr/SET50_100_H1_2022.pdf,SET50_100_H1_2022.pdf
VGI,VGI.BK,VGI PCL Media & Publishing,https://media.set.or.th/set/Documents/2022/Apr/SET50_100_H1_2022.pdf,SET50_100_H1_2022.pdf
WHA,WHA.BK,WHA CORPORATION PCL Property Development,https://media.set.or.th/set/Documents/2022/Apr/SET50_100_H1_2022.pdf,SET50_100_H1_2022.pdf
AAV,AAV.BK,ASIA AVIATION PCL Transportation & Logistics,https://media.set.or.th/set/Documents/2022/Apr/SET50_100_H2_2021V2-27082030.pdf,SET50_100_H2_2021V2-27082030.pdf
ACE,ACE.BK,ABSOLUTE CLEAN ENERGY PCL Energy & Utilities,https://media.set.or.th/set/Documents/2022/Apr/SET50_100_H2_2021V2-27082030.pdf,SET50_100_H2_2021V2-27082030.pdf
ADVANC,ADVANC.BK,ADVANCED INFO SERVICE PCL Information & Communication Technology,https://media.set.or.th/set/Documents/2022/Apr/SET50_100_H2_2021V2-27082030.pdf,SET50_100_H2_2021V2-27082030.pdf
AEONTS,AEONTS.BK,AEON THANA SINSAP (THAILAND) PCL Finance and Securities,https://media.set.or.th/set/Documents/2022/Apr/SET50_100_H2_2021V2-27082030.pdf,SET50_100_H2_2021V2-27082030.pdf
AMATA,AMATA.BK,AMATA CORPORATION PCL Property Development,https://media.set.or.th/set/Documents/2022/Apr/SET50_100_H2_2021V2-27082030.pdf,SET50_100_H2_2021V2-27082030.pdf
AOT,AOT.BK,AIRPORTS OF THAILAND PCL Transportation & Logistics,https://media.set.or.th/set/Documents/2022/Apr/SET50_100_H2_2021V2-27082030.pdf,SET50_100_H2_2021V2-27082030.pdf
AP,AP.BK,AP (THAILAND) PCL Property Development,https://media.set.or.th/set/Documents/2022/Apr/SET50_100_H2_2021V2-27082030.pdf,SET50_100_H2_2021V2-27082030.pdf
BAM,BAM.BK,BANGKOK COMMERCIAL ASSET MANAGEMENT PCL Finance and Securities,https://media.set.or.th/set/Documents/2022/Apr/SET50_100_H2_2021V2-27082030.pdf,SET50_100_H2_2021V2-27082030.pdf
BANPU,BANPU.BK,BANPU PCL Energy & Utilities,https://media.set.or.th/set/Documents/2022/Apr/SET50_100_H2_2021V2-27082030.pdf,SET50_100_H2_2021V2-27082030.pdf
BBL,BBL.BK,BANGKOK BANK PCL Banking,https://media.set.or.th/set/Documents/2022/Apr/SET50_100_H2_2021V2-27082030.pdf,SET50_100_H2_2021V2-27082030.pdf
BCH,BCH.BK,BANGKOK CHAIN HOSPITAL PCL Health Care Services,https://media.set.or.th/set/Documents/2022/Apr/SET50_100_H2_2021V2-27082030.pdf,SET50_100_H2_2021V2-27082030.pdf
BCP,BCP.BK,BANGCHAK CORPORATION PCL Energy & Utilities,https://media.set.or.th/set/Documents/2022/Apr/SET50_100_H2_2021V2-27082030.pdf,SET50_100_H2_2021V2-27082030.pdf
BCPG,BCPG.BK,BCPG PCL Energy & Utilities,https://media.set.or.th/set/Documents/2022/Apr/SET50_100_H2_2021V2-27082030.pdf,SET50_100_H2_2021V2-27082030.pdf
BDMS,BDMS.BK,BANGKOK DUSIT MEDICAL SERVICES PCL Health Care Services,https://media.set.or.th/set/Documents/2022/Apr/SET50_100_H2_2021V2-27082030.pdf,SET50_100_H2_2021V2-27082030.pdf
BEC,BEC.BK,BEC WORLD PCL Media & Publishing,https://media.set.or.th/set/Documents/2022/Apr/SET50_100_H2_2021V2-27082030.pdf,SET50_100_H2_2021V2-27082030.pdf
BEM,BEM.BK,BANGKOK EXPRESSWAY AND METRO  PCL Transportation & Logistics,https://media.set.or.th/set/Documents/2022/Apr/SET50_100_H2_2021V2-27082030.pdf,SET50_100_H2_2021V2-27082030.pdf
BGRIM,BGRIM.BK,B.GRIMM POWER PCL Energy & Utilities,https://media.set.or.th/set/Documents/2022/Apr/SET50_100_H2_2021V2-27082030.pdf,SET50_100_H2_2021V2-27082030.pdf
BH,BH.BK,BUMRUNGRAD HOSPITAL PCL Health Care Services,https://media.set.or.th/set/Documents/2022/Apr/SET50_100_H2_2021V2-27082030.pdf,SET50_100_H2_2021V2-27082030.pdf
BJC,BJC.BK,BERLI JUCKER PCL Commerce,https://media.set.or.th/set/Documents/2022/Apr/SET50_100_H2_2021V2-27082030.pdf,SET50_100_H2_2021V2-27082030.pdf
BTS,BTS.BK,BTS GROUP HOLDINGS PCL Transportation & Logistics,https://media.set.or.th/set/Documents/2022/Apr/SET50_100_H2_2021V2-27082030.pdf,SET50_100_H2_2021V2-27082030.pdf
CBG,CBG.BK,CARABAO GROUP PCL Food and Beverage,https://media.set.or.th/set/Documents/2022/Apr/SET50_100_H2_2021V2-27082030.pdf,SET50_100_H2_2021V2-27082030.pdf
CENTEL,CENTEL.BK,CENTRAL PLAZA HOTEL PCL Tourism & Leisure,https://media.set.or.th/set/Documents/2022/Apr/SET50_100_H2_2021V2-27082030.pdf,SET50_100_H2_2021V2-27082030.pdf
CHG,CHG.BK,CHULARAT HOSPITAL PCL Health Care Services,https://media.set.or.th/set/Documents/2022/Apr/SET50_100_H2_2021V2-27082030.pdf,SET50_100_H2_2021V2-27082030.pdf
CK,CK.BK,CH. KARNCHANG PCL Construction Services,https://media.set.or.th/set/Documents/2022/Apr/SET50_100_H2_2021V2-27082030.pdf,SET50_100_H2_2021V2-27082030.pdf
CKP,CKP.BK,CK POWER PCL Energy & Utilities,https://media.set.or.th/set/Documents/2022/Apr/SET50_100_H2_2021V2-27082030.pdf,SET50_100_H2_2021V2-27082030.pdf
COM7,COM7.BK,COM7 PCL Commerce,https://media.set.or.th/set/Documents/2022/Apr/SET50_100_H2_2021V2-27082030.pdf,SET50_100_H2_2021V2-27082030.pdf
CPALL,CPALL.BK,CP ALL PCL Commerce,https://media.set.or.th/set/Documents/2022/Apr/SET50_100_H2_2021V2-27082030.pdf,SET50_100_H2_2021V2-27082030.pdf
CPF,CPF.BK,CHAROEN POKPHAND FOODS PCL Food and Beverage,https://media.set.or.th/set/Documents/2022/Apr/SET50_100_H2_2021V2-27082030.pdf,SET50_100_H2_2021V2-27082030.pdf
CPN,CPN.BK,CENTRAL PATTANA PCL Property Development,https://media.set.or.th/set/Documents/2022/Apr/SET50_100_H2_2021V2-27082030.pdf,SET50_100_H2_2021V2-27082030.pdf
CRC,CRC.BK,CENTRAL RETAIL CORPORATION PCL Commerce,https://media.set.or.th/set/Documents/2022/Apr/SET50_100_H2_2021V2-27082030.pdf,SET50_100_H2_2021V2-27082030.pdf
DELTA,DELTA.BK,DELTA ELECTRONICS (THAILAND) PCL Electronic Components,https://media.set.or.th/set/Documents/2022/Apr/SET50_100_H2_2021V2-27082030.pdf,SET50_100_H2_2021V2-27082030.pdf
DOHOME,DOHOME.BK,DOHOME PCL Commerce,https://media.set.or.th/set/Documents/2022/Apr/SET50_100_H2_2021V2-27082030.pdf,SET50_100_H2_2021V2-27082030.pdf
DTAC,DTAC.BK,TOTAL ACCESS COMMUNICATION PCL Information & Communication Technology,https://media.set.or.th/set/Documents/2022/Apr/SET50_100_H2_2021V2-27082030.pdf,SET50_100_H2_2021V2-27082030.pdf
EA,EA.BK,ENERGY ABSOLUTE PCL Energy & Utilities,https://media.set.or.th/set/Documents/2022/Apr/SET50_100_H2_2021V2-27082030.pdf,SET50_100_H2_2021V2-27082030.pdf
EGCO,EGCO.BK,ELECTRICITY GENERATING PCL Energy & Utilities,https://media.set.or.th/set/Documents/2022/Apr/SET50_100_H2_2021V2-27082030.pdf,SET50_100_H2_2021V2-27082030.pdf
ESSO,ESSO.BK,ESSO (THAILAND) PCL Energy & Utilities,https://media.set.or.th/set/Documents/2022/Apr/SET50_100_H2_2021V2-27082030.pdf,SET50_100_H2_2021V2-27082030.pdf
GLOBAL,GLOBAL.BK,SIAM GLOBAL HOUSE PCL Commerce,https://media.set.or.th/set/Documents/2022/Apr/SET50_100_H2_2021V2-27082030.pdf,SET50_100_H2_2021V2-27082030.pdf
GPSC,GPSC.BK,GLOBAL POWER SYNERGY PCL Energy & Utilities,https://media.set.or.th/set/Documents/2022/Apr/SET50_100_H2_2021V2-27082030.pdf,SET50_100_H2_2021V2-27082030.pdf
GULF,GULF.BK,GULF ENERGY DEVELOPMENT PCL Energy & Utilities,https://media.set.or.th/set/Documents/2022/Apr/SET50_100_H2_2021V2-27082030.pdf,SET50_100_H2_2021V2-27082030.pdf
GUNKUL,GUNKUL.BK,GUNKUL ENGINEERING PCL Energy & Utilities,https://media.set.or.th/set/Documents/2022/Apr/SET50_100_H2_2021V2-27082030.pdf,SET50_100_H2_2021V2-27082030.pdf
HANA,HANA.BK,HANA MICROELECTRONICS PCL Electronic Components,https://media.set.or.th/set/Documents/2022/Apr/SET50_100_H2_2021V2-27082030.pdf,SET50_100_H2_2021V2-27082030.pdf
HMPRO,HMPRO.BK,HOME PRODUCT CENTER PCL Commerce,https://media.set.or.th/set/Documents/2022/Apr/SET50_100_H2_2021V2-27082030.pdf,SET50_100_H2_2021V2-27082030.pdf
ICHI,ICHI.BK,ICHITAN GROUP PCL Food and Beverage,https://media.set.or.th/set/Documents/2022/Apr/SET50_100_H2_2021V2-27082030.pdf,SET50_100_H2_2021V2-27082030.pdf
INTUCH,INTUCH.BK,INTOUCH HOLDINGS PCL Information & Communication Technology,https://media.set.or.th/set/Documents/2022/Apr/SET50_100_H2_2021V2-27082030.pdf,SET50_100_H2_2021V2-27082030.pdf
IRPC,IRPC.BK,IRPC PCL Energy & Utilities,https://media.set.or.th/set/Documents/2022/Apr/SET50_100_H2_2021V2-27082030.pdf,SET50_100_H2_2021V2-27082030.pdf
IVL,IVL.BK,INDORAMA VENTURES PCL Petrochemicals & Chemicals,https://media.set.or.th/set/Documents/2022/Apr/SET50_100_H2_2021V2-27082030.pdf,SET50_100_H2_2021V2-27082030.pdf
JAS,JAS.BK,JASMINE INTERNATIONAL PCL Information & Communication Technology,https://media.set.or.th/set/Documents/2022/Apr/SET50_100_H2_2021V2-27082030.pdf,SET50_100_H2_2021V2-27082030.pdf
JMART,JMART.BK,JAY MART PCL Information & Communication Technology Reserve list of SET100,https://media.set.or.th/set/Documents/2022/Apr/SET50_100_H2_2021V2-27082030.pdf,SET50_100_H2_2021V2-27082030.pdf
JMT,JMT.BK,JMT NETWORK SERVICES PCL Finance and Securities,https://media.set.or.th/set/Documents/2022/Apr/SET50_100_H2_2021V2-27082030.pdf,SET50_100_H2_2021V2-27082030.pdf
KBANK,KBANK.BK,KASIKORNBANK PCL Banking,https://media.set.or.th/set/Documents/2022/Apr/SET50_100_H2_2021V2-27082030.pdf,SET50_100_H2_2021V2-27082030.pdf
KCE,KCE.BK,KCE ELECTRONICS PCL Electronic Components,https://media.set.or.th/set/Documents/2022/Apr/SET50_100_H2_2021V2-27082030.pdf,SET50_100_H2_2021V2-27082030.pdf
KKP,KKP.BK,KIATNAKIN PHATRA BANK PCL Banking,https://media.set.or.th/set/Documents/2022/Apr/SET50_100_H2_2021V2-27082030.pdf,SET50_100_H2_2021V2-27082030.pdf
KTB,KTB.BK,KRUNG THAI BANK PCL Banking,https://media.set.or.th/set/Documents/2022/Apr/SET50_100_H2_2021V2-27082030.pdf,SET50_100_H2_2021V2-27082030.pdf
KTC,KTC.BK,KRUNGTHAI CARD PCL Finance and Securities,https://media.set.or.th/set/Documents/2022/Apr/SET50_100_H2_2021V2-27082030.pdf,SET50_100_H2_2021V2-27082030.pdf
LH,LH.BK,LAND AND HOUSES PCL Property Development,https://media.set.or.th/set/Documents/2022/Apr/SET50_100_H2_2021V2-27082030.pdf,SET50_100_H2_2021V2-27082030.pdf
MAJOR,MAJOR.BK,MAJOR CINEPLEX GROUP PCL Media & Publishing,https://media.set.or.th/set/Documents/2022/Apr/SET50_100_H2_2021V2-27082030.pdf,SET50_100_H2_2021V2-27082030.pdf
MEGA,MEGA.BK,MEGA LIFESCIENCES PCL Commerce,https://media.set.or.th/set/Documents/2022/Apr/SET50_100_H2_2021V2-27082030.pdf,SET50_100_H2_2021V2-27082030.pdf
MINT,MINT.BK,MINOR INTERNATIONAL PCL Food and Beverage,https://media.set.or.th/set/Documents/2022/Apr/SET50_100_H2_2021V2-27082030.pdf,SET50_100_H2_2021V2-27082030.pdf
MTC,MTC.BK,MUANGTHAI CAPITAL PCL Finance and Securities,https://media.set.or.th/set/Documents/2022/Apr/SET50_100_H2_2021V2-27082030.pdf,SET50_100_H2_2021V2-27082030.pdf
NRF,NRF.BK,NR INSTANT PRODUCE PCL Food and Beverage,https://media.set.or.th/set/Documents/2022/Apr/SET50_100_H2_2021V2-27082030.pdf,SET50_100_H2_2021V2-27082030.pdf
OR,OR.BK,PTT OIL AND RETAIL BUSINESS PCL Energy & Utilities,https://media.set.or.th/set/Documents/2022/Apr/SET50_100_H2_2021V2-27082030.pdf,SET50_100_H2_2021V2-27082030.pdf
ORI,ORI.BK,ORIGIN PROPERTY PCL Property Development,https://media.set.or.th/set/Documents/2022/Apr/SET50_100_H2_2021V2-27082030.pdf,SET50_100_H2_2021V2-27082030.pdf
OSP,OSP.BK,OSOTSPA PCL Food and Beverage,https://media.set.or.th/set/Documents/2022/Apr/SET50_100_H2_2021V2-27082030.pdf,SET50_100_H2_2021V2-27082030.pdf
PLANB,PLANB.BK,PLAN B MEDIA PCL Media & Publishing,https://media.set.or.th/set/Documents/2022/Apr/SET50_100_H2_2021V2-27082030.pdf,SET50_100_H2_2021V2-27082030.pdf
PRM,PRM.BK,PRIMA MARINE PCL Transportation & Logistics,https://media.set.or.th/set/Documents/2022/Apr/SET50_100_H2_2021V2-27082030.pdf,SET50_100_H2_2021V2-27082030.pdf
PSL,PSL.BK,PRECIOUS SHIPPING PCL Transportation & Logistics,https://media.set.or.th/set/Documents/2022/Apr/SET50_100_H2_2021V2-27082030.pdf,SET50_100_H2_2021V2-27082030.pdf
PTG,PTG.BK,PTG ENERGY PCL Energy & Utilities,https://media.set.or.th/set/Documents/2022/Apr/SET50_100_H2_2021V2-27082030.pdf,SET50_100_H2_2021V2-27082030.pdf
PTL,PTL.BK,POLYPLEX (THAILAND) PCL Packaging,https://media.set.or.th/set/Documents/2022/Apr/SET50_100_H2_2021V2-27082030.pdf,SET50_100_H2_2021V2-27082030.pdf
PTT,PTT.BK,PTT PCL Energy & Utilities,https://media.set.or.th/set/Documents/2022/Apr/SET50_100_H2_2021V2-27082030.pdf,SET50_100_H2_2021V2-27082030.pdf
PTTEP,PTTEP.BK,PTT EXPLORATION AND PRODUCTION PCL Energy & Utilities,https://media.set.or.th/set/Documents/2022/Apr/SET50_100_H2_2021V2-27082030.pdf,SET50_100_H2_2021V2-27082030.pdf
PTTGC,PTTGC.BK,PTT GLOBAL CHEMICAL PCL Petrochemicals & Chemicals,https://media.set.or.th/set/Documents/2022/Apr/SET50_100_H2_2021V2-27082030.pdf,SET50_100_H2_2021V2-27082030.pdf
QH,QH.BK,QUALITY HOUSES PCL Property Development,https://media.set.or.th/set/Documents/2022/Apr/SET50_100_H2_2021V2-27082030.pdf,SET50_100_H2_2021V2-27082030.pdf
RATCH,RATCH.BK,RATCH GROUP PCL Energy & Utilities,https://media.set.or.th/set/Documents/2022/Apr/SET50_100_H2_2021V2-27082030.pdf,SET50_100_H2_2021V2-27082030.pdf
RBF,RBF.BK,R&B FOOD SUPPLY PCL Food and Beverage,https://media.set.or.th/set/Documents/2022/Apr/SET50_100_H2_2021V2-27082030.pdf,SET50_100_H2_2021V2-27082030.pdf
RS,RS.BK,RS PCL Commerce,https://media.set.or.th/set/Documents/2022/Apr/SET50_100_H2_2021V2-27082030.pdf,SET50_100_H2_2021V2-27082030.pdf
SAWAD,SAWAD.BK,SRISAWAD CORPORATION PCL Finance and Securities,https://media.set.or.th/set/Documents/2022/Apr/SET50_100_H2_2021V2-27082030.pdf,SET50_100_H2_2021V2-27082030.pdf
SCB,SCB.BK,THE SIAM COMMERCIAL BANK PCL Banking,https://media.set.or.th/set/Documents/2022/Apr/SET50_100_H2_2021V2-27082030.pdf,SET50_100_H2_2021V2-27082030.pdf
SCC,SCC.BK,THE SIAM CEMENT PCL Construction Materials,https://media.set.or.th/set/Documents/2022/Apr/SET50_100_H2_2021V2-27082030.pdf,SET50_100_H2_2021V2-27082030.pdf
SCGP,SCGP.BK,SCG PACKAGING PCL Packaging,https://media.set.or.th/set/Documents/2022/Apr/SET50_100_H2_2021V2-27082030.pdf,SET50_100_H2_2021V2-27082030.pdf
SINGER,SINGER.BK,SINGER THAILAND PCL Commerce,https://media.set.or.th/set/Documents/2022/Apr/SET50_100_H2_2021V2-27082030.pdf,SET50_100_H2_2021V2-27082030.pdf
SPALI,SPALI.BK,SUPALAI PCL Property Development,https://media.set.or.th/set/Documents/2022/Apr/SET50_100_H2_2021V2-27082030.pdf,SET50_100_H2_2021V2-27082030.pdf
SPRC,SPRC.BK,STAR PETROLEUM REFINING PCL Energy & Utilities,https://media.set.or.th/set/Documents/2022/Apr/SET50_100_H2_2021V2-27082030.pdf,SET50_100_H2_2021V2-27082030.pdf
STA,STA.BK,SRI TRANG AGRO-INDUSTRY PCL Agribusiness,https://media.set.or.th/set/Documents/2022/Apr/SET50_100_H2_2021V2-27082030.pdf,SET50_100_H2_2021V2-27082030.pdf
STEC,STEC.BK,SINO-THAI ENGINEERING AND CONSTRUCTION PCL Construction Services,https://media.set.or.th/set/Documents/2022/Apr/SET50_100_H2_2021V2-27082030.pdf,SET50_100_H2_2021V2-27082030.pdf
STGT,STGT.BK,SRI TRANG GLOVES (THAILAND) PCL Personal Products & Pharmaceuticals,https://media.set.or.th/set/Documents/2022/Apr/SET50_100_H2_2021V2-27082030.pdf,SET50_100_H2_2021V2-27082030.pdf
SUPER,SUPER.BK,SUPER ENERGY CORPORATION PCL Energy & Utilities,https://media.set.or.th/set/Documents/2022/Apr/SET50_100_H2_2021V2-27082030.pdf,SET50_100_H2_2021V2-27082030.pdf
SYNEX,SYNEX.BK,SYNNEX (THAILAND) PCL Information & Communication Technology,https://media.set.or.th/set/Documents/2022/Apr/SET50_100_H2_2021V2-27082030.pdf,SET50_100_H2_2021V2-27082030.pdf
TASCO,TASCO.BK,TIPCO ASPHALT PCL Construction Materials,https://media.set.or.th/set/Documents/2022/Apr/SET50_100_H2_2021V2-27082030.pdf,SET50_100_H2_2021V2-27082030.pdf
TCAP,TCAP.BK,THANACHART CAPITAL PCL Banking,https://media.set.or.th/set/Documents/2022/Apr/SET50_100_H2_2021V2-27082030.pdf,SET50_100_H2_2021V2-27082030.pdf
THANI,THANI.BK,RATCHTHANI LEASING PCL Finance and Securities,https://media.set.or.th/set/Documents/2022/Apr/SET50_100_H2_2021V2-27082030.pdf,SET50_100_H2_2021V2-27082030.pdf
TISCO,TISCO.BK,TISCO FINANCIAL GROUP PCL Banking,https://media.set.or.th/set/Documents/2022/Apr/SET50_100_H2_2021V2-27082030.pdf,SET50_100_H2_2021V2-27082030.pdf
TKN,TKN.BK,TAOKAENOI FOOD & MARKETING PCL Food and Beverage,https://media.set.or.th/set/Documents/2022/Apr/SET50_100_H2_2021V2-27082030.pdf,SET50_100_H2_2021V2-27082030.pdf
TOP,TOP.BK,THAI OIL PCL Energy & Utilities,https://media.set.or.th/set/Documents/2022/Apr/SET50_100_H2_2021V2-27082030.pdf,SET50_100_H2_2021V2-27082030.pdf
TQM,TQM.BK,TQM CORPORATION PCL Insurance,https://media.set.or.th/set/Documents/2022/Apr/SET50_100_H2_2021V2-27082030.pdf,SET50_100_H2_2021V2-27082030.pdf
TRUE,TRUE.BK,TRUE CORPORATION PCL Information & Communication Technology,https://media.set.or.th/set/Documents/2022/Apr/SET50_100_H2_2021V2-27082030.pdf,SET50_100_H2_2021V2-27082030.pdf
TTB,TTB.BK,TMBTHANACHART BANK PCL Banking,https://media.set.or.th/set/Documents/2022/Apr/SET50_100_H2_2021V2-27082030.pdf,SET50_100_H2_2021V2-27082030.pdf
TU,TU.BK,THAI UNION GROUP PCL Food and Beverage,https://media.set.or.th/set/Documents/2022/Apr/SET50_100_H2_2021V2-27082030.pdf,SET50_100_H2_2021V2-27082030.pdf
TVO,TVO.BK,THAI VEGETABLE OIL PCL Food and Beverage,https://media.set.or.th/set/Documents/2022/Apr/SET50_100_H2_2021V2-27082030.pdf,SET50_100_H2_2021V2-27082030.pdf
VGI,VGI.BK,VGI PCL Media & Publishing,https://media.set.or.th/set/Documents/2022/Apr/SET50_100_H2_2021V2-27082030.pdf,SET50_100_H2_2021V2-27082030.pdf
WHA,WHA.BK,WHA CORPORATION PCL Property Development,https://media.set.or.th/set/Documents/2022/Apr/SET50_100_H2_2021V2-27082030.pdf,SET50_100_H2_2021V2-27082030.pdf
ACE,ACE.BK,ABSOLUTE CLEAN ENERGY PCL Energy & Utilities,https://media.set.or.th/set/Documents/2022/Apr/SET50_100_H1_2021_revised-27082138.pdf,SET50_100_H1_2021_revised-27082138.pdf
ADVANC,ADVANC.BK,ADVANCED INFO SERVICE PCL Information & Communication Technology,https://media.set.or.th/set/Documents/2022/Apr/SET50_100_H1_2021_revised-27082138.pdf,SET50_100_H1_2021_revised-27082138.pdf
AEONTS,AEONTS.BK,AEON THANA SINSAP (THAILAND) PCL Finance and Securities,https://media.set.or.th/set/Documents/2022/Apr/SET50_100_H1_2021_revised-27082138.pdf,SET50_100_H1_2021_revised-27082138.pdf
AMATA,AMATA.BK,AMATA CORPORATION PCL Property Development,https://media.set.or.th/set/Documents/2022/Apr/SET50_100_H1_2021_revised-27082138.pdf,SET50_100_H1_2021_revised-27082138.pdf
AOT,AOT.BK,AIRPORTS OF THAILAND PCL Transportation & Logistics,https://media.set.or.th/set/Documents/2022/Apr/SET50_100_H1_2021_revised-27082138.pdf,SET50_100_H1_2021_revised-27082138.pdf
AP,AP.BK,AP (THAILAND) PCL Property Development,https://media.set.or.th/set/Documents/2022/Apr/SET50_100_H1_2021_revised-27082138.pdf,SET50_100_H1_2021_revised-27082138.pdf
AWC,AWC.BK,ASSET WORLD CORP PCL Property Development,https://media.set.or.th/set/Documents/2022/Apr/SET50_100_H1_2021_revised-27082138.pdf,SET50_100_H1_2021_revised-27082138.pdf
BAM,BAM.BK,BANGKOK COMMERCIAL ASSET MANAGEMENT PCL Finance and Securities,https://media.set.or.th/set/Documents/2022/Apr/SET50_100_H1_2021_revised-27082138.pdf,SET50_100_H1_2021_revised-27082138.pdf
BANPU,BANPU.BK,BANPU PCL Energy & Utilities,https://media.set.or.th/set/Documents/2022/Apr/SET50_100_H1_2021_revised-27082138.pdf,SET50_100_H1_2021_revised-27082138.pdf
BBL,BBL.BK,BANGKOK BANK PCL Banking,https://media.set.or.th/set/Documents/2022/Apr/SET50_100_H1_2021_revised-27082138.pdf,SET50_100_H1_2021_revised-27082138.pdf
BCH,BCH.BK,BANGKOK CHAIN HOSPITAL PCL Health Care Services,https://media.set.or.th/set/Documents/2022/Apr/SET50_100_H1_2021_revised-27082138.pdf,SET50_100_H1_2021_revised-27082138.pdf
BCP,BCP.BK,BANGCHAK CORPORATION PCL Energy & Utilities,https://media.set.or.th/set/Documents/2022/Apr/SET50_100_H1_2021_revised-27082138.pdf,SET50_100_H1_2021_revised-27082138.pdf
BCPG,BCPG.BK,BCPG PCL Energy & Utilities,https://media.set.or.th/set/Documents/2022/Apr/SET50_100_H1_2021_revised-27082138.pdf,SET50_100_H1_2021_revised-27082138.pdf
BDMS,BDMS.BK,BANGKOK DUSIT MEDICAL SERVICES PCL Health Care Services,https://media.set.or.th/set/Documents/2022/Apr/SET50_100_H1_2021_revised-27082138.pdf,SET50_100_H1_2021_revised-27082138.pdf
BEC,BEC.BK,BEC WORLD PCL Media & Publishing,https://media.set.or.th/set/Documents/2022/Apr/SET50_100_H1_2021_revised-27082138.pdf,SET50_100_H1_2021_revised-27082138.pdf
BEM,BEM.BK,BANGKOK EXPRESSWAY AND METRO  PCL Transportation & Logistics,https://media.set.or.th/set/Documents/2022/Apr/SET50_100_H1_2021_revised-27082138.pdf,SET50_100_H1_2021_revised-27082138.pdf
BGRIM,BGRIM.BK,B.GRIMM POWER PCL Energy & Utilities,https://media.set.or.th/set/Documents/2022/Apr/SET50_100_H1_2021_revised-27082138.pdf,SET50_100_H1_2021_revised-27082138.pdf
BH,BH.BK,BUMRUNGRAD HOSPITAL PCL Health Care Services,https://media.set.or.th/set/Documents/2022/Apr/SET50_100_H1_2021_revised-27082138.pdf,SET50_100_H1_2021_revised-27082138.pdf
BJC,BJC.BK,BERLI JUCKER PCL Commerce,https://media.set.or.th/set/Documents/2022/Apr/SET50_100_H1_2021_revised-27082138.pdf,SET50_100_H1_2021_revised-27082138.pdf
BPP,BPP.BK,BANPU POWER PCL Energy & Utilities,https://media.set.or.th/set/Documents/2022/Apr/SET50_100_H1_2021_revised-27082138.pdf,SET50_100_H1_2021_revised-27082138.pdf
BTS,BTS.BK,BTS GROUP HOLDINGS PCL Transportation & Logistics,https://media.set.or.th/set/Documents/2022/Apr/SET50_100_H1_2021_revised-27082138.pdf,SET50_100_H1_2021_revised-27082138.pdf
CBG,CBG.BK,CARABAO GROUP PCL Food and Beverage,https://media.set.or.th/set/Documents/2022/Apr/SET50_100_H1_2021_revised-27082138.pdf,SET50_100_H1_2021_revised-27082138.pdf
CENTEL,CENTEL.BK,CENTRAL PLAZA HOTEL PCL Tourism & Leisure,https://media.set.or.th/set/Documents/2022/Apr/SET50_100_H1_2021_revised-27082138.pdf,SET50_100_H1_2021_revised-27082138.pdf
CHG,CHG.BK,CHULARAT HOSPITAL PCL Health Care Services,https://media.set.or.th/set/Documents/2022/Apr/SET50_100_H1_2021_revised-27082138.pdf,SET50_100_H1_2021_revised-27082138.pdf
CK,CK.BK,CH. KARNCHANG PCL Construction Services,https://media.set.or.th/set/Documents/2022/Apr/SET50_100_H1_2021_revised-27082138.pdf,SET50_100_H1_2021_revised-27082138.pdf
CKP,CKP.BK,CK POWER PCL Energy & Utilities,https://media.set.or.th/set/Documents/2022/Apr/SET50_100_H1_2021_revised-27082138.pdf,SET50_100_H1_2021_revised-27082138.pdf
COM7,COM7.BK,COM7 PCL Commerce,https://media.set.or.th/set/Documents/2022/Apr/SET50_100_H1_2021_revised-27082138.pdf,SET50_100_H1_2021_revised-27082138.pdf
CPALL,CPALL.BK,CP ALL PCL Commerce,https://media.set.or.th/set/Documents/2022/Apr/SET50_100_H1_2021_revised-27082138.pdf,SET50_100_H1_2021_revised-27082138.pdf
CPF,CPF.BK,CHAROEN POKPHAND FOODS PCL Food and Beverage,https://media.set.or.th/set/Documents/2022/Apr/SET50_100_H1_2021_revised-27082138.pdf,SET50_100_H1_2021_revised-27082138.pdf
CPN,CPN.BK,CENTRAL PATTANA PCL Property Development,https://media.set.or.th/set/Documents/2022/Apr/SET50_100_H1_2021_revised-27082138.pdf,SET50_100_H1_2021_revised-27082138.pdf
CRC,CRC.BK,CENTRAL RETAIL CORPORATION PCL Commerce,https://media.set.or.th/set/Documents/2022/Apr/SET50_100_H1_2021_revised-27082138.pdf,SET50_100_H1_2021_revised-27082138.pdf
DELTA,DELTA.BK,DELTA ELECTRONICS (THAILAND) PCL Electronic Components,https://media.set.or.th/set/Documents/2022/Apr/SET50_100_H1_2021_revised-27082138.pdf,SET50_100_H1_2021_revised-27082138.pdf
DOHOME,DOHOME.BK,DOHOME PCL Commerce,https://media.set.or.th/set/Documents/2022/Apr/SET50_100_H1_2021_revised-27082138.pdf,SET50_100_H1_2021_revised-27082138.pdf
DTAC,DTAC.BK,TOTAL ACCESS COMMUNICATION PCL Information & Communication Technology,https://media.set.or.th/set/Documents/2022/Apr/SET50_100_H1_2021_revised-27082138.pdf,SET50_100_H1_2021_revised-27082138.pdf
EA,EA.BK,ENERGY ABSOLUTE PCL Energy & Utilities,https://media.set.or.th/set/Documents/2022/Apr/SET50_100_H1_2021_revised-27082138.pdf,SET50_100_H1_2021_revised-27082138.pdf
EGCO,EGCO.BK,ELECTRICITY GENERATING PCL Energy & Utilities,https://media.set.or.th/set/Documents/2022/Apr/SET50_100_H1_2021_revised-27082138.pdf,SET50_100_H1_2021_revised-27082138.pdf
EPG,EPG.BK,EASTERN POLYMER GROUP PCL Construction Materials,https://media.set.or.th/set/Documents/2022/Apr/SET50_100_H1_2021_revised-27082138.pdf,SET50_100_H1_2021_revised-27082138.pdf
ESSO,ESSO.BK,ESSO (THAILAND) PCL Energy & Utilities,https://media.set.or.th/set/Documents/2022/Apr/SET50_100_H1_2021_revised-27082138.pdf,SET50_100_H1_2021_revised-27082138.pdf
GFPT,GFPT.BK,GFPT PCL Agribusiness,https://media.set.or.th/set/Documents/2022/Apr/SET50_100_H1_2021_revised-27082138.pdf,SET50_100_H1_2021_revised-27082138.pdf
GLOBAL,GLOBAL.BK,SIAM GLOBAL HOUSE PCL Commerce,https://media.set.or.th/set/Documents/2022/Apr/SET50_100_H1_2021_revised-27082138.pdf,SET50_100_H1_2021_revised-27082138.pdf
GPSC,GPSC.BK,GLOBAL POWER SYNERGY PCL Energy & Utilities,https://media.set.or.th/set/Documents/2022/Apr/SET50_100_H1_2021_revised-27082138.pdf,SET50_100_H1_2021_revised-27082138.pdf
GULF,GULF.BK,GULF ENERGY DEVELOPMENT PCL Energy & Utilities,https://media.set.or.th/set/Documents/2022/Apr/SET50_100_H1_2021_revised-27082138.pdf,SET50_100_H1_2021_revised-27082138.pdf
GUNKUL,GUNKUL.BK,GUNKUL ENGINEERING PCL Energy & Utilities,https://media.set.or.th/set/Documents/2022/Apr/SET50_100_H1_2021_revised-27082138.pdf,SET50_100_H1_2021_revised-27082138.pdf
HANA,HANA.BK,HANA MICROELECTRONICS PCL Electronic Components,https://media.set.or.th/set/Documents/2022/Apr/SET50_100_H1_2021_revised-27082138.pdf,SET50_100_H1_2021_revised-27082138.pdf
HMPRO,HMPRO.BK,HOME PRODUCT CENTER PCL Commerce,https://media.set.or.th/set/Documents/2022/Apr/SET50_100_H1_2021_revised-27082138.pdf,SET50_100_H1_2021_revised-27082138.pdf
INTUCH,INTUCH.BK,INTOUCH HOLDINGS PCL Information & Communication Technology,https://media.set.or.th/set/Documents/2022/Apr/SET50_100_H1_2021_revised-27082138.pdf,SET50_100_H1_2021_revised-27082138.pdf
IRPC,IRPC.BK,IRPC PCL Energy & Utilities,https://media.set.or.th/set/Documents/2022/Apr/SET50_100_H1_2021_revised-27082138.pdf,SET50_100_H1_2021_revised-27082138.pdf
IVL,IVL.BK,INDORAMA VENTURES PCL Petrochemicals & Chemicals Reserve list of SET100,https://media.set.or.th/set/Documents/2022/Apr/SET50_100_H1_2021_revised-27082138.pdf,SET50_100_H1_2021_revised-27082138.pdf
JAS,JAS.BK,JASMINE INTERNATIONAL PCL Information & Communication Technology,https://media.set.or.th/set/Documents/2022/Apr/SET50_100_H1_2021_revised-27082138.pdf,SET50_100_H1_2021_revised-27082138.pdf
JMART,JMART.BK,JAY MART PCL Information & Communication Technology,https://media.set.or.th/set/Documents/2022/Apr/SET50_100_H1_2021_revised-27082138.pdf,SET50_100_H1_2021_revised-27082138.pdf
JMT,JMT.BK,JMT NETWORK SERVICES PCL Finance and Securities,https://media.set.or.th/set/Documents/2022/Apr/SET50_100_H1_2021_revised-27082138.pdf,SET50_100_H1_2021_revised-27082138.pdf
KBANK,KBANK.BK,KASIKORNBANK PCL Banking,https://media.set.or.th/set/Documents/2022/Apr/SET50_100_H1_2021_revised-27082138.pdf,SET50_100_H1_2021_revised-27082138.pdf
KCE,KCE.BK,KCE ELECTRONICS PCL Electronic Components,https://media.set.or.th/set/Documents/2022/Apr/SET50_100_H1_2021_revised-27082138.pdf,SET50_100_H1_2021_revised-27082138.pdf
KKP,KKP.BK,KIATNAKIN PHATRA BANK PCL Banking,https://media.set.or.th/set/Documents/2022/Apr/SET50_100_H1_2021_revised-27082138.pdf,SET50_100_H1_2021_revised-27082138.pdf
KTB,KTB.BK,KRUNG THAI BANK PCL Banking,https://media.set.or.th/set/Documents/2022/Apr/SET50_100_H1_2021_revised-27082138.pdf,SET50_100_H1_2021_revised-27082138.pdf
KTC,KTC.BK,KRUNGTHAI CARD PCL Finance and Securities,https://media.set.or.th/set/Documents/2022/Apr/SET50_100_H1_2021_revised-27082138.pdf,SET50_100_H1_2021_revised-27082138.pdf
LH,LH.BK,LAND AND HOUSES PCL Property Development,https://media.set.or.th/set/Documents/2022/Apr/SET50_100_H1_2021_revised-27082138.pdf,SET50_100_H1_2021_revised-27082138.pdf
MAJOR,MAJOR.BK,MAJOR CINEPLEX GROUP PCL Media & Publishing,https://media.set.or.th/set/Documents/2022/Apr/SET50_100_H1_2021_revised-27082138.pdf,SET50_100_H1_2021_revised-27082138.pdf
MBK,MBK.BK,MBK PCL Property Development,https://media.set.or.th/set/Documents/2022/Apr/SET50_100_H1_2021_revised-27082138.pdf,SET50_100_H1_2021_revised-27082138.pdf
MEGA,MEGA.BK,MEGA LIFESCIENCES PCL Commerce,https://media.set.or.th/set/Documents/2022/Apr/SET50_100_H1_2021_revised-27082138.pdf,SET50_100_H1_2021_revised-27082138.pdf
MINT,MINT.BK,MINOR INTERNATIONAL PCL Food and Beverage,https://media.set.or.th/set/Documents/2022/Apr/SET50_100_H1_2021_revised-27082138.pdf,SET50_100_H1_2021_revised-27082138.pdf
MTC,MTC.BK,MUANGTHAI CAPITAL PCL Finance and Securities,https://media.set.or.th/set/Documents/2022/Apr/SET50_100_H1_2021_revised-27082138.pdf,SET50_100_H1_2021_revised-27082138.pdf
OR,OR.BK,PTT OIL AND RETAIL BUSINESS PCL Energy & Utilities,https://media.set.or.th/set/Documents/2022/Apr/SET50_100_H1_2021_revised-27082138.pdf,SET50_100_H1_2021_revised-27082138.pdf
ORI,ORI.BK,ORIGIN PROPERTY PCL Property Development,https://media.set.or.th/set/Documents/2022/Apr/SET50_100_H1_2021_revised-27082138.pdf,SET50_100_H1_2021_revised-27082138.pdf
OSP,OSP.BK,OSOTSPA PCL Food and Beverage,https://media.set.or.th/set/Documents/2022/Apr/SET50_100_H1_2021_revised-27082138.pdf,SET50_100_H1_2021_revised-27082138.pdf
PLANB,PLANB.BK,PLAN B MEDIA PCL Media & Publishing,https://media.set.or.th/set/Documents/2022/Apr/SET50_100_H1_2021_revised-27082138.pdf,SET50_100_H1_2021_revised-27082138.pdf
PRM,PRM.BK,PRIMA MARINE PCL Transportation & Logistics,https://media.set.or.th/set/Documents/2022/Apr/SET50_100_H1_2021_revised-27082138.pdf,SET50_100_H1_2021_revised-27082138.pdf
PTG,PTG.BK,PTG ENERGY PCL Energy & Utilities,https://media.set.or.th/set/Documents/2022/Apr/SET50_100_H1_2021_revised-27082138.pdf,SET50_100_H1_2021_revised-27082138.pdf
PTT,PTT.BK,PTT PCL Energy & Utilities,https://media.set.or.th/set/Documents/2022/Apr/SET50_100_H1_2021_revised-27082138.pdf,SET50_100_H1_2021_revised-27082138.pdf
PTTEP,PTTEP.BK,PTT EXPLORATION AND PRODUCTION PCL Energy & Utilities,https://media.set.or.th/set/Documents/2022/Apr/SET50_100_H1_2021_revised-27082138.pdf,SET50_100_H1_2021_revised-27082138.pdf
PTTGC,PTTGC.BK,PTT GLOBAL CHEMICAL PCL Petrochemicals & Chemicals,https://media.set.or.th/set/Documents/2022/Apr/SET50_100_H1_2021_revised-27082138.pdf,SET50_100_H1_2021_revised-27082138.pdf
QH,QH.BK,QUALITY HOUSES PCL Property Development,https://media.set.or.th/set/Documents/2022/Apr/SET50_100_H1_2021_revised-27082138.pdf,SET50_100_H1_2021_revised-27082138.pdf
RATCH,RATCH.BK,RATCH GROUP PCL Energy & Utilities,https://media.set.or.th/set/Documents/2022/Apr/SET50_100_H1_2021_revised-27082138.pdf,SET50_100_H1_2021_revised-27082138.pdf
RBF,RBF.BK,R&B FOOD SUPPLY PCL Food and Beverage,https://media.set.or.th/set/Documents/2022/Apr/SET50_100_H1_2021_revised-27082138.pdf,SET50_100_H1_2021_revised-27082138.pdf
RS,RS.BK,RS PCL Commerce,https://media.set.or.th/set/Documents/2022/Apr/SET50_100_H1_2021_revised-27082138.pdf,SET50_100_H1_2021_revised-27082138.pdf
SAWAD,SAWAD.BK,SRISAWAD CORPORATION PCL Finance and Securities,https://media.set.or.th/set/Documents/2022/Apr/SET50_100_H1_2021_revised-27082138.pdf,SET50_100_H1_2021_revised-27082138.pdf
SCB,SCB.BK,THE SIAM COMMERCIAL BANK PCL Banking,https://media.set.or.th/set/Documents/2022/Apr/SET50_100_H1_2021_revised-27082138.pdf,SET50_100_H1_2021_revised-27082138.pdf
SCC,SCC.BK,THE SIAM CEMENT PCL Construction Materials,https://media.set.or.th/set/Documents/2022/Apr/SET50_100_H1_2021_revised-27082138.pdf,SET50_100_H1_2021_revised-27082138.pdf
SCGP,SCGP.BK,SCG PACKAGING PCL Packaging,https://media.set.or.th/set/Documents/2022/Apr/SET50_100_H1_2021_revised-27082138.pdf,SET50_100_H1_2021_revised-27082138.pdf
SPALI,SPALI.BK,SUPALAI PCL Property Development,https://media.set.or.th/set/Documents/2022/Apr/SET50_100_H1_2021_revised-27082138.pdf,SET50_100_H1_2021_revised-27082138.pdf
SPRC,SPRC.BK,STAR PETROLEUM REFINING PCL Energy & Utilities,https://media.set.or.th/set/Documents/2022/Apr/SET50_100_H1_2021_revised-27082138.pdf,SET50_100_H1_2021_revised-27082138.pdf
STA,STA.BK,SRI TRANG AGRO-INDUSTRY PCL Agribusiness,https://media.set.or.th/set/Documents/2022/Apr/SET50_100_H1_2021_revised-27082138.pdf,SET50_100_H1_2021_revised-27082138.pdf
STEC,STEC.BK,SINO-THAI ENGINEERING AND CONSTRUCTION PCL Construction Services,https://media.set.or.th/set/Documents/2022/Apr/SET50_100_H1_2021_revised-27082138.pdf,SET50_100_H1_2021_revised-27082138.pdf
SUPER,SUPER.BK,SUPER ENERGY CORPORATION PCL Energy & Utilities,https://media.set.or.th/set/Documents/2022/Apr/SET50_100_H1_2021_revised-27082138.pdf,SET50_100_H1_2021_revised-27082138.pdf
TASCO,TASCO.BK,TIPCO ASPHALT PCL Construction Materials,https://media.set.or.th/set/Documents/2022/Apr/SET50_100_H1_2021_revised-27082138.pdf,SET50_100_H1_2021_revised-27082138.pdf
TCAP,TCAP.BK,THANACHART CAPITAL PCL Banking,https://media.set.or.th/set/Documents/2022/Apr/SET50_100_H1_2021_revised-27082138.pdf,SET50_100_H1_2021_revised-27082138.pdf
THANI,THANI.BK,RATCHTHANI LEASING PCL Finance and Securities,https://media.set.or.th/set/Documents/2022/Apr/SET50_100_H1_2021_revised-27082138.pdf,SET50_100_H1_2021_revised-27082138.pdf
TISCO,TISCO.BK,TISCO FINANCIAL GROUP PCL Banking,https://media.set.or.th/set/Documents/2022/Apr/SET50_100_H1_2021_revised-27082138.pdf,SET50_100_H1_2021_revised-27082138.pdf
TMB,TMB.BK,TMB BANK PCL Banking,https://media.set.or.th/set/Documents/2022/Apr/SET50_100_H1_2021_revised-27082138.pdf,SET50_100_H1_2021_revised-27082138.pdf
TOA,TOA.BK,TOA PAINT (THAILAND) PCL Construction Materials,https://media.set.or.th/set/Documents/2022/Apr/SET50_100_H1_2021_revised-27082138.pdf,SET50_100_H1_2021_revised-27082138.pdf
TOP,TOP.BK,THAI OIL PCL Energy & Utilities,https://media.set.or.th/set/Documents/2022/Apr/SET50_100_H1_2021_revised-27082138.pdf,SET50_100_H1_2021_revised-27082138.pdf
TPIPP,TPIPP.BK,TPI POLENE POWER PCL Energy & Utilities,https://media.set.or.th/set/Documents/2022/Apr/SET50_100_H1_2021_revised-27082138.pdf,SET50_100_H1_2021_revised-27082138.pdf
TQM,TQM.BK,TQM CORPORATION PCL Insurance,https://media.set.or.th/set/Documents/2022/Apr/SET50_100_H1_2021_revised-27082138.pdf,SET50_100_H1_2021_revised-27082138.pdf
TRUE,TRUE.BK,TRUE CORPORATION PCL Information & Communication Technology,https://media.set.or.th/set/Documents/2022/Apr/SET50_100_H1_2021_revised-27082138.pdf,SET50_100_H1_2021_revised-27082138.pdf
TTW,TTW.BK,TTW PCL Energy & Utilities,https://media.set.or.th/set/Documents/2022/Apr/SET50_100_H1_2021_revised-27082138.pdf,SET50_100_H1_2021_revised-27082138.pdf
TU,TU.BK,THAI UNION GROUP PCL Food and Beverage,https://media.set.or.th/set/Documents/2022/Apr/SET50_100_H1_2021_revised-27082138.pdf,SET50_100_H1_2021_revised-27082138.pdf
TVO,TVO.BK,THAI VEGETABLE OIL PCL Food and Beverage,https://media.set.or.th/set/Documents/2022/Apr/SET50_100_H1_2021_revised-27082138.pdf,SET50_100_H1_2021_revised-27082138.pdf
VGI,VGI.BK,VGI PCL Media & Publishing,https://media.set.or.th/set/Documents/2022/Apr/SET50_100_H1_2021_revised-27082138.pdf,SET50_100_H1_2021_revised-27082138.pdf
WHA,WHA.BK,WHA CORPORATION PCL Property Development,https://media.set.or.th/set/Documents/2022/Apr/SET50_100_H1_2021_revised-27082138.pdf,SET50_100_H1_2021_revised-27082138.pdf
WHAUP,WHAUP.BK,WHA UTILITIES AND POWER PCL Energy & Utilities,https://media.set.or.th/set/Documents/2022/Apr/SET50_100_H1_2021_revised-27082138.pdf,SET50_100_H1_2021_revised-27082138.pdf
ACE,ACE.BK,ABSOLUTE CLEAN ENERGY PCL Energy & Utilities,https://media.set.or.th/set/Documents/2022/Apr/SET50_100_H1_2021-27082230.pdf,SET50_100_H1_2021-27082230.pdf
ADVANC,ADVANC.BK,ADVANCED INFO SERVICE PCL Information & Communication Technology,https://media.set.or.th/set/Documents/2022/Apr/SET50_100_H1_2021-27082230.pdf,SET50_100_H1_2021-27082230.pdf
AEONTS,AEONTS.BK,AEON THANA SINSAP (THAILAND) PCL Finance and Securities,https://media.set.or.th/set/Documents/2022/Apr/SET50_100_H1_2021-27082230.pdf,SET50_100_H1_2021-27082230.pdf
AMATA,AMATA.BK,AMATA CORPORATION PCL Property Development,https://media.set.or.th/set/Documents/2022/Apr/SET50_100_H1_2021-27082230.pdf,SET50_100_H1_2021-27082230.pdf
AOT,AOT.BK,AIRPORTS OF THAILAND PCL Transportation & Logistics,https://media.set.or.th/set/Documents/2022/Apr/SET50_100_H1_2021-27082230.pdf,SET50_100_H1_2021-27082230.pdf
AP,AP.BK,AP (THAILAND) PCL Property Development,https://media.set.or.th/set/Documents/2022/Apr/SET50_100_H1_2021-27082230.pdf,SET50_100_H1_2021-27082230.pdf
AWC,AWC.BK,ASSET WORLD CORP PCL Property Development,https://media.set.or.th/set/Documents/2022/Apr/SET50_100_H1_2021-27082230.pdf,SET50_100_H1_2021-27082230.pdf
BAM,BAM.BK,BANGKOK COMMERCIAL ASSET MANAGEMENT PCL Finance and Securities,https://media.set.or.th/set/Documents/2022/Apr/SET50_100_H1_2021-27082230.pdf,SET50_100_H1_2021-27082230.pdf
BANPU,BANPU.BK,BANPU PCL Energy & Utilities,https://media.set.or.th/set/Documents/2022/Apr/SET50_100_H1_2021-27082230.pdf,SET50_100_H1_2021-27082230.pdf
BBL,BBL.BK,BANGKOK BANK PCL Banking,https://media.set.or.th/set/Documents/2022/Apr/SET50_100_H1_2021-27082230.pdf,SET50_100_H1_2021-27082230.pdf
BCH,BCH.BK,BANGKOK CHAIN HOSPITAL PCL Health Care Services,https://media.set.or.th/set/Documents/2022/Apr/SET50_100_H1_2021-27082230.pdf,SET50_100_H1_2021-27082230.pdf
BCP,BCP.BK,BANGCHAK CORPORATION PCL Energy & Utilities,https://media.set.or.th/set/Documents/2022/Apr/SET50_100_H1_2021-27082230.pdf,SET50_100_H1_2021-27082230.pdf
BCPG,BCPG.BK,BCPG PCL Energy & Utilities,https://media.set.or.th/set/Documents/2022/Apr/SET50_100_H1_2021-27082230.pdf,SET50_100_H1_2021-27082230.pdf
BDMS,BDMS.BK,BANGKOK DUSIT MEDICAL SERVICES PCL Health Care Services,https://media.set.or.th/set/Documents/2022/Apr/SET50_100_H1_2021-27082230.pdf,SET50_100_H1_2021-27082230.pdf
BEC,BEC.BK,BEC WORLD PCL Media & Publishing,https://media.set.or.th/set/Documents/2022/Apr/SET50_100_H1_2021-27082230.pdf,SET50_100_H1_2021-27082230.pdf
BEM,BEM.BK,BANGKOK EXPRESSWAY AND METRO  PCL Transportation & Logistics,https://media.set.or.th/set/Documents/2022/Apr/SET50_100_H1_2021-27082230.pdf,SET50_100_H1_2021-27082230.pdf
BGRIM,BGRIM.BK,B.GRIMM POWER PCL Energy & Utilities,https://media.set.or.th/set/Documents/2022/Apr/SET50_100_H1_2021-27082230.pdf,SET50_100_H1_2021-27082230.pdf
BH,BH.BK,BUMRUNGRAD HOSPITAL PCL Health Care Services,https://media.set.or.th/set/Documents/2022/Apr/SET50_100_H1_2021-27082230.pdf,SET50_100_H1_2021-27082230.pdf
BJC,BJC.BK,BERLI JUCKER PCL Commerce,https://media.set.or.th/set/Documents/2022/Apr/SET50_100_H1_2021-27082230.pdf,SET50_100_H1_2021-27082230.pdf
BPP,BPP.BK,BANPU POWER PCL Energy & Utilities,https://media.set.or.th/set/Documents/2022/Apr/SET50_100_H1_2021-27082230.pdf,SET50_100_H1_2021-27082230.pdf
BTS,BTS.BK,BTS GROUP HOLDINGS PCL Transportation & Logistics,https://media.set.or.th/set/Documents/2022/Apr/SET50_100_H1_2021-27082230.pdf,SET50_100_H1_2021-27082230.pdf
CBG,CBG.BK,CARABAO GROUP PCL Food and Beverage,https://media.set.or.th/set/Documents/2022/Apr/SET50_100_H1_2021-27082230.pdf,SET50_100_H1_2021-27082230.pdf
CENTEL,CENTEL.BK,CENTRAL PLAZA HOTEL PCL Tourism & Leisure,https://media.set.or.th/set/Documents/2022/Apr/SET50_100_H1_2021-27082230.pdf,SET50_100_H1_2021-27082230.pdf
CHG,CHG.BK,CHULARAT HOSPITAL PCL Health Care Services,https://media.set.or.th/set/Documents/2022/Apr/SET50_100_H1_2021-27082230.pdf,SET50_100_H1_2021-27082230.pdf
CK,CK.BK,CH. KARNCHANG PCL Construction Services,https://media.set.or.th/set/Documents/2022/Apr/SET50_100_H1_2021-27082230.pdf,SET50_100_H1_2021-27082230.pdf
CKP,CKP.BK,CK POWER PCL Energy & Utilities,https://media.set.or.th/set/Documents/2022/Apr/SET50_100_H1_2021-27082230.pdf,SET50_100_H1_2021-27082230.pdf
COM7,COM7.BK,COM7 PCL Commerce,https://media.set.or.th/set/Documents/2022/Apr/SET50_100_H1_2021-27082230.pdf,SET50_100_H1_2021-27082230.pdf
CPALL,CPALL.BK,CP ALL PCL Commerce,https://media.set.or.th/set/Documents/2022/Apr/SET50_100_H1_2021-27082230.pdf,SET50_100_H1_2021-27082230.pdf
CPF,CPF.BK,CHAROEN POKPHAND FOODS PCL Food and Beverage,https://media.set.or.th/set/Documents/2022/Apr/SET50_100_H1_2021-27082230.pdf,SET50_100_H1_2021-27082230.pdf
CPN,CPN.BK,CENTRAL PATTANA PCL Property Development,https://media.set.or.th/set/Documents/2022/Apr/SET50_100_H1_2021-27082230.pdf,SET50_100_H1_2021-27082230.pdf
CRC,CRC.BK,CENTRAL RETAIL CORPORATION PCL Commerce,https://media.set.or.th/set/Documents/2022/Apr/SET50_100_H1_2021-27082230.pdf,SET50_100_H1_2021-27082230.pdf
DELTA,DELTA.BK,DELTA ELECTRONICS (THAILAND) PCL Electronic Components,https://media.set.or.th/set/Documents/2022/Apr/SET50_100_H1_2021-27082230.pdf,SET50_100_H1_2021-27082230.pdf
DOHOME,DOHOME.BK,DOHOME PCL Commerce,https://media.set.or.th/set/Documents/2022/Apr/SET50_100_H1_2021-27082230.pdf,SET50_100_H1_2021-27082230.pdf
DTAC,DTAC.BK,TOTAL ACCESS COMMUNICATION PCL Information & Communication Technology,https://media.set.or.th/set/Documents/2022/Apr/SET50_100_H1_2021-27082230.pdf,SET50_100_H1_2021-27082230.pdf
EA,EA.BK,ENERGY ABSOLUTE PCL Energy & Utilities,https://media.set.or.th/set/Documents/2022/Apr/SET50_100_H1_2021-27082230.pdf,SET50_100_H1_2021-27082230.pdf
EGCO,EGCO.BK,ELECTRICITY GENERATING PCL Energy & Utilities,https://media.set.or.th/set/Documents/2022/Apr/SET50_100_H1_2021-27082230.pdf,SET50_100_H1_2021-27082230.pdf
EPG,EPG.BK,EASTERN POLYMER GROUP PCL Construction Materials,https://media.set.or.th/set/Documents/2022/Apr/SET50_100_H1_2021-27082230.pdf,SET50_100_H1_2021-27082230.pdf
ESSO,ESSO.BK,ESSO (THAILAND) PCL Energy & Utilities,https://media.set.or.th/set/Documents/2022/Apr/SET50_100_H1_2021-27082230.pdf,SET50_100_H1_2021-27082230.pdf
GFPT,GFPT.BK,GFPT PCL Agribusiness,https://media.set.or.th/set/Documents/2022/Apr/SET50_100_H1_2021-27082230.pdf,SET50_100_H1_2021-27082230.pdf
GLOBAL,GLOBAL.BK,SIAM GLOBAL HOUSE PCL Commerce,https://media.set.or.th/set/Documents/2022/Apr/SET50_100_H1_2021-27082230.pdf,SET50_100_H1_2021-27082230.pdf
GPSC,GPSC.BK,GLOBAL POWER SYNERGY PCL Energy & Utilities,https://media.set.or.th/set/Documents/2022/Apr/SET50_100_H1_2021-27082230.pdf,SET50_100_H1_2021-27082230.pdf
GULF,GULF.BK,GULF ENERGY DEVELOPMENT PCL Energy & Utilities,https://media.set.or.th/set/Documents/2022/Apr/SET50_100_H1_2021-27082230.pdf,SET50_100_H1_2021-27082230.pdf
GUNKUL,GUNKUL.BK,GUNKUL ENGINEERING PCL Energy & Utilities,https://media.set.or.th/set/Documents/2022/Apr/SET50_100_H1_2021-27082230.pdf,SET50_100_H1_2021-27082230.pdf
HANA,HANA.BK,HANA MICROELECTRONICS PCL Electronic Components,https://media.set.or.th/set/Documents/2022/Apr/SET50_100_H1_2021-27082230.pdf,SET50_100_H1_2021-27082230.pdf
HMPRO,HMPRO.BK,HOME PRODUCT CENTER PCL Commerce,https://media.set.or.th/set/Documents/2022/Apr/SET50_100_H1_2021-27082230.pdf,SET50_100_H1_2021-27082230.pdf
INTUCH,INTUCH.BK,INTOUCH HOLDINGS PCL Information & Communication Technology,https://media.set.or.th/set/Documents/2022/Apr/SET50_100_H1_2021-27082230.pdf,SET50_100_H1_2021-27082230.pdf
IRPC,IRPC.BK,IRPC PCL Energy & Utilities,https://media.set.or.th/set/Documents/2022/Apr/SET50_100_H1_2021-27082230.pdf,SET50_100_H1_2021-27082230.pdf
IVL,IVL.BK,INDORAMA VENTURES PCL Petrochemicals & Chemicals Reserve list of SET100,https://media.set.or.th/set/Documents/2022/Apr/SET50_100_H1_2021-27082230.pdf,SET50_100_H1_2021-27082230.pdf
JAS,JAS.BK,JASMINE INTERNATIONAL PCL Information & Communication Technology,https://media.set.or.th/set/Documents/2022/Apr/SET50_100_H1_2021-27082230.pdf,SET50_100_H1_2021-27082230.pdf
JMART,JMART.BK,JAY MART PCL Information & Communication Technology,https://media.set.or.th/set/Documents/2022/Apr/SET50_100_H1_2021-27082230.pdf,SET50_100_H1_2021-27082230.pdf
JMT,JMT.BK,JMT NETWORK SERVICES PCL Finance and Securities,https://media.set.or.th/set/Documents/2022/Apr/SET50_100_H1_2021-27082230.pdf,SET50_100_H1_2021-27082230.pdf
KBANK,KBANK.BK,KASIKORNBANK PCL Banking,https://media.set.or.th/set/Documents/2022/Apr/SET50_100_H1_2021-27082230.pdf,SET50_100_H1_2021-27082230.pdf
KCE,KCE.BK,KCE ELECTRONICS PCL Electronic Components,https://media.set.or.th/set/Documents/2022/Apr/SET50_100_H1_2021-27082230.pdf,SET50_100_H1_2021-27082230.pdf
KKP,KKP.BK,KIATNAKIN PHATRA BANK PCL Banking,https://media.set.or.th/set/Documents/2022/Apr/SET50_100_H1_2021-27082230.pdf,SET50_100_H1_2021-27082230.pdf
KTB,KTB.BK,KRUNG THAI BANK PCL Banking,https://media.set.or.th/set/Documents/2022/Apr/SET50_100_H1_2021-27082230.pdf,SET50_100_H1_2021-27082230.pdf
KTC,KTC.BK,KRUNGTHAI CARD PCL Finance and Securities,https://media.set.or.th/set/Documents/2022/Apr/SET50_100_H1_2021-27082230.pdf,SET50_100_H1_2021-27082230.pdf
LH,LH.BK,LAND AND HOUSES PCL Property Development,https://media.set.or.th/set/Documents/2022/Apr/SET50_100_H1_2021-27082230.pdf,SET50_100_H1_2021-27082230.pdf
MAJOR,MAJOR.BK,MAJOR CINEPLEX GROUP PCL Media & Publishing,https://media.set.or.th/set/Documents/2022/Apr/SET50_100_H1_2021-27082230.pdf,SET50_100_H1_2021-27082230.pdf
MBK,MBK.BK,MBK PCL Property Development,https://media.set.or.th/set/Documents/2022/Apr/SET50_100_H1_2021-27082230.pdf,SET50_100_H1_2021-27082230.pdf
MEGA,MEGA.BK,MEGA LIFESCIENCES PCL Commerce,https://media.set.or.th/set/Documents/2022/Apr/SET50_100_H1_2021-27082230.pdf,SET50_100_H1_2021-27082230.pdf
MINT,MINT.BK,MINOR INTERNATIONAL PCL Food and Beverage,https://media.set.or.th/set/Documents/2022/Apr/SET50_100_H1_2021-27082230.pdf,SET50_100_H1_2021-27082230.pdf
MTC,MTC.BK,MUANGTHAI CAPITAL PCL Finance and Securities,https://media.set.or.th/set/Documents/2022/Apr/SET50_100_H1_2021-27082230.pdf,SET50_100_H1_2021-27082230.pdf
ORI,ORI.BK,ORIGIN PROPERTY PCL Property Development,https://media.set.or.th/set/Documents/2022/Apr/SET50_100_H1_2021-27082230.pdf,SET50_100_H1_2021-27082230.pdf
OSP,OSP.BK,OSOTSPA PCL Food and Beverage,https://media.set.or.th/set/Documents/2022/Apr/SET50_100_H1_2021-27082230.pdf,SET50_100_H1_2021-27082230.pdf
PLANB,PLANB.BK,PLAN B MEDIA PCL Media & Publishing,https://media.set.or.th/set/Documents/2022/Apr/SET50_100_H1_2021-27082230.pdf,SET50_100_H1_2021-27082230.pdf
PRM,PRM.BK,PRIMA MARINE PCL Transportation & Logistics,https://media.set.or.th/set/Documents/2022/Apr/SET50_100_H1_2021-27082230.pdf,SET50_100_H1_2021-27082230.pdf
PTG,PTG.BK,PTG ENERGY PCL Energy & Utilities,https://media.set.or.th/set/Documents/2022/Apr/SET50_100_H1_2021-27082230.pdf,SET50_100_H1_2021-27082230.pdf
PTT,PTT.BK,PTT PCL Energy & Utilities,https://media.set.or.th/set/Documents/2022/Apr/SET50_100_H1_2021-27082230.pdf,SET50_100_H1_2021-27082230.pdf
PTTEP,PTTEP.BK,PTT EXPLORATION AND PRODUCTION PCL Energy & Utilities,https://media.set.or.th/set/Documents/2022/Apr/SET50_100_H1_2021-27082230.pdf,SET50_100_H1_2021-27082230.pdf
PTTGC,PTTGC.BK,PTT GLOBAL CHEMICAL PCL Petrochemicals & Chemicals,https://media.set.or.th/set/Documents/2022/Apr/SET50_100_H1_2021-27082230.pdf,SET50_100_H1_2021-27082230.pdf
QH,QH.BK,QUALITY HOUSES PCL Property Development,https://media.set.or.th/set/Documents/2022/Apr/SET50_100_H1_2021-27082230.pdf,SET50_100_H1_2021-27082230.pdf
RATCH,RATCH.BK,RATCH GROUP PCL Energy & Utilities,https://media.set.or.th/set/Documents/2022/Apr/SET50_100_H1_2021-27082230.pdf,SET50_100_H1_2021-27082230.pdf
RBF,RBF.BK,R&B FOOD SUPPLY PCL Food and Beverage,https://media.set.or.th/set/Documents/2022/Apr/SET50_100_H1_2021-27082230.pdf,SET50_100_H1_2021-27082230.pdf
RS,RS.BK,RS PCL Commerce,https://media.set.or.th/set/Documents/2022/Apr/SET50_100_H1_2021-27082230.pdf,SET50_100_H1_2021-27082230.pdf
SAWAD,SAWAD.BK,SRISAWAD CORPORATION PCL Finance and Securities,https://media.set.or.th/set/Documents/2022/Apr/SET50_100_H1_2021-27082230.pdf,SET50_100_H1_2021-27082230.pdf
SCB,SCB.BK,THE SIAM COMMERCIAL BANK PCL Banking,https://media.set.or.th/set/Documents/2022/Apr/SET50_100_H1_2021-27082230.pdf,SET50_100_H1_2021-27082230.pdf
SCC,SCC.BK,THE SIAM CEMENT PCL Construction Materials,https://media.set.or.th/set/Documents/2022/Apr/SET50_100_H1_2021-27082230.pdf,SET50_100_H1_2021-27082230.pdf
SCGP,SCGP.BK,SCG PACKAGING PCL Packaging,https://media.set.or.th/set/Documents/2022/Apr/SET50_100_H1_2021-27082230.pdf,SET50_100_H1_2021-27082230.pdf
SPALI,SPALI.BK,SUPALAI PCL Property Development,https://media.set.or.th/set/Documents/2022/Apr/SET50_100_H1_2021-27082230.pdf,SET50_100_H1_2021-27082230.pdf
SPRC,SPRC.BK,STAR PETROLEUM REFINING PCL Energy & Utilities,https://media.set.or.th/set/Documents/2022/Apr/SET50_100_H1_2021-27082230.pdf,SET50_100_H1_2021-27082230.pdf
STA,STA.BK,SRI TRANG AGRO-INDUSTRY PCL Agribusiness,https://media.set.or.th/set/Documents/2022/Apr/SET50_100_H1_2021-27082230.pdf,SET50_100_H1_2021-27082230.pdf
STEC,STEC.BK,SINO-THAI ENGINEERING AND CONSTRUCTION PCL Construction Services,https://media.set.or.th/set/Documents/2022/Apr/SET50_100_H1_2021-27082230.pdf,SET50_100_H1_2021-27082230.pdf
SUPER,SUPER.BK,SUPER ENERGY CORPORATION PCL Energy & Utilities,https://media.set.or.th/set/Documents/2022/Apr/SET50_100_H1_2021-27082230.pdf,SET50_100_H1_2021-27082230.pdf
TASCO,TASCO.BK,TIPCO ASPHALT PCL Construction Materials,https://media.set.or.th/set/Documents/2022/Apr/SET50_100_H1_2021-27082230.pdf,SET50_100_H1_2021-27082230.pdf
TCAP,TCAP.BK,THANACHART CAPITAL PCL Banking,https://media.set.or.th/set/Documents/2022/Apr/SET50_100_H1_2021-27082230.pdf,SET50_100_H1_2021-27082230.pdf
THANI,THANI.BK,RATCHTHANI LEASING PCL Finance and Securities,https://media.set.or.th/set/Documents/2022/Apr/SET50_100_H1_2021-27082230.pdf,SET50_100_H1_2021-27082230.pdf
TISCO,TISCO.BK,TISCO FINANCIAL GROUP PCL Banking,https://media.set.or.th/set/Documents/2022/Apr/SET50_100_H1_2021-27082230.pdf,SET50_100_H1_2021-27082230.pdf
TKN,TKN.BK,TAOKAENOI FOOD & MARKETING PCL Food and Beverage,https://media.set.or.th/set/Documents/2022/Apr/SET50_100_H1_2021-27082230.pdf,SET50_100_H1_2021-27082230.pdf
TMB,TMB.BK,TMB BANK PCL Banking,https://media.set.or.th/set/Documents/2022/Apr/SET50_100_H1_2021-27082230.pdf,SET50_100_H1_2021-27082230.pdf
TOA,TOA.BK,TOA PAINT (THAILAND) PCL Construction Materials,https://media.set.or.th/set/Documents/2022/Apr/SET50_100_H1_2021-27082230.pdf,SET50_100_H1_2021-27082230.pdf
TOP,TOP.BK,THAI OIL PCL Energy & Utilities,https://media.set.or.th/set/Documents/2022/Apr/SET50_100_H1_2021-27082230.pdf,SET50_100_H1_2021-27082230.pdf
TPIPP,TPIPP.BK,TPI POLENE POWER PCL Energy & Utilities,https://media.set.or.th/set/Documents/2022/Apr/SET50_100_H1_2021-27082230.pdf,SET50_100_H1_2021-27082230.pdf
TQM,TQM.BK,TQM CORPORATION PCL Insurance,https://media.set.or.th/set/Documents/2022/Apr/SET50_100_H1_2021-27082230.pdf,SET50_100_H1_2021-27082230.pdf
TRUE,TRUE.BK,TRUE CORPORATION PCL Information & Communication Technology,https://media.set.or.th/set/Documents/2022/Apr/SET50_100_H1_2021-27082230.pdf,SET50_100_H1_2021-27082230.pdf
TTW,TTW.BK,TTW PCL Energy & Utilities,https://media.set.or.th/set/Documents/2022/Apr/SET50_100_H1_2021-27082230.pdf,SET50_100_H1_2021-27082230.pdf
TU,TU.BK,THAI UNION GROUP PCL Food and Beverage,https://media.set.or.th/set/Documents/2022/Apr/SET50_100_H1_2021-27082230.pdf,SET50_100_H1_2021-27082230.pdf
TVO,TVO.BK,THAI VEGETABLE OIL PCL Food and Beverage,https://media.set.or.th/set/Documents/2022/Apr/SET50_100_H1_2021-27082230.pdf,SET50_100_H1_2021-27082230.pdf
VGI,VGI.BK,VGI PCL Media & Publishing,https://media.set.or.th/set/Documents/2022/Apr/SET50_100_H1_2021-27082230.pdf,SET50_100_H1_2021-27082230.pdf
WHA,WHA.BK,WHA CORPORATION PCL Property Development,https://media.set.or.th/set/Documents/2022/Apr/SET50_100_H1_2021-27082230.pdf,SET50_100_H1_2021-27082230.pdf
WHAUP,WHAUP.BK,WHA UTILITIES AND POWER PCL Energy & Utilities,https://media.set.or.th/set/Documents/2022/Apr/SET50_100_H1_2021-27082230.pdf,SET50_100_H1_2021-27082230.pdf
AAV,AAV.BK,ASIA AVIATION PCL Transportation & Logistics,https://media.set.or.th/set/Documents/2022/Apr/SET50_100_H2_2020_revised-27082322.pdf,SET50_100_H2_2020_revised-27082322.pdf
ACE,ACE.BK,ABSOLUTE CLEAN ENERGY PCL Energy & Utilities,https://media.set.or.th/set/Documents/2022/Apr/SET50_100_H2_2020_revised-27082322.pdf,SET50_100_H2_2020_revised-27082322.pdf
ADVANC,ADVANC.BK,ADVANCED INFO SERVICE PCL Information & Communication Technology,https://media.set.or.th/set/Documents/2022/Apr/SET50_100_H2_2020_revised-27082322.pdf,SET50_100_H2_2020_revised-27082322.pdf
AEONTS,AEONTS.BK,AEON THANA SINSAP (THAILAND) PCL Finance and Securities,https://media.set.or.th/set/Documents/2022/Apr/SET50_100_H2_2020_revised-27082322.pdf,SET50_100_H2_2020_revised-27082322.pdf
AMATA,AMATA.BK,AMATA CORPORATION PCL Property Development,https://media.set.or.th/set/Documents/2022/Apr/SET50_100_H2_2020_revised-27082322.pdf,SET50_100_H2_2020_revised-27082322.pdf
AOT,AOT.BK,AIRPORTS OF THAILAND PCL Transportation & Logistics,https://media.set.or.th/set/Documents/2022/Apr/SET50_100_H2_2020_revised-27082322.pdf,SET50_100_H2_2020_revised-27082322.pdf
AP,AP.BK,AP (THAILAND) PCL Property Development,https://media.set.or.th/set/Documents/2022/Apr/SET50_100_H2_2020_revised-27082322.pdf,SET50_100_H2_2020_revised-27082322.pdf
AWC,AWC.BK,ASSET WORLD CORP PCL Property Development,https://media.set.or.th/set/Documents/2022/Apr/SET50_100_H2_2020_revised-27082322.pdf,SET50_100_H2_2020_revised-27082322.pdf
BANPU,BANPU.BK,BANPU PCL Energy & Utilities,https://media.set.or.th/set/Documents/2022/Apr/SET50_100_H2_2020_revised-27082322.pdf,SET50_100_H2_2020_revised-27082322.pdf
BBL,BBL.BK,BANGKOK BANK PCL Banking,https://media.set.or.th/set/Documents/2022/Apr/SET50_100_H2_2020_revised-27082322.pdf,SET50_100_H2_2020_revised-27082322.pdf
BCH,BCH.BK,BANGKOK CHAIN HOSPITAL PCL Health Care Services,https://media.set.or.th/set/Documents/2022/Apr/SET50_100_H2_2020_revised-27082322.pdf,SET50_100_H2_2020_revised-27082322.pdf
BCP,BCP.BK,BANGCHAK CORPORATION PCL Energy & Utilities,https://media.set.or.th/set/Documents/2022/Apr/SET50_100_H2_2020_revised-27082322.pdf,SET50_100_H2_2020_revised-27082322.pdf
BCPG,BCPG.BK,BCPG PCL Energy & Utilities,https://media.set.or.th/set/Documents/2022/Apr/SET50_100_H2_2020_revised-27082322.pdf,SET50_100_H2_2020_revised-27082322.pdf
BDMS,BDMS.BK,BANGKOK DUSIT MEDICAL SERVICES PCL Health Care Services,https://media.set.or.th/set/Documents/2022/Apr/SET50_100_H2_2020_revised-27082322.pdf,SET50_100_H2_2020_revised-27082322.pdf
BEC,BEC.BK,BEC WORLD PCL Media & Publishing,https://media.set.or.th/set/Documents/2022/Apr/SET50_100_H2_2020_revised-27082322.pdf,SET50_100_H2_2020_revised-27082322.pdf
BEM,BEM.BK,BANGKOK EXPRESSWAY AND METRO  PCL Transportation & Logistics,https://media.set.or.th/set/Documents/2022/Apr/SET50_100_H2_2020_revised-27082322.pdf,SET50_100_H2_2020_revised-27082322.pdf
BGRIM,BGRIM.BK,B.GRIMM POWER PCL Energy & Utilities,https://media.set.or.th/set/Documents/2022/Apr/SET50_100_H2_2020_revised-27082322.pdf,SET50_100_H2_2020_revised-27082322.pdf
BH,BH.BK,BUMRUNGRAD HOSPITAL PCL Health Care Services,https://media.set.or.th/set/Documents/2022/Apr/SET50_100_H2_2020_revised-27082322.pdf,SET50_100_H2_2020_revised-27082322.pdf
BJC,BJC.BK,BERLI JUCKER PCL Commerce,https://media.set.or.th/set/Documents/2022/Apr/SET50_100_H2_2020_revised-27082322.pdf,SET50_100_H2_2020_revised-27082322.pdf
BPP,BPP.BK,BANPU POWER PCL Energy & Utilities,https://media.set.or.th/set/Documents/2022/Apr/SET50_100_H2_2020_revised-27082322.pdf,SET50_100_H2_2020_revised-27082322.pdf
BTS,BTS.BK,BTS GROUP HOLDINGS PCL Transportation & Logistics,https://media.set.or.th/set/Documents/2022/Apr/SET50_100_H2_2020_revised-27082322.pdf,SET50_100_H2_2020_revised-27082322.pdf
CBG,CBG.BK,CARABAO GROUP PCL Food and Beverage,https://media.set.or.th/set/Documents/2022/Apr/SET50_100_H2_2020_revised-27082322.pdf,SET50_100_H2_2020_revised-27082322.pdf
CENTEL,CENTEL.BK,CENTRAL PLAZA HOTEL PCL Tourism & Leisure,https://media.set.or.th/set/Documents/2022/Apr/SET50_100_H2_2020_revised-27082322.pdf,SET50_100_H2_2020_revised-27082322.pdf
CHG,CHG.BK,CHULARAT HOSPITAL PCL Health Care Services,https://media.set.or.th/set/Documents/2022/Apr/SET50_100_H2_2020_revised-27082322.pdf,SET50_100_H2_2020_revised-27082322.pdf
CK,CK.BK,CH. KARNCHANG PCL Construction Services,https://media.set.or.th/set/Documents/2022/Apr/SET50_100_H2_2020_revised-27082322.pdf,SET50_100_H2_2020_revised-27082322.pdf
CKP,CKP.BK,CK POWER PCL Energy & Utilities,https://media.set.or.th/set/Documents/2022/Apr/SET50_100_H2_2020_revised-27082322.pdf,SET50_100_H2_2020_revised-27082322.pdf
COM7,COM7.BK,COM7 PCL Commerce,https://media.set.or.th/set/Documents/2022/Apr/SET50_100_H2_2020_revised-27082322.pdf,SET50_100_H2_2020_revised-27082322.pdf
CPALL,CPALL.BK,CP ALL PCL Commerce,https://media.set.or.th/set/Documents/2022/Apr/SET50_100_H2_2020_revised-27082322.pdf,SET50_100_H2_2020_revised-27082322.pdf
CPF,CPF.BK,CHAROEN POKPHAND FOODS PCL Food and Beverage,https://media.set.or.th/set/Documents/2022/Apr/SET50_100_H2_2020_revised-27082322.pdf,SET50_100_H2_2020_revised-27082322.pdf
CPN,CPN.BK,CENTRAL PATTANA PCL Property Development,https://media.set.or.th/set/Documents/2022/Apr/SET50_100_H2_2020_revised-27082322.pdf,SET50_100_H2_2020_revised-27082322.pdf
CRC,CRC.BK,CENTRAL RETAIL CORPORATION PCL Commerce,https://media.set.or.th/set/Documents/2022/Apr/SET50_100_H2_2020_revised-27082322.pdf,SET50_100_H2_2020_revised-27082322.pdf
DOHOME,DOHOME.BK,DOHOME PCL Commerce,https://media.set.or.th/set/Documents/2022/Apr/SET50_100_H2_2020_revised-27082322.pdf,SET50_100_H2_2020_revised-27082322.pdf
DTAC,DTAC.BK,TOTAL ACCESS COMMUNICATION PCL Information & Communication Technology,https://media.set.or.th/set/Documents/2022/Apr/SET50_100_H2_2020_revised-27082322.pdf,SET50_100_H2_2020_revised-27082322.pdf
EA,EA.BK,ENERGY ABSOLUTE PCL Energy & Utilities,https://media.set.or.th/set/Documents/2022/Apr/SET50_100_H2_2020_revised-27082322.pdf,SET50_100_H2_2020_revised-27082322.pdf
EGCO,EGCO.BK,ELECTRICITY GENERATING PCL Energy & Utilities,https://media.set.or.th/set/Documents/2022/Apr/SET50_100_H2_2020_revised-27082322.pdf,SET50_100_H2_2020_revised-27082322.pdf
EPG,EPG.BK,EASTERN POLYMER GROUP PCL Construction Materials,https://media.set.or.th/set/Documents/2022/Apr/SET50_100_H2_2020_revised-27082322.pdf,SET50_100_H2_2020_revised-27082322.pdf
ESSO,ESSO.BK,ESSO (THAILAND) PCL Energy & Utilities,https://media.set.or.th/set/Documents/2022/Apr/SET50_100_H2_2020_revised-27082322.pdf,SET50_100_H2_2020_revised-27082322.pdf
GFPT,GFPT.BK,GFPT PCL Agribusiness,https://media.set.or.th/set/Documents/2022/Apr/SET50_100_H2_2020_revised-27082322.pdf,SET50_100_H2_2020_revised-27082322.pdf
GLOBAL,GLOBAL.BK,SIAM GLOBAL HOUSE PCL Commerce,https://media.set.or.th/set/Documents/2022/Apr/SET50_100_H2_2020_revised-27082322.pdf,SET50_100_H2_2020_revised-27082322.pdf
GPSC,GPSC.BK,GLOBAL POWER SYNERGY PCL Energy & Utilities,https://media.set.or.th/set/Documents/2022/Apr/SET50_100_H2_2020_revised-27082322.pdf,SET50_100_H2_2020_revised-27082322.pdf
GULF,GULF.BK,GULF ENERGY DEVELOPMENT PCL Energy & Utilities,https://media.set.or.th/set/Documents/2022/Apr/SET50_100_H2_2020_revised-27082322.pdf,SET50_100_H2_2020_revised-27082322.pdf
GUNKUL,GUNKUL.BK,GUNKUL ENGINEERING PCL Energy & Utilities,https://media.set.or.th/set/Documents/2022/Apr/SET50_100_H2_2020_revised-27082322.pdf,SET50_100_H2_2020_revised-27082322.pdf
HANA,HANA.BK,HANA MICROELECTRONICS PCL Electronic Components,https://media.set.or.th/set/Documents/2022/Apr/SET50_100_H2_2020_revised-27082322.pdf,SET50_100_H2_2020_revised-27082322.pdf
HMPRO,HMPRO.BK,HOME PRODUCT CENTER PCL Commerce,https://media.set.or.th/set/Documents/2022/Apr/SET50_100_H2_2020_revised-27082322.pdf,SET50_100_H2_2020_revised-27082322.pdf
INTUCH,INTUCH.BK,INTOUCH HOLDINGS PCL Information & Communication Technology,https://media.set.or.th/set/Documents/2022/Apr/SET50_100_H2_2020_revised-27082322.pdf,SET50_100_H2_2020_revised-27082322.pdf
IRPC,IRPC.BK,IRPC PCL Energy & Utilities,https://media.set.or.th/set/Documents/2022/Apr/SET50_100_H2_2020_revised-27082322.pdf,SET50_100_H2_2020_revised-27082322.pdf
IVL,IVL.BK,INDORAMA VENTURES PCL Petrochemicals & Chemicals,https://media.set.or.th/set/Documents/2022/Apr/SET50_100_H2_2020_revised-27082322.pdf,SET50_100_H2_2020_revised-27082322.pdf
JAS,JAS.BK,JASMINE INTERNATIONAL PCL Information & Communication Technology Reserve list of SET100,https://media.set.or.th/set/Documents/2022/Apr/SET50_100_H2_2020_revised-27082322.pdf,SET50_100_H2_2020_revised-27082322.pdf
JMT,JMT.BK,JMT NETWORK SERVICES PCL Finance and Securities,https://media.set.or.th/set/Documents/2022/Apr/SET50_100_H2_2020_revised-27082322.pdf,SET50_100_H2_2020_revised-27082322.pdf
KBANK,KBANK.BK,KASIKORNBANK PCL Banking,https://media.set.or.th/set/Documents/2022/Apr/SET50_100_H2_2020_revised-27082322.pdf,SET50_100_H2_2020_revised-27082322.pdf
KCE,KCE.BK,KCE ELECTRONICS PCL Electronic Components,https://media.set.or.th/set/Documents/2022/Apr/SET50_100_H2_2020_revised-27082322.pdf,SET50_100_H2_2020_revised-27082322.pdf
KKP,KKP.BK,KIATNAKIN BANK PCL Banking,https://media.set.or.th/set/Documents/2022/Apr/SET50_100_H2_2020_revised-27082322.pdf,SET50_100_H2_2020_revised-27082322.pdf
KTB,KTB.BK,KRUNG THAI BANK PCL Banking,https://media.set.or.th/set/Documents/2022/Apr/SET50_100_H2_2020_revised-27082322.pdf,SET50_100_H2_2020_revised-27082322.pdf
KTC,KTC.BK,KRUNGTHAI CARD PCL Finance and Securities,https://media.set.or.th/set/Documents/2022/Apr/SET50_100_H2_2020_revised-27082322.pdf,SET50_100_H2_2020_revised-27082322.pdf
LH,LH.BK,LAND AND HOUSES PCL Property Development,https://media.set.or.th/set/Documents/2022/Apr/SET50_100_H2_2020_revised-27082322.pdf,SET50_100_H2_2020_revised-27082322.pdf
MAJOR,MAJOR.BK,MAJOR CINEPLEX GROUP PCL Media & Publishing,https://media.set.or.th/set/Documents/2022/Apr/SET50_100_H2_2020_revised-27082322.pdf,SET50_100_H2_2020_revised-27082322.pdf
MEGA,MEGA.BK,MEGA LIFESCIENCES PCL Commerce,https://media.set.or.th/set/Documents/2022/Apr/SET50_100_H2_2020_revised-27082322.pdf,SET50_100_H2_2020_revised-27082322.pdf
MINT,MINT.BK,MINOR INTERNATIONAL PCL Food and Beverage,https://media.set.or.th/set/Documents/2022/Apr/SET50_100_H2_2020_revised-27082322.pdf,SET50_100_H2_2020_revised-27082322.pdf
MTC,MTC.BK,MUANGTHAI CAPITAL PCL Finance and Securities,https://media.set.or.th/set/Documents/2022/Apr/SET50_100_H2_2020_revised-27082322.pdf,SET50_100_H2_2020_revised-27082322.pdf
ORI,ORI.BK,ORIGIN PROPERTY PCL Property Development,https://media.set.or.th/set/Documents/2022/Apr/SET50_100_H2_2020_revised-27082322.pdf,SET50_100_H2_2020_revised-27082322.pdf
OSP,OSP.BK,OSOTSPA PCL Food and Beverage,https://media.set.or.th/set/Documents/2022/Apr/SET50_100_H2_2020_revised-27082322.pdf,SET50_100_H2_2020_revised-27082322.pdf
PLANB,PLANB.BK,PLAN B MEDIA PCL Media & Publishing,https://media.set.or.th/set/Documents/2022/Apr/SET50_100_H2_2020_revised-27082322.pdf,SET50_100_H2_2020_revised-27082322.pdf
PRM,PRM.BK,PRIMA MARINE PCL Transportation & Logistics,https://media.set.or.th/set/Documents/2022/Apr/SET50_100_H2_2020_revised-27082322.pdf,SET50_100_H2_2020_revised-27082322.pdf
PSH,PSH.BK,PRUKSA HOLDING PCL Property Development,https://media.set.or.th/set/Documents/2022/Apr/SET50_100_H2_2020_revised-27082322.pdf,SET50_100_H2_2020_revised-27082322.pdf
PTG,PTG.BK,PTG ENERGY PCL Energy & Utilities,https://media.set.or.th/set/Documents/2022/Apr/SET50_100_H2_2020_revised-27082322.pdf,SET50_100_H2_2020_revised-27082322.pdf
PTT,PTT.BK,PTT PCL Energy & Utilities,https://media.set.or.th/set/Documents/2022/Apr/SET50_100_H2_2020_revised-27082322.pdf,SET50_100_H2_2020_revised-27082322.pdf
PTTEP,PTTEP.BK,PTT EXPLORATION AND PRODUCTION PCL Energy & Utilities,https://media.set.or.th/set/Documents/2022/Apr/SET50_100_H2_2020_revised-27082322.pdf,SET50_100_H2_2020_revised-27082322.pdf
PTTGC,PTTGC.BK,PTT GLOBAL CHEMICAL PCL Petrochemicals & Chemicals,https://media.set.or.th/set/Documents/2022/Apr/SET50_100_H2_2020_revised-27082322.pdf,SET50_100_H2_2020_revised-27082322.pdf
QH,QH.BK,QUALITY HOUSES PCL Property Development,https://media.set.or.th/set/Documents/2022/Apr/SET50_100_H2_2020_revised-27082322.pdf,SET50_100_H2_2020_revised-27082322.pdf
RATCH,RATCH.BK,RATCH GROUP PCL Energy & Utilities,https://media.set.or.th/set/Documents/2022/Apr/SET50_100_H2_2020_revised-27082322.pdf,SET50_100_H2_2020_revised-27082322.pdf
RBF,RBF.BK,R&B FOOD SUPPLY PCL Food and Beverage,https://media.set.or.th/set/Documents/2022/Apr/SET50_100_H2_2020_revised-27082322.pdf,SET50_100_H2_2020_revised-27082322.pdf
RS,RS.BK,RS PCL Commerce,https://media.set.or.th/set/Documents/2022/Apr/SET50_100_H2_2020_revised-27082322.pdf,SET50_100_H2_2020_revised-27082322.pdf
SAWAD,SAWAD.BK,SRISAWAD CORPORATION PCL Finance and Securities,https://media.set.or.th/set/Documents/2022/Apr/SET50_100_H2_2020_revised-27082322.pdf,SET50_100_H2_2020_revised-27082322.pdf
SCB,SCB.BK,THE SIAM COMMERCIAL BANK PCL Banking,https://media.set.or.th/set/Documents/2022/Apr/SET50_100_H2_2020_revised-27082322.pdf,SET50_100_H2_2020_revised-27082322.pdf
SCC,SCC.BK,THE SIAM CEMENT PCL Construction Materials,https://media.set.or.th/set/Documents/2022/Apr/SET50_100_H2_2020_revised-27082322.pdf,SET50_100_H2_2020_revised-27082322.pdf
SCGP,SCGP.BK,SCG PACKAGING PCL Packaging,https://media.set.or.th/set/Documents/2022/Apr/SET50_100_H2_2020_revised-27082322.pdf,SET50_100_H2_2020_revised-27082322.pdf
SGP,SGP.BK,SIAMGAS AND PETROCHEMICALS PCL Energy & Utilities,https://media.set.or.th/set/Documents/2022/Apr/SET50_100_H2_2020_revised-27082322.pdf,SET50_100_H2_2020_revised-27082322.pdf
SIRI,SIRI.BK,SANSIRI PCL Property Development,https://media.set.or.th/set/Documents/2022/Apr/SET50_100_H2_2020_revised-27082322.pdf,SET50_100_H2_2020_revised-27082322.pdf
SPALI,SPALI.BK,SUPALAI PCL Property Development,https://media.set.or.th/set/Documents/2022/Apr/SET50_100_H2_2020_revised-27082322.pdf,SET50_100_H2_2020_revised-27082322.pdf
SPRC,SPRC.BK,STAR PETROLEUM REFINING PCL Energy & Utilities,https://media.set.or.th/set/Documents/2022/Apr/SET50_100_H2_2020_revised-27082322.pdf,SET50_100_H2_2020_revised-27082322.pdf
STA,STA.BK,SRI TRANG AGRO-INDUSTRY PCL Agribusiness,https://media.set.or.th/set/Documents/2022/Apr/SET50_100_H2_2020_revised-27082322.pdf,SET50_100_H2_2020_revised-27082322.pdf
STEC,STEC.BK,SINO-THAI ENGINEERING AND CONSTRUCTION PCL Construction Services,https://media.set.or.th/set/Documents/2022/Apr/SET50_100_H2_2020_revised-27082322.pdf,SET50_100_H2_2020_revised-27082322.pdf
SUPER,SUPER.BK,SUPER ENERGY CORPORATION PCL Energy & Utilities,https://media.set.or.th/set/Documents/2022/Apr/SET50_100_H2_2020_revised-27082322.pdf,SET50_100_H2_2020_revised-27082322.pdf
TASCO,TASCO.BK,TIPCO ASPHALT PCL Construction Materials,https://media.set.or.th/set/Documents/2022/Apr/SET50_100_H2_2020_revised-27082322.pdf,SET50_100_H2_2020_revised-27082322.pdf
TCAP,TCAP.BK,THANACHART CAPITAL PCL Banking,https://media.set.or.th/set/Documents/2022/Apr/SET50_100_H2_2020_revised-27082322.pdf,SET50_100_H2_2020_revised-27082322.pdf
THANI,THANI.BK,RATCHTHANI LEASING PCL Finance and Securities,https://media.set.or.th/set/Documents/2022/Apr/SET50_100_H2_2020_revised-27082322.pdf,SET50_100_H2_2020_revised-27082322.pdf
TISCO,TISCO.BK,TISCO FINANCIAL GROUP PCL Banking,https://media.set.or.th/set/Documents/2022/Apr/SET50_100_H2_2020_revised-27082322.pdf,SET50_100_H2_2020_revised-27082322.pdf
TKN,TKN.BK,TAOKAENOI FOOD & MARKETING PCL Food and Beverage,https://media.set.or.th/set/Documents/2022/Apr/SET50_100_H2_2020_revised-27082322.pdf,SET50_100_H2_2020_revised-27082322.pdf
TMB,TMB.BK,TMB BANK PCL Banking,https://media.set.or.th/set/Documents/2022/Apr/SET50_100_H2_2020_revised-27082322.pdf,SET50_100_H2_2020_revised-27082322.pdf
TOA,TOA.BK,TOA PAINT (THAILAND) PCL Construction Materials,https://media.set.or.th/set/Documents/2022/Apr/SET50_100_H2_2020_revised-27082322.pdf,SET50_100_H2_2020_revised-27082322.pdf
TOP,TOP.BK,THAI OIL PCL Energy & Utilities,https://media.set.or.th/set/Documents/2022/Apr/SET50_100_H2_2020_revised-27082322.pdf,SET50_100_H2_2020_revised-27082322.pdf
TPIPP,TPIPP.BK,TPI POLENE POWER PCL Energy & Utilities,https://media.set.or.th/set/Documents/2022/Apr/SET50_100_H2_2020_revised-27082322.pdf,SET50_100_H2_2020_revised-27082322.pdf
TQM,TQM.BK,TQM CORPORATION PCL Insurance,https://media.set.or.th/set/Documents/2022/Apr/SET50_100_H2_2020_revised-27082322.pdf,SET50_100_H2_2020_revised-27082322.pdf
TRUE,TRUE.BK,TRUE CORPORATION PCL Information & Communication Technology,https://media.set.or.th/set/Documents/2022/Apr/SET50_100_H2_2020_revised-27082322.pdf,SET50_100_H2_2020_revised-27082322.pdf
TTW,TTW.BK,TTW PCL Energy & Utilities,https://media.set.or.th/set/Documents/2022/Apr/SET50_100_H2_2020_revised-27082322.pdf,SET50_100_H2_2020_revised-27082322.pdf
TU,TU.BK,THAI UNION GROUP PCL Food and Beverage,https://media.set.or.th/set/Documents/2022/Apr/SET50_100_H2_2020_revised-27082322.pdf,SET50_100_H2_2020_revised-27082322.pdf
TVO,TVO.BK,THAI VEGETABLE OIL PCL Food and Beverage,https://media.set.or.th/set/Documents/2022/Apr/SET50_100_H2_2020_revised-27082322.pdf,SET50_100_H2_2020_revised-27082322.pdf
VGI,VGI.BK,VGI PCL Media & Publishing,https://media.set.or.th/set/Documents/2022/Apr/SET50_100_H2_2020_revised-27082322.pdf,SET50_100_H2_2020_revised-27082322.pdf
WHA,WHA.BK,WHA CORPORATION PCL Property Development,https://media.set.or.th/set/Documents/2022/Apr/SET50_100_H2_2020_revised-27082322.pdf,SET50_100_H2_2020_revised-27082322.pdf
WHAUP,WHAUP.BK,WHA UTILITIES AND POWER PCL Energy & Utilities,https://media.set.or.th/set/Documents/2022/Apr/SET50_100_H2_2020_revised-27082322.pdf,SET50_100_H2_2020_revised-27082322.pdf
AAV,AAV.BK,ASIA AVIATION PCL Transportation & Logistics,https://media.set.or.th/set/Documents/2022/Apr/SET50_100_H2_2020-27082452.pdf,SET50_100_H2_2020-27082452.pdf
ACE,ACE.BK,ABSOLUTE CLEAN ENERGY PCL Energy & Utilities,https://media.set.or.th/set/Documents/2022/Apr/SET50_100_H2_2020-27082452.pdf,SET50_100_H2_2020-27082452.pdf
ADVANC,ADVANC.BK,ADVANCED INFO SERVICE PCL Information & Communication Technology,https://media.set.or.th/set/Documents/2022/Apr/SET50_100_H2_2020-27082452.pdf,SET50_100_H2_2020-27082452.pdf
AEONTS,AEONTS.BK,AEON THANA SINSAP (THAILAND) PCL Finance and Securities,https://media.set.or.th/set/Documents/2022/Apr/SET50_100_H2_2020-27082452.pdf,SET50_100_H2_2020-27082452.pdf
AMATA,AMATA.BK,AMATA CORPORATION PCL Property Development,https://media.set.or.th/set/Documents/2022/Apr/SET50_100_H2_2020-27082452.pdf,SET50_100_H2_2020-27082452.pdf
AOT,AOT.BK,AIRPORTS OF THAILAND PCL Transportation & Logistics,https://media.set.or.th/set/Documents/2022/Apr/SET50_100_H2_2020-27082452.pdf,SET50_100_H2_2020-27082452.pdf
AP,AP.BK,AP (THAILAND) PCL Property Development,https://media.set.or.th/set/Documents/2022/Apr/SET50_100_H2_2020-27082452.pdf,SET50_100_H2_2020-27082452.pdf
AWC,AWC.BK,ASSET WORLD CORP PCL Property Development,https://media.set.or.th/set/Documents/2022/Apr/SET50_100_H2_2020-27082452.pdf,SET50_100_H2_2020-27082452.pdf
BANPU,BANPU.BK,BANPU PCL Energy & Utilities,https://media.set.or.th/set/Documents/2022/Apr/SET50_100_H2_2020-27082452.pdf,SET50_100_H2_2020-27082452.pdf
BBL,BBL.BK,BANGKOK BANK PCL Banking,https://media.set.or.th/set/Documents/2022/Apr/SET50_100_H2_2020-27082452.pdf,SET50_100_H2_2020-27082452.pdf
BCH,BCH.BK,BANGKOK CHAIN HOSPITAL PCL Health Care Services,https://media.set.or.th/set/Documents/2022/Apr/SET50_100_H2_2020-27082452.pdf,SET50_100_H2_2020-27082452.pdf
BCP,BCP.BK,BANGCHAK CORPORATION PCL Energy & Utilities,https://media.set.or.th/set/Documents/2022/Apr/SET50_100_H2_2020-27082452.pdf,SET50_100_H2_2020-27082452.pdf
BCPG,BCPG.BK,BCPG PCL Energy & Utilities,https://media.set.or.th/set/Documents/2022/Apr/SET50_100_H2_2020-27082452.pdf,SET50_100_H2_2020-27082452.pdf
BDMS,BDMS.BK,BANGKOK DUSIT MEDICAL SERVICES PCL Health Care Services,https://media.set.or.th/set/Documents/2022/Apr/SET50_100_H2_2020-27082452.pdf,SET50_100_H2_2020-27082452.pdf
BEC,BEC.BK,BEC WORLD PCL Media & Publishing,https://media.set.or.th/set/Documents/2022/Apr/SET50_100_H2_2020-27082452.pdf,SET50_100_H2_2020-27082452.pdf
BEM,BEM.BK,BANGKOK EXPRESSWAY AND METRO  PCL Transportation & Logistics,https://media.set.or.th/set/Documents/2022/Apr/SET50_100_H2_2020-27082452.pdf,SET50_100_H2_2020-27082452.pdf
BGRIM,BGRIM.BK,B.GRIMM POWER PCL Energy & Utilities,https://media.set.or.th/set/Documents/2022/Apr/SET50_100_H2_2020-27082452.pdf,SET50_100_H2_2020-27082452.pdf
BH,BH.BK,BUMRUNGRAD HOSPITAL PCL Health Care Services,https://media.set.or.th/set/Documents/2022/Apr/SET50_100_H2_2020-27082452.pdf,SET50_100_H2_2020-27082452.pdf
BJC,BJC.BK,BERLI JUCKER PCL Commerce,https://media.set.or.th/set/Documents/2022/Apr/SET50_100_H2_2020-27082452.pdf,SET50_100_H2_2020-27082452.pdf
BPP,BPP.BK,BANPU POWER PCL Energy & Utilities,https://media.set.or.th/set/Documents/2022/Apr/SET50_100_H2_2020-27082452.pdf,SET50_100_H2_2020-27082452.pdf
BTS,BTS.BK,BTS GROUP HOLDINGS PCL Transportation & Logistics,https://media.set.or.th/set/Documents/2022/Apr/SET50_100_H2_2020-27082452.pdf,SET50_100_H2_2020-27082452.pdf
CBG,CBG.BK,CARABAO GROUP PCL Food and Beverage,https://media.set.or.th/set/Documents/2022/Apr/SET50_100_H2_2020-27082452.pdf,SET50_100_H2_2020-27082452.pdf
CENTEL,CENTEL.BK,CENTRAL PLAZA HOTEL PCL Tourism & Leisure,https://media.set.or.th/set/Documents/2022/Apr/SET50_100_H2_2020-27082452.pdf,SET50_100_H2_2020-27082452.pdf
CHG,CHG.BK,CHULARAT HOSPITAL PCL Health Care Services,https://media.set.or.th/set/Documents/2022/Apr/SET50_100_H2_2020-27082452.pdf,SET50_100_H2_2020-27082452.pdf
CK,CK.BK,CH. KARNCHANG PCL Construction Services,https://media.set.or.th/set/Documents/2022/Apr/SET50_100_H2_2020-27082452.pdf,SET50_100_H2_2020-27082452.pdf
CKP,CKP.BK,CK POWER PCL Energy & Utilities,https://media.set.or.th/set/Documents/2022/Apr/SET50_100_H2_2020-27082452.pdf,SET50_100_H2_2020-27082452.pdf
COM7,COM7.BK,COM7 PCL Commerce,https://media.set.or.th/set/Documents/2022/Apr/SET50_100_H2_2020-27082452.pdf,SET50_100_H2_2020-27082452.pdf
CPALL,CPALL.BK,CP ALL PCL Commerce,https://media.set.or.th/set/Documents/2022/Apr/SET50_100_H2_2020-27082452.pdf,SET50_100_H2_2020-27082452.pdf
CPF,CPF.BK,CHAROEN POKPHAND FOODS PCL Food and Beverage,https://media.set.or.th/set/Documents/2022/Apr/SET50_100_H2_2020-27082452.pdf,SET50_100_H2_2020-27082452.pdf
CPN,CPN.BK,CENTRAL PATTANA PCL Property Development,https://media.set.or.th/set/Documents/2022/Apr/SET50_100_H2_2020-27082452.pdf,SET50_100_H2_2020-27082452.pdf
CRC,CRC.BK,CENTRAL RETAIL CORPORATION PCL Commerce,https://media.set.or.th/set/Documents/2022/Apr/SET50_100_H2_2020-27082452.pdf,SET50_100_H2_2020-27082452.pdf
DOHOME,DOHOME.BK,DOHOME PCL Commerce,https://media.set.or.th/set/Documents/2022/Apr/SET50_100_H2_2020-27082452.pdf,SET50_100_H2_2020-27082452.pdf
DTAC,DTAC.BK,TOTAL ACCESS COMMUNICATION PCL Information & Communication Technology,https://media.set.or.th/set/Documents/2022/Apr/SET50_100_H2_2020-27082452.pdf,SET50_100_H2_2020-27082452.pdf
EA,EA.BK,ENERGY ABSOLUTE PCL Energy & Utilities,https://media.set.or.th/set/Documents/2022/Apr/SET50_100_H2_2020-27082452.pdf,SET50_100_H2_2020-27082452.pdf
EGCO,EGCO.BK,ELECTRICITY GENERATING PCL Energy & Utilities,https://media.set.or.th/set/Documents/2022/Apr/SET50_100_H2_2020-27082452.pdf,SET50_100_H2_2020-27082452.pdf
EPG,EPG.BK,EASTERN POLYMER GROUP PCL Construction Materials,https://media.set.or.th/set/Documents/2022/Apr/SET50_100_H2_2020-27082452.pdf,SET50_100_H2_2020-27082452.pdf
ERW,ERW.BK,THE ERAWAN GROUP PCL Tourism & Leisure,https://media.set.or.th/set/Documents/2022/Apr/SET50_100_H2_2020-27082452.pdf,SET50_100_H2_2020-27082452.pdf
ESSO,ESSO.BK,ESSO (THAILAND) PCL Energy & Utilities,https://media.set.or.th/set/Documents/2022/Apr/SET50_100_H2_2020-27082452.pdf,SET50_100_H2_2020-27082452.pdf
GFPT,GFPT.BK,GFPT PCL Agribusiness,https://media.set.or.th/set/Documents/2022/Apr/SET50_100_H2_2020-27082452.pdf,SET50_100_H2_2020-27082452.pdf
GLOBAL,GLOBAL.BK,SIAM GLOBAL HOUSE PCL Commerce,https://media.set.or.th/set/Documents/2022/Apr/SET50_100_H2_2020-27082452.pdf,SET50_100_H2_2020-27082452.pdf
GPSC,GPSC.BK,GLOBAL POWER SYNERGY PCL Energy & Utilities,https://media.set.or.th/set/Documents/2022/Apr/SET50_100_H2_2020-27082452.pdf,SET50_100_H2_2020-27082452.pdf
GULF,GULF.BK,GULF ENERGY DEVELOPMENT PCL Energy & Utilities,https://media.set.or.th/set/Documents/2022/Apr/SET50_100_H2_2020-27082452.pdf,SET50_100_H2_2020-27082452.pdf
GUNKUL,GUNKUL.BK,GUNKUL ENGINEERING PCL Energy & Utilities,https://media.set.or.th/set/Documents/2022/Apr/SET50_100_H2_2020-27082452.pdf,SET50_100_H2_2020-27082452.pdf
HANA,HANA.BK,HANA MICROELECTRONICS PCL Electronic Components,https://media.set.or.th/set/Documents/2022/Apr/SET50_100_H2_2020-27082452.pdf,SET50_100_H2_2020-27082452.pdf
HMPRO,HMPRO.BK,HOME PRODUCT CENTER PCL Commerce,https://media.set.or.th/set/Documents/2022/Apr/SET50_100_H2_2020-27082452.pdf,SET50_100_H2_2020-27082452.pdf
INTUCH,INTUCH.BK,INTOUCH HOLDINGS PCL Information & Communication Technology,https://media.set.or.th/set/Documents/2022/Apr/SET50_100_H2_2020-27082452.pdf,SET50_100_H2_2020-27082452.pdf
IRPC,IRPC.BK,IRPC PCL Energy & Utilities,https://media.set.or.th/set/Documents/2022/Apr/SET50_100_H2_2020-27082452.pdf,SET50_100_H2_2020-27082452.pdf
IVL,IVL.BK,INDORAMA VENTURES PCL Petrochemicals & Chemicals Reserve list of SET100,https://media.set.or.th/set/Documents/2022/Apr/SET50_100_H2_2020-27082452.pdf,SET50_100_H2_2020-27082452.pdf
JAS,JAS.BK,JASMINE INTERNATIONAL PCL Information & Communication Technology,https://media.set.or.th/set/Documents/2022/Apr/SET50_100_H2_2020-27082452.pdf,SET50_100_H2_2020-27082452.pdf
JMT,JMT.BK,JMT NETWORK SERVICES PCL Finance and Securities,https://media.set.or.th/set/Documents/2022/Apr/SET50_100_H2_2020-27082452.pdf,SET50_100_H2_2020-27082452.pdf
KBANK,KBANK.BK,KASIKORNBANK PCL Banking,https://media.set.or.th/set/Documents/2022/Apr/SET50_100_H2_2020-27082452.pdf,SET50_100_H2_2020-27082452.pdf
KCE,KCE.BK,KCE ELECTRONICS PCL Electronic Components,https://media.set.or.th/set/Documents/2022/Apr/SET50_100_H2_2020-27082452.pdf,SET50_100_H2_2020-27082452.pdf
KKP,KKP.BK,KIATNAKIN BANK PCL Banking,https://media.set.or.th/set/Documents/2022/Apr/SET50_100_H2_2020-27082452.pdf,SET50_100_H2_2020-27082452.pdf
KTB,KTB.BK,KRUNG THAI BANK PCL Banking,https://media.set.or.th/set/Documents/2022/Apr/SET50_100_H2_2020-27082452.pdf,SET50_100_H2_2020-27082452.pdf
KTC,KTC.BK,KRUNGTHAI CARD PCL Finance and Securities,https://media.set.or.th/set/Documents/2022/Apr/SET50_100_H2_2020-27082452.pdf,SET50_100_H2_2020-27082452.pdf
LH,LH.BK,LAND AND HOUSES PCL Property Development,https://media.set.or.th/set/Documents/2022/Apr/SET50_100_H2_2020-27082452.pdf,SET50_100_H2_2020-27082452.pdf
MAJOR,MAJOR.BK,MAJOR CINEPLEX GROUP PCL Media & Publishing,https://media.set.or.th/set/Documents/2022/Apr/SET50_100_H2_2020-27082452.pdf,SET50_100_H2_2020-27082452.pdf
MEGA,MEGA.BK,MEGA LIFESCIENCES PCL Commerce,https://media.set.or.th/set/Documents/2022/Apr/SET50_100_H2_2020-27082452.pdf,SET50_100_H2_2020-27082452.pdf
MINT,MINT.BK,MINOR INTERNATIONAL PCL Food and Beverage,https://media.set.or.th/set/Documents/2022/Apr/SET50_100_H2_2020-27082452.pdf,SET50_100_H2_2020-27082452.pdf
MTC,MTC.BK,MUANGTHAI CAPITAL PCL Finance and Securities,https://media.set.or.th/set/Documents/2022/Apr/SET50_100_H2_2020-27082452.pdf,SET50_100_H2_2020-27082452.pdf
ORI,ORI.BK,ORIGIN PROPERTY PCL Property Development,https://media.set.or.th/set/Documents/2022/Apr/SET50_100_H2_2020-27082452.pdf,SET50_100_H2_2020-27082452.pdf
OSP,OSP.BK,OSOTSPA PCL Food and Beverage,https://media.set.or.th/set/Documents/2022/Apr/SET50_100_H2_2020-27082452.pdf,SET50_100_H2_2020-27082452.pdf
PLANB,PLANB.BK,PLAN B MEDIA PCL Media & Publishing,https://media.set.or.th/set/Documents/2022/Apr/SET50_100_H2_2020-27082452.pdf,SET50_100_H2_2020-27082452.pdf
PRM,PRM.BK,PRIMA MARINE PCL Transportation & Logistics,https://media.set.or.th/set/Documents/2022/Apr/SET50_100_H2_2020-27082452.pdf,SET50_100_H2_2020-27082452.pdf
PSH,PSH.BK,PRUKSA HOLDING PCL Property Development,https://media.set.or.th/set/Documents/2022/Apr/SET50_100_H2_2020-27082452.pdf,SET50_100_H2_2020-27082452.pdf
PTG,PTG.BK,PTG ENERGY PCL Energy & Utilities,https://media.set.or.th/set/Documents/2022/Apr/SET50_100_H2_2020-27082452.pdf,SET50_100_H2_2020-27082452.pdf
PTT,PTT.BK,PTT PCL Energy & Utilities,https://media.set.or.th/set/Documents/2022/Apr/SET50_100_H2_2020-27082452.pdf,SET50_100_H2_2020-27082452.pdf
PTTEP,PTTEP.BK,PTT EXPLORATION AND PRODUCTION PCL Energy & Utilities,https://media.set.or.th/set/Documents/2022/Apr/SET50_100_H2_2020-27082452.pdf,SET50_100_H2_2020-27082452.pdf
PTTGC,PTTGC.BK,PTT GLOBAL CHEMICAL PCL Petrochemicals & Chemicals,https://media.set.or.th/set/Documents/2022/Apr/SET50_100_H2_2020-27082452.pdf,SET50_100_H2_2020-27082452.pdf
QH,QH.BK,QUALITY HOUSES PCL Property Development,https://media.set.or.th/set/Documents/2022/Apr/SET50_100_H2_2020-27082452.pdf,SET50_100_H2_2020-27082452.pdf
RATCH,RATCH.BK,RATCH GROUP PCL Energy & Utilities,https://media.set.or.th/set/Documents/2022/Apr/SET50_100_H2_2020-27082452.pdf,SET50_100_H2_2020-27082452.pdf
RBF,RBF.BK,R&B FOOD SUPPLY PCL Food and Beverage,https://media.set.or.th/set/Documents/2022/Apr/SET50_100_H2_2020-27082452.pdf,SET50_100_H2_2020-27082452.pdf
RS,RS.BK,RS PCL Commerce,https://media.set.or.th/set/Documents/2022/Apr/SET50_100_H2_2020-27082452.pdf,SET50_100_H2_2020-27082452.pdf
SAWAD,SAWAD.BK,SRISAWAD CORPORATION PCL Finance and Securities,https://media.set.or.th/set/Documents/2022/Apr/SET50_100_H2_2020-27082452.pdf,SET50_100_H2_2020-27082452.pdf
SCB,SCB.BK,THE SIAM COMMERCIAL BANK PCL Banking,https://media.set.or.th/set/Documents/2022/Apr/SET50_100_H2_2020-27082452.pdf,SET50_100_H2_2020-27082452.pdf
SCC,SCC.BK,THE SIAM CEMENT PCL Construction Materials,https://media.set.or.th/set/Documents/2022/Apr/SET50_100_H2_2020-27082452.pdf,SET50_100_H2_2020-27082452.pdf
SGP,SGP.BK,SIAMGAS AND PETROCHEMICALS PCL Energy & Utilities,https://media.set.or.th/set/Documents/2022/Apr/SET50_100_H2_2020-27082452.pdf,SET50_100_H2_2020-27082452.pdf
SIRI,SIRI.BK,SANSIRI PCL Property Development,https://media.set.or.th/set/Documents/2022/Apr/SET50_100_H2_2020-27082452.pdf,SET50_100_H2_2020-27082452.pdf
SPALI,SPALI.BK,SUPALAI PCL Property Development,https://media.set.or.th/set/Documents/2022/Apr/SET50_100_H2_2020-27082452.pdf,SET50_100_H2_2020-27082452.pdf
SPRC,SPRC.BK,STAR PETROLEUM REFINING PCL Energy & Utilities,https://media.set.or.th/set/Documents/2022/Apr/SET50_100_H2_2020-27082452.pdf,SET50_100_H2_2020-27082452.pdf
STA,STA.BK,SRI TRANG AGRO-INDUSTRY PCL Agribusiness,https://media.set.or.th/set/Documents/2022/Apr/SET50_100_H2_2020-27082452.pdf,SET50_100_H2_2020-27082452.pdf
STEC,STEC.BK,SINO-THAI ENGINEERING AND CONSTRUCTION PCL Construction Services,https://media.set.or.th/set/Documents/2022/Apr/SET50_100_H2_2020-27082452.pdf,SET50_100_H2_2020-27082452.pdf
SUPER,SUPER.BK,SUPER ENERGY CORPORATION PCL Energy & Utilities,https://media.set.or.th/set/Documents/2022/Apr/SET50_100_H2_2020-27082452.pdf,SET50_100_H2_2020-27082452.pdf
TASCO,TASCO.BK,TIPCO ASPHALT PCL Construction Materials,https://media.set.or.th/set/Documents/2022/Apr/SET50_100_H2_2020-27082452.pdf,SET50_100_H2_2020-27082452.pdf
TCAP,TCAP.BK,THANACHART CAPITAL PCL Banking,https://media.set.or.th/set/Documents/2022/Apr/SET50_100_H2_2020-27082452.pdf,SET50_100_H2_2020-27082452.pdf
THANI,THANI.BK,RATCHTHANI LEASING PCL Finance and Securities,https://media.set.or.th/set/Documents/2022/Apr/SET50_100_H2_2020-27082452.pdf,SET50_100_H2_2020-27082452.pdf
TISCO,TISCO.BK,TISCO FINANCIAL GROUP PCL Banking,https://media.set.or.th/set/Documents/2022/Apr/SET50_100_H2_2020-27082452.pdf,SET50_100_H2_2020-27082452.pdf
TKN,TKN.BK,TAOKAENOI FOOD & MARKETING PCL Food and Beverage,https://media.set.or.th/set/Documents/2022/Apr/SET50_100_H2_2020-27082452.pdf,SET50_100_H2_2020-27082452.pdf
TMB,TMB.BK,TMB BANK PCL Banking,https://media.set.or.th/set/Documents/2022/Apr/SET50_100_H2_2020-27082452.pdf,SET50_100_H2_2020-27082452.pdf
TOA,TOA.BK,TOA PAINT (THAILAND) PCL Construction Materials,https://media.set.or.th/set/Documents/2022/Apr/SET50_100_H2_2020-27082452.pdf,SET50_100_H2_2020-27082452.pdf
TOP,TOP.BK,THAI OIL PCL Energy & Utilities,https://media.set.or.th/set/Documents/2022/Apr/SET50_100_H2_2020-27082452.pdf,SET50_100_H2_2020-27082452.pdf
TPIPP,TPIPP.BK,TPI POLENE POWER PCL Energy & Utilities,https://media.set.or.th/set/Documents/2022/Apr/SET50_100_H2_2020-27082452.pdf,SET50_100_H2_2020-27082452.pdf
TQM,TQM.BK,TQM CORPORATION PCL Insurance,https://media.set.or.th/set/Documents/2022/Apr/SET50_100_H2_2020-27082452.pdf,SET50_100_H2_2020-27082452.pdf
TRUE,TRUE.BK,TRUE CORPORATION PCL Information & Communication Technology,https://media.set.or.th/set/Documents/2022/Apr/SET50_100_H2_2020-27082452.pdf,SET50_100_H2_2020-27082452.pdf
TTW,TTW.BK,TTW PCL Energy & Utilities,https://media.set.or.th/set/Documents/2022/Apr/SET50_100_H2_2020-27082452.pdf,SET50_100_H2_2020-27082452.pdf
TU,TU.BK,THAI UNION GROUP PCL Food and Beverage,https://media.set.or.th/set/Documents/2022/Apr/SET50_100_H2_2020-27082452.pdf,SET50_100_H2_2020-27082452.pdf
TVO,TVO.BK,THAI VEGETABLE OIL PCL Food and Beverage,https://media.set.or.th/set/Documents/2022/Apr/SET50_100_H2_2020-27082452.pdf,SET50_100_H2_2020-27082452.pdf
VGI,VGI.BK,VGI PCL Media & Publishing,https://media.set.or.th/set/Documents/2022/Apr/SET50_100_H2_2020-27082452.pdf,SET50_100_H2_2020-27082452.pdf
WHA,WHA.BK,WHA CORPORATION PCL Property Development,https://media.set.or.th/set/Documents/2022/Apr/SET50_100_H2_2020-27082452.pdf,SET50_100_H2_2020-27082452.pdf
WHAUP,WHAUP.BK,WHA UTILITIES AND POWER PCL Energy & Utilities,https://media.set.or.th/set/Documents/2022/Apr/SET50_100_H2_2020-27082452.pdf,SET50_100_H2_2020-27082452.pdf
ADVANC,ADVANC.BK,ADVANCED INFO SERVICE PCL Information & Communication Technology,https://media.set.or.th/set/Documents/2022/Apr/SET50_100_H1_2020_revised-27082541.pdf,SET50_100_H1_2020_revised-27082541.pdf
AEONTS,AEONTS.BK,AEON THANA SINSAP (THAILAND) PCL Finance and Securities,https://media.set.or.th/set/Documents/2022/Apr/SET50_100_H1_2020_revised-27082541.pdf,SET50_100_H1_2020_revised-27082541.pdf
AMATA,AMATA.BK,AMATA CORPORATION PCL Property Development,https://media.set.or.th/set/Documents/2022/Apr/SET50_100_H1_2020_revised-27082541.pdf,SET50_100_H1_2020_revised-27082541.pdf
AOT,AOT.BK,AIRPORTS OF THAILAND PCL Transportation & Logistics,https://media.set.or.th/set/Documents/2022/Apr/SET50_100_H1_2020_revised-27082541.pdf,SET50_100_H1_2020_revised-27082541.pdf
AP,AP.BK,AP (THAILAND) PCL Property Development,https://media.set.or.th/set/Documents/2022/Apr/SET50_100_H1_2020_revised-27082541.pdf,SET50_100_H1_2020_revised-27082541.pdf
AWC,AWC.BK,ASSET WORLD CORP PCL Property Development,https://media.set.or.th/set/Documents/2022/Apr/SET50_100_H1_2020_revised-27082541.pdf,SET50_100_H1_2020_revised-27082541.pdf
BANPU,BANPU.BK,BANPU PCL Energy & Utilities,https://media.set.or.th/set/Documents/2022/Apr/SET50_100_H1_2020_revised-27082541.pdf,SET50_100_H1_2020_revised-27082541.pdf
BBL,BBL.BK,BANGKOK BANK PCL Banking,https://media.set.or.th/set/Documents/2022/Apr/SET50_100_H1_2020_revised-27082541.pdf,SET50_100_H1_2020_revised-27082541.pdf
BCH,BCH.BK,BANGKOK CHAIN HOSPITAL PCL Health Care Services,https://media.set.or.th/set/Documents/2022/Apr/SET50_100_H1_2020_revised-27082541.pdf,SET50_100_H1_2020_revised-27082541.pdf
BCP,BCP.BK,BANGCHAK CORPORATION PCL Energy & Utilities,https://media.set.or.th/set/Documents/2022/Apr/SET50_100_H1_2020_revised-27082541.pdf,SET50_100_H1_2020_revised-27082541.pdf
BCPG,BCPG.BK,BCPG PCL Energy & Utilities,https://media.set.or.th/set/Documents/2022/Apr/SET50_100_H1_2020_revised-27082541.pdf,SET50_100_H1_2020_revised-27082541.pdf
BDMS,BDMS.BK,BANGKOK DUSIT MEDICAL SERVICES PCL Health Care Services,https://media.set.or.th/set/Documents/2022/Apr/SET50_100_H1_2020_revised-27082541.pdf,SET50_100_H1_2020_revised-27082541.pdf
BEC,BEC.BK,BEC WORLD PCL Media & Publishing,https://media.set.or.th/set/Documents/2022/Apr/SET50_100_H1_2020_revised-27082541.pdf,SET50_100_H1_2020_revised-27082541.pdf
BEM,BEM.BK,BANGKOK EXPRESSWAY AND METRO  PCL Transportation & Logistics,https://media.set.or.th/set/Documents/2022/Apr/SET50_100_H1_2020_revised-27082541.pdf,SET50_100_H1_2020_revised-27082541.pdf
BGC,BGC.BK,BG CONTAINER GLASS PCL Packaging,https://media.set.or.th/set/Documents/2022/Apr/SET50_100_H1_2020_revised-27082541.pdf,SET50_100_H1_2020_revised-27082541.pdf
BGRIM,BGRIM.BK,B.GRIMM POWER PCL Energy & Utilities,https://media.set.or.th/set/Documents/2022/Apr/SET50_100_H1_2020_revised-27082541.pdf,SET50_100_H1_2020_revised-27082541.pdf
BH,BH.BK,BUMRUNGRAD HOSPITAL PCL Health Care Services,https://media.set.or.th/set/Documents/2022/Apr/SET50_100_H1_2020_revised-27082541.pdf,SET50_100_H1_2020_revised-27082541.pdf
BJC,BJC.BK,BERLI JUCKER PCL Commerce,https://media.set.or.th/set/Documents/2022/Apr/SET50_100_H1_2020_revised-27082541.pdf,SET50_100_H1_2020_revised-27082541.pdf
BPP,BPP.BK,BANPU POWER PCL Energy & Utilities,https://media.set.or.th/set/Documents/2022/Apr/SET50_100_H1_2020_revised-27082541.pdf,SET50_100_H1_2020_revised-27082541.pdf
BTS,BTS.BK,BTS GROUP HOLDINGS PCL Transportation & Logistics,https://media.set.or.th/set/Documents/2022/Apr/SET50_100_H1_2020_revised-27082541.pdf,SET50_100_H1_2020_revised-27082541.pdf
CBG,CBG.BK,CARABAO GROUP PCL Food and Beverage,https://media.set.or.th/set/Documents/2022/Apr/SET50_100_H1_2020_revised-27082541.pdf,SET50_100_H1_2020_revised-27082541.pdf
CENTEL,CENTEL.BK,CENTRAL PLAZA HOTEL PCL Tourism & Leisure,https://media.set.or.th/set/Documents/2022/Apr/SET50_100_H1_2020_revised-27082541.pdf,SET50_100_H1_2020_revised-27082541.pdf
CHG,CHG.BK,CHULARAT HOSPITAL PCL Health Care Services,https://media.set.or.th/set/Documents/2022/Apr/SET50_100_H1_2020_revised-27082541.pdf,SET50_100_H1_2020_revised-27082541.pdf
CK,CK.BK,CH. KARNCHANG PCL Construction Services,https://media.set.or.th/set/Documents/2022/Apr/SET50_100_H1_2020_revised-27082541.pdf,SET50_100_H1_2020_revised-27082541.pdf
CKP,CKP.BK,CK POWER PCL Energy & Utilities,https://media.set.or.th/set/Documents/2022/Apr/SET50_100_H1_2020_revised-27082541.pdf,SET50_100_H1_2020_revised-27082541.pdf
COM7,COM7.BK,COM7 PCL Commerce,https://media.set.or.th/set/Documents/2022/Apr/SET50_100_H1_2020_revised-27082541.pdf,SET50_100_H1_2020_revised-27082541.pdf
CPALL,CPALL.BK,CP ALL PCL Commerce,https://media.set.or.th/set/Documents/2022/Apr/SET50_100_H1_2020_revised-27082541.pdf,SET50_100_H1_2020_revised-27082541.pdf
CPF,CPF.BK,CHAROEN POKPHAND FOODS PCL Food and Beverage,https://media.set.or.th/set/Documents/2022/Apr/SET50_100_H1_2020_revised-27082541.pdf,SET50_100_H1_2020_revised-27082541.pdf
CPN,CPN.BK,CENTRAL PATTANA PCL Property Development,https://media.set.or.th/set/Documents/2022/Apr/SET50_100_H1_2020_revised-27082541.pdf,SET50_100_H1_2020_revised-27082541.pdf
CRC,CRC.BK,CENTRAL RETAIL CORPORATION PCL Commerce,https://media.set.or.th/set/Documents/2022/Apr/SET50_100_H1_2020_revised-27082541.pdf,SET50_100_H1_2020_revised-27082541.pdf
DELTA,DELTA.BK,DELTA ELECTRONICS (THAILAND) PCL Electronic Components,https://media.set.or.th/set/Documents/2022/Apr/SET50_100_H1_2020_revised-27082541.pdf,SET50_100_H1_2020_revised-27082541.pdf
DTAC,DTAC.BK,TOTAL ACCESS COMMUNICATION PCL Information & Communication Technology,https://media.set.or.th/set/Documents/2022/Apr/SET50_100_H1_2020_revised-27082541.pdf,SET50_100_H1_2020_revised-27082541.pdf
EA,EA.BK,ENERGY ABSOLUTE PCL Energy & Utilities,https://media.set.or.th/set/Documents/2022/Apr/SET50_100_H1_2020_revised-27082541.pdf,SET50_100_H1_2020_revised-27082541.pdf
EGCO,EGCO.BK,ELECTRICITY GENERATING PCL Energy & Utilities,https://media.set.or.th/set/Documents/2022/Apr/SET50_100_H1_2020_revised-27082541.pdf,SET50_100_H1_2020_revised-27082541.pdf
EPG,EPG.BK,EASTERN POLYMER GROUP PCL Construction Materials,https://media.set.or.th/set/Documents/2022/Apr/SET50_100_H1_2020_revised-27082541.pdf,SET50_100_H1_2020_revised-27082541.pdf
ERW,ERW.BK,THE ERAWAN GROUP PCL Tourism & Leisure,https://media.set.or.th/set/Documents/2022/Apr/SET50_100_H1_2020_revised-27082541.pdf,SET50_100_H1_2020_revised-27082541.pdf
ESSO,ESSO.BK,ESSO (THAILAND) PCL Energy & Utilities,https://media.set.or.th/set/Documents/2022/Apr/SET50_100_H1_2020_revised-27082541.pdf,SET50_100_H1_2020_revised-27082541.pdf
GFPT,GFPT.BK,GFPT PCL Agribusiness,https://media.set.or.th/set/Documents/2022/Apr/SET50_100_H1_2020_revised-27082541.pdf,SET50_100_H1_2020_revised-27082541.pdf
GLOBAL,GLOBAL.BK,SIAM GLOBAL HOUSE PCL Commerce,https://media.set.or.th/set/Documents/2022/Apr/SET50_100_H1_2020_revised-27082541.pdf,SET50_100_H1_2020_revised-27082541.pdf
GPSC,GPSC.BK,GLOBAL POWER SYNERGY PCL Energy & Utilities,https://media.set.or.th/set/Documents/2022/Apr/SET50_100_H1_2020_revised-27082541.pdf,SET50_100_H1_2020_revised-27082541.pdf
GULF,GULF.BK,GULF ENERGY DEVELOPMENT PCL Energy & Utilities,https://media.set.or.th/set/Documents/2022/Apr/SET50_100_H1_2020_revised-27082541.pdf,SET50_100_H1_2020_revised-27082541.pdf
GUNKUL,GUNKUL.BK,GUNKUL ENGINEERING PCL Energy & Utilities,https://media.set.or.th/set/Documents/2022/Apr/SET50_100_H1_2020_revised-27082541.pdf,SET50_100_H1_2020_revised-27082541.pdf
HANA,HANA.BK,HANA MICROELECTRONICS PCL Electronic Components,https://media.set.or.th/set/Documents/2022/Apr/SET50_100_H1_2020_revised-27082541.pdf,SET50_100_H1_2020_revised-27082541.pdf
HMPRO,HMPRO.BK,HOME PRODUCT CENTER PCL Commerce,https://media.set.or.th/set/Documents/2022/Apr/SET50_100_H1_2020_revised-27082541.pdf,SET50_100_H1_2020_revised-27082541.pdf
INTUCH,INTUCH.BK,INTOUCH HOLDINGS PCL Information & Communication Technology,https://media.set.or.th/set/Documents/2022/Apr/SET50_100_H1_2020_revised-27082541.pdf,SET50_100_H1_2020_revised-27082541.pdf
IRPC,IRPC.BK,IRPC PCL Energy & Utilities,https://media.set.or.th/set/Documents/2022/Apr/SET50_100_H1_2020_revised-27082541.pdf,SET50_100_H1_2020_revised-27082541.pdf
IVL,IVL.BK,INDORAMA VENTURES PCL Petrochemicals & Chemicals,https://media.set.or.th/set/Documents/2022/Apr/SET50_100_H1_2020_revised-27082541.pdf,SET50_100_H1_2020_revised-27082541.pdf
JAS,JAS.BK,JASMINE INTERNATIONAL PCL Information & Communication Technology Reserve list of SET100,https://media.set.or.th/set/Documents/2022/Apr/SET50_100_H1_2020_revised-27082541.pdf,SET50_100_H1_2020_revised-27082541.pdf
JMT,JMT.BK,JMT NETWORK SERVICES PCL Finance and Securities,https://media.set.or.th/set/Documents/2022/Apr/SET50_100_H1_2020_revised-27082541.pdf,SET50_100_H1_2020_revised-27082541.pdf
KBANK,KBANK.BK,KASIKORNBANK PCL Banking,https://media.set.or.th/set/Documents/2022/Apr/SET50_100_H1_2020_revised-27082541.pdf,SET50_100_H1_2020_revised-27082541.pdf
KCE,KCE.BK,KCE ELECTRONICS PCL Electronic Components,https://media.set.or.th/set/Documents/2022/Apr/SET50_100_H1_2020_revised-27082541.pdf,SET50_100_H1_2020_revised-27082541.pdf
KKP,KKP.BK,KIATNAKIN BANK PCL Banking,https://media.set.or.th/set/Documents/2022/Apr/SET50_100_H1_2020_revised-27082541.pdf,SET50_100_H1_2020_revised-27082541.pdf
KTB,KTB.BK,KRUNG THAI BANK PCL Banking,https://media.set.or.th/set/Documents/2022/Apr/SET50_100_H1_2020_revised-27082541.pdf,SET50_100_H1_2020_revised-27082541.pdf
KTC,KTC.BK,KRUNGTHAI CARD PCL Finance and Securities,https://media.set.or.th/set/Documents/2022/Apr/SET50_100_H1_2020_revised-27082541.pdf,SET50_100_H1_2020_revised-27082541.pdf
LH,LH.BK,LAND AND HOUSES PCL Property Development,https://media.set.or.th/set/Documents/2022/Apr/SET50_100_H1_2020_revised-27082541.pdf,SET50_100_H1_2020_revised-27082541.pdf
MAJOR,MAJOR.BK,MAJOR CINEPLEX GROUP PCL Media & Publishing,https://media.set.or.th/set/Documents/2022/Apr/SET50_100_H1_2020_revised-27082541.pdf,SET50_100_H1_2020_revised-27082541.pdf
MBK,MBK.BK,MBK PCL Property Development,https://media.set.or.th/set/Documents/2022/Apr/SET50_100_H1_2020_revised-27082541.pdf,SET50_100_H1_2020_revised-27082541.pdf
MEGA,MEGA.BK,MEGA LIFESCIENCES PCL Commerce,https://media.set.or.th/set/Documents/2022/Apr/SET50_100_H1_2020_revised-27082541.pdf,SET50_100_H1_2020_revised-27082541.pdf
MINT,MINT.BK,MINOR INTERNATIONAL PCL Food and Beverage,https://media.set.or.th/set/Documents/2022/Apr/SET50_100_H1_2020_revised-27082541.pdf,SET50_100_H1_2020_revised-27082541.pdf
MTC,MTC.BK,MUANGTHAI CAPITAL PCL Finance and Securities,https://media.set.or.th/set/Documents/2022/Apr/SET50_100_H1_2020_revised-27082541.pdf,SET50_100_H1_2020_revised-27082541.pdf
ORI,ORI.BK,ORIGIN PROPERTY PCL Property Development,https://media.set.or.th/set/Documents/2022/Apr/SET50_100_H1_2020_revised-27082541.pdf,SET50_100_H1_2020_revised-27082541.pdf
OSP,OSP.BK,OSOTSPA PCL Food and Beverage,https://media.set.or.th/set/Documents/2022/Apr/SET50_100_H1_2020_revised-27082541.pdf,SET50_100_H1_2020_revised-27082541.pdf
PLANB,PLANB.BK,PLAN B MEDIA PCL Media & Publishing,https://media.set.or.th/set/Documents/2022/Apr/SET50_100_H1_2020_revised-27082541.pdf,SET50_100_H1_2020_revised-27082541.pdf
PRM,PRM.BK,PRIMA MARINE PCL Transportation & Logistics,https://media.set.or.th/set/Documents/2022/Apr/SET50_100_H1_2020_revised-27082541.pdf,SET50_100_H1_2020_revised-27082541.pdf
PSH,PSH.BK,PRUKSA HOLDING PCL Property Development,https://media.set.or.th/set/Documents/2022/Apr/SET50_100_H1_2020_revised-27082541.pdf,SET50_100_H1_2020_revised-27082541.pdf
PSL,PSL.BK,PRECIOUS SHIPPING PCL Transportation & Logistics,https://media.set.or.th/set/Documents/2022/Apr/SET50_100_H1_2020_revised-27082541.pdf,SET50_100_H1_2020_revised-27082541.pdf
PTG,PTG.BK,PTG ENERGY PCL Energy & Utilities,https://media.set.or.th/set/Documents/2022/Apr/SET50_100_H1_2020_revised-27082541.pdf,SET50_100_H1_2020_revised-27082541.pdf
PTT,PTT.BK,PTT PCL Energy & Utilities,https://media.set.or.th/set/Documents/2022/Apr/SET50_100_H1_2020_revised-27082541.pdf,SET50_100_H1_2020_revised-27082541.pdf
PTTEP,PTTEP.BK,PTT EXPLORATION AND PRODUCTION PCL Energy & Utilities,https://media.set.or.th/set/Documents/2022/Apr/SET50_100_H1_2020_revised-27082541.pdf,SET50_100_H1_2020_revised-27082541.pdf
PTTGC,PTTGC.BK,PTT GLOBAL CHEMICAL PCL Petrochemicals & Chemicals,https://media.set.or.th/set/Documents/2022/Apr/SET50_100_H1_2020_revised-27082541.pdf,SET50_100_H1_2020_revised-27082541.pdf
QH,QH.BK,QUALITY HOUSES PCL Property Development,https://media.set.or.th/set/Documents/2022/Apr/SET50_100_H1_2020_revised-27082541.pdf,SET50_100_H1_2020_revised-27082541.pdf
RATCH,RATCH.BK,RATCH GROUP PCL Energy & Utilities,https://media.set.or.th/set/Documents/2022/Apr/SET50_100_H1_2020_revised-27082541.pdf,SET50_100_H1_2020_revised-27082541.pdf
RS,RS.BK,RS PCL Commerce,https://media.set.or.th/set/Documents/2022/Apr/SET50_100_H1_2020_revised-27082541.pdf,SET50_100_H1_2020_revised-27082541.pdf
SAWAD,SAWAD.BK,SRISAWAD CORPORATION PCL Finance and Securities,https://media.set.or.th/set/Documents/2022/Apr/SET50_100_H1_2020_revised-27082541.pdf,SET50_100_H1_2020_revised-27082541.pdf
SCB,SCB.BK,THE SIAM COMMERCIAL BANK PCL Banking,https://media.set.or.th/set/Documents/2022/Apr/SET50_100_H1_2020_revised-27082541.pdf,SET50_100_H1_2020_revised-27082541.pdf
SCC,SCC.BK,THE SIAM CEMENT PCL Construction Materials,https://media.set.or.th/set/Documents/2022/Apr/SET50_100_H1_2020_revised-27082541.pdf,SET50_100_H1_2020_revised-27082541.pdf
SGP,SGP.BK,SIAMGAS AND PETROCHEMICALS PCL Energy & Utilities,https://media.set.or.th/set/Documents/2022/Apr/SET50_100_H1_2020_revised-27082541.pdf,SET50_100_H1_2020_revised-27082541.pdf
SPALI,SPALI.BK,SUPALAI PCL Property Development,https://media.set.or.th/set/Documents/2022/Apr/SET50_100_H1_2020_revised-27082541.pdf,SET50_100_H1_2020_revised-27082541.pdf
SPRC,SPRC.BK,STAR PETROLEUM REFINING PCL Energy & Utilities,https://media.set.or.th/set/Documents/2022/Apr/SET50_100_H1_2020_revised-27082541.pdf,SET50_100_H1_2020_revised-27082541.pdf
STA,STA.BK,SRI TRANG AGRO-INDUSTRY PCL Agribusiness,https://media.set.or.th/set/Documents/2022/Apr/SET50_100_H1_2020_revised-27082541.pdf,SET50_100_H1_2020_revised-27082541.pdf
STEC,STEC.BK,SINO-THAI ENGINEERING AND CONSTRUCTIONPCL Construction Services,https://media.set.or.th/set/Documents/2022/Apr/SET50_100_H1_2020_revised-27082541.pdf,SET50_100_H1_2020_revised-27082541.pdf
STPI,STPI.BK,STP&I PCL Construction Services,https://media.set.or.th/set/Documents/2022/Apr/SET50_100_H1_2020_revised-27082541.pdf,SET50_100_H1_2020_revised-27082541.pdf
SUPER,SUPER.BK,SUPER ENERGY CORPORATION PCL Energy & Utilities,https://media.set.or.th/set/Documents/2022/Apr/SET50_100_H1_2020_revised-27082541.pdf,SET50_100_H1_2020_revised-27082541.pdf
TASCO,TASCO.BK,TIPCO ASPHALT PCL Construction Materials,https://media.set.or.th/set/Documents/2022/Apr/SET50_100_H1_2020_revised-27082541.pdf,SET50_100_H1_2020_revised-27082541.pdf
TCAP,TCAP.BK,THANACHART CAPITAL PCL Banking,https://media.set.or.th/set/Documents/2022/Apr/SET50_100_H1_2020_revised-27082541.pdf,SET50_100_H1_2020_revised-27082541.pdf
THAI,THAI.BK,THAI AIRWAYS INTERNATIONAL PCL Transportation & Logistics,https://media.set.or.th/set/Documents/2022/Apr/SET50_100_H1_2020_revised-27082541.pdf,SET50_100_H1_2020_revised-27082541.pdf
THANI,THANI.BK,RATCHTHANI LEASING PCL Finance and Securities,https://media.set.or.th/set/Documents/2022/Apr/SET50_100_H1_2020_revised-27082541.pdf,SET50_100_H1_2020_revised-27082541.pdf
THG,THG.BK,THONBURI HEALTHCARE GROUP PCL Health Care Services,https://media.set.or.th/set/Documents/2022/Apr/SET50_100_H1_2020_revised-27082541.pdf,SET50_100_H1_2020_revised-27082541.pdf
TISCO,TISCO.BK,TISCO FINANCIAL GROUP PCL Banking,https://media.set.or.th/set/Documents/2022/Apr/SET50_100_H1_2020_revised-27082541.pdf,SET50_100_H1_2020_revised-27082541.pdf
TKN,TKN.BK,TAOKAENOI FOOD & MARKETING PCL Food and Beverage,https://media.set.or.th/set/Documents/2022/Apr/SET50_100_H1_2020_revised-27082541.pdf,SET50_100_H1_2020_revised-27082541.pdf
TMB,TMB.BK,TMB BANK PCL Banking,https://media.set.or.th/set/Documents/2022/Apr/SET50_100_H1_2020_revised-27082541.pdf,SET50_100_H1_2020_revised-27082541.pdf
TOA,TOA.BK,TOA PAINT (THAILAND) PCL Construction Materials,https://media.set.or.th/set/Documents/2022/Apr/SET50_100_H1_2020_revised-27082541.pdf,SET50_100_H1_2020_revised-27082541.pdf
TOP,TOP.BK,THAI OIL PCL Energy & Utilities,https://media.set.or.th/set/Documents/2022/Apr/SET50_100_H1_2020_revised-27082541.pdf,SET50_100_H1_2020_revised-27082541.pdf
TPIPP,TPIPP.BK,TPI POLENE POWER PCL Energy & Utilities,https://media.set.or.th/set/Documents/2022/Apr/SET50_100_H1_2020_revised-27082541.pdf,SET50_100_H1_2020_revised-27082541.pdf
TQM,TQM.BK,TQM CORPORATION PCL Insurance,https://media.set.or.th/set/Documents/2022/Apr/SET50_100_H1_2020_revised-27082541.pdf,SET50_100_H1_2020_revised-27082541.pdf
TRUE,TRUE.BK,TRUE CORPORATION PCL Information & Communication Technology,https://media.set.or.th/set/Documents/2022/Apr/SET50_100_H1_2020_revised-27082541.pdf,SET50_100_H1_2020_revised-27082541.pdf
TTW,TTW.BK,TTW PCL Energy & Utilities,https://media.set.or.th/set/Documents/2022/Apr/SET50_100_H1_2020_revised-27082541.pdf,SET50_100_H1_2020_revised-27082541.pdf
TU,TU.BK,THAI UNION GROUP PCL Food and Beverage,https://media.set.or.th/set/Documents/2022/Apr/SET50_100_H1_2020_revised-27082541.pdf,SET50_100_H1_2020_revised-27082541.pdf
VGI,VGI.BK,VGI PCL Media & Publishing,https://media.set.or.th/set/Documents/2022/Apr/SET50_100_H1_2020_revised-27082541.pdf,SET50_100_H1_2020_revised-27082541.pdf
WHA,WHA.BK,WHA CORPORATION PCL Property Development,https://media.set.or.th/set/Documents/2022/Apr/SET50_100_H1_2020_revised-27082541.pdf,SET50_100_H1_2020_revised-27082541.pdf
AAV,AAV.BK,ASIA AVIATION PCL Transportation & Logistics,https://media.set.or.th/set/Documents/2022/Apr/SET50_100_H1_2020-27082646.pdf,SET50_100_H1_2020-27082646.pdf
ADVANC,ADVANC.BK,ADVANCED INFO SERVICE PCL Information & Communication Technology,https://media.set.or.th/set/Documents/2022/Apr/SET50_100_H1_2020-27082646.pdf,SET50_100_H1_2020-27082646.pdf
AEONTS,AEONTS.BK,AEON THANA SINSAP (THAILAND) PCL Finance and Securities,https://media.set.or.th/set/Documents/2022/Apr/SET50_100_H1_2020-27082646.pdf,SET50_100_H1_2020-27082646.pdf
AMATA,AMATA.BK,AMATA CORPORATION PCL Property Development,https://media.set.or.th/set/Documents/2022/Apr/SET50_100_H1_2020-27082646.pdf,SET50_100_H1_2020-27082646.pdf
AOT,AOT.BK,AIRPORTS OF THAILAND PCL Transportation & Logistics,https://media.set.or.th/set/Documents/2022/Apr/SET50_100_H1_2020-27082646.pdf,SET50_100_H1_2020-27082646.pdf
AP,AP.BK,AP (THAILAND) PCL Property Development,https://media.set.or.th/set/Documents/2022/Apr/SET50_100_H1_2020-27082646.pdf,SET50_100_H1_2020-27082646.pdf
AWC,AWC.BK,ASSET WORLD CORP PCL Property Development,https://media.set.or.th/set/Documents/2022/Apr/SET50_100_H1_2020-27082646.pdf,SET50_100_H1_2020-27082646.pdf
BANPU,BANPU.BK,BANPU PCL Energy & Utilities,https://media.set.or.th/set/Documents/2022/Apr/SET50_100_H1_2020-27082646.pdf,SET50_100_H1_2020-27082646.pdf
BBL,BBL.BK,BANGKOK BANK PCL Banking,https://media.set.or.th/set/Documents/2022/Apr/SET50_100_H1_2020-27082646.pdf,SET50_100_H1_2020-27082646.pdf
BCH,BCH.BK,BANGKOK CHAIN HOSPITAL PCL Health Care Services,https://media.set.or.th/set/Documents/2022/Apr/SET50_100_H1_2020-27082646.pdf,SET50_100_H1_2020-27082646.pdf
BCP,BCP.BK,BANGCHAK CORPORATION PCL Energy & Utilities,https://media.set.or.th/set/Documents/2022/Apr/SET50_100_H1_2020-27082646.pdf,SET50_100_H1_2020-27082646.pdf
BCPG,BCPG.BK,BCPG PCL Energy & Utilities,https://media.set.or.th/set/Documents/2022/Apr/SET50_100_H1_2020-27082646.pdf,SET50_100_H1_2020-27082646.pdf
BDMS,BDMS.BK,BANGKOK DUSIT MEDICAL SERVICES PCL Health Care Services,https://media.set.or.th/set/Documents/2022/Apr/SET50_100_H1_2020-27082646.pdf,SET50_100_H1_2020-27082646.pdf
BEC,BEC.BK,BEC WORLD PCL Media & Publishing,https://media.set.or.th/set/Documents/2022/Apr/SET50_100_H1_2020-27082646.pdf,SET50_100_H1_2020-27082646.pdf
BEM,BEM.BK,BANGKOK EXPRESSWAY AND METRO  PCL Transportation & Logistics,https://media.set.or.th/set/Documents/2022/Apr/SET50_100_H1_2020-27082646.pdf,SET50_100_H1_2020-27082646.pdf
BGC,BGC.BK,BG CONTAINER GLASS PCL Packaging,https://media.set.or.th/set/Documents/2022/Apr/SET50_100_H1_2020-27082646.pdf,SET50_100_H1_2020-27082646.pdf
BGRIM,BGRIM.BK,B.GRIMM POWER PCL Energy & Utilities,https://media.set.or.th/set/Documents/2022/Apr/SET50_100_H1_2020-27082646.pdf,SET50_100_H1_2020-27082646.pdf
BH,BH.BK,BUMRUNGRAD HOSPITAL PCL Health Care Services,https://media.set.or.th/set/Documents/2022/Apr/SET50_100_H1_2020-27082646.pdf,SET50_100_H1_2020-27082646.pdf
BJC,BJC.BK,BERLI JUCKER PCL Commerce,https://media.set.or.th/set/Documents/2022/Apr/SET50_100_H1_2020-27082646.pdf,SET50_100_H1_2020-27082646.pdf
BPP,BPP.BK,BANPU POWER PCL Energy & Utilities,https://media.set.or.th/set/Documents/2022/Apr/SET50_100_H1_2020-27082646.pdf,SET50_100_H1_2020-27082646.pdf
BTS,BTS.BK,BTS GROUP HOLDINGS PCL Transportation & Logistics,https://media.set.or.th/set/Documents/2022/Apr/SET50_100_H1_2020-27082646.pdf,SET50_100_H1_2020-27082646.pdf
CBG,CBG.BK,CARABAO GROUP PCL Food and Beverage,https://media.set.or.th/set/Documents/2022/Apr/SET50_100_H1_2020-27082646.pdf,SET50_100_H1_2020-27082646.pdf
CENTEL,CENTEL.BK,CENTRAL PLAZA HOTEL PCL Tourism & Leisure,https://media.set.or.th/set/Documents/2022/Apr/SET50_100_H1_2020-27082646.pdf,SET50_100_H1_2020-27082646.pdf
CHG,CHG.BK,CHULARAT HOSPITAL PCL Health Care Services,https://media.set.or.th/set/Documents/2022/Apr/SET50_100_H1_2020-27082646.pdf,SET50_100_H1_2020-27082646.pdf
CK,CK.BK,CH. KARNCHANG PCL Construction Services,https://media.set.or.th/set/Documents/2022/Apr/SET50_100_H1_2020-27082646.pdf,SET50_100_H1_2020-27082646.pdf
CKP,CKP.BK,CK POWER PCL Energy & Utilities,https://media.set.or.th/set/Documents/2022/Apr/SET50_100_H1_2020-27082646.pdf,SET50_100_H1_2020-27082646.pdf
COM7,COM7.BK,COM7 PCL Commerce,https://media.set.or.th/set/Documents/2022/Apr/SET50_100_H1_2020-27082646.pdf,SET50_100_H1_2020-27082646.pdf
CPALL,CPALL.BK,CP ALL PCL Commerce,https://media.set.or.th/set/Documents/2022/Apr/SET50_100_H1_2020-27082646.pdf,SET50_100_H1_2020-27082646.pdf
CPF,CPF.BK,CHAROEN POKPHAND FOODS PCL Food and Beverage,https://media.set.or.th/set/Documents/2022/Apr/SET50_100_H1_2020-27082646.pdf,SET50_100_H1_2020-27082646.pdf
CPN,CPN.BK,CENTRAL PATTANA PCL Property Development,https://media.set.or.th/set/Documents/2022/Apr/SET50_100_H1_2020-27082646.pdf,SET50_100_H1_2020-27082646.pdf
DELTA,DELTA.BK,DELTA ELECTRONICS (THAILAND) PCL Electronic Components,https://media.set.or.th/set/Documents/2022/Apr/SET50_100_H1_2020-27082646.pdf,SET50_100_H1_2020-27082646.pdf
DTAC,DTAC.BK,TOTAL ACCESS COMMUNICATION PCL Information & Communication Technology,https://media.set.or.th/set/Documents/2022/Apr/SET50_100_H1_2020-27082646.pdf,SET50_100_H1_2020-27082646.pdf
EA,EA.BK,ENERGY ABSOLUTE PCL Energy & Utilities,https://media.set.or.th/set/Documents/2022/Apr/SET50_100_H1_2020-27082646.pdf,SET50_100_H1_2020-27082646.pdf
EGCO,EGCO.BK,ELECTRICITY GENERATING PCL Energy & Utilities,https://media.set.or.th/set/Documents/2022/Apr/SET50_100_H1_2020-27082646.pdf,SET50_100_H1_2020-27082646.pdf
EPG,EPG.BK,EASTERN POLYMER GROUP PCL Construction Materials,https://media.set.or.th/set/Documents/2022/Apr/SET50_100_H1_2020-27082646.pdf,SET50_100_H1_2020-27082646.pdf
ERW,ERW.BK,THE ERAWAN GROUP PCL Tourism & Leisure,https://media.set.or.th/set/Documents/2022/Apr/SET50_100_H1_2020-27082646.pdf,SET50_100_H1_2020-27082646.pdf
ESSO,ESSO.BK,ESSO (THAILAND) PCL Energy & Utilities,https://media.set.or.th/set/Documents/2022/Apr/SET50_100_H1_2020-27082646.pdf,SET50_100_H1_2020-27082646.pdf
GFPT,GFPT.BK,GFPT PCL Agribusiness,https://media.set.or.th/set/Documents/2022/Apr/SET50_100_H1_2020-27082646.pdf,SET50_100_H1_2020-27082646.pdf
GLOBAL,GLOBAL.BK,SIAM GLOBAL HOUSE PCL Commerce,https://media.set.or.th/set/Documents/2022/Apr/SET50_100_H1_2020-27082646.pdf,SET50_100_H1_2020-27082646.pdf
GPSC,GPSC.BK,GLOBAL POWER SYNERGY PCL Energy & Utilities,https://media.set.or.th/set/Documents/2022/Apr/SET50_100_H1_2020-27082646.pdf,SET50_100_H1_2020-27082646.pdf
GULF,GULF.BK,GULF ENERGY DEVELOPMENT PCL Energy & Utilities,https://media.set.or.th/set/Documents/2022/Apr/SET50_100_H1_2020-27082646.pdf,SET50_100_H1_2020-27082646.pdf
GUNKUL,GUNKUL.BK,GUNKUL ENGINEERING PCL Energy & Utilities,https://media.set.or.th/set/Documents/2022/Apr/SET50_100_H1_2020-27082646.pdf,SET50_100_H1_2020-27082646.pdf
HANA,HANA.BK,HANA MICROELECTRONICS PCL Electronic Components,https://media.set.or.th/set/Documents/2022/Apr/SET50_100_H1_2020-27082646.pdf,SET50_100_H1_2020-27082646.pdf
HMPRO,HMPRO.BK,HOME PRODUCT CENTER PCL Commerce,https://media.set.or.th/set/Documents/2022/Apr/SET50_100_H1_2020-27082646.pdf,SET50_100_H1_2020-27082646.pdf
INTUCH,INTUCH.BK,INTOUCH HOLDINGS PCL Information & Communication Technology,https://media.set.or.th/set/Documents/2022/Apr/SET50_100_H1_2020-27082646.pdf,SET50_100_H1_2020-27082646.pdf
IRPC,IRPC.BK,IRPC PCL Energy & Utilities,https://media.set.or.th/set/Documents/2022/Apr/SET50_100_H1_2020-27082646.pdf,SET50_100_H1_2020-27082646.pdf
IVL,IVL.BK,INDORAMA VENTURES PCL Petrochemicals & Chemicals,https://media.set.or.th/set/Documents/2022/Apr/SET50_100_H1_2020-27082646.pdf,SET50_100_H1_2020-27082646.pdf
JAS,JAS.BK,JASMINE INTERNATIONAL PCL Information & Communication Technology,https://media.set.or.th/set/Documents/2022/Apr/SET50_100_H1_2020-27082646.pdf,SET50_100_H1_2020-27082646.pdf
JMT,JMT.BK,JMT NETWORK SERVICES PCL Finance and Securities Reserve list of SET100,https://media.set.or.th/set/Documents/2022/Apr/SET50_100_H1_2020-27082646.pdf,SET50_100_H1_2020-27082646.pdf
KBANK,KBANK.BK,KASIKORNBANK PCL Banking,https://media.set.or.th/set/Documents/2022/Apr/SET50_100_H1_2020-27082646.pdf,SET50_100_H1_2020-27082646.pdf
KCE,KCE.BK,KCE ELECTRONICS PCL Electronic Components,https://media.set.or.th/set/Documents/2022/Apr/SET50_100_H1_2020-27082646.pdf,SET50_100_H1_2020-27082646.pdf
KKP,KKP.BK,KIATNAKIN BANK PCL Banking,https://media.set.or.th/set/Documents/2022/Apr/SET50_100_H1_2020-27082646.pdf,SET50_100_H1_2020-27082646.pdf
KTB,KTB.BK,KRUNG THAI BANK PCL Banking,https://media.set.or.th/set/Documents/2022/Apr/SET50_100_H1_2020-27082646.pdf,SET50_100_H1_2020-27082646.pdf
KTC,KTC.BK,KRUNGTHAI CARD PCL Finance and Securities,https://media.set.or.th/set/Documents/2022/Apr/SET50_100_H1_2020-27082646.pdf,SET50_100_H1_2020-27082646.pdf
LH,LH.BK,LAND AND HOUSES PCL Property Development,https://media.set.or.th/set/Documents/2022/Apr/SET50_100_H1_2020-27082646.pdf,SET50_100_H1_2020-27082646.pdf
MAJOR,MAJOR.BK,MAJOR CINEPLEX GROUP PCL Media & Publishing,https://media.set.or.th/set/Documents/2022/Apr/SET50_100_H1_2020-27082646.pdf,SET50_100_H1_2020-27082646.pdf
MBK,MBK.BK,MBK PCL Property Development,https://media.set.or.th/set/Documents/2022/Apr/SET50_100_H1_2020-27082646.pdf,SET50_100_H1_2020-27082646.pdf
MEGA,MEGA.BK,MEGA LIFESCIENCES PCL Commerce,https://media.set.or.th/set/Documents/2022/Apr/SET50_100_H1_2020-27082646.pdf,SET50_100_H1_2020-27082646.pdf
MINT,MINT.BK,MINOR INTERNATIONAL PCL Food and Beverage,https://media.set.or.th/set/Documents/2022/Apr/SET50_100_H1_2020-27082646.pdf,SET50_100_H1_2020-27082646.pdf
MTC,MTC.BK,MUANGTHAI CAPITAL PCL Finance and Securities,https://media.set.or.th/set/Documents/2022/Apr/SET50_100_H1_2020-27082646.pdf,SET50_100_H1_2020-27082646.pdf
ORI,ORI.BK,ORIGIN PROPERTY PCL Property Development,https://media.set.or.th/set/Documents/2022/Apr/SET50_100_H1_2020-27082646.pdf,SET50_100_H1_2020-27082646.pdf
OSP,OSP.BK,OSOTSPA PCL Food and Beverage,https://media.set.or.th/set/Documents/2022/Apr/SET50_100_H1_2020-27082646.pdf,SET50_100_H1_2020-27082646.pdf
PLANB,PLANB.BK,PLAN B MEDIA PCL Media & Publishing,https://media.set.or.th/set/Documents/2022/Apr/SET50_100_H1_2020-27082646.pdf,SET50_100_H1_2020-27082646.pdf
PRM,PRM.BK,PRIMA MARINE PCL Transportation & Logistics,https://media.set.or.th/set/Documents/2022/Apr/SET50_100_H1_2020-27082646.pdf,SET50_100_H1_2020-27082646.pdf
PSH,PSH.BK,PRUKSA HOLDING PCL Property Development,https://media.set.or.th/set/Documents/2022/Apr/SET50_100_H1_2020-27082646.pdf,SET50_100_H1_2020-27082646.pdf
PSL,PSL.BK,PRECIOUS SHIPPING PCL Transportation & Logistics,https://media.set.or.th/set/Documents/2022/Apr/SET50_100_H1_2020-27082646.pdf,SET50_100_H1_2020-27082646.pdf
PTG,PTG.BK,PTG ENERGY PCL Energy & Utilities,https://media.set.or.th/set/Documents/2022/Apr/SET50_100_H1_2020-27082646.pdf,SET50_100_H1_2020-27082646.pdf
PTT,PTT.BK,PTT PCL Energy & Utilities,https://media.set.or.th/set/Documents/2022/Apr/SET50_100_H1_2020-27082646.pdf,SET50_100_H1_2020-27082646.pdf
PTTEP,PTTEP.BK,PTT EXPLORATION AND PRODUCTION PCL Energy & Utilities,https://media.set.or.th/set/Documents/2022/Apr/SET50_100_H1_2020-27082646.pdf,SET50_100_H1_2020-27082646.pdf
PTTGC,PTTGC.BK,PTT GLOBAL CHEMICAL PCL Petrochemicals & Chemicals,https://media.set.or.th/set/Documents/2022/Apr/SET50_100_H1_2020-27082646.pdf,SET50_100_H1_2020-27082646.pdf
QH,QH.BK,QUALITY HOUSES PCL Property Development,https://media.set.or.th/set/Documents/2022/Apr/SET50_100_H1_2020-27082646.pdf,SET50_100_H1_2020-27082646.pdf
RATCH,RATCH.BK,RATCH GROUP PCL Energy & Utilities,https://media.set.or.th/set/Documents/2022/Apr/SET50_100_H1_2020-27082646.pdf,SET50_100_H1_2020-27082646.pdf
RS,RS.BK,RS PCL Commerce,https://media.set.or.th/set/Documents/2022/Apr/SET50_100_H1_2020-27082646.pdf,SET50_100_H1_2020-27082646.pdf
SAWAD,SAWAD.BK,SRISAWAD CORPORATION PCL Finance and Securities,https://media.set.or.th/set/Documents/2022/Apr/SET50_100_H1_2020-27082646.pdf,SET50_100_H1_2020-27082646.pdf
SCB,SCB.BK,THE SIAM COMMERCIAL BANK PCL Banking,https://media.set.or.th/set/Documents/2022/Apr/SET50_100_H1_2020-27082646.pdf,SET50_100_H1_2020-27082646.pdf
SCC,SCC.BK,THE SIAM CEMENT PCL Construction Materials,https://media.set.or.th/set/Documents/2022/Apr/SET50_100_H1_2020-27082646.pdf,SET50_100_H1_2020-27082646.pdf
SGP,SGP.BK,SIAMGAS AND PETROCHEMICALS PCL Energy & Utilities,https://media.set.or.th/set/Documents/2022/Apr/SET50_100_H1_2020-27082646.pdf,SET50_100_H1_2020-27082646.pdf
SPALI,SPALI.BK,SUPALAI PCL Property Development,https://media.set.or.th/set/Documents/2022/Apr/SET50_100_H1_2020-27082646.pdf,SET50_100_H1_2020-27082646.pdf
SPRC,SPRC.BK,STAR PETROLEUM REFINING PCL Energy & Utilities,https://media.set.or.th/set/Documents/2022/Apr/SET50_100_H1_2020-27082646.pdf,SET50_100_H1_2020-27082646.pdf
STA,STA.BK,SRI TRANG AGRO-INDUSTRY PCL Agribusiness,https://media.set.or.th/set/Documents/2022/Apr/SET50_100_H1_2020-27082646.pdf,SET50_100_H1_2020-27082646.pdf
STEC,STEC.BK,SINO-THAI ENGINEERING AND CONSTRUCTIONPCL Construction Services,https://media.set.or.th/set/Documents/2022/Apr/SET50_100_H1_2020-27082646.pdf,SET50_100_H1_2020-27082646.pdf
STPI,STPI.BK,STP&I PCL Construction Services,https://media.set.or.th/set/Documents/2022/Apr/SET50_100_H1_2020-27082646.pdf,SET50_100_H1_2020-27082646.pdf
SUPER,SUPER.BK,SUPER ENERGY CORPORATION PCL Energy & Utilities,https://media.set.or.th/set/Documents/2022/Apr/SET50_100_H1_2020-27082646.pdf,SET50_100_H1_2020-27082646.pdf
TASCO,TASCO.BK,TIPCO ASPHALT PCL Construction Materials,https://media.set.or.th/set/Documents/2022/Apr/SET50_100_H1_2020-27082646.pdf,SET50_100_H1_2020-27082646.pdf
TCAP,TCAP.BK,THANACHART CAPITAL PCL Banking,https://media.set.or.th/set/Documents/2022/Apr/SET50_100_H1_2020-27082646.pdf,SET50_100_H1_2020-27082646.pdf
THAI,THAI.BK,THAI AIRWAYS INTERNATIONAL PCL Transportation & Logistics,https://media.set.or.th/set/Documents/2022/Apr/SET50_100_H1_2020-27082646.pdf,SET50_100_H1_2020-27082646.pdf
THANI,THANI.BK,RATCHTHANI LEASING PCL Finance and Securities,https://media.set.or.th/set/Documents/2022/Apr/SET50_100_H1_2020-27082646.pdf,SET50_100_H1_2020-27082646.pdf
THG,THG.BK,THONBURI HEALTHCARE GROUP PCL Health Care Services,https://media.set.or.th/set/Documents/2022/Apr/SET50_100_H1_2020-27082646.pdf,SET50_100_H1_2020-27082646.pdf
TISCO,TISCO.BK,TISCO FINANCIAL GROUP PCL Banking,https://media.set.or.th/set/Documents/2022/Apr/SET50_100_H1_2020-27082646.pdf,SET50_100_H1_2020-27082646.pdf
TKN,TKN.BK,TAOKAENOI FOOD & MARKETING PCL Food and Beverage,https://media.set.or.th/set/Documents/2022/Apr/SET50_100_H1_2020-27082646.pdf,SET50_100_H1_2020-27082646.pdf
TMB,TMB.BK,TMB BANK PCL Banking,https://media.set.or.th/set/Documents/2022/Apr/SET50_100_H1_2020-27082646.pdf,SET50_100_H1_2020-27082646.pdf
TOA,TOA.BK,TOA PAINT (THAILAND) PCL Construction Materials,https://media.set.or.th/set/Documents/2022/Apr/SET50_100_H1_2020-27082646.pdf,SET50_100_H1_2020-27082646.pdf
TOP,TOP.BK,THAI OIL PCL Energy & Utilities,https://media.set.or.th/set/Documents/2022/Apr/SET50_100_H1_2020-27082646.pdf,SET50_100_H1_2020-27082646.pdf
TPIPP,TPIPP.BK,TPI POLENE POWER PCL Energy & Utilities,https://media.set.or.th/set/Documents/2022/Apr/SET50_100_H1_2020-27082646.pdf,SET50_100_H1_2020-27082646.pdf
TQM,TQM.BK,TQM CORPORATION PCL Insurance,https://media.set.or.th/set/Documents/2022/Apr/SET50_100_H1_2020-27082646.pdf,SET50_100_H1_2020-27082646.pdf
TRUE,TRUE.BK,TRUE CORPORATION PCL Information & Communication Technology,https://media.set.or.th/set/Documents/2022/Apr/SET50_100_H1_2020-27082646.pdf,SET50_100_H1_2020-27082646.pdf
TTW,TTW.BK,TTW PCL Energy & Utilities,https://media.set.or.th/set/Documents/2022/Apr/SET50_100_H1_2020-27082646.pdf,SET50_100_H1_2020-27082646.pdf
TU,TU.BK,THAI UNION GROUP PCL Food and Beverage,https://media.set.or.th/set/Documents/2022/Apr/SET50_100_H1_2020-27082646.pdf,SET50_100_H1_2020-27082646.pdf
VGI,VGI.BK,VGI PCL Media & Publishing,https://media.set.or.th/set/Documents/2022/Apr/SET50_100_H1_2020-27082646.pdf,SET50_100_H1_2020-27082646.pdf
WHA,WHA.BK,WHA CORPORATION PCL Property Development,https://media.set.or.th/set/Documents/2022/Apr/SET50_100_H1_2020-27082646.pdf,SET50_100_H1_2020-27082646.pdf
AAV,AAV.BK,ASIA AVIATION PCL Transportation & Logistics,https://media.set.or.th/set/Documents/2021/Dec/SET50_100_H2_2019_revised.pdf,SET50_100_H2_2019_revised.pdf
ADVANC,ADVANC.BK,ADVANCED INFO SERVICE PCL Information & Communication Technology,https://media.set.or.th/set/Documents/2021/Dec/SET50_100_H2_2019_revised.pdf,SET50_100_H2_2019_revised.pdf
AEONTS,AEONTS.BK,AEON THANA SINSAP (THAILAND) PCL Finance and Securities,https://media.set.or.th/set/Documents/2021/Dec/SET50_100_H2_2019_revised.pdf,SET50_100_H2_2019_revised.pdf
AMATA,AMATA.BK,AMATA CORPORATION PCL Property Development,https://media.set.or.th/set/Documents/2021/Dec/SET50_100_H2_2019_revised.pdf,SET50_100_H2_2019_revised.pdf
ANAN,ANAN.BK,ANANDA DEVELOPMENT PCL Property Development,https://media.set.or.th/set/Documents/2021/Dec/SET50_100_H2_2019_revised.pdf,SET50_100_H2_2019_revised.pdf
AOT,AOT.BK,AIRPORTS OF THAILAND PCL Transportation & Logistics,https://media.set.or.th/set/Documents/2021/Dec/SET50_100_H2_2019_revised.pdf,SET50_100_H2_2019_revised.pdf
AP,AP.BK,AP (THAILAND) PCL Property Development,https://media.set.or.th/set/Documents/2021/Dec/SET50_100_H2_2019_revised.pdf,SET50_100_H2_2019_revised.pdf
AWC,AWC.BK,ASSET WORLD CORP PCL Property Development,https://media.set.or.th/set/Documents/2021/Dec/SET50_100_H2_2019_revised.pdf,SET50_100_H2_2019_revised.pdf
BANPU,BANPU.BK,BANPU PCL Energy & Utilities,https://media.set.or.th/set/Documents/2021/Dec/SET50_100_H2_2019_revised.pdf,SET50_100_H2_2019_revised.pdf
BBL,BBL.BK,BANGKOK BANK PCL Banking,https://media.set.or.th/set/Documents/2021/Dec/SET50_100_H2_2019_revised.pdf,SET50_100_H2_2019_revised.pdf
BCH,BCH.BK,BANGKOK CHAIN HOSPITAL PCL Health Care Services,https://media.set.or.th/set/Documents/2021/Dec/SET50_100_H2_2019_revised.pdf,SET50_100_H2_2019_revised.pdf
BCP,BCP.BK,BANGCHAK CORPORATION PCL Energy & Utilities,https://media.set.or.th/set/Documents/2021/Dec/SET50_100_H2_2019_revised.pdf,SET50_100_H2_2019_revised.pdf
BCPG,BCPG.BK,BCPG PCL Energy & Utilities,https://media.set.or.th/set/Documents/2021/Dec/SET50_100_H2_2019_revised.pdf,SET50_100_H2_2019_revised.pdf
BDMS,BDMS.BK,BANGKOK DUSIT MEDICAL SERVICES PCL Health Care Services,https://media.set.or.th/set/Documents/2021/Dec/SET50_100_H2_2019_revised.pdf,SET50_100_H2_2019_revised.pdf
BEC,BEC.BK,BEC WORLD PCL Media & Publishing,https://media.set.or.th/set/Documents/2021/Dec/SET50_100_H2_2019_revised.pdf,SET50_100_H2_2019_revised.pdf
BEM,BEM.BK,BANGKOK EXPRESSWAY AND METRO  PCL Transportation & Logistics,https://media.set.or.th/set/Documents/2021/Dec/SET50_100_H2_2019_revised.pdf,SET50_100_H2_2019_revised.pdf
BGRIM,BGRIM.BK,B.GRIMM POWER PCL Energy & Utilities,https://media.set.or.th/set/Documents/2021/Dec/SET50_100_H2_2019_revised.pdf,SET50_100_H2_2019_revised.pdf
BH,BH.BK,BUMRUNGRAD HOSPITAL PCL Health Care Services,https://media.set.or.th/set/Documents/2021/Dec/SET50_100_H2_2019_revised.pdf,SET50_100_H2_2019_revised.pdf
BJC,BJC.BK,BERLI JUCKER PCL Commerce,https://media.set.or.th/set/Documents/2021/Dec/SET50_100_H2_2019_revised.pdf,SET50_100_H2_2019_revised.pdf
BLAND,BLAND.BK,BANGKOK LAND PCL Property Development,https://media.set.or.th/set/Documents/2021/Dec/SET50_100_H2_2019_revised.pdf,SET50_100_H2_2019_revised.pdf
BPP,BPP.BK,BANPU POWER PCL Energy & Utilities,https://media.set.or.th/set/Documents/2021/Dec/SET50_100_H2_2019_revised.pdf,SET50_100_H2_2019_revised.pdf
BTS,BTS.BK,BTS GROUP HOLDINGS PCL Transportation & Logistics,https://media.set.or.th/set/Documents/2021/Dec/SET50_100_H2_2019_revised.pdf,SET50_100_H2_2019_revised.pdf
CBG,CBG.BK,CARABAO GROUP PCL Food and Beverage,https://media.set.or.th/set/Documents/2021/Dec/SET50_100_H2_2019_revised.pdf,SET50_100_H2_2019_revised.pdf
CENTEL,CENTEL.BK,CENTRAL PLAZA HOTEL PCL Tourism & Leisure,https://media.set.or.th/set/Documents/2021/Dec/SET50_100_H2_2019_revised.pdf,SET50_100_H2_2019_revised.pdf
CHG,CHG.BK,CHULARAT HOSPITAL PCL Health Care Services,https://media.set.or.th/set/Documents/2021/Dec/SET50_100_H2_2019_revised.pdf,SET50_100_H2_2019_revised.pdf
CK,CK.BK,CH. KARNCHANG PCL Construction Services,https://media.set.or.th/set/Documents/2021/Dec/SET50_100_H2_2019_revised.pdf,SET50_100_H2_2019_revised.pdf
CKP,CKP.BK,CK POWER PCL Energy & Utilities,https://media.set.or.th/set/Documents/2021/Dec/SET50_100_H2_2019_revised.pdf,SET50_100_H2_2019_revised.pdf
COM7,COM7.BK,COM7 PCL Commerce,https://media.set.or.th/set/Documents/2021/Dec/SET50_100_H2_2019_revised.pdf,SET50_100_H2_2019_revised.pdf
CPALL,CPALL.BK,CP ALL PCL Commerce,https://media.set.or.th/set/Documents/2021/Dec/SET50_100_H2_2019_revised.pdf,SET50_100_H2_2019_revised.pdf
CPF,CPF.BK,CHAROEN POKPHAND FOODS PCL Food and Beverage,https://media.set.or.th/set/Documents/2021/Dec/SET50_100_H2_2019_revised.pdf,SET50_100_H2_2019_revised.pdf
CPN,CPN.BK,CENTRAL PATTANA PCL Property Development,https://media.set.or.th/set/Documents/2021/Dec/SET50_100_H2_2019_revised.pdf,SET50_100_H2_2019_revised.pdf
DELTA,DELTA.BK,DELTA ELECTRONICS (THAILAND) PCL Electronic Components,https://media.set.or.th/set/Documents/2021/Dec/SET50_100_H2_2019_revised.pdf,SET50_100_H2_2019_revised.pdf
DTAC,DTAC.BK,TOTAL ACCESS COMMUNICATION PCL Information & Communication Technology,https://media.set.or.th/set/Documents/2021/Dec/SET50_100_H2_2019_revised.pdf,SET50_100_H2_2019_revised.pdf
EA,EA.BK,ENERGY ABSOLUTE PCL Energy & Utilities,https://media.set.or.th/set/Documents/2021/Dec/SET50_100_H2_2019_revised.pdf,SET50_100_H2_2019_revised.pdf
EGCO,EGCO.BK,ELECTRICITY GENERATING PCL Energy & Utilities,https://media.set.or.th/set/Documents/2021/Dec/SET50_100_H2_2019_revised.pdf,SET50_100_H2_2019_revised.pdf
EPG,EPG.BK,EASTERN POLYMER GROUP PCL Construction Materials,https://media.set.or.th/set/Documents/2021/Dec/SET50_100_H2_2019_revised.pdf,SET50_100_H2_2019_revised.pdf
ERW,ERW.BK,THE ERAWAN GROUP PCL Tourism & Leisure,https://media.set.or.th/set/Documents/2021/Dec/SET50_100_H2_2019_revised.pdf,SET50_100_H2_2019_revised.pdf
ESSO,ESSO.BK,ESSO (THAILAND) PCL Energy & Utilities,https://media.set.or.th/set/Documents/2021/Dec/SET50_100_H2_2019_revised.pdf,SET50_100_H2_2019_revised.pdf
GFPT,GFPT.BK,GFPT PCL Agribusiness,https://media.set.or.th/set/Documents/2021/Dec/SET50_100_H2_2019_revised.pdf,SET50_100_H2_2019_revised.pdf
GLOBAL,GLOBAL.BK,SIAM GLOBAL HOUSE PCL Commerce,https://media.set.or.th/set/Documents/2021/Dec/SET50_100_H2_2019_revised.pdf,SET50_100_H2_2019_revised.pdf
GPSC,GPSC.BK,GLOBAL POWER SYNERGY PCL Energy & Utilities,https://media.set.or.th/set/Documents/2021/Dec/SET50_100_H2_2019_revised.pdf,SET50_100_H2_2019_revised.pdf
GULF,GULF.BK,GULF ENERGY DEVELOPMENT PCL Energy & Utilities,https://media.set.or.th/set/Documents/2021/Dec/SET50_100_H2_2019_revised.pdf,SET50_100_H2_2019_revised.pdf
GUNKUL,GUNKUL.BK,GUNKUL ENGINEERING PCL Energy & Utilities,https://media.set.or.th/set/Documents/2021/Dec/SET50_100_H2_2019_revised.pdf,SET50_100_H2_2019_revised.pdf
HANA,HANA.BK,HANA MICROELECTRONICS PCL Electronic Components,https://media.set.or.th/set/Documents/2021/Dec/SET50_100_H2_2019_revised.pdf,SET50_100_H2_2019_revised.pdf
HMPRO,HMPRO.BK,HOME PRODUCT CENTER PCL Commerce,https://media.set.or.th/set/Documents/2021/Dec/SET50_100_H2_2019_revised.pdf,SET50_100_H2_2019_revised.pdf
INTUCH,INTUCH.BK,INTOUCH HOLDINGS PCL Information & Communication Technology,https://media.set.or.th/set/Documents/2021/Dec/SET50_100_H2_2019_revised.pdf,SET50_100_H2_2019_revised.pdf
IRPC,IRPC.BK,IRPC PCL Energy & Utilities,https://media.set.or.th/set/Documents/2021/Dec/SET50_100_H2_2019_revised.pdf,SET50_100_H2_2019_revised.pdf
IVL,IVL.BK,INDORAMA VENTURES PCL Petrochemicals & Chemicals,https://media.set.or.th/set/Documents/2021/Dec/SET50_100_H2_2019_revised.pdf,SET50_100_H2_2019_revised.pdf
JAS,JAS.BK,JASMINE INTERNATIONAL PCL Information & Communication Technology,https://media.set.or.th/set/Documents/2021/Dec/SET50_100_H2_2019_revised.pdf,SET50_100_H2_2019_revised.pdf
JMT,JMT.BK,JMT NETWORK SERVICES PCL Finance and Securities,https://media.set.or.th/set/Documents/2021/Dec/SET50_100_H2_2019_revised.pdf,SET50_100_H2_2019_revised.pdf
KBANK,KBANK.BK,KASIKORNBANK PCL Banking,https://media.set.or.th/set/Documents/2021/Dec/SET50_100_H2_2019_revised.pdf,SET50_100_H2_2019_revised.pdf
KCE,KCE.BK,KCE ELECTRONICS PCL Electronic Components,https://media.set.or.th/set/Documents/2021/Dec/SET50_100_H2_2019_revised.pdf,SET50_100_H2_2019_revised.pdf
KKP,KKP.BK,KIATNAKIN BANK PCL Banking,https://media.set.or.th/set/Documents/2021/Dec/SET50_100_H2_2019_revised.pdf,SET50_100_H2_2019_revised.pdf
KTB,KTB.BK,KRUNG THAI BANK PCL Banking,https://media.set.or.th/set/Documents/2021/Dec/SET50_100_H2_2019_revised.pdf,SET50_100_H2_2019_revised.pdf
KTC,KTC.BK,KRUNGTHAI CARD PCL Finance and Securities,https://media.set.or.th/set/Documents/2021/Dec/SET50_100_H2_2019_revised.pdf,SET50_100_H2_2019_revised.pdf
LH,LH.BK,LAND AND HOUSES PCL Property Development,https://media.set.or.th/set/Documents/2021/Dec/SET50_100_H2_2019_revised.pdf,SET50_100_H2_2019_revised.pdf
MAJOR,MAJOR.BK,MAJOR CINEPLEX GROUP PCL Media & Publishing,https://media.set.or.th/set/Documents/2021/Dec/SET50_100_H2_2019_revised.pdf,SET50_100_H2_2019_revised.pdf
MBK,MBK.BK,MBK PCL Property Development,https://media.set.or.th/set/Documents/2021/Dec/SET50_100_H2_2019_revised.pdf,SET50_100_H2_2019_revised.pdf
MEGA,MEGA.BK,MEGA LIFESCIENCES PCL Commerce,https://media.set.or.th/set/Documents/2021/Dec/SET50_100_H2_2019_revised.pdf,SET50_100_H2_2019_revised.pdf
MINT,MINT.BK,MINOR INTERNATIONAL PCL Food and Beverage,https://media.set.or.th/set/Documents/2021/Dec/SET50_100_H2_2019_revised.pdf,SET50_100_H2_2019_revised.pdf
MTC,MTC.BK,MUANGTHAI CAPITAL PCL Finance and Securities,https://media.set.or.th/set/Documents/2021/Dec/SET50_100_H2_2019_revised.pdf,SET50_100_H2_2019_revised.pdf
ORI,ORI.BK,ORIGIN PROPERTY PCL Property Development,https://media.set.or.th/set/Documents/2021/Dec/SET50_100_H2_2019_revised.pdf,SET50_100_H2_2019_revised.pdf
OSP,OSP.BK,OSOTSPA PCL Food and Beverage,https://media.set.or.th/set/Documents/2021/Dec/SET50_100_H2_2019_revised.pdf,SET50_100_H2_2019_revised.pdf
PLANB,PLANB.BK,PLAN B MEDIA PCL Media & Publishing,https://media.set.or.th/set/Documents/2021/Dec/SET50_100_H2_2019_revised.pdf,SET50_100_H2_2019_revised.pdf
PRM,PRM.BK,PRIMA MARINE PCL Transportation & Logistics,https://media.set.or.th/set/Documents/2021/Dec/SET50_100_H2_2019_revised.pdf,SET50_100_H2_2019_revised.pdf
PSH,PSH.BK,PRUKSA HOLDING PCL Property Development,https://media.set.or.th/set/Documents/2021/Dec/SET50_100_H2_2019_revised.pdf,SET50_100_H2_2019_revised.pdf
PSL,PSL.BK,PRECIOUS SHIPPING PCL Transportation & Logistics,https://media.set.or.th/set/Documents/2021/Dec/SET50_100_H2_2019_revised.pdf,SET50_100_H2_2019_revised.pdf
PTG,PTG.BK,PTG ENERGY PCL Energy & Utilities,https://media.set.or.th/set/Documents/2021/Dec/SET50_100_H2_2019_revised.pdf,SET50_100_H2_2019_revised.pdf
PTT,PTT.BK,PTT PCL Energy & Utilities,https://media.set.or.th/set/Documents/2021/Dec/SET50_100_H2_2019_revised.pdf,SET50_100_H2_2019_revised.pdf
PTTEP,PTTEP.BK,PTT EXPLORATION AND PRODUCTION PCL Energy & Utilities,https://media.set.or.th/set/Documents/2021/Dec/SET50_100_H2_2019_revised.pdf,SET50_100_H2_2019_revised.pdf
PTTGC,PTTGC.BK,PTT GLOBAL CHEMICAL PCL Petrochemicals & Chemicals,https://media.set.or.th/set/Documents/2021/Dec/SET50_100_H2_2019_revised.pdf,SET50_100_H2_2019_revised.pdf
QH,QH.BK,QUALITY HOUSES PCL Property Development,https://media.set.or.th/set/Documents/2021/Dec/SET50_100_H2_2019_revised.pdf,SET50_100_H2_2019_revised.pdf
RATCH,RATCH.BK,RATCH GROUP PCL Energy & Utilities,https://media.set.or.th/set/Documents/2021/Dec/SET50_100_H2_2019_revised.pdf,SET50_100_H2_2019_revised.pdf
ROBINS,ROBINS.BK,ROBINSON PCL Commerce,https://media.set.or.th/set/Documents/2021/Dec/SET50_100_H2_2019_revised.pdf,SET50_100_H2_2019_revised.pdf
RS,RS.BK,RS PCL Commerce,https://media.set.or.th/set/Documents/2021/Dec/SET50_100_H2_2019_revised.pdf,SET50_100_H2_2019_revised.pdf
SAWAD,SAWAD.BK,SRISAWAD CORPORATION PCL Finance and Securities,https://media.set.or.th/set/Documents/2021/Dec/SET50_100_H2_2019_revised.pdf,SET50_100_H2_2019_revised.pdf
SCB,SCB.BK,THE SIAM COMMERCIAL BANK PCL Banking,https://media.set.or.th/set/Documents/2021/Dec/SET50_100_H2_2019_revised.pdf,SET50_100_H2_2019_revised.pdf
SCC,SCC.BK,THE SIAM CEMENT PCL Construction Materials,https://media.set.or.th/set/Documents/2021/Dec/SET50_100_H2_2019_revised.pdf,SET50_100_H2_2019_revised.pdf
SGP,SGP.BK,SIAMGAS AND PETROCHEMICALS PCL Energy & Utilities,https://media.set.or.th/set/Documents/2021/Dec/SET50_100_H2_2019_revised.pdf,SET50_100_H2_2019_revised.pdf
SIRI,SIRI.BK,SANSIRI PCL Property Development,https://media.set.or.th/set/Documents/2021/Dec/SET50_100_H2_2019_revised.pdf,SET50_100_H2_2019_revised.pdf
SPALI,SPALI.BK,SUPALAI PCL Property Development,https://media.set.or.th/set/Documents/2021/Dec/SET50_100_H2_2019_revised.pdf,SET50_100_H2_2019_revised.pdf
SPRC,SPRC.BK,STAR PETROLEUM REFINING PCL Energy & Utilities,https://media.set.or.th/set/Documents/2021/Dec/SET50_100_H2_2019_revised.pdf,SET50_100_H2_2019_revised.pdf
STA,STA.BK,SRI TRANG AGRO-INDUSTRY PCL Agribusiness,https://media.set.or.th/set/Documents/2021/Dec/SET50_100_H2_2019_revised.pdf,SET50_100_H2_2019_revised.pdf
STEC,STEC.BK,SINO-THAI ENGINEERING AND CONSTRUCTION PCL Construction Services,https://media.set.or.th/set/Documents/2021/Dec/SET50_100_H2_2019_revised.pdf,SET50_100_H2_2019_revised.pdf
SUPER,SUPER.BK,SUPER ENERGY CORPORATION PCL Energy & Utilities,https://media.set.or.th/set/Documents/2021/Dec/SET50_100_H2_2019_revised.pdf,SET50_100_H2_2019_revised.pdf
TASCO,TASCO.BK,TIPCO ASPHALT PCL Construction Materials,https://media.set.or.th/set/Documents/2021/Dec/SET50_100_H2_2019_revised.pdf,SET50_100_H2_2019_revised.pdf
TCAP,TCAP.BK,THANACHART CAPITAL PCL Banking,https://media.set.or.th/set/Documents/2021/Dec/SET50_100_H2_2019_revised.pdf,SET50_100_H2_2019_revised.pdf
THAI,THAI.BK,THAI AIRWAYS INTERNATIONAL PCL Transportation & Logistics,https://media.set.or.th/set/Documents/2021/Dec/SET50_100_H2_2019_revised.pdf,SET50_100_H2_2019_revised.pdf
THANI,THANI.BK,RATCHTHANI LEASING PCL Finance and Securities,https://media.set.or.th/set/Documents/2021/Dec/SET50_100_H2_2019_revised.pdf,SET50_100_H2_2019_revised.pdf
TISCO,TISCO.BK,TISCO FINANCIAL GROUP PCL Banking,https://media.set.or.th/set/Documents/2021/Dec/SET50_100_H2_2019_revised.pdf,SET50_100_H2_2019_revised.pdf
TKN,TKN.BK,TAOKAENOI FOOD & MARKETING PCL Food and Beverage,https://media.set.or.th/set/Documents/2021/Dec/SET50_100_H2_2019_revised.pdf,SET50_100_H2_2019_revised.pdf
TMB,TMB.BK,TMB BANK PCL Banking,https://media.set.or.th/set/Documents/2021/Dec/SET50_100_H2_2019_revised.pdf,SET50_100_H2_2019_revised.pdf
TOA,TOA.BK,TOA PAINT (THAILAND) PCL Construction Materials,https://media.set.or.th/set/Documents/2021/Dec/SET50_100_H2_2019_revised.pdf,SET50_100_H2_2019_revised.pdf
TOP,TOP.BK,THAI OIL PCL Energy & Utilities,https://media.set.or.th/set/Documents/2021/Dec/SET50_100_H2_2019_revised.pdf,SET50_100_H2_2019_revised.pdf
TPIPP,TPIPP.BK,TPI POLENE POWER PCL Energy & Utilities,https://media.set.or.th/set/Documents/2021/Dec/SET50_100_H2_2019_revised.pdf,SET50_100_H2_2019_revised.pdf
TRUE,TRUE.BK,TRUE CORPORATION PCL Information & Communication Technology,https://media.set.or.th/set/Documents/2021/Dec/SET50_100_H2_2019_revised.pdf,SET50_100_H2_2019_revised.pdf
TTW,TTW.BK,TTW PCL Energy & Utilities,https://media.set.or.th/set/Documents/2021/Dec/SET50_100_H2_2019_revised.pdf,SET50_100_H2_2019_revised.pdf
TU,TU.BK,THAI UNION GROUP PCL Food and Beverage,https://media.set.or.th/set/Documents/2021/Dec/SET50_100_H2_2019_revised.pdf,SET50_100_H2_2019_revised.pdf
TVO,TVO.BK,THAI VEGETABLE OIL PCL Food and Beverage,https://media.set.or.th/set/Documents/2021/Dec/SET50_100_H2_2019_revised.pdf,SET50_100_H2_2019_revised.pdf
WHA,WHA.BK,WHA CORPORATION PCL Property Development,https://media.set.or.th/set/Documents/2021/Dec/SET50_100_H2_2019_revised.pdf,SET50_100_H2_2019_revised.pdf
AAV,AAV.BK,ASIA AVIATION PCL Transportation & Logistics,https://media.set.or.th/set/Documents/2021/Dec/SET50_100_H2_2019.pdf,SET50_100_H2_2019.pdf
ADVANC,ADVANC.BK,ADVANCED INFO SERVICE PCL Information & Communication Technology,https://media.set.or.th/set/Documents/2021/Dec/SET50_100_H2_2019.pdf,SET50_100_H2_2019.pdf
AEONTS,AEONTS.BK,AEON THANA SINSAP (THAILAND) PCL Finance and Securities,https://media.set.or.th/set/Documents/2021/Dec/SET50_100_H2_2019.pdf,SET50_100_H2_2019.pdf
AMATA,AMATA.BK,AMATA CORPORATION PCL Property Development,https://media.set.or.th/set/Documents/2021/Dec/SET50_100_H2_2019.pdf,SET50_100_H2_2019.pdf
ANAN,ANAN.BK,ANANDA DEVELOPMENT PCL Property Development,https://media.set.or.th/set/Documents/2021/Dec/SET50_100_H2_2019.pdf,SET50_100_H2_2019.pdf
AOT,AOT.BK,AIRPORTS OF THAILAND PCL Transportation & Logistics,https://media.set.or.th/set/Documents/2021/Dec/SET50_100_H2_2019.pdf,SET50_100_H2_2019.pdf
AP,AP.BK,AP (THAILAND) PCL Property Development,https://media.set.or.th/set/Documents/2021/Dec/SET50_100_H2_2019.pdf,SET50_100_H2_2019.pdf
BANPU,BANPU.BK,BANPU PCL Energy & Utilities,https://media.set.or.th/set/Documents/2021/Dec/SET50_100_H2_2019.pdf,SET50_100_H2_2019.pdf
BBL,BBL.BK,BANGKOK BANK PCL Banking,https://media.set.or.th/set/Documents/2021/Dec/SET50_100_H2_2019.pdf,SET50_100_H2_2019.pdf
BCH,BCH.BK,BANGKOK CHAIN HOSPITAL PCL Health Care Services,https://media.set.or.th/set/Documents/2021/Dec/SET50_100_H2_2019.pdf,SET50_100_H2_2019.pdf
BCP,BCP.BK,BANGCHAK CORPORATION PCL Energy & Utilities,https://media.set.or.th/set/Documents/2021/Dec/SET50_100_H2_2019.pdf,SET50_100_H2_2019.pdf
BCPG,BCPG.BK,BCPG PCL Energy & Utilities,https://media.set.or.th/set/Documents/2021/Dec/SET50_100_H2_2019.pdf,SET50_100_H2_2019.pdf
BDMS,BDMS.BK,BANGKOK DUSIT MEDICAL SERVICES PCL Health Care Services,https://media.set.or.th/set/Documents/2021/Dec/SET50_100_H2_2019.pdf,SET50_100_H2_2019.pdf
BEAUTY,BEAUTY.BK,BEAUTY COMMUNITY PCL Commerce,https://media.set.or.th/set/Documents/2021/Dec/SET50_100_H2_2019.pdf,SET50_100_H2_2019.pdf
BEC,BEC.BK,BEC WORLD PCL Media & Publishing,https://media.set.or.th/set/Documents/2021/Dec/SET50_100_H2_2019.pdf,SET50_100_H2_2019.pdf
BEM,BEM.BK,BANGKOK EXPRESSWAY AND METRO  PCL Transportation & Logistics,https://media.set.or.th/set/Documents/2021/Dec/SET50_100_H2_2019.pdf,SET50_100_H2_2019.pdf
BGRIM,BGRIM.BK,B.GRIMM POWER PCL Energy & Utilities,https://media.set.or.th/set/Documents/2021/Dec/SET50_100_H2_2019.pdf,SET50_100_H2_2019.pdf
BH,BH.BK,BUMRUNGRAD HOSPITAL PCL Health Care Services,https://media.set.or.th/set/Documents/2021/Dec/SET50_100_H2_2019.pdf,SET50_100_H2_2019.pdf
BJC,BJC.BK,BERLI JUCKER PCL Commerce,https://media.set.or.th/set/Documents/2021/Dec/SET50_100_H2_2019.pdf,SET50_100_H2_2019.pdf
BLAND,BLAND.BK,BANGKOK LAND PCL Property Development,https://media.set.or.th/set/Documents/2021/Dec/SET50_100_H2_2019.pdf,SET50_100_H2_2019.pdf
BPP,BPP.BK,BANPU POWER PCL Energy & Utilities,https://media.set.or.th/set/Documents/2021/Dec/SET50_100_H2_2019.pdf,SET50_100_H2_2019.pdf
BTS,BTS.BK,BTS GROUP HOLDINGS PCL Transportation & Logistics,https://media.set.or.th/set/Documents/2021/Dec/SET50_100_H2_2019.pdf,SET50_100_H2_2019.pdf
CBG,CBG.BK,CARABAO GROUP PCL Food and Beverage,https://media.set.or.th/set/Documents/2021/Dec/SET50_100_H2_2019.pdf,SET50_100_H2_2019.pdf
CENTEL,CENTEL.BK,CENTRAL PLAZA HOTEL PCL Tourism & Leisure,https://media.set.or.th/set/Documents/2021/Dec/SET50_100_H2_2019.pdf,SET50_100_H2_2019.pdf
CHG,CHG.BK,CHULARAT HOSPITAL PCL Health Care Services,https://media.set.or.th/set/Documents/2021/Dec/SET50_100_H2_2019.pdf,SET50_100_H2_2019.pdf
CK,CK.BK,CH. KARNCHANG PCL Construction Services,https://media.set.or.th/set/Documents/2021/Dec/SET50_100_H2_2019.pdf,SET50_100_H2_2019.pdf
CKP,CKP.BK,CK POWER PCL Energy & Utilities,https://media.set.or.th/set/Documents/2021/Dec/SET50_100_H2_2019.pdf,SET50_100_H2_2019.pdf
COM7,COM7.BK,COM7 PCL Commerce,https://media.set.or.th/set/Documents/2021/Dec/SET50_100_H2_2019.pdf,SET50_100_H2_2019.pdf
CPALL,CPALL.BK,CP ALL PCL Commerce,https://media.set.or.th/set/Documents/2021/Dec/SET50_100_H2_2019.pdf,SET50_100_H2_2019.pdf
CPF,CPF.BK,CHAROEN POKPHAND FOODS PCL Food and Beverage,https://media.set.or.th/set/Documents/2021/Dec/SET50_100_H2_2019.pdf,SET50_100_H2_2019.pdf
CPN,CPN.BK,CENTRAL PATTANA PCL Property Development,https://media.set.or.th/set/Documents/2021/Dec/SET50_100_H2_2019.pdf,SET50_100_H2_2019.pdf
DELTA,DELTA.BK,DELTA ELECTRONICS (THAILAND) PCL Electronic Components,https://media.set.or.th/set/Documents/2021/Dec/SET50_100_H2_2019.pdf,SET50_100_H2_2019.pdf
DTAC,DTAC.BK,TOTAL ACCESS COMMUNICATION PCL Information & Communication Technology,https://media.set.or.th/set/Documents/2021/Dec/SET50_100_H2_2019.pdf,SET50_100_H2_2019.pdf
EA,EA.BK,ENERGY ABSOLUTE PCL Energy & Utilities,https://media.set.or.th/set/Documents/2021/Dec/SET50_100_H2_2019.pdf,SET50_100_H2_2019.pdf
EGCO,EGCO.BK,ELECTRICITY GENERATING PCL Energy & Utilities,https://media.set.or.th/set/Documents/2021/Dec/SET50_100_H2_2019.pdf,SET50_100_H2_2019.pdf
EPG,EPG.BK,EASTERN POLYMER GROUP PCL Construction Materials,https://media.set.or.th/set/Documents/2021/Dec/SET50_100_H2_2019.pdf,SET50_100_H2_2019.pdf
ERW,ERW.BK,THE ERAWAN GROUP PCL Tourism & Leisure,https://media.set.or.th/set/Documents/2021/Dec/SET50_100_H2_2019.pdf,SET50_100_H2_2019.pdf
ESSO,ESSO.BK,ESSO (THAILAND) PCL Energy & Utilities,https://media.set.or.th/set/Documents/2021/Dec/SET50_100_H2_2019.pdf,SET50_100_H2_2019.pdf
GFPT,GFPT.BK,GFPT PCL Agribusiness,https://media.set.or.th/set/Documents/2021/Dec/SET50_100_H2_2019.pdf,SET50_100_H2_2019.pdf
GLOBAL,GLOBAL.BK,SIAM GLOBAL HOUSE PCL Commerce,https://media.set.or.th/set/Documents/2021/Dec/SET50_100_H2_2019.pdf,SET50_100_H2_2019.pdf
GPSC,GPSC.BK,GLOBAL POWER SYNERGY PCL Energy & Utilities,https://media.set.or.th/set/Documents/2021/Dec/SET50_100_H2_2019.pdf,SET50_100_H2_2019.pdf
GULF,GULF.BK,GULF ENERGY DEVELOPMENT PCL Energy & Utilities,https://media.set.or.th/set/Documents/2021/Dec/SET50_100_H2_2019.pdf,SET50_100_H2_2019.pdf
GUNKUL,GUNKUL.BK,GUNKUL ENGINEERING PCL Energy & Utilities,https://media.set.or.th/set/Documents/2021/Dec/SET50_100_H2_2019.pdf,SET50_100_H2_2019.pdf
HANA,HANA.BK,HANA MICROELECTRONICS PCL Electronic Components,https://media.set.or.th/set/Documents/2021/Dec/SET50_100_H2_2019.pdf,SET50_100_H2_2019.pdf
HMPRO,HMPRO.BK,HOME PRODUCT CENTER PCL Commerce,https://media.set.or.th/set/Documents/2021/Dec/SET50_100_H2_2019.pdf,SET50_100_H2_2019.pdf
INTUCH,INTUCH.BK,INTOUCH HOLDINGS PCL Information & Communication Technology,https://media.set.or.th/set/Documents/2021/Dec/SET50_100_H2_2019.pdf,SET50_100_H2_2019.pdf
IRPC,IRPC.BK,IRPC PCL Energy & Utilities,https://media.set.or.th/set/Documents/2021/Dec/SET50_100_H2_2019.pdf,SET50_100_H2_2019.pdf
IVL,IVL.BK,INDORAMA VENTURES PCL Petrochemicals & Chemicals,https://media.set.or.th/set/Documents/2021/Dec/SET50_100_H2_2019.pdf,SET50_100_H2_2019.pdf
JAS,JAS.BK,JASMINE INTERNATIONAL PCL Information & Communication Technology,https://media.set.or.th/set/Documents/2021/Dec/SET50_100_H2_2019.pdf,SET50_100_H2_2019.pdf
JMT,JMT.BK,JMT NETWORK SERVICES PCL Finance and Securities,https://media.set.or.th/set/Documents/2021/Dec/SET50_100_H2_2019.pdf,SET50_100_H2_2019.pdf
KBANK,KBANK.BK,KASIKORNBANK PCL Banking,https://media.set.or.th/set/Documents/2021/Dec/SET50_100_H2_2019.pdf,SET50_100_H2_2019.pdf
KCE,KCE.BK,KCE ELECTRONICS PCL Electronic Components,https://media.set.or.th/set/Documents/2021/Dec/SET50_100_H2_2019.pdf,SET50_100_H2_2019.pdf
KKP,KKP.BK,KIATNAKIN BANK PCL Banking,https://media.set.or.th/set/Documents/2021/Dec/SET50_100_H2_2019.pdf,SET50_100_H2_2019.pdf
KTB,KTB.BK,KRUNG THAI BANK PCL Banking,https://media.set.or.th/set/Documents/2021/Dec/SET50_100_H2_2019.pdf,SET50_100_H2_2019.pdf
KTC,KTC.BK,KRUNGTHAI CARD PCL Finance and Securities,https://media.set.or.th/set/Documents/2021/Dec/SET50_100_H2_2019.pdf,SET50_100_H2_2019.pdf
LH,LH.BK,LAND AND HOUSES PCL Property Development,https://media.set.or.th/set/Documents/2021/Dec/SET50_100_H2_2019.pdf,SET50_100_H2_2019.pdf
MAJOR,MAJOR.BK,MAJOR CINEPLEX GROUP PCL Media & Publishing,https://media.set.or.th/set/Documents/2021/Dec/SET50_100_H2_2019.pdf,SET50_100_H2_2019.pdf
MBK,MBK.BK,MBK PCL Property Development,https://media.set.or.th/set/Documents/2021/Dec/SET50_100_H2_2019.pdf,SET50_100_H2_2019.pdf
MEGA,MEGA.BK,MEGA LIFESCIENCES PCL Commerce,https://media.set.or.th/set/Documents/2021/Dec/SET50_100_H2_2019.pdf,SET50_100_H2_2019.pdf
MINT,MINT.BK,MINOR INTERNATIONAL PCL Food and Beverage,https://media.set.or.th/set/Documents/2021/Dec/SET50_100_H2_2019.pdf,SET50_100_H2_2019.pdf
MTC,MTC.BK,MUANGTHAI CAPITAL PCL Finance and Securities,https://media.set.or.th/set/Documents/2021/Dec/SET50_100_H2_2019.pdf,SET50_100_H2_2019.pdf
ORI,ORI.BK,ORIGIN PROPERTY PCL Property Development,https://media.set.or.th/set/Documents/2021/Dec/SET50_100_H2_2019.pdf,SET50_100_H2_2019.pdf
OSP,OSP.BK,OSOTSPA PCL Food and Beverage,https://media.set.or.th/set/Documents/2021/Dec/SET50_100_H2_2019.pdf,SET50_100_H2_2019.pdf
PLANB,PLANB.BK,PLAN B MEDIA PCL Media & Publishing,https://media.set.or.th/set/Documents/2021/Dec/SET50_100_H2_2019.pdf,SET50_100_H2_2019.pdf
PRM,PRM.BK,PRIMA MARINE PCL Transportation & Logistics,https://media.set.or.th/set/Documents/2021/Dec/SET50_100_H2_2019.pdf,SET50_100_H2_2019.pdf
PSH,PSH.BK,PRUKSA HOLDING PCL Property Development,https://media.set.or.th/set/Documents/2021/Dec/SET50_100_H2_2019.pdf,SET50_100_H2_2019.pdf
PSL,PSL.BK,PRECIOUS SHIPPING PCL Transportation & Logistics,https://media.set.or.th/set/Documents/2021/Dec/SET50_100_H2_2019.pdf,SET50_100_H2_2019.pdf
PTG,PTG.BK,PTG ENERGY PCL Energy & Utilities,https://media.set.or.th/set/Documents/2021/Dec/SET50_100_H2_2019.pdf,SET50_100_H2_2019.pdf
PTT,PTT.BK,PTT PCL Energy & Utilities,https://media.set.or.th/set/Documents/2021/Dec/SET50_100_H2_2019.pdf,SET50_100_H2_2019.pdf
PTTEP,PTTEP.BK,PTT EXPLORATION AND PRODUCTION PCL Energy & Utilities,https://media.set.or.th/set/Documents/2021/Dec/SET50_100_H2_2019.pdf,SET50_100_H2_2019.pdf
PTTGC,PTTGC.BK,PTT GLOBAL CHEMICAL PCL Petrochemicals & Chemicals,https://media.set.or.th/set/Documents/2021/Dec/SET50_100_H2_2019.pdf,SET50_100_H2_2019.pdf
QH,QH.BK,QUALITY HOUSES PCL Property Development,https://media.set.or.th/set/Documents/2021/Dec/SET50_100_H2_2019.pdf,SET50_100_H2_2019.pdf
RATCH,RATCH.BK,RATCH GROUP PCL Energy & Utilities,https://media.set.or.th/set/Documents/2021/Dec/SET50_100_H2_2019.pdf,SET50_100_H2_2019.pdf
ROBINS,ROBINS.BK,ROBINSON PCL Commerce,https://media.set.or.th/set/Documents/2021/Dec/SET50_100_H2_2019.pdf,SET50_100_H2_2019.pdf
RS,RS.BK,RS PCL Commerce,https://media.set.or.th/set/Documents/2021/Dec/SET50_100_H2_2019.pdf,SET50_100_H2_2019.pdf
SAWAD,SAWAD.BK,SRISAWAD CORPORATION PCL Finance and Securities,https://media.set.or.th/set/Documents/2021/Dec/SET50_100_H2_2019.pdf,SET50_100_H2_2019.pdf
SCB,SCB.BK,THE SIAM COMMERCIAL BANK PCL Banking,https://media.set.or.th/set/Documents/2021/Dec/SET50_100_H2_2019.pdf,SET50_100_H2_2019.pdf
SCC,SCC.BK,THE SIAM CEMENT PCL Construction Materials,https://media.set.or.th/set/Documents/2021/Dec/SET50_100_H2_2019.pdf,SET50_100_H2_2019.pdf
SGP,SGP.BK,SIAMGAS AND PETROCHEMICALS PCL Energy & Utilities,https://media.set.or.th/set/Documents/2021/Dec/SET50_100_H2_2019.pdf,SET50_100_H2_2019.pdf
SIRI,SIRI.BK,SANSIRI PCL Property Development,https://media.set.or.th/set/Documents/2021/Dec/SET50_100_H2_2019.pdf,SET50_100_H2_2019.pdf
SPALI,SPALI.BK,SUPALAI PCL Property Development,https://media.set.or.th/set/Documents/2021/Dec/SET50_100_H2_2019.pdf,SET50_100_H2_2019.pdf
SPRC,SPRC.BK,STAR PETROLEUM REFINING PCL Energy & Utilities,https://media.set.or.th/set/Documents/2021/Dec/SET50_100_H2_2019.pdf,SET50_100_H2_2019.pdf
STA,STA.BK,SRI TRANG AGRO-INDUSTRY PCL Agribusiness,https://media.set.or.th/set/Documents/2021/Dec/SET50_100_H2_2019.pdf,SET50_100_H2_2019.pdf
STEC,STEC.BK,SINO-THAI ENGINEERING AND CONSTRUCTION PCL Construction Services,https://media.set.or.th/set/Documents/2021/Dec/SET50_100_H2_2019.pdf,SET50_100_H2_2019.pdf
SUPER,SUPER.BK,SUPER ENERGY CORPORATION PCL Energy & Utilities,https://media.set.or.th/set/Documents/2021/Dec/SET50_100_H2_2019.pdf,SET50_100_H2_2019.pdf
TASCO,TASCO.BK,TIPCO ASPHALT PCL Construction Materials,https://media.set.or.th/set/Documents/2021/Dec/SET50_100_H2_2019.pdf,SET50_100_H2_2019.pdf
TCAP,TCAP.BK,THANACHART CAPITAL PCL Banking,https://media.set.or.th/set/Documents/2021/Dec/SET50_100_H2_2019.pdf,SET50_100_H2_2019.pdf
THAI,THAI.BK,THAI AIRWAYS INTERNATIONAL PCL Transportation & Logistics,https://media.set.or.th/set/Documents/2021/Dec/SET50_100_H2_2019.pdf,SET50_100_H2_2019.pdf
THANI,THANI.BK,RATCHTHANI LEASING PCL Finance and Securities,https://media.set.or.th/set/Documents/2021/Dec/SET50_100_H2_2019.pdf,SET50_100_H2_2019.pdf
TISCO,TISCO.BK,TISCO FINANCIAL GROUP PCL Banking,https://media.set.or.th/set/Documents/2021/Dec/SET50_100_H2_2019.pdf,SET50_100_H2_2019.pdf
TKN,TKN.BK,TAOKAENOI FOOD & MARKETING PCL Food and Beverage,https://media.set.or.th/set/Documents/2021/Dec/SET50_100_H2_2019.pdf,SET50_100_H2_2019.pdf
TMB,TMB.BK,TMB BANK PCL Banking,https://media.set.or.th/set/Documents/2021/Dec/SET50_100_H2_2019.pdf,SET50_100_H2_2019.pdf
TOA,TOA.BK,TOA PAINT (THAILAND) PCL Construction Materials,https://media.set.or.th/set/Documents/2021/Dec/SET50_100_H2_2019.pdf,SET50_100_H2_2019.pdf
TOP,TOP.BK,THAI OIL PCL Energy & Utilities,https://media.set.or.th/set/Documents/2021/Dec/SET50_100_H2_2019.pdf,SET50_100_H2_2019.pdf
TPIPP,TPIPP.BK,TPI POLENE POWER PCL Energy & Utilities,https://media.set.or.th/set/Documents/2021/Dec/SET50_100_H2_2019.pdf,SET50_100_H2_2019.pdf
TRUE,TRUE.BK,TRUE CORPORATION PCL Information & Communication Technology,https://media.set.or.th/set/Documents/2021/Dec/SET50_100_H2_2019.pdf,SET50_100_H2_2019.pdf
TTW,TTW.BK,TTW PCL Energy & Utilities,https://media.set.or.th/set/Documents/2021/Dec/SET50_100_H2_2019.pdf,SET50_100_H2_2019.pdf
TU,TU.BK,THAI UNION GROUP PCL Food and Beverage,https://media.set.or.th/set/Documents/2021/Dec/SET50_100_H2_2019.pdf,SET50_100_H2_2019.pdf
TVO,TVO.BK,THAI VEGETABLE OIL PCL Food and Beverage,https://media.set.or.th/set/Documents/2021/Dec/SET50_100_H2_2019.pdf,SET50_100_H2_2019.pdf
WHA,WHA.BK,WHA CORPORATION PCL Property Development,https://media.set.or.th/set/Documents/2021/Dec/SET50_100_H2_2019.pdf,SET50_100_H2_2019.pdf
AAV,AAV.BK,ASIA AVIATION PCL Transportation & Logistics,https://media.set.or.th/set/Documents/2021/Dec/SET50_100_H1_2019_revised.pdf,SET50_100_H1_2019_revised.pdf
ADVANC,ADVANC.BK,ADVANCED INFO SERVICE PCL Information & Communication Technology,https://media.set.or.th/set/Documents/2021/Dec/SET50_100_H1_2019_revised.pdf,SET50_100_H1_2019_revised.pdf
AEONTS,AEONTS.BK,AEON THANA SINSAP (THAILAND) PCL Finance & Securities,https://media.set.or.th/set/Documents/2021/Dec/SET50_100_H1_2019_revised.pdf,SET50_100_H1_2019_revised.pdf
AMATA,AMATA.BK,AMATA CORPORATION PCL Property Development,https://media.set.or.th/set/Documents/2021/Dec/SET50_100_H1_2019_revised.pdf,SET50_100_H1_2019_revised.pdf
ANAN,ANAN.BK,ANANDA DEVELOPMENT PCL Property Development,https://media.set.or.th/set/Documents/2021/Dec/SET50_100_H1_2019_revised.pdf,SET50_100_H1_2019_revised.pdf
AOT,AOT.BK,AIRPORTS OF THAILAND PCL Transportation & Logistics,https://media.set.or.th/set/Documents/2021/Dec/SET50_100_H1_2019_revised.pdf,SET50_100_H1_2019_revised.pdf
AP,AP.BK,AP (THAILAND) PCL Property Development,https://media.set.or.th/set/Documents/2021/Dec/SET50_100_H1_2019_revised.pdf,SET50_100_H1_2019_revised.pdf
BANPU,BANPU.BK,BANPU PCL Energy & Utilities,https://media.set.or.th/set/Documents/2021/Dec/SET50_100_H1_2019_revised.pdf,SET50_100_H1_2019_revised.pdf
BBL,BBL.BK,BANGKOK BANK PCL Banking,https://media.set.or.th/set/Documents/2021/Dec/SET50_100_H1_2019_revised.pdf,SET50_100_H1_2019_revised.pdf
BCH,BCH.BK,BANGKOK CHAIN HOSPITAL PCL Health Care Services,https://media.set.or.th/set/Documents/2021/Dec/SET50_100_H1_2019_revised.pdf,SET50_100_H1_2019_revised.pdf
BCP,BCP.BK,BANGCHAK CORPORATION PCL Energy & Utilities,https://media.set.or.th/set/Documents/2021/Dec/SET50_100_H1_2019_revised.pdf,SET50_100_H1_2019_revised.pdf
BCPG,BCPG.BK,BCPG PCL Energy & Utilities,https://media.set.or.th/set/Documents/2021/Dec/SET50_100_H1_2019_revised.pdf,SET50_100_H1_2019_revised.pdf
BDMS,BDMS.BK,BANGKOK DUSIT MEDICAL SERVICES PCL Health Care Services,https://media.set.or.th/set/Documents/2021/Dec/SET50_100_H1_2019_revised.pdf,SET50_100_H1_2019_revised.pdf
BEAUTY,BEAUTY.BK,BEAUTY COMMUNITY PCL Commerce,https://media.set.or.th/set/Documents/2021/Dec/SET50_100_H1_2019_revised.pdf,SET50_100_H1_2019_revised.pdf
BEC,BEC.BK,BEC WORLD PCL Media & Publishing,https://media.set.or.th/set/Documents/2021/Dec/SET50_100_H1_2019_revised.pdf,SET50_100_H1_2019_revised.pdf
BEM,BEM.BK,BANGKOK EXPRESSWAY AND METRO  PCL Transportation & Logistics,https://media.set.or.th/set/Documents/2021/Dec/SET50_100_H1_2019_revised.pdf,SET50_100_H1_2019_revised.pdf
BGRIM,BGRIM.BK,B.GRIMM POWER PCL Energy & Utilities,https://media.set.or.th/set/Documents/2021/Dec/SET50_100_H1_2019_revised.pdf,SET50_100_H1_2019_revised.pdf
BH,BH.BK,BUMRUNGRAD HOSPITAL PCL Health Care Services,https://media.set.or.th/set/Documents/2021/Dec/SET50_100_H1_2019_revised.pdf,SET50_100_H1_2019_revised.pdf
BJC,BJC.BK,BERLI JUCKER PCL Commerce,https://media.set.or.th/set/Documents/2021/Dec/SET50_100_H1_2019_revised.pdf,SET50_100_H1_2019_revised.pdf
BLAND,BLAND.BK,BANGKOK LAND PCL Property Development,https://media.set.or.th/set/Documents/2021/Dec/SET50_100_H1_2019_revised.pdf,SET50_100_H1_2019_revised.pdf
BPP,BPP.BK,BANPU POWER PCL Energy & Utilities,https://media.set.or.th/set/Documents/2021/Dec/SET50_100_H1_2019_revised.pdf,SET50_100_H1_2019_revised.pdf
BTS,BTS.BK,BTS GROUP HOLDINGS PCL Transportation & Logistics,https://media.set.or.th/set/Documents/2021/Dec/SET50_100_H1_2019_revised.pdf,SET50_100_H1_2019_revised.pdf
CBG,CBG.BK,CARABAO GROUP PCL Food & Beverage,https://media.set.or.th/set/Documents/2021/Dec/SET50_100_H1_2019_revised.pdf,SET50_100_H1_2019_revised.pdf
CENTEL,CENTEL.BK,CENTRAL PLAZA HOTEL PCL Tourism & Leisure,https://media.set.or.th/set/Documents/2021/Dec/SET50_100_H1_2019_revised.pdf,SET50_100_H1_2019_revised.pdf
CHG,CHG.BK,CHULARAT HOSPITAL PCL Health Care Services,https://media.set.or.th/set/Documents/2021/Dec/SET50_100_H1_2019_revised.pdf,SET50_100_H1_2019_revised.pdf
CK,CK.BK,CH. KARNCHANG PCL Construction Services,https://media.set.or.th/set/Documents/2021/Dec/SET50_100_H1_2019_revised.pdf,SET50_100_H1_2019_revised.pdf
CKP,CKP.BK,CK POWER PCL Energy & Utilities,https://media.set.or.th/set/Documents/2021/Dec/SET50_100_H1_2019_revised.pdf,SET50_100_H1_2019_revised.pdf
COM7,COM7.BK,COM7 PCL Commerce,https://media.set.or.th/set/Documents/2021/Dec/SET50_100_H1_2019_revised.pdf,SET50_100_H1_2019_revised.pdf
CPALL,CPALL.BK,CP ALL PCL Commerce,https://media.set.or.th/set/Documents/2021/Dec/SET50_100_H1_2019_revised.pdf,SET50_100_H1_2019_revised.pdf
CPF,CPF.BK,CHAROEN POKPHAND FOODS PCL Food & Beverage,https://media.set.or.th/set/Documents/2021/Dec/SET50_100_H1_2019_revised.pdf,SET50_100_H1_2019_revised.pdf
CPN,CPN.BK,CENTRAL PATTANA PCL Property Development,https://media.set.or.th/set/Documents/2021/Dec/SET50_100_H1_2019_revised.pdf,SET50_100_H1_2019_revised.pdf
DELTA,DELTA.BK,DELTA ELECTRONICS (THAILAND) PCL Electronic Components,https://media.set.or.th/set/Documents/2021/Dec/SET50_100_H1_2019_revised.pdf,SET50_100_H1_2019_revised.pdf
DTAC,DTAC.BK,TOTAL ACCESS COMMUNICATION PCL Information & Communication Technology,https://media.set.or.th/set/Documents/2021/Dec/SET50_100_H1_2019_revised.pdf,SET50_100_H1_2019_revised.pdf
EA,EA.BK,ENERGY ABSOLUTE PCL Energy & Utilities,https://media.set.or.th/set/Documents/2021/Dec/SET50_100_H1_2019_revised.pdf,SET50_100_H1_2019_revised.pdf
EGCO,EGCO.BK,ELECTRICITY GENERATING PCL Energy & Utilities,https://media.set.or.th/set/Documents/2021/Dec/SET50_100_H1_2019_revised.pdf,SET50_100_H1_2019_revised.pdf
EPG,EPG.BK,EASTERN POLYMER GROUP PCL Construction Materials,https://media.set.or.th/set/Documents/2021/Dec/SET50_100_H1_2019_revised.pdf,SET50_100_H1_2019_revised.pdf
ERW,ERW.BK,THE ERAWAN GROUP PCL Tourism & Leisure,https://media.set.or.th/set/Documents/2021/Dec/SET50_100_H1_2019_revised.pdf,SET50_100_H1_2019_revised.pdf
ESSO,ESSO.BK,ESSO (THAILAND) PCL Energy & Utilities,https://media.set.or.th/set/Documents/2021/Dec/SET50_100_H1_2019_revised.pdf,SET50_100_H1_2019_revised.pdf
GFPT,GFPT.BK,GFPT PCL Agribusiness,https://media.set.or.th/set/Documents/2021/Dec/SET50_100_H1_2019_revised.pdf,SET50_100_H1_2019_revised.pdf
GLOBAL,GLOBAL.BK,SIAM GLOBAL HOUSE PCL Commerce,https://media.set.or.th/set/Documents/2021/Dec/SET50_100_H1_2019_revised.pdf,SET50_100_H1_2019_revised.pdf
GOLD,GOLD.BK,GOLDEN LAND PROPERTY DEVELOPMENT PCL Property Development,https://media.set.or.th/set/Documents/2021/Dec/SET50_100_H1_2019_revised.pdf,SET50_100_H1_2019_revised.pdf
GPSC,GPSC.BK,GLOBAL POWER SYNERGY PCL Energy & Utilities,https://media.set.or.th/set/Documents/2021/Dec/SET50_100_H1_2019_revised.pdf,SET50_100_H1_2019_revised.pdf
GULF,GULF.BK,GULF ENERGY DEVELOPMENT PCL Energy & Utilities,https://media.set.or.th/set/Documents/2021/Dec/SET50_100_H1_2019_revised.pdf,SET50_100_H1_2019_revised.pdf
GUNKUL,GUNKUL.BK,GUNKUL ENGINEERING PCL Energy & Utilities,https://media.set.or.th/set/Documents/2021/Dec/SET50_100_H1_2019_revised.pdf,SET50_100_H1_2019_revised.pdf
HANA,HANA.BK,HANA MICROELECTRONICS PCL Electronic Components,https://media.set.or.th/set/Documents/2021/Dec/SET50_100_H1_2019_revised.pdf,SET50_100_H1_2019_revised.pdf
HMPRO,HMPRO.BK,HOME PRODUCT CENTER PCL Commerce,https://media.set.or.th/set/Documents/2021/Dec/SET50_100_H1_2019_revised.pdf,SET50_100_H1_2019_revised.pdf
INTUCH,INTUCH.BK,INTOUCH HOLDINGS PCL Information & Communication Technology,https://media.set.or.th/set/Documents/2021/Dec/SET50_100_H1_2019_revised.pdf,SET50_100_H1_2019_revised.pdf
IRPC,IRPC.BK,IRPC PCL Energy & Utilities,https://media.set.or.th/set/Documents/2021/Dec/SET50_100_H1_2019_revised.pdf,SET50_100_H1_2019_revised.pdf
IVL,IVL.BK,INDORAMA VENTURES PCL Petrochemicals & Chemicals,https://media.set.or.th/set/Documents/2021/Dec/SET50_100_H1_2019_revised.pdf,SET50_100_H1_2019_revised.pdf
KBANK,KBANK.BK,KASIKORNBANK PCL Banking,https://media.set.or.th/set/Documents/2021/Dec/SET50_100_H1_2019_revised.pdf,SET50_100_H1_2019_revised.pdf
KCE,KCE.BK,KCE ELECTRONICS PCL Electronic Components,https://media.set.or.th/set/Documents/2021/Dec/SET50_100_H1_2019_revised.pdf,SET50_100_H1_2019_revised.pdf
KKP,KKP.BK,KIATNAKIN BANK PCL Banking,https://media.set.or.th/set/Documents/2021/Dec/SET50_100_H1_2019_revised.pdf,SET50_100_H1_2019_revised.pdf
KTB,KTB.BK,KRUNG THAI BANK PCL Banking,https://media.set.or.th/set/Documents/2021/Dec/SET50_100_H1_2019_revised.pdf,SET50_100_H1_2019_revised.pdf
KTC,KTC.BK,KRUNGTHAI CARD PCL Finance & Securities,https://media.set.or.th/set/Documents/2021/Dec/SET50_100_H1_2019_revised.pdf,SET50_100_H1_2019_revised.pdf
LH,LH.BK,LAND AND HOUSES PCL Property Development,https://media.set.or.th/set/Documents/2021/Dec/SET50_100_H1_2019_revised.pdf,SET50_100_H1_2019_revised.pdf
MAJOR,MAJOR.BK,MAJOR CINEPLEX GROUP PCL Media & Publishing,https://media.set.or.th/set/Documents/2021/Dec/SET50_100_H1_2019_revised.pdf,SET50_100_H1_2019_revised.pdf
MBK,MBK.BK,MBK PCL Property Development,https://media.set.or.th/set/Documents/2021/Dec/SET50_100_H1_2019_revised.pdf,SET50_100_H1_2019_revised.pdf
MEGA,MEGA.BK,MEGA LIFESCIENCES PCL Commerce,https://media.set.or.th/set/Documents/2021/Dec/SET50_100_H1_2019_revised.pdf,SET50_100_H1_2019_revised.pdf
MINT,MINT.BK,MINOR INTERNATIONAL PCL Food & Beverage,https://media.set.or.th/set/Documents/2021/Dec/SET50_100_H1_2019_revised.pdf,SET50_100_H1_2019_revised.pdf
MTC,MTC.BK,MUANGTHAI CAPITAL PCL Finance & Securities,https://media.set.or.th/set/Documents/2021/Dec/SET50_100_H1_2019_revised.pdf,SET50_100_H1_2019_revised.pdf
ORI,ORI.BK,ORIGIN PROPERTY PCL Property Development,https://media.set.or.th/set/Documents/2021/Dec/SET50_100_H1_2019_revised.pdf,SET50_100_H1_2019_revised.pdf
PLANB,PLANB.BK,PLAN B MEDIA PCL Media & Publishing,https://media.set.or.th/set/Documents/2021/Dec/SET50_100_H1_2019_revised.pdf,SET50_100_H1_2019_revised.pdf
PRM,PRM.BK,PRIMA MARINE PCL Transportation & Logistics,https://media.set.or.th/set/Documents/2021/Dec/SET50_100_H1_2019_revised.pdf,SET50_100_H1_2019_revised.pdf
PSH,PSH.BK,PRUKSA HOLDING PCL Property Development,https://media.set.or.th/set/Documents/2021/Dec/SET50_100_H1_2019_revised.pdf,SET50_100_H1_2019_revised.pdf
PSL,PSL.BK,PRECIOUS SHIPPING PCL Transportation & Logistics,https://media.set.or.th/set/Documents/2021/Dec/SET50_100_H1_2019_revised.pdf,SET50_100_H1_2019_revised.pdf
PTG,PTG.BK,PTG ENERGY PCL Energy & Utilities,https://media.set.or.th/set/Documents/2021/Dec/SET50_100_H1_2019_revised.pdf,SET50_100_H1_2019_revised.pdf
PTT,PTT.BK,PTT PCL Energy & Utilities,https://media.set.or.th/set/Documents/2021/Dec/SET50_100_H1_2019_revised.pdf,SET50_100_H1_2019_revised.pdf
PTTEP,PTTEP.BK,PTT EXPLORATION AND PRODUCTION PCL Energy & Utilities,https://media.set.or.th/set/Documents/2021/Dec/SET50_100_H1_2019_revised.pdf,SET50_100_H1_2019_revised.pdf
PTTGC,PTTGC.BK,PTT GLOBAL CHEMICAL PCL Petrochemicals & Chemicals,https://media.set.or.th/set/Documents/2021/Dec/SET50_100_H1_2019_revised.pdf,SET50_100_H1_2019_revised.pdf
QH,QH.BK,QUALITY HOUSES PCL Property Development,https://media.set.or.th/set/Documents/2021/Dec/SET50_100_H1_2019_revised.pdf,SET50_100_H1_2019_revised.pdf
RATCH,RATCH.BK,RATCHABURI ELECTRICITY GENERATING HOLDING PCL Energy & Utilities,https://media.set.or.th/set/Documents/2021/Dec/SET50_100_H1_2019_revised.pdf,SET50_100_H1_2019_revised.pdf
ROBINS,ROBINS.BK,ROBINSON PCL Commerce,https://media.set.or.th/set/Documents/2021/Dec/SET50_100_H1_2019_revised.pdf,SET50_100_H1_2019_revised.pdf
RS,RS.BK,RS PCL Media & Publishing,https://media.set.or.th/set/Documents/2021/Dec/SET50_100_H1_2019_revised.pdf,SET50_100_H1_2019_revised.pdf
SAWAD,SAWAD.BK,SRISAWAD CORPORATION PCL Finance & Securities,https://media.set.or.th/set/Documents/2021/Dec/SET50_100_H1_2019_revised.pdf,SET50_100_H1_2019_revised.pdf
SCB,SCB.BK,THE SIAM COMMERCIAL BANK PCL Banking,https://media.set.or.th/set/Documents/2021/Dec/SET50_100_H1_2019_revised.pdf,SET50_100_H1_2019_revised.pdf
SCC,SCC.BK,THE SIAM CEMENT PCL Construction Materials,https://media.set.or.th/set/Documents/2021/Dec/SET50_100_H1_2019_revised.pdf,SET50_100_H1_2019_revised.pdf
SGP,SGP.BK,SIAMGAS AND PETROCHEMICALS PCL Energy & Utilities,https://media.set.or.th/set/Documents/2021/Dec/SET50_100_H1_2019_revised.pdf,SET50_100_H1_2019_revised.pdf
SIRI,SIRI.BK,SANSIRI PCL Property Development,https://media.set.or.th/set/Documents/2021/Dec/SET50_100_H1_2019_revised.pdf,SET50_100_H1_2019_revised.pdf
SPALI,SPALI.BK,SUPALAI PCL Property Development,https://media.set.or.th/set/Documents/2021/Dec/SET50_100_H1_2019_revised.pdf,SET50_100_H1_2019_revised.pdf
SPRC,SPRC.BK,STAR PETROLEUM REFINING PCL Energy & Utilities,https://media.set.or.th/set/Documents/2021/Dec/SET50_100_H1_2019_revised.pdf,SET50_100_H1_2019_revised.pdf
STA,STA.BK,SRI TRANG AGRO-INDUSTRY PCL Agribusiness,https://media.set.or.th/set/Documents/2021/Dec/SET50_100_H1_2019_revised.pdf,SET50_100_H1_2019_revised.pdf
STEC,STEC.BK,SINO-THAI ENGINEERING AND CONSTRUCTION PCL Construction Services,https://media.set.or.th/set/Documents/2021/Dec/SET50_100_H1_2019_revised.pdf,SET50_100_H1_2019_revised.pdf
SUPER,SUPER.BK,SUPER ENERGY CORPORATION PCL Energy & Utilities,https://media.set.or.th/set/Documents/2021/Dec/SET50_100_H1_2019_revised.pdf,SET50_100_H1_2019_revised.pdf
TASCO,TASCO.BK,TIPCO ASPHALT PCL Construction Materials,https://media.set.or.th/set/Documents/2021/Dec/SET50_100_H1_2019_revised.pdf,SET50_100_H1_2019_revised.pdf
TCAP,TCAP.BK,THANACHART CAPITAL PCL Banking,https://media.set.or.th/set/Documents/2021/Dec/SET50_100_H1_2019_revised.pdf,SET50_100_H1_2019_revised.pdf
THAI,THAI.BK,THAI AIRWAYS INTERNATIONAL PCL Transportation & Logistics,https://media.set.or.th/set/Documents/2021/Dec/SET50_100_H1_2019_revised.pdf,SET50_100_H1_2019_revised.pdf
THANI,THANI.BK,RATCHTHANI LEASING PCL Finance & Securities,https://media.set.or.th/set/Documents/2021/Dec/SET50_100_H1_2019_revised.pdf,SET50_100_H1_2019_revised.pdf
TISCO,TISCO.BK,TISCO FINANCIAL GROUP PCL Banking,https://media.set.or.th/set/Documents/2021/Dec/SET50_100_H1_2019_revised.pdf,SET50_100_H1_2019_revised.pdf
TKN,TKN.BK,TAOKAENOI FOOD & MARKETING PCL Food & Beverage,https://media.set.or.th/set/Documents/2021/Dec/SET50_100_H1_2019_revised.pdf,SET50_100_H1_2019_revised.pdf
TMB,TMB.BK,TMB BANK PCL Banking,https://media.set.or.th/set/Documents/2021/Dec/SET50_100_H1_2019_revised.pdf,SET50_100_H1_2019_revised.pdf
TOA,TOA.BK,TOA PAINT (THAILAND) PCL Construction Materials,https://media.set.or.th/set/Documents/2021/Dec/SET50_100_H1_2019_revised.pdf,SET50_100_H1_2019_revised.pdf
TOP,TOP.BK,THAI OIL PCL Energy & Utilities,https://media.set.or.th/set/Documents/2021/Dec/SET50_100_H1_2019_revised.pdf,SET50_100_H1_2019_revised.pdf
TPIPP,TPIPP.BK,TPI POLENE POWER PCL Energy & Utilities,https://media.set.or.th/set/Documents/2021/Dec/SET50_100_H1_2019_revised.pdf,SET50_100_H1_2019_revised.pdf
TRUE,TRUE.BK,TRUE CORPORATION PCL Information & Communication Technology,https://media.set.or.th/set/Documents/2021/Dec/SET50_100_H1_2019_revised.pdf,SET50_100_H1_2019_revised.pdf
TTW,TTW.BK,TTW PCL Energy & Utilities,https://media.set.or.th/set/Documents/2021/Dec/SET50_100_H1_2019_revised.pdf,SET50_100_H1_2019_revised.pdf
TU,TU.BK,THAI UNION GROUP PCL Food & Beverage,https://media.set.or.th/set/Documents/2021/Dec/SET50_100_H1_2019_revised.pdf,SET50_100_H1_2019_revised.pdf
TVO,TVO.BK,THAI VEGETABLE OIL PCL Food & Beverage,https://media.set.or.th/set/Documents/2021/Dec/SET50_100_H1_2019_revised.pdf,SET50_100_H1_2019_revised.pdf
WHA,WHA.BK,WHA CORPORATION PCL Property Development,https://media.set.or.th/set/Documents/2021/Dec/SET50_100_H1_2019_revised.pdf,SET50_100_H1_2019_revised.pdf
WHAUP,WHAUP.BK,WHA UTILITIES AND POWER PCL Energy & Utilities,https://media.set.or.th/set/Documents/2021/Dec/SET50_100_H1_2019_revised.pdf,SET50_100_H1_2019_revised.pdf
WORK,WORK.BK,WORKPOINT ENTERTAINMENT PCL Media & Publishing,https://media.set.or.th/set/Documents/2021/Dec/SET50_100_H1_2019_revised.pdf,SET50_100_H1_2019_revised.pdf
AAV,AAV.BK,ASIA AVIATION PCL Transportation & Logistics,https://media.set.or.th/set/Documents/2021/Dec/SET50_100_H1_2019.pdf,SET50_100_H1_2019.pdf
ADVANC,ADVANC.BK,ADVANCED INFO SERVICE PCL Information & Communication Technology,https://media.set.or.th/set/Documents/2021/Dec/SET50_100_H1_2019.pdf,SET50_100_H1_2019.pdf
AEONTS,AEONTS.BK,AEON THANA SINSAP (THAILAND) PCL Finance & Securities,https://media.set.or.th/set/Documents/2021/Dec/SET50_100_H1_2019.pdf,SET50_100_H1_2019.pdf
AMATA,AMATA.BK,AMATA CORPORATION PCL Property Development,https://media.set.or.th/set/Documents/2021/Dec/SET50_100_H1_2019.pdf,SET50_100_H1_2019.pdf
ANAN,ANAN.BK,ANANDA DEVELOPMENT PCL Property Development,https://media.set.or.th/set/Documents/2021/Dec/SET50_100_H1_2019.pdf,SET50_100_H1_2019.pdf
AOT,AOT.BK,AIRPORTS OF THAILAND PCL Transportation & Logistics,https://media.set.or.th/set/Documents/2021/Dec/SET50_100_H1_2019.pdf,SET50_100_H1_2019.pdf
AP,AP.BK,AP (THAILAND) PCL Property Development,https://media.set.or.th/set/Documents/2021/Dec/SET50_100_H1_2019.pdf,SET50_100_H1_2019.pdf
BANPU,BANPU.BK,BANPU PCL Energy & Utilities,https://media.set.or.th/set/Documents/2021/Dec/SET50_100_H1_2019.pdf,SET50_100_H1_2019.pdf
BBL,BBL.BK,BANGKOK BANK PCL Banking,https://media.set.or.th/set/Documents/2021/Dec/SET50_100_H1_2019.pdf,SET50_100_H1_2019.pdf
BCH,BCH.BK,BANGKOK CHAIN HOSPITAL PCL Health Care Services,https://media.set.or.th/set/Documents/2021/Dec/SET50_100_H1_2019.pdf,SET50_100_H1_2019.pdf
BCP,BCP.BK,BANGCHAK CORPORATION PCL Energy & Utilities,https://media.set.or.th/set/Documents/2021/Dec/SET50_100_H1_2019.pdf,SET50_100_H1_2019.pdf
BCPG,BCPG.BK,BCPG PCL Energy & Utilities,https://media.set.or.th/set/Documents/2021/Dec/SET50_100_H1_2019.pdf,SET50_100_H1_2019.pdf
BDMS,BDMS.BK,BANGKOK DUSIT MEDICAL SERVICES PCL Health Care Services,https://media.set.or.th/set/Documents/2021/Dec/SET50_100_H1_2019.pdf,SET50_100_H1_2019.pdf
BEAUTY,BEAUTY.BK,BEAUTY COMMUNITY PCL Commerce,https://media.set.or.th/set/Documents/2021/Dec/SET50_100_H1_2019.pdf,SET50_100_H1_2019.pdf
BEM,BEM.BK,BANGKOK EXPRESSWAY AND METRO  PCL Transportation & Logistics,https://media.set.or.th/set/Documents/2021/Dec/SET50_100_H1_2019.pdf,SET50_100_H1_2019.pdf
BGRIM,BGRIM.BK,B.GRIMM POWER PCL Energy & Utilities,https://media.set.or.th/set/Documents/2021/Dec/SET50_100_H1_2019.pdf,SET50_100_H1_2019.pdf
BH,BH.BK,BUMRUNGRAD HOSPITAL PCL Health Care Services,https://media.set.or.th/set/Documents/2021/Dec/SET50_100_H1_2019.pdf,SET50_100_H1_2019.pdf
BJC,BJC.BK,BERLI JUCKER PCL Commerce,https://media.set.or.th/set/Documents/2021/Dec/SET50_100_H1_2019.pdf,SET50_100_H1_2019.pdf
BLAND,BLAND.BK,BANGKOK LAND PCL Property Development,https://media.set.or.th/set/Documents/2021/Dec/SET50_100_H1_2019.pdf,SET50_100_H1_2019.pdf
BPP,BPP.BK,BANPU POWER PCL Energy & Utilities,https://media.set.or.th/set/Documents/2021/Dec/SET50_100_H1_2019.pdf,SET50_100_H1_2019.pdf
BTS,BTS.BK,BTS GROUP HOLDINGS PCL Transportation & Logistics,https://media.set.or.th/set/Documents/2021/Dec/SET50_100_H1_2019.pdf,SET50_100_H1_2019.pdf
CBG,CBG.BK,CARABAO GROUP PCL Food & Beverage,https://media.set.or.th/set/Documents/2021/Dec/SET50_100_H1_2019.pdf,SET50_100_H1_2019.pdf
CENTEL,CENTEL.BK,CENTRAL PLAZA HOTEL PCL Tourism & Leisure,https://media.set.or.th/set/Documents/2021/Dec/SET50_100_H1_2019.pdf,SET50_100_H1_2019.pdf
CHG,CHG.BK,CHULARAT HOSPITAL PCL Health Care Services,https://media.set.or.th/set/Documents/2021/Dec/SET50_100_H1_2019.pdf,SET50_100_H1_2019.pdf
CK,CK.BK,CH. KARNCHANG PCL Construction Services,https://media.set.or.th/set/Documents/2021/Dec/SET50_100_H1_2019.pdf,SET50_100_H1_2019.pdf
CKP,CKP.BK,CK POWER PCL Energy & Utilities,https://media.set.or.th/set/Documents/2021/Dec/SET50_100_H1_2019.pdf,SET50_100_H1_2019.pdf
COM7,COM7.BK,COM7 PCL Commerce,https://media.set.or.th/set/Documents/2021/Dec/SET50_100_H1_2019.pdf,SET50_100_H1_2019.pdf
CPALL,CPALL.BK,CP ALL PCL Commerce,https://media.set.or.th/set/Documents/2021/Dec/SET50_100_H1_2019.pdf,SET50_100_H1_2019.pdf
CPF,CPF.BK,CHAROEN POKPHAND FOODS PCL Food & Beverage,https://media.set.or.th/set/Documents/2021/Dec/SET50_100_H1_2019.pdf,SET50_100_H1_2019.pdf
CPN,CPN.BK,CENTRAL PATTANA PCL Property Development,https://media.set.or.th/set/Documents/2021/Dec/SET50_100_H1_2019.pdf,SET50_100_H1_2019.pdf
DELTA,DELTA.BK,DELTA ELECTRONICS (THAILAND) PCL Electronic Components,https://media.set.or.th/set/Documents/2021/Dec/SET50_100_H1_2019.pdf,SET50_100_H1_2019.pdf
DTAC,DTAC.BK,TOTAL ACCESS COMMUNICATION PCL Information & Communication Technology,https://media.set.or.th/set/Documents/2021/Dec/SET50_100_H1_2019.pdf,SET50_100_H1_2019.pdf
EA,EA.BK,ENERGY ABSOLUTE PCL Energy & Utilities,https://media.set.or.th/set/Documents/2021/Dec/SET50_100_H1_2019.pdf,SET50_100_H1_2019.pdf
EGCO,EGCO.BK,ELECTRICITY GENERATING PCL Energy & Utilities,https://media.set.or.th/set/Documents/2021/Dec/SET50_100_H1_2019.pdf,SET50_100_H1_2019.pdf
EPG,EPG.BK,EASTERN POLYMER GROUP PCL Construction Materials,https://media.set.or.th/set/Documents/2021/Dec/SET50_100_H1_2019.pdf,SET50_100_H1_2019.pdf
ERW,ERW.BK,THE ERAWAN GROUP PCL Tourism & Leisure,https://media.set.or.th/set/Documents/2021/Dec/SET50_100_H1_2019.pdf,SET50_100_H1_2019.pdf
ESSO,ESSO.BK,ESSO (THAILAND) PCL Energy & Utilities,https://media.set.or.th/set/Documents/2021/Dec/SET50_100_H1_2019.pdf,SET50_100_H1_2019.pdf
GFPT,GFPT.BK,GFPT PCL Agribusiness,https://media.set.or.th/set/Documents/2021/Dec/SET50_100_H1_2019.pdf,SET50_100_H1_2019.pdf
GLOBAL,GLOBAL.BK,SIAM GLOBAL HOUSE PCL Commerce,https://media.set.or.th/set/Documents/2021/Dec/SET50_100_H1_2019.pdf,SET50_100_H1_2019.pdf
GLOW,GLOW.BK,GLOW ENERGY PCL Energy & Utilities,https://media.set.or.th/set/Documents/2021/Dec/SET50_100_H1_2019.pdf,SET50_100_H1_2019.pdf
GOLD,GOLD.BK,GOLDEN LAND PROPERTY DEVELOPMENT PCL Property Development,https://media.set.or.th/set/Documents/2021/Dec/SET50_100_H1_2019.pdf,SET50_100_H1_2019.pdf
GPSC,GPSC.BK,GLOBAL POWER SYNERGY PCL Energy & Utilities,https://media.set.or.th/set/Documents/2021/Dec/SET50_100_H1_2019.pdf,SET50_100_H1_2019.pdf
GULF,GULF.BK,GULF ENERGY DEVELOPMENT PCL Energy & Utilities,https://media.set.or.th/set/Documents/2021/Dec/SET50_100_H1_2019.pdf,SET50_100_H1_2019.pdf
GUNKUL,GUNKUL.BK,GUNKUL ENGINEERING PCL Energy & Utilities,https://media.set.or.th/set/Documents/2021/Dec/SET50_100_H1_2019.pdf,SET50_100_H1_2019.pdf
HANA,HANA.BK,HANA MICROELECTRONICS PCL Electronic Components,https://media.set.or.th/set/Documents/2021/Dec/SET50_100_H1_2019.pdf,SET50_100_H1_2019.pdf
HMPRO,HMPRO.BK,HOME PRODUCT CENTER PCL Commerce,https://media.set.or.th/set/Documents/2021/Dec/SET50_100_H1_2019.pdf,SET50_100_H1_2019.pdf
INTUCH,INTUCH.BK,INTOUCH HOLDINGS PCL Information & Communication Technology,https://media.set.or.th/set/Documents/2021/Dec/SET50_100_H1_2019.pdf,SET50_100_H1_2019.pdf
IRPC,IRPC.BK,IRPC PCL Energy & Utilities,https://media.set.or.th/set/Documents/2021/Dec/SET50_100_H1_2019.pdf,SET50_100_H1_2019.pdf
IVL,IVL.BK,INDORAMA VENTURES PCL Petrochemicals & Chemicals Reserve list of SET100,https://media.set.or.th/set/Documents/2021/Dec/SET50_100_H1_2019.pdf,SET50_100_H1_2019.pdf
KBANK,KBANK.BK,KASIKORNBANK PCL Banking,https://media.set.or.th/set/Documents/2021/Dec/SET50_100_H1_2019.pdf,SET50_100_H1_2019.pdf
KCE,KCE.BK,KCE ELECTRONICS PCL Electronic Components,https://media.set.or.th/set/Documents/2021/Dec/SET50_100_H1_2019.pdf,SET50_100_H1_2019.pdf
KKP,KKP.BK,KIATNAKIN BANK PCL Banking,https://media.set.or.th/set/Documents/2021/Dec/SET50_100_H1_2019.pdf,SET50_100_H1_2019.pdf
KTB,KTB.BK,KRUNG THAI BANK PCL Banking,https://media.set.or.th/set/Documents/2021/Dec/SET50_100_H1_2019.pdf,SET50_100_H1_2019.pdf
KTC,KTC.BK,KRUNGTHAI CARD PCL Finance & Securities,https://media.set.or.th/set/Documents/2021/Dec/SET50_100_H1_2019.pdf,SET50_100_H1_2019.pdf
LH,LH.BK,LAND AND HOUSES PCL Property Development,https://media.set.or.th/set/Documents/2021/Dec/SET50_100_H1_2019.pdf,SET50_100_H1_2019.pdf
MAJOR,MAJOR.BK,MAJOR CINEPLEX GROUP PCL Media & Publishing,https://media.set.or.th/set/Documents/2021/Dec/SET50_100_H1_2019.pdf,SET50_100_H1_2019.pdf
MBK,MBK.BK,MBK PCL Property Development,https://media.set.or.th/set/Documents/2021/Dec/SET50_100_H1_2019.pdf,SET50_100_H1_2019.pdf
MEGA,MEGA.BK,MEGA LIFESCIENCES PCL Commerce,https://media.set.or.th/set/Documents/2021/Dec/SET50_100_H1_2019.pdf,SET50_100_H1_2019.pdf
MINT,MINT.BK,MINOR INTERNATIONAL PCL Food & Beverage,https://media.set.or.th/set/Documents/2021/Dec/SET50_100_H1_2019.pdf,SET50_100_H1_2019.pdf
MTC,MTC.BK,MUANGTHAI CAPITAL PCL Finance & Securities,https://media.set.or.th/set/Documents/2021/Dec/SET50_100_H1_2019.pdf,SET50_100_H1_2019.pdf
ORI,ORI.BK,ORIGIN PROPERTY PCL Property Development,https://media.set.or.th/set/Documents/2021/Dec/SET50_100_H1_2019.pdf,SET50_100_H1_2019.pdf
PLANB,PLANB.BK,PLAN B MEDIA PCL Media & Publishing,https://media.set.or.th/set/Documents/2021/Dec/SET50_100_H1_2019.pdf,SET50_100_H1_2019.pdf
PRM,PRM.BK,PRIMA MARINE PCL Transportation & Logistics,https://media.set.or.th/set/Documents/2021/Dec/SET50_100_H1_2019.pdf,SET50_100_H1_2019.pdf
PSH,PSH.BK,PRUKSA HOLDING PCL Property Development,https://media.set.or.th/set/Documents/2021/Dec/SET50_100_H1_2019.pdf,SET50_100_H1_2019.pdf
PSL,PSL.BK,PRECIOUS SHIPPING PCL Transportation & Logistics,https://media.set.or.th/set/Documents/2021/Dec/SET50_100_H1_2019.pdf,SET50_100_H1_2019.pdf
PTG,PTG.BK,PTG ENERGY PCL Energy & Utilities,https://media.set.or.th/set/Documents/2021/Dec/SET50_100_H1_2019.pdf,SET50_100_H1_2019.pdf
PTT,PTT.BK,PTT PCL Energy & Utilities,https://media.set.or.th/set/Documents/2021/Dec/SET50_100_H1_2019.pdf,SET50_100_H1_2019.pdf
PTTEP,PTTEP.BK,PTT EXPLORATION AND PRODUCTION PCL Energy & Utilities,https://media.set.or.th/set/Documents/2021/Dec/SET50_100_H1_2019.pdf,SET50_100_H1_2019.pdf
PTTGC,PTTGC.BK,PTT GLOBAL CHEMICAL PCL Petrochemicals & Chemicals,https://media.set.or.th/set/Documents/2021/Dec/SET50_100_H1_2019.pdf,SET50_100_H1_2019.pdf
QH,QH.BK,QUALITY HOUSES PCL Property Development,https://media.set.or.th/set/Documents/2021/Dec/SET50_100_H1_2019.pdf,SET50_100_H1_2019.pdf
RATCH,RATCH.BK,RATCHABURI ELECTRICITY GENERATING HOLDING PCL Energy & Utilities,https://media.set.or.th/set/Documents/2021/Dec/SET50_100_H1_2019.pdf,SET50_100_H1_2019.pdf
ROBINS,ROBINS.BK,ROBINSON PCL Commerce,https://media.set.or.th/set/Documents/2021/Dec/SET50_100_H1_2019.pdf,SET50_100_H1_2019.pdf
RS,RS.BK,RS PCL Media & Publishing,https://media.set.or.th/set/Documents/2021/Dec/SET50_100_H1_2019.pdf,SET50_100_H1_2019.pdf
SAWAD,SAWAD.BK,SRISAWAD CORPORATION PCL Finance & Securities,https://media.set.or.th/set/Documents/2021/Dec/SET50_100_H1_2019.pdf,SET50_100_H1_2019.pdf
SCB,SCB.BK,THE SIAM COMMERCIAL BANK PCL Banking,https://media.set.or.th/set/Documents/2021/Dec/SET50_100_H1_2019.pdf,SET50_100_H1_2019.pdf
SCC,SCC.BK,THE SIAM CEMENT PCL Construction Materials,https://media.set.or.th/set/Documents/2021/Dec/SET50_100_H1_2019.pdf,SET50_100_H1_2019.pdf
SGP,SGP.BK,SIAMGAS AND PETROCHEMICALS PCL Energy & Utilities,https://media.set.or.th/set/Documents/2021/Dec/SET50_100_H1_2019.pdf,SET50_100_H1_2019.pdf
SIRI,SIRI.BK,SANSIRI PCL Property Development,https://media.set.or.th/set/Documents/2021/Dec/SET50_100_H1_2019.pdf,SET50_100_H1_2019.pdf
SPALI,SPALI.BK,SUPALAI PCL Property Development,https://media.set.or.th/set/Documents/2021/Dec/SET50_100_H1_2019.pdf,SET50_100_H1_2019.pdf
SPRC,SPRC.BK,STAR PETROLEUM REFINING PCL Energy & Utilities,https://media.set.or.th/set/Documents/2021/Dec/SET50_100_H1_2019.pdf,SET50_100_H1_2019.pdf
STA,STA.BK,SRI TRANG AGRO-INDUSTRY PCL Agribusiness,https://media.set.or.th/set/Documents/2021/Dec/SET50_100_H1_2019.pdf,SET50_100_H1_2019.pdf
STEC,STEC.BK,SINO-THAI ENGINEERING AND CONSTRUCTION PCL Construction Services,https://media.set.or.th/set/Documents/2021/Dec/SET50_100_H1_2019.pdf,SET50_100_H1_2019.pdf
SUPER,SUPER.BK,SUPER ENERGY CORPORATION PCL Energy & Utilities,https://media.set.or.th/set/Documents/2021/Dec/SET50_100_H1_2019.pdf,SET50_100_H1_2019.pdf
TASCO,TASCO.BK,TIPCO ASPHALT PCL Construction Materials,https://media.set.or.th/set/Documents/2021/Dec/SET50_100_H1_2019.pdf,SET50_100_H1_2019.pdf
TCAP,TCAP.BK,THANACHART CAPITAL PCL Banking,https://media.set.or.th/set/Documents/2021/Dec/SET50_100_H1_2019.pdf,SET50_100_H1_2019.pdf
THAI,THAI.BK,THAI AIRWAYS INTERNATIONAL PCL Transportation & Logistics,https://media.set.or.th/set/Documents/2021/Dec/SET50_100_H1_2019.pdf,SET50_100_H1_2019.pdf
THANI,THANI.BK,RATCHTHANI LEASING PCL Finance & Securities,https://media.set.or.th/set/Documents/2021/Dec/SET50_100_H1_2019.pdf,SET50_100_H1_2019.pdf
TISCO,TISCO.BK,TISCO FINANCIAL GROUP PCL Banking,https://media.set.or.th/set/Documents/2021/Dec/SET50_100_H1_2019.pdf,SET50_100_H1_2019.pdf
TKN,TKN.BK,TAOKAENOI FOOD & MARKETING PCL Food & Beverage,https://media.set.or.th/set/Documents/2021/Dec/SET50_100_H1_2019.pdf,SET50_100_H1_2019.pdf
TMB,TMB.BK,TMB BANK PCL Banking,https://media.set.or.th/set/Documents/2021/Dec/SET50_100_H1_2019.pdf,SET50_100_H1_2019.pdf
TOA,TOA.BK,TOA PAINT (THAILAND) PCL Construction Materials,https://media.set.or.th/set/Documents/2021/Dec/SET50_100_H1_2019.pdf,SET50_100_H1_2019.pdf
TOP,TOP.BK,THAI OIL PCL Energy & Utilities,https://media.set.or.th/set/Documents/2021/Dec/SET50_100_H1_2019.pdf,SET50_100_H1_2019.pdf
TPIPP,TPIPP.BK,TPI POLENE POWER PCL Energy & Utilities,https://media.set.or.th/set/Documents/2021/Dec/SET50_100_H1_2019.pdf,SET50_100_H1_2019.pdf
TRUE,TRUE.BK,TRUE CORPORATION PCL Information & Communication Technology,https://media.set.or.th/set/Documents/2021/Dec/SET50_100_H1_2019.pdf,SET50_100_H1_2019.pdf
TTW,TTW.BK,TTW PCL Energy & Utilities,https://media.set.or.th/set/Documents/2021/Dec/SET50_100_H1_2019.pdf,SET50_100_H1_2019.pdf
TU,TU.BK,THAI UNION GROUP PCL Food & Beverage,https://media.set.or.th/set/Documents/2021/Dec/SET50_100_H1_2019.pdf,SET50_100_H1_2019.pdf
TVO,TVO.BK,THAI VEGETABLE OIL PCL Food & Beverage,https://media.set.or.th/set/Documents/2021/Dec/SET50_100_H1_2019.pdf,SET50_100_H1_2019.pdf
WHA,WHA.BK,WHA CORPORATION PCL Property Development,https://media.set.or.th/set/Documents/2021/Dec/SET50_100_H1_2019.pdf,SET50_100_H1_2019.pdf
WHAUP,WHAUP.BK,WHA UTILITIES AND POWER PCL Energy & Utilities,https://media.set.or.th/set/Documents/2021/Dec/SET50_100_H1_2019.pdf,SET50_100_H1_2019.pdf
WORK,WORK.BK,WORKPOINT ENTERTAINMENT PCL Media & Publishing,https://media.set.or.th/set/Documents/2021/Dec/SET50_100_H1_2019.pdf,SET50_100_H1_2019.pdf
AAV,AAV.BK,ASIA AVIATION PCL. Transportation & Logistics,https://media.set.or.th/set/Documents/2021/Dec/SET50_100_H2_2018.pdf,SET50_100_H2_2018.pdf
ADVANC,ADVANC.BK,ADVANCED INFO SERVICE PCL. Information & Communication Technology,https://media.set.or.th/set/Documents/2021/Dec/SET50_100_H2_2018.pdf,SET50_100_H2_2018.pdf
AMATA,AMATA.BK,AMATA CORPORATION PCL. Property Development,https://media.set.or.th/set/Documents/2021/Dec/SET50_100_H2_2018.pdf,SET50_100_H2_2018.pdf
AOT,AOT.BK,AIRPORTS OF THAILAND PCL. Transportation & Logistics,https://media.set.or.th/set/Documents/2021/Dec/SET50_100_H2_2018.pdf,SET50_100_H2_2018.pdf
AP,AP.BK,AP (THAILAND) PCL. Property Development,https://media.set.or.th/set/Documents/2021/Dec/SET50_100_H2_2018.pdf,SET50_100_H2_2018.pdf
BANPU,BANPU.BK,BANPU PCL. Energy & Utilities,https://media.set.or.th/set/Documents/2021/Dec/SET50_100_H2_2018.pdf,SET50_100_H2_2018.pdf
BBL,BBL.BK,BANGKOK BANK PCL. Banking,https://media.set.or.th/set/Documents/2021/Dec/SET50_100_H2_2018.pdf,SET50_100_H2_2018.pdf
BCH,BCH.BK,BANGKOK CHAIN HOSPITAL PCL. Health Care Services,https://media.set.or.th/set/Documents/2021/Dec/SET50_100_H2_2018.pdf,SET50_100_H2_2018.pdf
BCP,BCP.BK,BANGCHAK CORPORATION PCL. Energy & Utilities,https://media.set.or.th/set/Documents/2021/Dec/SET50_100_H2_2018.pdf,SET50_100_H2_2018.pdf
BCPG,BCPG.BK,BCPG PCL. Energy & Utilities,https://media.set.or.th/set/Documents/2021/Dec/SET50_100_H2_2018.pdf,SET50_100_H2_2018.pdf
BDMS,BDMS.BK,BANGKOK DUSIT MEDICAL SERVICES PCL. Health Care Services,https://media.set.or.th/set/Documents/2021/Dec/SET50_100_H2_2018.pdf,SET50_100_H2_2018.pdf
BEAUTY,BEAUTY.BK,BEAUTY COMMUNITY PCL. Commerce,https://media.set.or.th/set/Documents/2021/Dec/SET50_100_H2_2018.pdf,SET50_100_H2_2018.pdf
BEM,BEM.BK,BANGKOK EXPRESSWAY AND METRO  PCL. Transportation & Logistics,https://media.set.or.th/set/Documents/2021/Dec/SET50_100_H2_2018.pdf,SET50_100_H2_2018.pdf
BGRIM,BGRIM.BK,B.GRIMM POWER PCL. Energy & Utilities,https://media.set.or.th/set/Documents/2021/Dec/SET50_100_H2_2018.pdf,SET50_100_H2_2018.pdf
BH,BH.BK,BUMRUNGRAD HOSPITAL PCL. Health Care Services,https://media.set.or.th/set/Documents/2021/Dec/SET50_100_H2_2018.pdf,SET50_100_H2_2018.pdf
BJC,BJC.BK,BERLI JUCKER PCL. Commerce,https://media.set.or.th/set/Documents/2021/Dec/SET50_100_H2_2018.pdf,SET50_100_H2_2018.pdf
BLA,BLA.BK,BANGKOK LIFE ASSURANCE PCL. Insurance,https://media.set.or.th/set/Documents/2021/Dec/SET50_100_H2_2018.pdf,SET50_100_H2_2018.pdf
BLAND,BLAND.BK,BANGKOK LAND PCL. Property Development,https://media.set.or.th/set/Documents/2021/Dec/SET50_100_H2_2018.pdf,SET50_100_H2_2018.pdf
BPP,BPP.BK,BANPU POWER PCL. Energy & Utilities,https://media.set.or.th/set/Documents/2021/Dec/SET50_100_H2_2018.pdf,SET50_100_H2_2018.pdf
BTS,BTS.BK,BTS GROUP HOLDINGS PCL. Transportation & Logistics,https://media.set.or.th/set/Documents/2021/Dec/SET50_100_H2_2018.pdf,SET50_100_H2_2018.pdf
CBG,CBG.BK,CARABAO GROUP PCL. Food & Beverage,https://media.set.or.th/set/Documents/2021/Dec/SET50_100_H2_2018.pdf,SET50_100_H2_2018.pdf
CENTEL,CENTEL.BK,CENTRAL PLAZA HOTEL PCL. Tourism & Leisure,https://media.set.or.th/set/Documents/2021/Dec/SET50_100_H2_2018.pdf,SET50_100_H2_2018.pdf
CHG,CHG.BK,CHULARAT HOSPITAL PCL. Health Care Services,https://media.set.or.th/set/Documents/2021/Dec/SET50_100_H2_2018.pdf,SET50_100_H2_2018.pdf
CK,CK.BK,CH. KARNCHANG PCL. Construction Services,https://media.set.or.th/set/Documents/2021/Dec/SET50_100_H2_2018.pdf,SET50_100_H2_2018.pdf
CKP,CKP.BK,CK POWER PCL. Energy & Utilities,https://media.set.or.th/set/Documents/2021/Dec/SET50_100_H2_2018.pdf,SET50_100_H2_2018.pdf
COM7,COM7.BK,COM7 PCL. Commerce,https://media.set.or.th/set/Documents/2021/Dec/SET50_100_H2_2018.pdf,SET50_100_H2_2018.pdf
CPALL,CPALL.BK,CP ALL PCL. Commerce,https://media.set.or.th/set/Documents/2021/Dec/SET50_100_H2_2018.pdf,SET50_100_H2_2018.pdf
CPF,CPF.BK,CHAROEN POKPHAND FOODS PCL. Food & Beverage,https://media.set.or.th/set/Documents/2021/Dec/SET50_100_H2_2018.pdf,SET50_100_H2_2018.pdf
CPN,CPN.BK,CENTRAL PATTANA PCL. Property Development,https://media.set.or.th/set/Documents/2021/Dec/SET50_100_H2_2018.pdf,SET50_100_H2_2018.pdf
DELTA,DELTA.BK,DELTA ELECTRONICS (THAILAND) PCL. Electronic Components,https://media.set.or.th/set/Documents/2021/Dec/SET50_100_H2_2018.pdf,SET50_100_H2_2018.pdf
DTAC,DTAC.BK,TOTAL ACCESS COMMUNICATION PCL. Information & Communication Technology,https://media.set.or.th/set/Documents/2021/Dec/SET50_100_H2_2018.pdf,SET50_100_H2_2018.pdf
EA,EA.BK,ENERGY ABSOLUTE PCL. Energy & Utilities,https://media.set.or.th/set/Documents/2021/Dec/SET50_100_H2_2018.pdf,SET50_100_H2_2018.pdf
EGCO,EGCO.BK,ELECTRICITY GENERATING PCL. Energy & Utilities,https://media.set.or.th/set/Documents/2021/Dec/SET50_100_H2_2018.pdf,SET50_100_H2_2018.pdf
EPG,EPG.BK,EASTERN POLYMER GROUP PCL. Construction Materials,https://media.set.or.th/set/Documents/2021/Dec/SET50_100_H2_2018.pdf,SET50_100_H2_2018.pdf
ERW,ERW.BK,THE ERAWAN GROUP PCL. Tourism & Leisure,https://media.set.or.th/set/Documents/2021/Dec/SET50_100_H2_2018.pdf,SET50_100_H2_2018.pdf
ESSO,ESSO.BK,ESSO (THAILAND) PCL. Energy & Utilities,https://media.set.or.th/set/Documents/2021/Dec/SET50_100_H2_2018.pdf,SET50_100_H2_2018.pdf
GFPT,GFPT.BK,GFPT PCL. Agribusiness,https://media.set.or.th/set/Documents/2021/Dec/SET50_100_H2_2018.pdf,SET50_100_H2_2018.pdf
GGC,GGC.BK,GLOBAL GREEN CHEMICALS PCL. Petrochemicals & Chemicals,https://media.set.or.th/set/Documents/2021/Dec/SET50_100_H2_2018.pdf,SET50_100_H2_2018.pdf
GLOBAL,GLOBAL.BK,SIAM GLOBAL HOUSE PCL. Commerce,https://media.set.or.th/set/Documents/2021/Dec/SET50_100_H2_2018.pdf,SET50_100_H2_2018.pdf
GLOW,GLOW.BK,GLOW ENERGY PCL. Energy & Utilities,https://media.set.or.th/set/Documents/2021/Dec/SET50_100_H2_2018.pdf,SET50_100_H2_2018.pdf
GPSC,GPSC.BK,GLOBAL POWER SYNERGY PCL. Energy & Utilities,https://media.set.or.th/set/Documents/2021/Dec/SET50_100_H2_2018.pdf,SET50_100_H2_2018.pdf
GUNKUL,GUNKUL.BK,GUNKUL ENGINEERING PCL. Energy & Utilities,https://media.set.or.th/set/Documents/2021/Dec/SET50_100_H2_2018.pdf,SET50_100_H2_2018.pdf
HANA,HANA.BK,HANA MICROELECTRONICS PCL. Electronic Components,https://media.set.or.th/set/Documents/2021/Dec/SET50_100_H2_2018.pdf,SET50_100_H2_2018.pdf
HMPRO,HMPRO.BK,HOME PRODUCT CENTER PCL. Commerce,https://media.set.or.th/set/Documents/2021/Dec/SET50_100_H2_2018.pdf,SET50_100_H2_2018.pdf
INTUCH,INTUCH.BK,INTOUCH HOLDINGS PCL. Information & Communication Technology,https://media.set.or.th/set/Documents/2021/Dec/SET50_100_H2_2018.pdf,SET50_100_H2_2018.pdf
IRPC,IRPC.BK,IRPC PCL. Energy & Utilities,https://media.set.or.th/set/Documents/2021/Dec/SET50_100_H2_2018.pdf,SET50_100_H2_2018.pdf
ITD,ITD.BK,ITALIAN-THAI DEVELOPMENT PCL. Construction Services,https://media.set.or.th/set/Documents/2021/Dec/SET50_100_H2_2018.pdf,SET50_100_H2_2018.pdf
IVL,IVL.BK,INDORAMA VENTURES PCL. Petrochemicals & Chemicals,https://media.set.or.th/set/Documents/2021/Dec/SET50_100_H2_2018.pdf,SET50_100_H2_2018.pdf
KBANK,KBANK.BK,KASIKORNBANK PCL. Banking,https://media.set.or.th/set/Documents/2021/Dec/SET50_100_H2_2018.pdf,SET50_100_H2_2018.pdf
KCE,KCE.BK,KCE ELECTRONICS PCL. Electronic Components,https://media.set.or.th/set/Documents/2021/Dec/SET50_100_H2_2018.pdf,SET50_100_H2_2018.pdf
KKP,KKP.BK,KIATNAKIN BANK PCL. Banking,https://media.set.or.th/set/Documents/2021/Dec/SET50_100_H2_2018.pdf,SET50_100_H2_2018.pdf
KTB,KTB.BK,KRUNG THAI BANK PCL. Banking,https://media.set.or.th/set/Documents/2021/Dec/SET50_100_H2_2018.pdf,SET50_100_H2_2018.pdf
KTC,KTC.BK,KRUNGTHAI CARD PCL. Finance & Securities,https://media.set.or.th/set/Documents/2021/Dec/SET50_100_H2_2018.pdf,SET50_100_H2_2018.pdf
LH,LH.BK,LAND AND HOUSES PCL. Property Development,https://media.set.or.th/set/Documents/2021/Dec/SET50_100_H2_2018.pdf,SET50_100_H2_2018.pdf
LPN,LPN.BK,L.P.N. DEVELOPMENT PCL. Property Development,https://media.set.or.th/set/Documents/2021/Dec/SET50_100_H2_2018.pdf,SET50_100_H2_2018.pdf
MAJOR,MAJOR.BK,MAJOR CINEPLEX GROUP PCL. Media & Publishing,https://media.set.or.th/set/Documents/2021/Dec/SET50_100_H2_2018.pdf,SET50_100_H2_2018.pdf
MEGA,MEGA.BK,MEGA LIFESCIENCES PCL. Commerce,https://media.set.or.th/set/Documents/2021/Dec/SET50_100_H2_2018.pdf,SET50_100_H2_2018.pdf
MINT,MINT.BK,MINOR INTERNATIONAL PCL. Food & Beverage,https://media.set.or.th/set/Documents/2021/Dec/SET50_100_H2_2018.pdf,SET50_100_H2_2018.pdf
MTC,MTC.BK,MUANGTHAI CAPITAL PCL. Finance & Securities,https://media.set.or.th/set/Documents/2021/Dec/SET50_100_H2_2018.pdf,SET50_100_H2_2018.pdf
ORI,ORI.BK,ORIGIN PROPERTY PCL. Property Development,https://media.set.or.th/set/Documents/2021/Dec/SET50_100_H2_2018.pdf,SET50_100_H2_2018.pdf
PRM,PRM.BK,PRIMA MARINE PCL. Transportation & Logistics,https://media.set.or.th/set/Documents/2021/Dec/SET50_100_H2_2018.pdf,SET50_100_H2_2018.pdf
PSH,PSH.BK,PRUKSA HOLDING PCL. Property Development,https://media.set.or.th/set/Documents/2021/Dec/SET50_100_H2_2018.pdf,SET50_100_H2_2018.pdf
PSL,PSL.BK,PRECIOUS SHIPPING PCL. Transportation & Logistics,https://media.set.or.th/set/Documents/2021/Dec/SET50_100_H2_2018.pdf,SET50_100_H2_2018.pdf
PTG,PTG.BK,PTG ENERGY PCL. Energy & Utilities,https://media.set.or.th/set/Documents/2021/Dec/SET50_100_H2_2018.pdf,SET50_100_H2_2018.pdf
PTT,PTT.BK,PTT PCL. Energy & Utilities,https://media.set.or.th/set/Documents/2021/Dec/SET50_100_H2_2018.pdf,SET50_100_H2_2018.pdf
PTTEP,PTTEP.BK,PTT EXPLORATION AND PRODUCTION PCL. Energy & Utilities,https://media.set.or.th/set/Documents/2021/Dec/SET50_100_H2_2018.pdf,SET50_100_H2_2018.pdf
PTTGC,PTTGC.BK,PTT GLOBAL CHEMICAL PCL. Petrochemicals & Chemicals,https://media.set.or.th/set/Documents/2021/Dec/SET50_100_H2_2018.pdf,SET50_100_H2_2018.pdf
QH,QH.BK,QUALITY HOUSES PCL. Property Development,https://media.set.or.th/set/Documents/2021/Dec/SET50_100_H2_2018.pdf,SET50_100_H2_2018.pdf
RATCH,RATCH.BK,RATCHABURI ELECTRICITY GENERATING HOLDING PCL. Energy & Utilities,https://media.set.or.th/set/Documents/2021/Dec/SET50_100_H2_2018.pdf,SET50_100_H2_2018.pdf
ROBINS,ROBINS.BK,ROBINSON PCL. Commerce,https://media.set.or.th/set/Documents/2021/Dec/SET50_100_H2_2018.pdf,SET50_100_H2_2018.pdf
RS,RS.BK,RS PCL. Media & Publishing,https://media.set.or.th/set/Documents/2021/Dec/SET50_100_H2_2018.pdf,SET50_100_H2_2018.pdf
SAWAD,SAWAD.BK,SRISAWAD CORPORATION PCL. Finance & Securities,https://media.set.or.th/set/Documents/2021/Dec/SET50_100_H2_2018.pdf,SET50_100_H2_2018.pdf
SCB,SCB.BK,THE SIAM COMMERCIAL BANK PCL. Banking,https://media.set.or.th/set/Documents/2021/Dec/SET50_100_H2_2018.pdf,SET50_100_H2_2018.pdf
SCC,SCC.BK,THE SIAM CEMENT PCL. Construction Materials,https://media.set.or.th/set/Documents/2021/Dec/SET50_100_H2_2018.pdf,SET50_100_H2_2018.pdf
SGP,SGP.BK,SIAMGAS AND PETROCHEMICALS PCL. Energy & Utilities,https://media.set.or.th/set/Documents/2021/Dec/SET50_100_H2_2018.pdf,SET50_100_H2_2018.pdf
SIRI,SIRI.BK,SANSIRI PCL. Property Development,https://media.set.or.th/set/Documents/2021/Dec/SET50_100_H2_2018.pdf,SET50_100_H2_2018.pdf
SPALI,SPALI.BK,SUPALAI PCL. Property Development,https://media.set.or.th/set/Documents/2021/Dec/SET50_100_H2_2018.pdf,SET50_100_H2_2018.pdf
SPRC,SPRC.BK,STAR PETROLEUM REFINING PCL. Energy & Utilities,https://media.set.or.th/set/Documents/2021/Dec/SET50_100_H2_2018.pdf,SET50_100_H2_2018.pdf
STA,STA.BK,SRI TRANG AGRO-INDUSTRY PCL. Agribusiness,https://media.set.or.th/set/Documents/2021/Dec/SET50_100_H2_2018.pdf,SET50_100_H2_2018.pdf
STEC,STEC.BK,SINO-THAI ENGINEERING AND CONSTRUCTION PCL. Construction Services,https://media.set.or.th/set/Documents/2021/Dec/SET50_100_H2_2018.pdf,SET50_100_H2_2018.pdf
SUPER,SUPER.BK,SUPER ENERGY CORPORATION PCL. Energy & Utilities,https://media.set.or.th/set/Documents/2021/Dec/SET50_100_H2_2018.pdf,SET50_100_H2_2018.pdf
TASCO,TASCO.BK,TIPCO ASPHALT PCL. Construction Materials,https://media.set.or.th/set/Documents/2021/Dec/SET50_100_H2_2018.pdf,SET50_100_H2_2018.pdf
TCAP,TCAP.BK,THANACHART CAPITAL PCL. Banking,https://media.set.or.th/set/Documents/2021/Dec/SET50_100_H2_2018.pdf,SET50_100_H2_2018.pdf
THAI,THAI.BK,THAI AIRWAYS INTERNATIONAL PCL. Transportation & Logistics,https://media.set.or.th/set/Documents/2021/Dec/SET50_100_H2_2018.pdf,SET50_100_H2_2018.pdf
THANI,THANI.BK,RATCHTHANI LEASING PCL. Finance & Securities,https://media.set.or.th/set/Documents/2021/Dec/SET50_100_H2_2018.pdf,SET50_100_H2_2018.pdf
TISCO,TISCO.BK,TISCO FINANCIAL GROUP PCL. Banking,https://media.set.or.th/set/Documents/2021/Dec/SET50_100_H2_2018.pdf,SET50_100_H2_2018.pdf
TKN,TKN.BK,TAOKAENOI FOOD & MARKETING PCL. Food & Beverage,https://media.set.or.th/set/Documents/2021/Dec/SET50_100_H2_2018.pdf,SET50_100_H2_2018.pdf
TMB,TMB.BK,TMB BANK PCL. Banking,https://media.set.or.th/set/Documents/2021/Dec/SET50_100_H2_2018.pdf,SET50_100_H2_2018.pdf
TOA,TOA.BK,TOA PAINT (THAILAND) PCL. Construction Materials,https://media.set.or.th/set/Documents/2021/Dec/SET50_100_H2_2018.pdf,SET50_100_H2_2018.pdf
TOP,TOP.BK,THAI OIL PCL. Energy & Utilities,https://media.set.or.th/set/Documents/2021/Dec/SET50_100_H2_2018.pdf,SET50_100_H2_2018.pdf
TPIPL,TPIPL.BK,TPI POLENE PCL. Construction Materials,https://media.set.or.th/set/Documents/2021/Dec/SET50_100_H2_2018.pdf,SET50_100_H2_2018.pdf
TPIPP,TPIPP.BK,TPI POLENE POWER PCL. Energy & Utilities,https://media.set.or.th/set/Documents/2021/Dec/SET50_100_H2_2018.pdf,SET50_100_H2_2018.pdf
TRUE,TRUE.BK,TRUE CORPORATION PCL. Information & Communication Technology,https://media.set.or.th/set/Documents/2021/Dec/SET50_100_H2_2018.pdf,SET50_100_H2_2018.pdf
TTW,TTW.BK,TTW PCL. Energy & Utilities,https://media.set.or.th/set/Documents/2021/Dec/SET50_100_H2_2018.pdf,SET50_100_H2_2018.pdf
TU,TU.BK,THAI UNION GROUP PCL. Food & Beverage,https://media.set.or.th/set/Documents/2021/Dec/SET50_100_H2_2018.pdf,SET50_100_H2_2018.pdf
TVO,TVO.BK,THAI VEGETABLE OIL PCL. Food & Beverage,https://media.set.or.th/set/Documents/2021/Dec/SET50_100_H2_2018.pdf,SET50_100_H2_2018.pdf
UV,UV.BK,UNIVENTURES PCL. Property Development,https://media.set.or.th/set/Documents/2021/Dec/SET50_100_H2_2018.pdf,SET50_100_H2_2018.pdf
WHA,WHA.BK,WHA CORPORATION PCL. Property Development,https://media.set.or.th/set/Documents/2021/Dec/SET50_100_H2_2018.pdf,SET50_100_H2_2018.pdf
WHAUP,WHAUP.BK,WHA UTILITIES AND POWER PCL. Energy & Utilities,https://media.set.or.th/set/Documents/2021/Dec/SET50_100_H2_2018.pdf,SET50_100_H2_2018.pdf
WORK,WORK.BK,WORKPOINT ENTERTAINMENT PCL. Media & Publishing,https://media.set.or.th/set/Documents/2021/Dec/SET50_100_H2_2018.pdf,SET50_100_H2_2018.pdf
AAV,AAV.BK,ASIA AVIATION PCL Transportation & Logistics,https://media.set.or.th/set/Documents/2021/Dec/SET50_100_H1_2018.pdf,SET50_100_H1_2018.pdf
ADVANC,ADVANC.BK,ADVANCED INFO SERVICE PCL Information & Communication Technology,https://media.set.or.th/set/Documents/2021/Dec/SET50_100_H1_2018.pdf,SET50_100_H1_2018.pdf
AMATA,AMATA.BK,AMATA CORPORATION PCL Property Development,https://media.set.or.th/set/Documents/2021/Dec/SET50_100_H1_2018.pdf,SET50_100_H1_2018.pdf
ANAN,ANAN.BK,ANANDA DEVELOPMENT PCL Property Development,https://media.set.or.th/set/Documents/2021/Dec/SET50_100_H1_2018.pdf,SET50_100_H1_2018.pdf
AOT,AOT.BK,AIRPORTS OF THAILAND PCL Transportation & Logistics,https://media.set.or.th/set/Documents/2021/Dec/SET50_100_H1_2018.pdf,SET50_100_H1_2018.pdf
AP,AP.BK,AP (THAILAND) PCL Property Development,https://media.set.or.th/set/Documents/2021/Dec/SET50_100_H1_2018.pdf,SET50_100_H1_2018.pdf
BA,BA.BK,BANGKOK AIRWAYS PCL Transportation & Logistics,https://media.set.or.th/set/Documents/2021/Dec/SET50_100_H1_2018.pdf,SET50_100_H1_2018.pdf
BANPU,BANPU.BK,BANPU PCL Energy & Utilities,https://media.set.or.th/set/Documents/2021/Dec/SET50_100_H1_2018.pdf,SET50_100_H1_2018.pdf
BBL,BBL.BK,BANGKOK BANK PCL Banking,https://media.set.or.th/set/Documents/2021/Dec/SET50_100_H1_2018.pdf,SET50_100_H1_2018.pdf
BCH,BCH.BK,BANGKOK CHAIN HOSPITAL PCL Health Care Services,https://media.set.or.th/set/Documents/2021/Dec/SET50_100_H1_2018.pdf,SET50_100_H1_2018.pdf
BCP,BCP.BK,BANGCHAK CORPORATION PCL Energy & Utilities,https://media.set.or.th/set/Documents/2021/Dec/SET50_100_H1_2018.pdf,SET50_100_H1_2018.pdf
BCPG,BCPG.BK,BCPG PCL Energy & Utilities,https://media.set.or.th/set/Documents/2021/Dec/SET50_100_H1_2018.pdf,SET50_100_H1_2018.pdf
BDMS,BDMS.BK,BANGKOK DUSIT MEDICAL SERVICES PCL Health Care Services,https://media.set.or.th/set/Documents/2021/Dec/SET50_100_H1_2018.pdf,SET50_100_H1_2018.pdf
BEAUTY,BEAUTY.BK,BEAUTY COMMUNITY PCL Commerce,https://media.set.or.th/set/Documents/2021/Dec/SET50_100_H1_2018.pdf,SET50_100_H1_2018.pdf
BEC,BEC.BK,BEC WORLD PCL Media & Publishing,https://media.set.or.th/set/Documents/2021/Dec/SET50_100_H1_2018.pdf,SET50_100_H1_2018.pdf
BEM,BEM.BK,BANGKOK EXPRESSWAY AND METRO  PCL Transportation & Logistics,https://media.set.or.th/set/Documents/2021/Dec/SET50_100_H1_2018.pdf,SET50_100_H1_2018.pdf
BH,BH.BK,BUMRUNGRAD HOSPITAL PCL Health Care Services,https://media.set.or.th/set/Documents/2021/Dec/SET50_100_H1_2018.pdf,SET50_100_H1_2018.pdf
BIG,BIG.BK,BIG CAMERA CORPORATION PCL Commerce,https://media.set.or.th/set/Documents/2021/Dec/SET50_100_H1_2018.pdf,SET50_100_H1_2018.pdf
BJC,BJC.BK,BERLI JUCKER PCL Commerce,https://media.set.or.th/set/Documents/2021/Dec/SET50_100_H1_2018.pdf,SET50_100_H1_2018.pdf
BLAND,BLAND.BK,BANGKOK LAND PCL Property Development,https://media.set.or.th/set/Documents/2021/Dec/SET50_100_H1_2018.pdf,SET50_100_H1_2018.pdf
BPP,BPP.BK,BANPU POWER PCL Energy & Utilities,https://media.set.or.th/set/Documents/2021/Dec/SET50_100_H1_2018.pdf,SET50_100_H1_2018.pdf
BTS,BTS.BK,BTS GROUP HOLDINGS PCL Transportation & Logistics,https://media.set.or.th/set/Documents/2021/Dec/SET50_100_H1_2018.pdf,SET50_100_H1_2018.pdf
CBG,CBG.BK,CARABAO GROUP PCL Food & Beverage,https://media.set.or.th/set/Documents/2021/Dec/SET50_100_H1_2018.pdf,SET50_100_H1_2018.pdf
CENTEL,CENTEL.BK,CENTRAL PLAZA HOTEL PCL Tourism & Leisure,https://media.set.or.th/set/Documents/2021/Dec/SET50_100_H1_2018.pdf,SET50_100_H1_2018.pdf
CHG,CHG.BK,CHULARAT HOSPITAL PCL Health Care Services,https://media.set.or.th/set/Documents/2021/Dec/SET50_100_H1_2018.pdf,SET50_100_H1_2018.pdf
CK,CK.BK,CH. KARNCHANG PCL Construction Services,https://media.set.or.th/set/Documents/2021/Dec/SET50_100_H1_2018.pdf,SET50_100_H1_2018.pdf
CKP,CKP.BK,CK POWER PCL Energy & Utilities,https://media.set.or.th/set/Documents/2021/Dec/SET50_100_H1_2018.pdf,SET50_100_H1_2018.pdf
COM7,COM7.BK,COM7 PCL Commerce,https://media.set.or.th/set/Documents/2021/Dec/SET50_100_H1_2018.pdf,SET50_100_H1_2018.pdf
CPALL,CPALL.BK,CP ALL PCL Commerce,https://media.set.or.th/set/Documents/2021/Dec/SET50_100_H1_2018.pdf,SET50_100_H1_2018.pdf
CPF,CPF.BK,CHAROEN POKPHAND FOODS PCL Food & Beverage,https://media.set.or.th/set/Documents/2021/Dec/SET50_100_H1_2018.pdf,SET50_100_H1_2018.pdf
CPN,CPN.BK,CENTRAL PATTANA PCL Property Development,https://media.set.or.th/set/Documents/2021/Dec/SET50_100_H1_2018.pdf,SET50_100_H1_2018.pdf
DTAC,DTAC.BK,TOTAL ACCESS COMMUNICATION PCL Information & Communication Technology,https://media.set.or.th/set/Documents/2021/Dec/SET50_100_H1_2018.pdf,SET50_100_H1_2018.pdf
EA,EA.BK,ENERGY ABSOLUTE PCL Energy & Utilities,https://media.set.or.th/set/Documents/2021/Dec/SET50_100_H1_2018.pdf,SET50_100_H1_2018.pdf
EGCO,EGCO.BK,ELECTRICITY GENERATING PCL Energy & Utilities,https://media.set.or.th/set/Documents/2021/Dec/SET50_100_H1_2018.pdf,SET50_100_H1_2018.pdf
EPG,EPG.BK,EASTERN POLYMER GROUP PCL Construction Materials,https://media.set.or.th/set/Documents/2021/Dec/SET50_100_H1_2018.pdf,SET50_100_H1_2018.pdf
ESSO,ESSO.BK,ESSO (THAILAND) PCL Energy & Utilities,https://media.set.or.th/set/Documents/2021/Dec/SET50_100_H1_2018.pdf,SET50_100_H1_2018.pdf
GFPT,GFPT.BK,GFPT PCL Agribusiness,https://media.set.or.th/set/Documents/2021/Dec/SET50_100_H1_2018.pdf,SET50_100_H1_2018.pdf
GGC,GGC.BK,GLOBAL GREEN CHEMICALS PCL Petrochemicals & Chemicals,https://media.set.or.th/set/Documents/2021/Dec/SET50_100_H1_2018.pdf,SET50_100_H1_2018.pdf
GLOBAL,GLOBAL.BK,SIAM GLOBAL HOUSE PCL Commerce,https://media.set.or.th/set/Documents/2021/Dec/SET50_100_H1_2018.pdf,SET50_100_H1_2018.pdf
GPSC,GPSC.BK,GLOBAL POWER SYNERGY PCL Energy & Utilities,https://media.set.or.th/set/Documents/2021/Dec/SET50_100_H1_2018.pdf,SET50_100_H1_2018.pdf
GUNKUL,GUNKUL.BK,GUNKUL ENGINEERING PCL Energy & Utilities,https://media.set.or.th/set/Documents/2021/Dec/SET50_100_H1_2018.pdf,SET50_100_H1_2018.pdf
HANA,HANA.BK,HANA MICROELECTRONICS PCL Electronic Components,https://media.set.or.th/set/Documents/2021/Dec/SET50_100_H1_2018.pdf,SET50_100_H1_2018.pdf
HMPRO,HMPRO.BK,HOME PRODUCT CENTER PCL Commerce,https://media.set.or.th/set/Documents/2021/Dec/SET50_100_H1_2018.pdf,SET50_100_H1_2018.pdf
INTUCH,INTUCH.BK,INTOUCH HOLDINGS PCL Information & Communication Technology,https://media.set.or.th/set/Documents/2021/Dec/SET50_100_H1_2018.pdf,SET50_100_H1_2018.pdf
IRPC,IRPC.BK,IRPC PCL Energy & Utilities,https://media.set.or.th/set/Documents/2021/Dec/SET50_100_H1_2018.pdf,SET50_100_H1_2018.pdf
ITD,ITD.BK,ITALIAN-THAI DEVELOPMENT PCL Construction Services,https://media.set.or.th/set/Documents/2021/Dec/SET50_100_H1_2018.pdf,SET50_100_H1_2018.pdf
IVL,IVL.BK,INDORAMA VENTURES PCL Petrochemicals & Chemicals,https://media.set.or.th/set/Documents/2021/Dec/SET50_100_H1_2018.pdf,SET50_100_H1_2018.pdf
JMART,JMART.BK,JAY MART PCL Information & Communication Technology,https://media.set.or.th/set/Documents/2021/Dec/SET50_100_H1_2018.pdf,SET50_100_H1_2018.pdf
JWD,JWD.BK,JWD INFOLOGISTICS PCL Transportation & Logistics Reserve list of SET100,https://media.set.or.th/set/Documents/2021/Dec/SET50_100_H1_2018.pdf,SET50_100_H1_2018.pdf
KBANK,KBANK.BK,KASIKORNBANK PCL Banking,https://media.set.or.th/set/Documents/2021/Dec/SET50_100_H1_2018.pdf,SET50_100_H1_2018.pdf
KCE,KCE.BK,KCE ELECTRONICS PCL Electronic Components,https://media.set.or.th/set/Documents/2021/Dec/SET50_100_H1_2018.pdf,SET50_100_H1_2018.pdf
KKP,KKP.BK,KIATNAKIN BANK PCL Banking,https://media.set.or.th/set/Documents/2021/Dec/SET50_100_H1_2018.pdf,SET50_100_H1_2018.pdf
KTB,KTB.BK,KRUNG THAI BANK PCL Banking,https://media.set.or.th/set/Documents/2021/Dec/SET50_100_H1_2018.pdf,SET50_100_H1_2018.pdf
KTC,KTC.BK,KRUNGTHAI CARD PCL Finance & Securities,https://media.set.or.th/set/Documents/2021/Dec/SET50_100_H1_2018.pdf,SET50_100_H1_2018.pdf
LH,LH.BK,LAND AND HOUSES PCL Property Development,https://media.set.or.th/set/Documents/2021/Dec/SET50_100_H1_2018.pdf,SET50_100_H1_2018.pdf
LPN,LPN.BK,L.P.N. DEVELOPMENT PCL Property Development,https://media.set.or.th/set/Documents/2021/Dec/SET50_100_H1_2018.pdf,SET50_100_H1_2018.pdf
MAJOR,MAJOR.BK,MAJOR CINEPLEX GROUP PCL Media & Publishing,https://media.set.or.th/set/Documents/2021/Dec/SET50_100_H1_2018.pdf,SET50_100_H1_2018.pdf
MC,MC.BK,MC GROUP PCL Commerce,https://media.set.or.th/set/Documents/2021/Dec/SET50_100_H1_2018.pdf,SET50_100_H1_2018.pdf
MEGA,MEGA.BK,MEGA LIFESCIENCES PCL Commerce,https://media.set.or.th/set/Documents/2021/Dec/SET50_100_H1_2018.pdf,SET50_100_H1_2018.pdf
MINT,MINT.BK,MINOR INTERNATIONAL PCL Food & Beverage,https://media.set.or.th/set/Documents/2021/Dec/SET50_100_H1_2018.pdf,SET50_100_H1_2018.pdf
MONO,MONO.BK,MONO TECHNOLOGY PCL Media & Publishing,https://media.set.or.th/set/Documents/2021/Dec/SET50_100_H1_2018.pdf,SET50_100_H1_2018.pdf
MTLS,MTLS.BK,MUANGTHAI LEASING PCL Finance & Securities,https://media.set.or.th/set/Documents/2021/Dec/SET50_100_H1_2018.pdf,SET50_100_H1_2018.pdf
ORI,ORI.BK,ORIGIN PROPERTY PCL Property Development,https://media.set.or.th/set/Documents/2021/Dec/SET50_100_H1_2018.pdf,SET50_100_H1_2018.pdf
PSH,PSH.BK,PRUKSA HOLDING PCL Property Development,https://media.set.or.th/set/Documents/2021/Dec/SET50_100_H1_2018.pdf,SET50_100_H1_2018.pdf
PSL,PSL.BK,PRECIOUS SHIPPING PCL Transportation & Logistics,https://media.set.or.th/set/Documents/2021/Dec/SET50_100_H1_2018.pdf,SET50_100_H1_2018.pdf
PTG,PTG.BK,PTG ENERGY PCL Energy & Utilities,https://media.set.or.th/set/Documents/2021/Dec/SET50_100_H1_2018.pdf,SET50_100_H1_2018.pdf
PTT,PTT.BK,PTT PCL Energy & Utilities,https://media.set.or.th/set/Documents/2021/Dec/SET50_100_H1_2018.pdf,SET50_100_H1_2018.pdf
PTTEP,PTTEP.BK,PTT EXPLORATION AND PRODUCTION PCL Energy & Utilities,https://media.set.or.th/set/Documents/2021/Dec/SET50_100_H1_2018.pdf,SET50_100_H1_2018.pdf
PTTGC,PTTGC.BK,PTT GLOBAL CHEMICAL PCL Petrochemicals & Chemicals,https://media.set.or.th/set/Documents/2021/Dec/SET50_100_H1_2018.pdf,SET50_100_H1_2018.pdf
QH,QH.BK,QUALITY HOUSES PCL Property Development,https://media.set.or.th/set/Documents/2021/Dec/SET50_100_H1_2018.pdf,SET50_100_H1_2018.pdf
ROBINS,ROBINS.BK,ROBINSON PCL Commerce,https://media.set.or.th/set/Documents/2021/Dec/SET50_100_H1_2018.pdf,SET50_100_H1_2018.pdf
SAWAD,SAWAD.BK,SRISAWAD CORPORATION PCL Finance & Securities,https://media.set.or.th/set/Documents/2021/Dec/SET50_100_H1_2018.pdf,SET50_100_H1_2018.pdf
SCB,SCB.BK,THE SIAM COMMERCIAL BANK PCL Banking,https://media.set.or.th/set/Documents/2021/Dec/SET50_100_H1_2018.pdf,SET50_100_H1_2018.pdf
SCC,SCC.BK,THE SIAM CEMENT PCL Construction Materials,https://media.set.or.th/set/Documents/2021/Dec/SET50_100_H1_2018.pdf,SET50_100_H1_2018.pdf
SGP,SGP.BK,SIAMGAS AND PETROCHEMICALS PCL Energy & Utilities,https://media.set.or.th/set/Documents/2021/Dec/SET50_100_H1_2018.pdf,SET50_100_H1_2018.pdf
SIRI,SIRI.BK,SANSIRI PCL Property Development,https://media.set.or.th/set/Documents/2021/Dec/SET50_100_H1_2018.pdf,SET50_100_H1_2018.pdf
SPALI,SPALI.BK,SUPALAI PCL Property Development,https://media.set.or.th/set/Documents/2021/Dec/SET50_100_H1_2018.pdf,SET50_100_H1_2018.pdf
SPRC,SPRC.BK,STAR PETROLEUM REFINING PCL Energy & Utilities,https://media.set.or.th/set/Documents/2021/Dec/SET50_100_H1_2018.pdf,SET50_100_H1_2018.pdf
STA,STA.BK,SRI TRANG AGRO-INDUSTRY PCL Agribusiness,https://media.set.or.th/set/Documents/2021/Dec/SET50_100_H1_2018.pdf,SET50_100_H1_2018.pdf
STEC,STEC.BK,SINO-THAI ENGINEERING AND CONSTRUCTION PCL Construction Services,https://media.set.or.th/set/Documents/2021/Dec/SET50_100_H1_2018.pdf,SET50_100_H1_2018.pdf
SUPER,SUPER.BK,SUPERBLOCK PCL Energy & Utilities,https://media.set.or.th/set/Documents/2021/Dec/SET50_100_H1_2018.pdf,SET50_100_H1_2018.pdf
TASCO,TASCO.BK,TIPCO ASPHALT PCL Construction Materials,https://media.set.or.th/set/Documents/2021/Dec/SET50_100_H1_2018.pdf,SET50_100_H1_2018.pdf
TCAP,TCAP.BK,THANACHART CAPITAL PCL Banking,https://media.set.or.th/set/Documents/2021/Dec/SET50_100_H1_2018.pdf,SET50_100_H1_2018.pdf
THAI,THAI.BK,THAI AIRWAYS INTERNATIONAL PCL Transportation & Logistics,https://media.set.or.th/set/Documents/2021/Dec/SET50_100_H1_2018.pdf,SET50_100_H1_2018.pdf
THCOM,THCOM.BK,THAICOM PCL Information & Communication Technology,https://media.set.or.th/set/Documents/2021/Dec/SET50_100_H1_2018.pdf,SET50_100_H1_2018.pdf
TISCO,TISCO.BK,TISCO FINANCIAL GROUP PCL Banking,https://media.set.or.th/set/Documents/2021/Dec/SET50_100_H1_2018.pdf,SET50_100_H1_2018.pdf
TKN,TKN.BK,TAOKAENOI FOOD & MARKETING PCL Food & Beverage,https://media.set.or.th/set/Documents/2021/Dec/SET50_100_H1_2018.pdf,SET50_100_H1_2018.pdf
TMB,TMB.BK,TMB BANK PCL Banking,https://media.set.or.th/set/Documents/2021/Dec/SET50_100_H1_2018.pdf,SET50_100_H1_2018.pdf
TOP,TOP.BK,THAI OIL PCL Energy & Utilities,https://media.set.or.th/set/Documents/2021/Dec/SET50_100_H1_2018.pdf,SET50_100_H1_2018.pdf
TPIPL,TPIPL.BK,TPI POLENE PCL Construction Materials,https://media.set.or.th/set/Documents/2021/Dec/SET50_100_H1_2018.pdf,SET50_100_H1_2018.pdf
TPIPP,TPIPP.BK,TPI POLENE POWER PCL Energy & Utilities,https://media.set.or.th/set/Documents/2021/Dec/SET50_100_H1_2018.pdf,SET50_100_H1_2018.pdf
TRUE,TRUE.BK,TRUE CORPORATION PCL Information & Communication Technology,https://media.set.or.th/set/Documents/2021/Dec/SET50_100_H1_2018.pdf,SET50_100_H1_2018.pdf
TTA,TTA.BK,THORESEN THAI AGENCIES PCL Transportation & Logistics,https://media.set.or.th/set/Documents/2021/Dec/SET50_100_H1_2018.pdf,SET50_100_H1_2018.pdf
TU,TU.BK,THAI UNION GROUP PCL Food & Beverage,https://media.set.or.th/set/Documents/2021/Dec/SET50_100_H1_2018.pdf,SET50_100_H1_2018.pdf
TVO,TVO.BK,THAI VEGETABLE OIL PCL Food & Beverage,https://media.set.or.th/set/Documents/2021/Dec/SET50_100_H1_2018.pdf,SET50_100_H1_2018.pdf
UNIQ,UNIQ.BK,UNIQUE ENGINEERING AND CONSTRUCTION PCL Construction Services,https://media.set.or.th/set/Documents/2021/Dec/SET50_100_H1_2018.pdf,SET50_100_H1_2018.pdf
UV,UV.BK,UNIVENTURES PCL Property Development,https://media.set.or.th/set/Documents/2021/Dec/SET50_100_H1_2018.pdf,SET50_100_H1_2018.pdf
WHA,WHA.BK,WHA CORPORATION PCL Property Development,https://media.set.or.th/set/Documents/2021/Dec/SET50_100_H1_2018.pdf,SET50_100_H1_2018.pdf
WHAUP,WHAUP.BK,WHA UTILITIES AND POWER PCL Energy & Utilities,https://media.set.or.th/set/Documents/2021/Dec/SET50_100_H1_2018.pdf,SET50_100_H1_2018.pdf
WORK,WORK.BK,WORKPOINT ENTERTAINMENT PCL Media & Publishing,https://media.set.or.th/set/Documents/2021/Dec/SET50_100_H1_2018.pdf,SET50_100_H1_2018.pdf
AAV,AAV.BK,ASIA AVIATION PCL Transportation & Logistics,https://media.set.or.th/set/Documents/2021/Dec/SET50_100_H2_2017.pdf,SET50_100_H2_2017.pdf
ADVANC,ADVANC.BK,ADVANCED INFO SERVICE PCL Information & Communication Technology,https://media.set.or.th/set/Documents/2021/Dec/SET50_100_H2_2017.pdf,SET50_100_H2_2017.pdf
AMATA,AMATA.BK,AMATA CORPORATION PCL Property Development,https://media.set.or.th/set/Documents/2021/Dec/SET50_100_H2_2017.pdf,SET50_100_H2_2017.pdf
ANAN,ANAN.BK,ANANDA DEVELOPMENT PCL Property Development,https://media.set.or.th/set/Documents/2021/Dec/SET50_100_H2_2017.pdf,SET50_100_H2_2017.pdf
AOT,AOT.BK,AIRPORTS OF THAILAND PCL Transportation & Logistics,https://media.set.or.th/set/Documents/2021/Dec/SET50_100_H2_2017.pdf,SET50_100_H2_2017.pdf
AP,AP.BK,AP (THAILAND) PCL Property Development,https://media.set.or.th/set/Documents/2021/Dec/SET50_100_H2_2017.pdf,SET50_100_H2_2017.pdf
BA,BA.BK,BANGKOK AIRWAYS PCL Transportation & Logistics,https://media.set.or.th/set/Documents/2021/Dec/SET50_100_H2_2017.pdf,SET50_100_H2_2017.pdf
BANPU,BANPU.BK,BANPU PCL Energy & Utilities,https://media.set.or.th/set/Documents/2021/Dec/SET50_100_H2_2017.pdf,SET50_100_H2_2017.pdf
BBL,BBL.BK,BANGKOK BANK PCL Banking,https://media.set.or.th/set/Documents/2021/Dec/SET50_100_H2_2017.pdf,SET50_100_H2_2017.pdf
BCH,BCH.BK,BANGKOK CHAIN HOSPITAL PCL Health Care Services,https://media.set.or.th/set/Documents/2021/Dec/SET50_100_H2_2017.pdf,SET50_100_H2_2017.pdf
BCP,BCP.BK,BANGCHAK CORPORATION PCL Energy & Utilities,https://media.set.or.th/set/Documents/2021/Dec/SET50_100_H2_2017.pdf,SET50_100_H2_2017.pdf
BCPG,BCPG.BK,BCPG PCL Energy & Utilities,https://media.set.or.th/set/Documents/2021/Dec/SET50_100_H2_2017.pdf,SET50_100_H2_2017.pdf
BDMS,BDMS.BK,BANGKOK DUSIT MEDICAL SERVICES PCL Health Care Services,https://media.set.or.th/set/Documents/2021/Dec/SET50_100_H2_2017.pdf,SET50_100_H2_2017.pdf
BEAUTY,BEAUTY.BK,BEAUTY COMMUNITY PCL Commerce,https://media.set.or.th/set/Documents/2021/Dec/SET50_100_H2_2017.pdf,SET50_100_H2_2017.pdf
BEC,BEC.BK,BEC WORLD PCL Media & Publishing,https://media.set.or.th/set/Documents/2021/Dec/SET50_100_H2_2017.pdf,SET50_100_H2_2017.pdf
BEM,BEM.BK,BANGKOK EXPRESSWAY AND METRO  PCL Transportation & Logistics,https://media.set.or.th/set/Documents/2021/Dec/SET50_100_H2_2017.pdf,SET50_100_H2_2017.pdf
BH,BH.BK,BUMRUNGRAD HOSPITAL PCL Health Care Services,https://media.set.or.th/set/Documents/2021/Dec/SET50_100_H2_2017.pdf,SET50_100_H2_2017.pdf
BIG,BIG.BK,BIG CAMERA CORPORATION PCL Commerce,https://media.set.or.th/set/Documents/2021/Dec/SET50_100_H2_2017.pdf,SET50_100_H2_2017.pdf
BJC,BJC.BK,BERLI JUCKER PCL Commerce,https://media.set.or.th/set/Documents/2021/Dec/SET50_100_H2_2017.pdf,SET50_100_H2_2017.pdf
BLA,BLA.BK,BANGKOK LIFE ASSURANCE PCL Insurance,https://media.set.or.th/set/Documents/2021/Dec/SET50_100_H2_2017.pdf,SET50_100_H2_2017.pdf
BLAND,BLAND.BK,BANGKOK LAND PCL Property Development,https://media.set.or.th/set/Documents/2021/Dec/SET50_100_H2_2017.pdf,SET50_100_H2_2017.pdf
BPP,BPP.BK,BANPU POWER PCL Energy & Utilities,https://media.set.or.th/set/Documents/2021/Dec/SET50_100_H2_2017.pdf,SET50_100_H2_2017.pdf
BTS,BTS.BK,BTS GROUP HOLDINGS PCL Transportation & Logistics,https://media.set.or.th/set/Documents/2021/Dec/SET50_100_H2_2017.pdf,SET50_100_H2_2017.pdf
CBG,CBG.BK,CARABAO GROUP PCL Food & Beverage,https://media.set.or.th/set/Documents/2021/Dec/SET50_100_H2_2017.pdf,SET50_100_H2_2017.pdf
CENTEL,CENTEL.BK,CENTRAL PLAZA HOTEL PCL Tourism & Leisure,https://media.set.or.th/set/Documents/2021/Dec/SET50_100_H2_2017.pdf,SET50_100_H2_2017.pdf
CHG,CHG.BK,CHULARAT HOSPITAL PCL Health Care Services,https://media.set.or.th/set/Documents/2021/Dec/SET50_100_H2_2017.pdf,SET50_100_H2_2017.pdf
CK,CK.BK,CH. KARNCHANG PCL Construction Services,https://media.set.or.th/set/Documents/2021/Dec/SET50_100_H2_2017.pdf,SET50_100_H2_2017.pdf
CKP,CKP.BK,CK POWER PCL Energy & Utilities,https://media.set.or.th/set/Documents/2021/Dec/SET50_100_H2_2017.pdf,SET50_100_H2_2017.pdf
COM7,COM7.BK,COM7 PCL Commerce,https://media.set.or.th/set/Documents/2021/Dec/SET50_100_H2_2017.pdf,SET50_100_H2_2017.pdf
CPALL,CPALL.BK,CP ALL PCL Commerce,https://media.set.or.th/set/Documents/2021/Dec/SET50_100_H2_2017.pdf,SET50_100_H2_2017.pdf
CPF,CPF.BK,CHAROEN POKPHAND FOODS PCL Food & Beverage,https://media.set.or.th/set/Documents/2021/Dec/SET50_100_H2_2017.pdf,SET50_100_H2_2017.pdf
CPN,CPN.BK,CENTRAL PATTANA PCL Property Development,https://media.set.or.th/set/Documents/2021/Dec/SET50_100_H2_2017.pdf,SET50_100_H2_2017.pdf
DELTA,DELTA.BK,DELTA ELECTRONICS (THAILAND) PCL Electronic Components,https://media.set.or.th/set/Documents/2021/Dec/SET50_100_H2_2017.pdf,SET50_100_H2_2017.pdf
DTAC,DTAC.BK,TOTAL ACCESS COMMUNICATION PCL Information & Communication Technology,https://media.set.or.th/set/Documents/2021/Dec/SET50_100_H2_2017.pdf,SET50_100_H2_2017.pdf
EA,EA.BK,ENERGY ABSOLUTE PCL Energy & Utilities,https://media.set.or.th/set/Documents/2021/Dec/SET50_100_H2_2017.pdf,SET50_100_H2_2017.pdf
EGCO,EGCO.BK,ELECTRICITY GENERATING PCL Energy & Utilities,https://media.set.or.th/set/Documents/2021/Dec/SET50_100_H2_2017.pdf,SET50_100_H2_2017.pdf
EPG,EPG.BK,EASTERN POLYMER GROUP PCL Construction Materials,https://media.set.or.th/set/Documents/2021/Dec/SET50_100_H2_2017.pdf,SET50_100_H2_2017.pdf
GFPT,GFPT.BK,GFPT PCL Agribusiness,https://media.set.or.th/set/Documents/2021/Dec/SET50_100_H2_2017.pdf,SET50_100_H2_2017.pdf
GLOBAL,GLOBAL.BK,SIAM GLOBAL HOUSE PCL Commerce,https://media.set.or.th/set/Documents/2021/Dec/SET50_100_H2_2017.pdf,SET50_100_H2_2017.pdf
GLOW,GLOW.BK,GLOW ENERGY PCL Energy & Utilities,https://media.set.or.th/set/Documents/2021/Dec/SET50_100_H2_2017.pdf,SET50_100_H2_2017.pdf
GPSC,GPSC.BK,GLOBAL POWER SYNERGY PCL Energy & Utilities,https://media.set.or.th/set/Documents/2021/Dec/SET50_100_H2_2017.pdf,SET50_100_H2_2017.pdf
GUNKUL,GUNKUL.BK,GUNKUL ENGINEERING PCL Energy & Utilities,https://media.set.or.th/set/Documents/2021/Dec/SET50_100_H2_2017.pdf,SET50_100_H2_2017.pdf
HMPRO,HMPRO.BK,HOME PRODUCT CENTER PCL Commerce,https://media.set.or.th/set/Documents/2021/Dec/SET50_100_H2_2017.pdf,SET50_100_H2_2017.pdf
INTUCH,INTUCH.BK,INTOUCH HOLDINGS PCL Information & Communication Technology,https://media.set.or.th/set/Documents/2021/Dec/SET50_100_H2_2017.pdf,SET50_100_H2_2017.pdf
IRPC,IRPC.BK,IRPC PCL Energy & Utilities,https://media.set.or.th/set/Documents/2021/Dec/SET50_100_H2_2017.pdf,SET50_100_H2_2017.pdf
ITD,ITD.BK,ITALIAN-THAI DEVELOPMENT PCL Construction Services,https://media.set.or.th/set/Documents/2021/Dec/SET50_100_H2_2017.pdf,SET50_100_H2_2017.pdf
IVL,IVL.BK,INDORAMA VENTURES PCL Petrochemicals & Chemicals,https://media.set.or.th/set/Documents/2021/Dec/SET50_100_H2_2017.pdf,SET50_100_H2_2017.pdf
KBANK,KBANK.BK,KASIKORNBANK PCL Banking,https://media.set.or.th/set/Documents/2021/Dec/SET50_100_H2_2017.pdf,SET50_100_H2_2017.pdf
KCE,KCE.BK,KCE ELECTRONICS PCL Electronic Components Reserve list of SET100,https://media.set.or.th/set/Documents/2021/Dec/SET50_100_H2_2017.pdf,SET50_100_H2_2017.pdf
KKP,KKP.BK,KIATNAKIN BANK PCL Banking,https://media.set.or.th/set/Documents/2021/Dec/SET50_100_H2_2017.pdf,SET50_100_H2_2017.pdf
KTB,KTB.BK,KRUNG THAI BANK PCL Banking,https://media.set.or.th/set/Documents/2021/Dec/SET50_100_H2_2017.pdf,SET50_100_H2_2017.pdf
KTC,KTC.BK,KRUNGTHAI CARD PCL Finance & Securities,https://media.set.or.th/set/Documents/2021/Dec/SET50_100_H2_2017.pdf,SET50_100_H2_2017.pdf
LH,LH.BK,LAND AND HOUSES PCL Property Development,https://media.set.or.th/set/Documents/2021/Dec/SET50_100_H2_2017.pdf,SET50_100_H2_2017.pdf
LHBANK,LHBANK.BK,LH FINANCIAL GROUP PCL Banking,https://media.set.or.th/set/Documents/2021/Dec/SET50_100_H2_2017.pdf,SET50_100_H2_2017.pdf
LPN,LPN.BK,L.P.N. DEVELOPMENT PCL Property Development,https://media.set.or.th/set/Documents/2021/Dec/SET50_100_H2_2017.pdf,SET50_100_H2_2017.pdf
MAJOR,MAJOR.BK,MAJOR CINEPLEX GROUP PCL Media & Publishing,https://media.set.or.th/set/Documents/2021/Dec/SET50_100_H2_2017.pdf,SET50_100_H2_2017.pdf
MALEE,MALEE.BK,MALEE GROUP PCL Food & Beverage,https://media.set.or.th/set/Documents/2021/Dec/SET50_100_H2_2017.pdf,SET50_100_H2_2017.pdf
MEGA,MEGA.BK,MEGA LIFESCIENCES PCL Commerce,https://media.set.or.th/set/Documents/2021/Dec/SET50_100_H2_2017.pdf,SET50_100_H2_2017.pdf
MINT,MINT.BK,MINOR INTERNATIONAL PCL Food & Beverage,https://media.set.or.th/set/Documents/2021/Dec/SET50_100_H2_2017.pdf,SET50_100_H2_2017.pdf
MONO,MONO.BK,MONO TECHNOLOGY PCL Media & Publishing,https://media.set.or.th/set/Documents/2021/Dec/SET50_100_H2_2017.pdf,SET50_100_H2_2017.pdf
MTLS,MTLS.BK,MUANGTHAI LEASING PCL Finance & Securities,https://media.set.or.th/set/Documents/2021/Dec/SET50_100_H2_2017.pdf,SET50_100_H2_2017.pdf
PLANB,PLANB.BK,PLAN B MEDIA PCL Media & Publishing,https://media.set.or.th/set/Documents/2021/Dec/SET50_100_H2_2017.pdf,SET50_100_H2_2017.pdf
PSH,PSH.BK,PRUKSA HOLDING PCL Property Development,https://media.set.or.th/set/Documents/2021/Dec/SET50_100_H2_2017.pdf,SET50_100_H2_2017.pdf
PTG,PTG.BK,PTG ENERGY PCL Energy & Utilities,https://media.set.or.th/set/Documents/2021/Dec/SET50_100_H2_2017.pdf,SET50_100_H2_2017.pdf
PTL,PTL.BK,POLYPLEX (THAILAND) PCL Packaging,https://media.set.or.th/set/Documents/2021/Dec/SET50_100_H2_2017.pdf,SET50_100_H2_2017.pdf
PTT,PTT.BK,PTT PCL Energy & Utilities,https://media.set.or.th/set/Documents/2021/Dec/SET50_100_H2_2017.pdf,SET50_100_H2_2017.pdf
PTTEP,PTTEP.BK,PTT EXPLORATION AND PRODUCTION PCL Energy & Utilities,https://media.set.or.th/set/Documents/2021/Dec/SET50_100_H2_2017.pdf,SET50_100_H2_2017.pdf
PTTGC,PTTGC.BK,PTT GLOBAL CHEMICAL PCL Petrochemicals & Chemicals,https://media.set.or.th/set/Documents/2021/Dec/SET50_100_H2_2017.pdf,SET50_100_H2_2017.pdf
QH,QH.BK,QUALITY HOUSES PCL Property Development,https://media.set.or.th/set/Documents/2021/Dec/SET50_100_H2_2017.pdf,SET50_100_H2_2017.pdf
RATCH,RATCH.BK,RATCHABURI ELECTRICITY GENERATING HOLDING PCL Energy & Utilities,https://media.set.or.th/set/Documents/2021/Dec/SET50_100_H2_2017.pdf,SET50_100_H2_2017.pdf
ROBINS,ROBINS.BK,ROBINSON PCL Commerce,https://media.set.or.th/set/Documents/2021/Dec/SET50_100_H2_2017.pdf,SET50_100_H2_2017.pdf
S,S.BK,SINGHA ESTATE PCL Property Development,https://media.set.or.th/set/Documents/2021/Dec/SET50_100_H2_2017.pdf,SET50_100_H2_2017.pdf
SAWAD,SAWAD.BK,SRISAWAD POWER 1979 PCL Finance & Securities,https://media.set.or.th/set/Documents/2021/Dec/SET50_100_H2_2017.pdf,SET50_100_H2_2017.pdf
SCB,SCB.BK,THE SIAM COMMERCIAL BANK PCL Banking,https://media.set.or.th/set/Documents/2021/Dec/SET50_100_H2_2017.pdf,SET50_100_H2_2017.pdf
SCC,SCC.BK,THE SIAM CEMENT PCL Construction Materials,https://media.set.or.th/set/Documents/2021/Dec/SET50_100_H2_2017.pdf,SET50_100_H2_2017.pdf
SCCC,SCCC.BK,SIAM CITY CEMENT PCL Construction Materials,https://media.set.or.th/set/Documents/2021/Dec/SET50_100_H2_2017.pdf,SET50_100_H2_2017.pdf
SIRI,SIRI.BK,SANSIRI PCL Property Development,https://media.set.or.th/set/Documents/2021/Dec/SET50_100_H2_2017.pdf,SET50_100_H2_2017.pdf
SPALI,SPALI.BK,SUPALAI PCL Property Development,https://media.set.or.th/set/Documents/2021/Dec/SET50_100_H2_2017.pdf,SET50_100_H2_2017.pdf
SPRC,SPRC.BK,STAR PETROLEUM REFINING PCL Energy & Utilities,https://media.set.or.th/set/Documents/2021/Dec/SET50_100_H2_2017.pdf,SET50_100_H2_2017.pdf
STEC,STEC.BK,SINO-THAI ENGINEERING AND CONSTRUCTION PCL Construction Services,https://media.set.or.th/set/Documents/2021/Dec/SET50_100_H2_2017.pdf,SET50_100_H2_2017.pdf
STPI,STPI.BK,STP&I PCL Construction Services,https://media.set.or.th/set/Documents/2021/Dec/SET50_100_H2_2017.pdf,SET50_100_H2_2017.pdf
SUPER,SUPER.BK,SUPERBLOCK PCL Energy & Utilities,https://media.set.or.th/set/Documents/2021/Dec/SET50_100_H2_2017.pdf,SET50_100_H2_2017.pdf
TASCO,TASCO.BK,TIPCO ASPHALT PCL Construction Materials,https://media.set.or.th/set/Documents/2021/Dec/SET50_100_H2_2017.pdf,SET50_100_H2_2017.pdf
TCAP,TCAP.BK,THANACHART CAPITAL PCL Banking,https://media.set.or.th/set/Documents/2021/Dec/SET50_100_H2_2017.pdf,SET50_100_H2_2017.pdf
THAI,THAI.BK,THAI AIRWAYS INTERNATIONAL PCL Transportation & Logistics,https://media.set.or.th/set/Documents/2021/Dec/SET50_100_H2_2017.pdf,SET50_100_H2_2017.pdf
THANI,THANI.BK,RATCHTHANI LEASING PCL Finance & Securities,https://media.set.or.th/set/Documents/2021/Dec/SET50_100_H2_2017.pdf,SET50_100_H2_2017.pdf
THCOM,THCOM.BK,THAICOM PCL Information & Communication Technology,https://media.set.or.th/set/Documents/2021/Dec/SET50_100_H2_2017.pdf,SET50_100_H2_2017.pdf
TISCO,TISCO.BK,TISCO FINANCIAL GROUP PCL Banking,https://media.set.or.th/set/Documents/2021/Dec/SET50_100_H2_2017.pdf,SET50_100_H2_2017.pdf
TKN,TKN.BK,TAOKAENOI FOOD & MARKETING PCL Food & Beverage,https://media.set.or.th/set/Documents/2021/Dec/SET50_100_H2_2017.pdf,SET50_100_H2_2017.pdf
TMB,TMB.BK,TMB BANK PCL Banking,https://media.set.or.th/set/Documents/2021/Dec/SET50_100_H2_2017.pdf,SET50_100_H2_2017.pdf
TOP,TOP.BK,THAI OIL PCL Energy & Utilities,https://media.set.or.th/set/Documents/2021/Dec/SET50_100_H2_2017.pdf,SET50_100_H2_2017.pdf
TPIPL,TPIPL.BK,TPI POLENE PCL Construction Materials,https://media.set.or.th/set/Documents/2021/Dec/SET50_100_H2_2017.pdf,SET50_100_H2_2017.pdf
TRUE,TRUE.BK,TRUE CORPORATION PCL Information & Communication Technology,https://media.set.or.th/set/Documents/2021/Dec/SET50_100_H2_2017.pdf,SET50_100_H2_2017.pdf
TTA,TTA.BK,THORESEN THAI AGENCIES PCL Transportation & Logistics,https://media.set.or.th/set/Documents/2021/Dec/SET50_100_H2_2017.pdf,SET50_100_H2_2017.pdf
TU,TU.BK,THAI UNION GROUP PCL Food & Beverage,https://media.set.or.th/set/Documents/2021/Dec/SET50_100_H2_2017.pdf,SET50_100_H2_2017.pdf
TVO,TVO.BK,THAI VEGETABLE OIL PCL Food & Beverage,https://media.set.or.th/set/Documents/2021/Dec/SET50_100_H2_2017.pdf,SET50_100_H2_2017.pdf
UNIQ,UNIQ.BK,UNIQUE ENGINEERING AND CONSTRUCTION PCL Construction Services,https://media.set.or.th/set/Documents/2021/Dec/SET50_100_H2_2017.pdf,SET50_100_H2_2017.pdf
VGI,VGI.BK,VGI GLOBAL MEDIA PCL Media & Publishing,https://media.set.or.th/set/Documents/2021/Dec/SET50_100_H2_2017.pdf,SET50_100_H2_2017.pdf
WHA,WHA.BK,WHA CORPORATION PCL Property Development,https://media.set.or.th/set/Documents/2021/Dec/SET50_100_H2_2017.pdf,SET50_100_H2_2017.pdf
WORK,WORK.BK,WORKPOINT ENTERTAINMENT PCL Media & Publishing,https://media.set.or.th/set/Documents/2021/Dec/SET50_100_H2_2017.pdf,SET50_100_H2_2017.pdf
AAV,AAV.BK,ASIA AVIATION PCL. Transportation & Logistics,https://media.set.or.th/set/Documents/2021/Dec/SET50_100_H1_2017_v2.pdf,SET50_100_H1_2017_v2.pdf
ADVANC,ADVANC.BK,ADVANCED INFO SERVICE PCL. Information & Communication,https://media.set.or.th/set/Documents/2021/Dec/SET50_100_H1_2017_v2.pdf,SET50_100_H1_2017_v2.pdf
AMATA,AMATA.BK,AMATA CORPORATION PCL. Property Development,https://media.set.or.th/set/Documents/2021/Dec/SET50_100_H1_2017_v2.pdf,SET50_100_H1_2017_v2.pdf
AOT,AOT.BK,AIRPORTS OF THAILAND PCL. Transportation & Logistics,https://media.set.or.th/set/Documents/2021/Dec/SET50_100_H1_2017_v2.pdf,SET50_100_H1_2017_v2.pdf
AP,AP.BK,AP (THAILAND) PCL. Property Development,https://media.set.or.th/set/Documents/2021/Dec/SET50_100_H1_2017_v2.pdf,SET50_100_H1_2017_v2.pdf
BA,BA.BK,BANGKOK AIRWAYS PCL. Transportation & Logistics,https://media.set.or.th/set/Documents/2021/Dec/SET50_100_H1_2017_v2.pdf,SET50_100_H1_2017_v2.pdf
BANPU,BANPU.BK,BANPU PCL. Energy & Utilities,https://media.set.or.th/set/Documents/2021/Dec/SET50_100_H1_2017_v2.pdf,SET50_100_H1_2017_v2.pdf
BBL,BBL.BK,BANGKOK BANK PCL. Banking,https://media.set.or.th/set/Documents/2021/Dec/SET50_100_H1_2017_v2.pdf,SET50_100_H1_2017_v2.pdf
BCH,BCH.BK,BANGKOK CHAIN HOSPITAL PCL. Health Care Services,https://media.set.or.th/set/Documents/2021/Dec/SET50_100_H1_2017_v2.pdf,SET50_100_H1_2017_v2.pdf
BCP,BCP.BK,THE BANGCHAK PETROLEUM PCL. Energy & Utilities,https://media.set.or.th/set/Documents/2021/Dec/SET50_100_H1_2017_v2.pdf,SET50_100_H1_2017_v2.pdf
BDMS,BDMS.BK,BANGKOK DUSIT MEDICAL SERVICES PCL. Health Care Services,https://media.set.or.th/set/Documents/2021/Dec/SET50_100_H1_2017_v2.pdf,SET50_100_H1_2017_v2.pdf
BEAUTY,BEAUTY.BK,BEAUTY COMMUNITY PCL. Commerce,https://media.set.or.th/set/Documents/2021/Dec/SET50_100_H1_2017_v2.pdf,SET50_100_H1_2017_v2.pdf
BEC,BEC.BK,BEC WORLD PCL. Media & Publishing,https://media.set.or.th/set/Documents/2021/Dec/SET50_100_H1_2017_v2.pdf,SET50_100_H1_2017_v2.pdf
BEM,BEM.BK,BANGKOK EXPRESSWAY AND METRO  PCL. Transportation & Logistics,https://media.set.or.th/set/Documents/2021/Dec/SET50_100_H1_2017_v2.pdf,SET50_100_H1_2017_v2.pdf
BH,BH.BK,BUMRUNGRAD HOSPITAL PCL. Health Care Services,https://media.set.or.th/set/Documents/2021/Dec/SET50_100_H1_2017_v2.pdf,SET50_100_H1_2017_v2.pdf
BIG,BIG.BK,BIG CAMERA CORPORATION PCL. Commerce,https://media.set.or.th/set/Documents/2021/Dec/SET50_100_H1_2017_v2.pdf,SET50_100_H1_2017_v2.pdf
BLA,BLA.BK,BANGKOK LIFE ASSURANCE PCL. Insurance,https://media.set.or.th/set/Documents/2021/Dec/SET50_100_H1_2017_v2.pdf,SET50_100_H1_2017_v2.pdf
BLAND,BLAND.BK,BANGKOK LAND PCL. Property Development,https://media.set.or.th/set/Documents/2021/Dec/SET50_100_H1_2017_v2.pdf,SET50_100_H1_2017_v2.pdf
BTS,BTS.BK,BTS GROUP HOLDINGS PCL. Transportation & Logistics,https://media.set.or.th/set/Documents/2021/Dec/SET50_100_H1_2017_v2.pdf,SET50_100_H1_2017_v2.pdf
CBG,CBG.BK,CARABAO GROUP PCL. Food and Beverage,https://media.set.or.th/set/Documents/2021/Dec/SET50_100_H1_2017_v2.pdf,SET50_100_H1_2017_v2.pdf
CENTEL,CENTEL.BK,CENTRAL PLAZA HOTEL PCL. Tourism & Leisure,https://media.set.or.th/set/Documents/2021/Dec/SET50_100_H1_2017_v2.pdf,SET50_100_H1_2017_v2.pdf
CHG,CHG.BK,CHULARAT HOSPITAL PCL. Health Care Services,https://media.set.or.th/set/Documents/2021/Dec/SET50_100_H1_2017_v2.pdf,SET50_100_H1_2017_v2.pdf
CK,CK.BK,CH. KARNCHANG PCL. Construction Services,https://media.set.or.th/set/Documents/2021/Dec/SET50_100_H1_2017_v2.pdf,SET50_100_H1_2017_v2.pdf
CKP,CKP.BK,CK POWER PCL. Energy & Utilities,https://media.set.or.th/set/Documents/2021/Dec/SET50_100_H1_2017_v2.pdf,SET50_100_H1_2017_v2.pdf
COM7,COM7.BK,COM7 PCL. Commerce,https://media.set.or.th/set/Documents/2021/Dec/SET50_100_H1_2017_v2.pdf,SET50_100_H1_2017_v2.pdf
CPALL,CPALL.BK,CP ALL PCL. Commerce,https://media.set.or.th/set/Documents/2021/Dec/SET50_100_H1_2017_v2.pdf,SET50_100_H1_2017_v2.pdf
CPF,CPF.BK,CHAROEN POKPHAND FOODS PCL. Food and Beverage,https://media.set.or.th/set/Documents/2021/Dec/SET50_100_H1_2017_v2.pdf,SET50_100_H1_2017_v2.pdf
CPN,CPN.BK,CENTRAL PATTANA PCL. Property Development,https://media.set.or.th/set/Documents/2021/Dec/SET50_100_H1_2017_v2.pdf,SET50_100_H1_2017_v2.pdf
DELTA,DELTA.BK,DELTA ELECTRONICS (THAILAND) PCL. Electronic Components,https://media.set.or.th/set/Documents/2021/Dec/SET50_100_H1_2017_v2.pdf,SET50_100_H1_2017_v2.pdf
DTAC,DTAC.BK,TOTAL ACCESS COMMUNICATION PCL. Information & Communication,https://media.set.or.th/set/Documents/2021/Dec/SET50_100_H1_2017_v2.pdf,SET50_100_H1_2017_v2.pdf
EGCO,EGCO.BK,ELECTRICITY GENERATING PCL. Energy & Utilities,https://media.set.or.th/set/Documents/2021/Dec/SET50_100_H1_2017_v2.pdf,SET50_100_H1_2017_v2.pdf
EPG,EPG.BK,EASTERN POLYMER GROUP PCL. Construction Materials,https://media.set.or.th/set/Documents/2021/Dec/SET50_100_H1_2017_v2.pdf,SET50_100_H1_2017_v2.pdf
GLOBAL,GLOBAL.BK,SIAM GLOBAL HOUSE PCL. Commerce,https://media.set.or.th/set/Documents/2021/Dec/SET50_100_H1_2017_v2.pdf,SET50_100_H1_2017_v2.pdf
GLOW,GLOW.BK,GLOW ENERGY PCL. Energy & Utilities,https://media.set.or.th/set/Documents/2021/Dec/SET50_100_H1_2017_v2.pdf,SET50_100_H1_2017_v2.pdf
GPSC,GPSC.BK,GLOBAL POWER SYNERGY PCL. Energy & Utilities,https://media.set.or.th/set/Documents/2021/Dec/SET50_100_H1_2017_v2.pdf,SET50_100_H1_2017_v2.pdf
GUNKUL,GUNKUL.BK,GUNKUL ENGINEERING PCL. Energy & Utilities,https://media.set.or.th/set/Documents/2021/Dec/SET50_100_H1_2017_v2.pdf,SET50_100_H1_2017_v2.pdf
HANA,HANA.BK,HANA MICROELECTRONICS PCL. Electronic Components,https://media.set.or.th/set/Documents/2021/Dec/SET50_100_H1_2017_v2.pdf,SET50_100_H1_2017_v2.pdf
HMPRO,HMPRO.BK,HOME PRODUCT CENTER PCL. Commerce,https://media.set.or.th/set/Documents/2021/Dec/SET50_100_H1_2017_v2.pdf,SET50_100_H1_2017_v2.pdf
ICHI,ICHI.BK,ICHITAN GROUP PCL. Food and Beverage,https://media.set.or.th/set/Documents/2021/Dec/SET50_100_H1_2017_v2.pdf,SET50_100_H1_2017_v2.pdf
IFEC,IFEC.BK,INTER FAR EAST ENERGY CORPORATION PCL. Energy & Utilities,https://media.set.or.th/set/Documents/2021/Dec/SET50_100_H1_2017_v2.pdf,SET50_100_H1_2017_v2.pdf
INTUCH,INTUCH.BK,INTOUCH HOLDINGS PCL. Information & Communication,https://media.set.or.th/set/Documents/2021/Dec/SET50_100_H1_2017_v2.pdf,SET50_100_H1_2017_v2.pdf
IRPC,IRPC.BK,IRPC PCL. Energy & Utilities,https://media.set.or.th/set/Documents/2021/Dec/SET50_100_H1_2017_v2.pdf,SET50_100_H1_2017_v2.pdf
ITD,ITD.BK,ITALIAN-THAI DEVELOPMENT PCL. Construction Services,https://media.set.or.th/set/Documents/2021/Dec/SET50_100_H1_2017_v2.pdf,SET50_100_H1_2017_v2.pdf
IVL,IVL.BK,INDORAMA VENTURES PCL. Petrochemicals & Chemicals,https://media.set.or.th/set/Documents/2021/Dec/SET50_100_H1_2017_v2.pdf,SET50_100_H1_2017_v2.pdf
KAMART,KAMART.BK,KARMARTS PCL. Commerce,https://media.set.or.th/set/Documents/2021/Dec/SET50_100_H1_2017_v2.pdf,SET50_100_H1_2017_v2.pdf
KBANK,KBANK.BK,KASIKORNBANK PCL. Banking,https://media.set.or.th/set/Documents/2021/Dec/SET50_100_H1_2017_v2.pdf,SET50_100_H1_2017_v2.pdf
KCE,KCE.BK,KCE ELECTRONICS PCL. Electronic Components,https://media.set.or.th/set/Documents/2021/Dec/SET50_100_H1_2017_v2.pdf,SET50_100_H1_2017_v2.pdf
KKP,KKP.BK,KIATNAKIN BANK PCL. Banking,https://media.set.or.th/set/Documents/2021/Dec/SET50_100_H1_2017_v2.pdf,SET50_100_H1_2017_v2.pdf
KTB,KTB.BK,KRUNG THAI BANK PCL. Banking Reserve list of SET100,https://media.set.or.th/set/Documents/2021/Dec/SET50_100_H1_2017_v2.pdf,SET50_100_H1_2017_v2.pdf
KTC,KTC.BK,KRUNGTHAI CARD PCL. Finance and Securities,https://media.set.or.th/set/Documents/2021/Dec/SET50_100_H1_2017_v2.pdf,SET50_100_H1_2017_v2.pdf
LH,LH.BK,LAND AND HOUSES PCL. Property Development,https://media.set.or.th/set/Documents/2021/Dec/SET50_100_H1_2017_v2.pdf,SET50_100_H1_2017_v2.pdf
LHBANK,LHBANK.BK,LH FINANCIAL GROUP PCL. Banking,https://media.set.or.th/set/Documents/2021/Dec/SET50_100_H1_2017_v2.pdf,SET50_100_H1_2017_v2.pdf
LPN,LPN.BK,L.P.N. DEVELOPMENT PCL. Property Development,https://media.set.or.th/set/Documents/2021/Dec/SET50_100_H1_2017_v2.pdf,SET50_100_H1_2017_v2.pdf
MAJOR,MAJOR.BK,MAJOR CINEPLEX GROUP PCL. Media & Publishing,https://media.set.or.th/set/Documents/2021/Dec/SET50_100_H1_2017_v2.pdf,SET50_100_H1_2017_v2.pdf
MINT,MINT.BK,MINOR INTERNATIONAL PCL. Food and Beverage,https://media.set.or.th/set/Documents/2021/Dec/SET50_100_H1_2017_v2.pdf,SET50_100_H1_2017_v2.pdf
MTLS,MTLS.BK,MUANGTHAI LEASING PCL. Finance and Securities,https://media.set.or.th/set/Documents/2021/Dec/SET50_100_H1_2017_v2.pdf,SET50_100_H1_2017_v2.pdf
PLANB,PLANB.BK,PLAN B MEDIA PCL. Media & Publishing,https://media.set.or.th/set/Documents/2021/Dec/SET50_100_H1_2017_v2.pdf,SET50_100_H1_2017_v2.pdf
PSH,PSH.BK,PRUKSA HOLDING PCL. Property Development,https://media.set.or.th/set/Documents/2021/Dec/SET50_100_H1_2017_v2.pdf,SET50_100_H1_2017_v2.pdf
PTG,PTG.BK,PTG ENERGY PCL. Energy & Utilities,https://media.set.or.th/set/Documents/2021/Dec/SET50_100_H1_2017_v2.pdf,SET50_100_H1_2017_v2.pdf
PTT,PTT.BK,PTT PCL. Energy & Utilities,https://media.set.or.th/set/Documents/2021/Dec/SET50_100_H1_2017_v2.pdf,SET50_100_H1_2017_v2.pdf
PTTEP,PTTEP.BK,PTT EXPLORATION AND PRODUCTION PCL. Energy & Utilities,https://media.set.or.th/set/Documents/2021/Dec/SET50_100_H1_2017_v2.pdf,SET50_100_H1_2017_v2.pdf
PTTGC,PTTGC.BK,PTT GLOBAL CHEMICAL PCL. Petrochemicals & Chemicals,https://media.set.or.th/set/Documents/2021/Dec/SET50_100_H1_2017_v2.pdf,SET50_100_H1_2017_v2.pdf
QH,QH.BK,QUALITY HOUSES PCL. Property Development,https://media.set.or.th/set/Documents/2021/Dec/SET50_100_H1_2017_v2.pdf,SET50_100_H1_2017_v2.pdf
ROBINS,ROBINS.BK,ROBINSON DEPARTMENT STORE PCL. Commerce,https://media.set.or.th/set/Documents/2021/Dec/SET50_100_H1_2017_v2.pdf,SET50_100_H1_2017_v2.pdf
RS,RS.BK,RS PCL. Media & Publishing,https://media.set.or.th/set/Documents/2021/Dec/SET50_100_H1_2017_v2.pdf,SET50_100_H1_2017_v2.pdf
S,S.BK,SINGHA ESTATE PCL. Property Development,https://media.set.or.th/set/Documents/2021/Dec/SET50_100_H1_2017_v2.pdf,SET50_100_H1_2017_v2.pdf
SAMART,SAMART.BK,SAMART CORPORATION PCL. Information & Communication,https://media.set.or.th/set/Documents/2021/Dec/SET50_100_H1_2017_v2.pdf,SET50_100_H1_2017_v2.pdf
SAWAD,SAWAD.BK,SRISAWAD POWER 1979 PCL. Finance and Securities,https://media.set.or.th/set/Documents/2021/Dec/SET50_100_H1_2017_v2.pdf,SET50_100_H1_2017_v2.pdf
SCB,SCB.BK,THE SIAM COMMERCIAL BANK PCL. Banking,https://media.set.or.th/set/Documents/2021/Dec/SET50_100_H1_2017_v2.pdf,SET50_100_H1_2017_v2.pdf
SCC,SCC.BK,THE SIAM CEMENT PCL. Construction Materials,https://media.set.or.th/set/Documents/2021/Dec/SET50_100_H1_2017_v2.pdf,SET50_100_H1_2017_v2.pdf
SCN,SCN.BK,SCAN INTER PCL. Energy & Utilities,https://media.set.or.th/set/Documents/2021/Dec/SET50_100_H1_2017_v2.pdf,SET50_100_H1_2017_v2.pdf
SGP,SGP.BK,SIAMGAS AND PETROCHEMICALS PCL. Energy & Utilities,https://media.set.or.th/set/Documents/2021/Dec/SET50_100_H1_2017_v2.pdf,SET50_100_H1_2017_v2.pdf
SIRI,SIRI.BK,SANSIRI PCL. Property Development,https://media.set.or.th/set/Documents/2021/Dec/SET50_100_H1_2017_v2.pdf,SET50_100_H1_2017_v2.pdf
SPALI,SPALI.BK,SUPALAI PCL. Property Development,https://media.set.or.th/set/Documents/2021/Dec/SET50_100_H1_2017_v2.pdf,SET50_100_H1_2017_v2.pdf
SPCG,SPCG.BK,SPCG PCL. Energy & Utilities,https://media.set.or.th/set/Documents/2021/Dec/SET50_100_H1_2017_v2.pdf,SET50_100_H1_2017_v2.pdf
SPRC,SPRC.BK,STAR PETROLEUM REFINING PCL. Energy & Utilities,https://media.set.or.th/set/Documents/2021/Dec/SET50_100_H1_2017_v2.pdf,SET50_100_H1_2017_v2.pdf
STEC,STEC.BK,SINO-THAI ENGINEERING AND CONSTRUCTION PUBLIC,https://media.set.or.th/set/Documents/2021/Dec/SET50_100_H1_2017_v2.pdf,SET50_100_H1_2017_v2.pdf
STPI,STPI.BK,STP&I PCL. Construction Services,https://media.set.or.th/set/Documents/2021/Dec/SET50_100_H1_2017_v2.pdf,SET50_100_H1_2017_v2.pdf
SUPER,SUPER.BK,SUPERBLOCK PCL. Energy & Utilities,https://media.set.or.th/set/Documents/2021/Dec/SET50_100_H1_2017_v2.pdf,SET50_100_H1_2017_v2.pdf
TASCO,TASCO.BK,TIPCO ASPHALT PCL. Construction Materials,https://media.set.or.th/set/Documents/2021/Dec/SET50_100_H1_2017_v2.pdf,SET50_100_H1_2017_v2.pdf
TCAP,TCAP.BK,THANACHART CAPITAL PCL. Banking,https://media.set.or.th/set/Documents/2021/Dec/SET50_100_H1_2017_v2.pdf,SET50_100_H1_2017_v2.pdf
THAI,THAI.BK,THAI AIRWAYS INTERNATIONAL PCL. Transportation & Logistics,https://media.set.or.th/set/Documents/2021/Dec/SET50_100_H1_2017_v2.pdf,SET50_100_H1_2017_v2.pdf
THANI,THANI.BK,RATCHTHANI LEASING PCL. Finance and Securities,https://media.set.or.th/set/Documents/2021/Dec/SET50_100_H1_2017_v2.pdf,SET50_100_H1_2017_v2.pdf
THCOM,THCOM.BK,THAICOM PCL. Information & Communication,https://media.set.or.th/set/Documents/2021/Dec/SET50_100_H1_2017_v2.pdf,SET50_100_H1_2017_v2.pdf
TISCO,TISCO.BK,TISCO FINANCIAL GROUP PCL. Banking,https://media.set.or.th/set/Documents/2021/Dec/SET50_100_H1_2017_v2.pdf,SET50_100_H1_2017_v2.pdf
TKN,TKN.BK,TAOKAENOI FOOD & MARKETING PCL. Food and Beverage,https://media.set.or.th/set/Documents/2021/Dec/SET50_100_H1_2017_v2.pdf,SET50_100_H1_2017_v2.pdf
TMB,TMB.BK,TMB BANK PCL. Banking,https://media.set.or.th/set/Documents/2021/Dec/SET50_100_H1_2017_v2.pdf,SET50_100_H1_2017_v2.pdf
TOP,TOP.BK,THAI OIL PCL. Energy & Utilities,https://media.set.or.th/set/Documents/2021/Dec/SET50_100_H1_2017_v2.pdf,SET50_100_H1_2017_v2.pdf
TPIPL,TPIPL.BK,TPI POLENE PCL. Construction Materials,https://media.set.or.th/set/Documents/2021/Dec/SET50_100_H1_2017_v2.pdf,SET50_100_H1_2017_v2.pdf
TRUE,TRUE.BK,TRUE CORPORATION PCL. Information & Communication,https://media.set.or.th/set/Documents/2021/Dec/SET50_100_H1_2017_v2.pdf,SET50_100_H1_2017_v2.pdf
TTA,TTA.BK,THORESEN THAI AGENCIES PCL. Transportation & Logistics,https://media.set.or.th/set/Documents/2021/Dec/SET50_100_H1_2017_v2.pdf,SET50_100_H1_2017_v2.pdf
TTCL,TTCL.BK,TTCL PCL. Construction Services,https://media.set.or.th/set/Documents/2021/Dec/SET50_100_H1_2017_v2.pdf,SET50_100_H1_2017_v2.pdf
TTW,TTW.BK,TTW PCL. Energy & Utilities,https://media.set.or.th/set/Documents/2021/Dec/SET50_100_H1_2017_v2.pdf,SET50_100_H1_2017_v2.pdf
TU,TU.BK,THAI UNION GROUP PCL. Food and Beverage,https://media.set.or.th/set/Documents/2021/Dec/SET50_100_H1_2017_v2.pdf,SET50_100_H1_2017_v2.pdf
TVO,TVO.BK,THAI VEGETABLE OIL PCL. Food and Beverage,https://media.set.or.th/set/Documents/2021/Dec/SET50_100_H1_2017_v2.pdf,SET50_100_H1_2017_v2.pdf
UNIQ,UNIQ.BK,UNIQUE ENGINEERING AND CONSTRUCTION PCL. Construction Services,https://media.set.or.th/set/Documents/2021/Dec/SET50_100_H1_2017_v2.pdf,SET50_100_H1_2017_v2.pdf
VGI,VGI.BK,VGI GLOBAL MEDIA PCL. Media & Publishing,https://media.set.or.th/set/Documents/2021/Dec/SET50_100_H1_2017_v2.pdf,SET50_100_H1_2017_v2.pdf
VIBHA,VIBHA.BK,VIBHAVADI MEDICAL CENTER PCL. Health Care Services,https://media.set.or.th/set/Documents/2021/Dec/SET50_100_H1_2017_v2.pdf,SET50_100_H1_2017_v2.pdf
VNG,VNG.BK,VANACHAI GROUP PCL. Construction Materials,https://media.set.or.th/set/Documents/2021/Dec/SET50_100_H1_2017_v2.pdf,SET50_100_H1_2017_v2.pdf
WHA,WHA.BK,WHA CORPORATION PCL. Property Development,https://media.set.or.th/set/Documents/2021/Dec/SET50_100_H1_2017_v2.pdf,SET50_100_H1_2017_v2.pdf
AAV,AAV.BK,ASIA AVIATION PCL. Transportation & Logistics,https://media.set.or.th/set/Documents/2021/Dec/SET50_100_H2_2016-PSH.pdf,SET50_100_H2_2016-PSH.pdf
ADVANC,ADVANC.BK,ADVANCED INFO SERVICE PCL. Information & Communication,https://media.set.or.th/set/Documents/2021/Dec/SET50_100_H2_2016-PSH.pdf,SET50_100_H2_2016-PSH.pdf
AMATA,AMATA.BK,AMATA CORPORATION PCL. Property Development,https://media.set.or.th/set/Documents/2021/Dec/SET50_100_H2_2016-PSH.pdf,SET50_100_H2_2016-PSH.pdf
ANAN,ANAN.BK,ANANDA DEVELOPMENT PCL. Property Development,https://media.set.or.th/set/Documents/2021/Dec/SET50_100_H2_2016-PSH.pdf,SET50_100_H2_2016-PSH.pdf
AOT,AOT.BK,AIRPORTS OF THAILAND PCL. Transportation & Logistics,https://media.set.or.th/set/Documents/2021/Dec/SET50_100_H2_2016-PSH.pdf,SET50_100_H2_2016-PSH.pdf
AP,AP.BK,AP (THAILAND) PCL. Property Development,https://media.set.or.th/set/Documents/2021/Dec/SET50_100_H2_2016-PSH.pdf,SET50_100_H2_2016-PSH.pdf
BA,BA.BK,BANGKOK AIRWAYS PCL. Transportation & Logistics,https://media.set.or.th/set/Documents/2021/Dec/SET50_100_H2_2016-PSH.pdf,SET50_100_H2_2016-PSH.pdf
BANPU,BANPU.BK,BANPU PCL. Energy & Utilities,https://media.set.or.th/set/Documents/2021/Dec/SET50_100_H2_2016-PSH.pdf,SET50_100_H2_2016-PSH.pdf
BBL,BBL.BK,BANGKOK BANK PCL. Banking,https://media.set.or.th/set/Documents/2021/Dec/SET50_100_H2_2016-PSH.pdf,SET50_100_H2_2016-PSH.pdf
BCH,BCH.BK,BANGKOK CHAIN HOSPITAL PCL. Health Care Services,https://media.set.or.th/set/Documents/2021/Dec/SET50_100_H2_2016-PSH.pdf,SET50_100_H2_2016-PSH.pdf
BCP,BCP.BK,THE BANGCHAK PETROLEUM PCL. Energy & Utilities,https://media.set.or.th/set/Documents/2021/Dec/SET50_100_H2_2016-PSH.pdf,SET50_100_H2_2016-PSH.pdf
BDMS,BDMS.BK,BANGKOK DUSIT MEDICAL SERVICES PCL. Health Care Services,https://media.set.or.th/set/Documents/2021/Dec/SET50_100_H2_2016-PSH.pdf,SET50_100_H2_2016-PSH.pdf
BEAUTY,BEAUTY.BK,BEAUTY COMMUNITY PCL. Commerce,https://media.set.or.th/set/Documents/2021/Dec/SET50_100_H2_2016-PSH.pdf,SET50_100_H2_2016-PSH.pdf
BEC,BEC.BK,BEC WORLD PCL. Media & Publishing,https://media.set.or.th/set/Documents/2021/Dec/SET50_100_H2_2016-PSH.pdf,SET50_100_H2_2016-PSH.pdf
BEM,BEM.BK,BANGKOK EXPRESSWAY AND METRO  PCL. Transportation & Logistics,https://media.set.or.th/set/Documents/2021/Dec/SET50_100_H2_2016-PSH.pdf,SET50_100_H2_2016-PSH.pdf
BH,BH.BK,BUMRUNGRAD HOSPITAL PCL. Health Care Services,https://media.set.or.th/set/Documents/2021/Dec/SET50_100_H2_2016-PSH.pdf,SET50_100_H2_2016-PSH.pdf
BJCHI,BJCHI.BK,BJC HEAVY INDUSTRIES PCL. Construction Services,https://media.set.or.th/set/Documents/2021/Dec/SET50_100_H2_2016-PSH.pdf,SET50_100_H2_2016-PSH.pdf
BLA,BLA.BK,BANGKOK LIFE ASSURANCE PCL. Insurance,https://media.set.or.th/set/Documents/2021/Dec/SET50_100_H2_2016-PSH.pdf,SET50_100_H2_2016-PSH.pdf
BLAND,BLAND.BK,BANGKOK LAND PCL. Property Development,https://media.set.or.th/set/Documents/2021/Dec/SET50_100_H2_2016-PSH.pdf,SET50_100_H2_2016-PSH.pdf
BTS,BTS.BK,BTS GROUP HOLDINGS PCL. Transportation & Logistics,https://media.set.or.th/set/Documents/2021/Dec/SET50_100_H2_2016-PSH.pdf,SET50_100_H2_2016-PSH.pdf
CBG,CBG.BK,CARABAO GROUP PCL. Food and Beverage,https://media.set.or.th/set/Documents/2021/Dec/SET50_100_H2_2016-PSH.pdf,SET50_100_H2_2016-PSH.pdf
CENTEL,CENTEL.BK,CENTRAL PLAZA HOTEL PCL. Tourism & Leisure,https://media.set.or.th/set/Documents/2021/Dec/SET50_100_H2_2016-PSH.pdf,SET50_100_H2_2016-PSH.pdf
CHG,CHG.BK,CHULARAT HOSPITAL PCL. Health Care Services,https://media.set.or.th/set/Documents/2021/Dec/SET50_100_H2_2016-PSH.pdf,SET50_100_H2_2016-PSH.pdf
CK,CK.BK,CH. KARNCHANG PCL. Construction Services,https://media.set.or.th/set/Documents/2021/Dec/SET50_100_H2_2016-PSH.pdf,SET50_100_H2_2016-PSH.pdf
CKP,CKP.BK,CK POWER PCL. Energy & Utilities,https://media.set.or.th/set/Documents/2021/Dec/SET50_100_H2_2016-PSH.pdf,SET50_100_H2_2016-PSH.pdf
COM7,COM7.BK,COM7 PCL. Commerce,https://media.set.or.th/set/Documents/2021/Dec/SET50_100_H2_2016-PSH.pdf,SET50_100_H2_2016-PSH.pdf
CPALL,CPALL.BK,CP ALL PCL. Commerce,https://media.set.or.th/set/Documents/2021/Dec/SET50_100_H2_2016-PSH.pdf,SET50_100_H2_2016-PSH.pdf
CPF,CPF.BK,CHAROEN POKPHAND FOODS PCL. Food and Beverage,https://media.set.or.th/set/Documents/2021/Dec/SET50_100_H2_2016-PSH.pdf,SET50_100_H2_2016-PSH.pdf
CPN,CPN.BK,CENTRAL PATTANA PCL. Property Development,https://media.set.or.th/set/Documents/2021/Dec/SET50_100_H2_2016-PSH.pdf,SET50_100_H2_2016-PSH.pdf
DELTA,DELTA.BK,DELTA ELECTRONICS (THAILAND) PCL. Electronic Components,https://media.set.or.th/set/Documents/2021/Dec/SET50_100_H2_2016-PSH.pdf,SET50_100_H2_2016-PSH.pdf
DTAC,DTAC.BK,TOTAL ACCESS COMMUNICATION PCL. Information & Communication,https://media.set.or.th/set/Documents/2021/Dec/SET50_100_H2_2016-PSH.pdf,SET50_100_H2_2016-PSH.pdf
EGCO,EGCO.BK,ELECTRICITY GENERATING PCL. Energy & Utilities,https://media.set.or.th/set/Documents/2021/Dec/SET50_100_H2_2016-PSH.pdf,SET50_100_H2_2016-PSH.pdf
EPG,EPG.BK,EASTERN POLYMER GROUP PCL. Construction Materials,https://media.set.or.th/set/Documents/2021/Dec/SET50_100_H2_2016-PSH.pdf,SET50_100_H2_2016-PSH.pdf
ERW,ERW.BK,THE ERAWAN GROUP PCL. Tourism & Leisure,https://media.set.or.th/set/Documents/2021/Dec/SET50_100_H2_2016-PSH.pdf,SET50_100_H2_2016-PSH.pdf
GL,GL.BK,GROUP LEASE PCL. Finance and Securities,https://media.set.or.th/set/Documents/2021/Dec/SET50_100_H2_2016-PSH.pdf,SET50_100_H2_2016-PSH.pdf
GLOBAL,GLOBAL.BK,SIAM GLOBAL HOUSE PCL. Commerce,https://media.set.or.th/set/Documents/2021/Dec/SET50_100_H2_2016-PSH.pdf,SET50_100_H2_2016-PSH.pdf
GLOW,GLOW.BK,GLOW ENERGY PCL. Energy & Utilities,https://media.set.or.th/set/Documents/2021/Dec/SET50_100_H2_2016-PSH.pdf,SET50_100_H2_2016-PSH.pdf
GPSC,GPSC.BK,GLOBAL POWER SYNERGY PCL. Energy & Utilities,https://media.set.or.th/set/Documents/2021/Dec/SET50_100_H2_2016-PSH.pdf,SET50_100_H2_2016-PSH.pdf
GUNKUL,GUNKUL.BK,GUNKUL ENGINEERING PCL. Energy & Utilities,https://media.set.or.th/set/Documents/2021/Dec/SET50_100_H2_2016-PSH.pdf,SET50_100_H2_2016-PSH.pdf
HANA,HANA.BK,HANA MICROELECTRONICS PCL. Electronic Components,https://media.set.or.th/set/Documents/2021/Dec/SET50_100_H2_2016-PSH.pdf,SET50_100_H2_2016-PSH.pdf
HMPRO,HMPRO.BK,HOME PRODUCT CENTER PCL. Commerce,https://media.set.or.th/set/Documents/2021/Dec/SET50_100_H2_2016-PSH.pdf,SET50_100_H2_2016-PSH.pdf
ICHI,ICHI.BK,ICHITAN GROUP PCL. Food and Beverage,https://media.set.or.th/set/Documents/2021/Dec/SET50_100_H2_2016-PSH.pdf,SET50_100_H2_2016-PSH.pdf
IFEC,IFEC.BK,INTER FAR EAST ENERGY CORPORATION PCL. Energy & Utilities,https://media.set.or.th/set/Documents/2021/Dec/SET50_100_H2_2016-PSH.pdf,SET50_100_H2_2016-PSH.pdf
INTUCH,INTUCH.BK,INTOUCH HOLDINGS PCL. Information & Communication,https://media.set.or.th/set/Documents/2021/Dec/SET50_100_H2_2016-PSH.pdf,SET50_100_H2_2016-PSH.pdf
IRPC,IRPC.BK,IRPC PCL. Energy & Utilities,https://media.set.or.th/set/Documents/2021/Dec/SET50_100_H2_2016-PSH.pdf,SET50_100_H2_2016-PSH.pdf
ITD,ITD.BK,ITALIAN-THAI DEVELOPMENT PCL. Construction Services,https://media.set.or.th/set/Documents/2021/Dec/SET50_100_H2_2016-PSH.pdf,SET50_100_H2_2016-PSH.pdf
IVL,IVL.BK,INDORAMA VENTURES PCL. Petrochemicals & Chemicals,https://media.set.or.th/set/Documents/2021/Dec/SET50_100_H2_2016-PSH.pdf,SET50_100_H2_2016-PSH.pdf
JWD,JWD.BK,JWD INFOLOGISTICS PCL. Transportation & Logistics,https://media.set.or.th/set/Documents/2021/Dec/SET50_100_H2_2016-PSH.pdf,SET50_100_H2_2016-PSH.pdf
KBANK,KBANK.BK,KASIKORNBANK PCL. Banking Reserve list of SET100,https://media.set.or.th/set/Documents/2021/Dec/SET50_100_H2_2016-PSH.pdf,SET50_100_H2_2016-PSH.pdf
KCE,KCE.BK,KCE ELECTRONICS PCL. Electronic Components,https://media.set.or.th/set/Documents/2021/Dec/SET50_100_H2_2016-PSH.pdf,SET50_100_H2_2016-PSH.pdf
KKP,KKP.BK,KIATNAKIN BANK PCL. Banking,https://media.set.or.th/set/Documents/2021/Dec/SET50_100_H2_2016-PSH.pdf,SET50_100_H2_2016-PSH.pdf
KTB,KTB.BK,KRUNG THAI BANK PCL. Banking,https://media.set.or.th/set/Documents/2021/Dec/SET50_100_H2_2016-PSH.pdf,SET50_100_H2_2016-PSH.pdf
KTC,KTC.BK,KRUNGTHAI CARD PCL. Finance and Securities,https://media.set.or.th/set/Documents/2021/Dec/SET50_100_H2_2016-PSH.pdf,SET50_100_H2_2016-PSH.pdf
LH,LH.BK,LAND AND HOUSES PCL. Property Development,https://media.set.or.th/set/Documents/2021/Dec/SET50_100_H2_2016-PSH.pdf,SET50_100_H2_2016-PSH.pdf
LHBANK,LHBANK.BK,LH FINANCIAL GROUP PCL. Banking,https://media.set.or.th/set/Documents/2021/Dec/SET50_100_H2_2016-PSH.pdf,SET50_100_H2_2016-PSH.pdf
LPN,LPN.BK,L.P.N. DEVELOPMENT PCL. Property Development,https://media.set.or.th/set/Documents/2021/Dec/SET50_100_H2_2016-PSH.pdf,SET50_100_H2_2016-PSH.pdf
MAJOR,MAJOR.BK,MAJOR CINEPLEX GROUP PCL. Media & Publishing,https://media.set.or.th/set/Documents/2021/Dec/SET50_100_H2_2016-PSH.pdf,SET50_100_H2_2016-PSH.pdf
MINT,MINT.BK,MINOR INTERNATIONAL PCL. Food and Beverage,https://media.set.or.th/set/Documents/2021/Dec/SET50_100_H2_2016-PSH.pdf,SET50_100_H2_2016-PSH.pdf
MTLS,MTLS.BK,MUANGTHAI LEASING PCL. Finance and Securities,https://media.set.or.th/set/Documents/2021/Dec/SET50_100_H2_2016-PSH.pdf,SET50_100_H2_2016-PSH.pdf
PLANB,PLANB.BK,PLAN B MEDIA PCL. Media & Publishing,https://media.set.or.th/set/Documents/2021/Dec/SET50_100_H2_2016-PSH.pdf,SET50_100_H2_2016-PSH.pdf
PSH,PSH.BK,PRUKSA HOLDING PCL. Property Development,https://media.set.or.th/set/Documents/2021/Dec/SET50_100_H2_2016-PSH.pdf,SET50_100_H2_2016-PSH.pdf
PTG,PTG.BK,PTG ENERGY PCL. Energy & Utilities,https://media.set.or.th/set/Documents/2021/Dec/SET50_100_H2_2016-PSH.pdf,SET50_100_H2_2016-PSH.pdf
PTT,PTT.BK,PTT PCL. Energy & Utilities,https://media.set.or.th/set/Documents/2021/Dec/SET50_100_H2_2016-PSH.pdf,SET50_100_H2_2016-PSH.pdf
PTTEP,PTTEP.BK,PTT EXPLORATION AND PRODUCTION PCL. Energy & Utilities,https://media.set.or.th/set/Documents/2021/Dec/SET50_100_H2_2016-PSH.pdf,SET50_100_H2_2016-PSH.pdf
PTTGC,PTTGC.BK,PTT GLOBAL CHEMICAL PCL. Petrochemicals & Chemicals,https://media.set.or.th/set/Documents/2021/Dec/SET50_100_H2_2016-PSH.pdf,SET50_100_H2_2016-PSH.pdf
QH,QH.BK,QUALITY HOUSES PCL. Property Development,https://media.set.or.th/set/Documents/2021/Dec/SET50_100_H2_2016-PSH.pdf,SET50_100_H2_2016-PSH.pdf
ROBINS,ROBINS.BK,ROBINSON DEPARTMENT STORE PCL. Commerce,https://media.set.or.th/set/Documents/2021/Dec/SET50_100_H2_2016-PSH.pdf,SET50_100_H2_2016-PSH.pdf
RS,RS.BK,RS PCL. Media & Publishing,https://media.set.or.th/set/Documents/2021/Dec/SET50_100_H2_2016-PSH.pdf,SET50_100_H2_2016-PSH.pdf
S,S.BK,SINGHA ESTATE PCL. Property Development,https://media.set.or.th/set/Documents/2021/Dec/SET50_100_H2_2016-PSH.pdf,SET50_100_H2_2016-PSH.pdf
SAMART,SAMART.BK,SAMART CORPORATION PCL. Information & Communication,https://media.set.or.th/set/Documents/2021/Dec/SET50_100_H2_2016-PSH.pdf,SET50_100_H2_2016-PSH.pdf
SAWAD,SAWAD.BK,SRISAWAD POWER 1979 PCL. Finance and Securities,https://media.set.or.th/set/Documents/2021/Dec/SET50_100_H2_2016-PSH.pdf,SET50_100_H2_2016-PSH.pdf
SCB,SCB.BK,THE SIAM COMMERCIAL BANK PCL. Banking,https://media.set.or.th/set/Documents/2021/Dec/SET50_100_H2_2016-PSH.pdf,SET50_100_H2_2016-PSH.pdf
SCC,SCC.BK,THE SIAM CEMENT PCL. Construction Materials,https://media.set.or.th/set/Documents/2021/Dec/SET50_100_H2_2016-PSH.pdf,SET50_100_H2_2016-PSH.pdf
SGP,SGP.BK,SIAMGAS AND PETROCHEMICALS PCL. Energy & Utilities,https://media.set.or.th/set/Documents/2021/Dec/SET50_100_H2_2016-PSH.pdf,SET50_100_H2_2016-PSH.pdf
SIRI,SIRI.BK,SANSIRI PCL. Property Development,https://media.set.or.th/set/Documents/2021/Dec/SET50_100_H2_2016-PSH.pdf,SET50_100_H2_2016-PSH.pdf
SPALI,SPALI.BK,SUPALAI PCL. Property Development,https://media.set.or.th/set/Documents/2021/Dec/SET50_100_H2_2016-PSH.pdf,SET50_100_H2_2016-PSH.pdf
SPCG,SPCG.BK,SPCG PCL. Energy & Utilities,https://media.set.or.th/set/Documents/2021/Dec/SET50_100_H2_2016-PSH.pdf,SET50_100_H2_2016-PSH.pdf
STEC,STEC.BK,SINO-THAI ENGINEERING AND CONSTRUCTION,https://media.set.or.th/set/Documents/2021/Dec/SET50_100_H2_2016-PSH.pdf,SET50_100_H2_2016-PSH.pdf
STPI,STPI.BK,STP&I PCL. Construction Services,https://media.set.or.th/set/Documents/2021/Dec/SET50_100_H2_2016-PSH.pdf,SET50_100_H2_2016-PSH.pdf
SVI,SVI.BK,SVI PCL. Electronic Components,https://media.set.or.th/set/Documents/2021/Dec/SET50_100_H2_2016-PSH.pdf,SET50_100_H2_2016-PSH.pdf
TASCO,TASCO.BK,TIPCO ASPHALT PCL. Construction Materials,https://media.set.or.th/set/Documents/2021/Dec/SET50_100_H2_2016-PSH.pdf,SET50_100_H2_2016-PSH.pdf
TCAP,TCAP.BK,THANACHART CAPITAL PCL. Banking,https://media.set.or.th/set/Documents/2021/Dec/SET50_100_H2_2016-PSH.pdf,SET50_100_H2_2016-PSH.pdf
THAI,THAI.BK,THAI AIRWAYS INTERNATIONAL PCL. Transportation & Logistics,https://media.set.or.th/set/Documents/2021/Dec/SET50_100_H2_2016-PSH.pdf,SET50_100_H2_2016-PSH.pdf
THCOM,THCOM.BK,THAICOM PCL. Information & Communication,https://media.set.or.th/set/Documents/2021/Dec/SET50_100_H2_2016-PSH.pdf,SET50_100_H2_2016-PSH.pdf
TISCO,TISCO.BK,TISCO FINANCIAL GROUP PCL. Banking,https://media.set.or.th/set/Documents/2021/Dec/SET50_100_H2_2016-PSH.pdf,SET50_100_H2_2016-PSH.pdf
TMB,TMB.BK,TMB BANK PCL. Banking,https://media.set.or.th/set/Documents/2021/Dec/SET50_100_H2_2016-PSH.pdf,SET50_100_H2_2016-PSH.pdf
TOP,TOP.BK,THAI OIL PCL. Energy & Utilities,https://media.set.or.th/set/Documents/2021/Dec/SET50_100_H2_2016-PSH.pdf,SET50_100_H2_2016-PSH.pdf
TPIPL,TPIPL.BK,TPI POLENE PCL. Construction Materials,https://media.set.or.th/set/Documents/2021/Dec/SET50_100_H2_2016-PSH.pdf,SET50_100_H2_2016-PSH.pdf
TRC,TRC.BK,TRC CONSTRUCTION PCL. Construction Services,https://media.set.or.th/set/Documents/2021/Dec/SET50_100_H2_2016-PSH.pdf,SET50_100_H2_2016-PSH.pdf
TRUE,TRUE.BK,TRUE CORPORATION PCL. Information & Communication,https://media.set.or.th/set/Documents/2021/Dec/SET50_100_H2_2016-PSH.pdf,SET50_100_H2_2016-PSH.pdf
TTA,TTA.BK,THORESEN THAI AGENCIES PCL. Transportation & Logistics,https://media.set.or.th/set/Documents/2021/Dec/SET50_100_H2_2016-PSH.pdf,SET50_100_H2_2016-PSH.pdf
TTCL,TTCL.BK,TTCL PCL. Construction Services,https://media.set.or.th/set/Documents/2021/Dec/SET50_100_H2_2016-PSH.pdf,SET50_100_H2_2016-PSH.pdf
TTW,TTW.BK,TTW PCL. Energy & Utilities,https://media.set.or.th/set/Documents/2021/Dec/SET50_100_H2_2016-PSH.pdf,SET50_100_H2_2016-PSH.pdf
TU,TU.BK,THAI UNION GROUP PCL. Food and Beverage,https://media.set.or.th/set/Documents/2021/Dec/SET50_100_H2_2016-PSH.pdf,SET50_100_H2_2016-PSH.pdf
TVO,TVO.BK,THAI VEGETABLE OIL PCL. Food and Beverage,https://media.set.or.th/set/Documents/2021/Dec/SET50_100_H2_2016-PSH.pdf,SET50_100_H2_2016-PSH.pdf
UNIQ,UNIQ.BK,UNIQUE ENGINEERING AND CONSTRUCTION PCL. Construction Services,https://media.set.or.th/set/Documents/2021/Dec/SET50_100_H2_2016-PSH.pdf,SET50_100_H2_2016-PSH.pdf
VGI,VGI.BK,VGI GLOBAL MEDIA PCL. Media & Publishing,https://media.set.or.th/set/Documents/2021/Dec/SET50_100_H2_2016-PSH.pdf,SET50_100_H2_2016-PSH.pdf
VNG,VNG.BK,VANACHAI GROUP PCL. Construction Materials,https://media.set.or.th/set/Documents/2021/Dec/SET50_100_H2_2016-PSH.pdf,SET50_100_H2_2016-PSH.pdf
WHA,WHA.BK,WHA CORPORATION PCL. Property Development,https://media.set.or.th/set/Documents/2021/Dec/SET50_100_H2_2016-PSH.pdf,SET50_100_H2_2016-PSH.pdf
WORK,WORK.BK,WORKPOINT ENTERTAINMENT PCL. Media & Publishing,https://media.set.or.th/set/Documents/2021/Dec/SET50_100_H2_2016-PSH.pdf,SET50_100_H2_2016-PSH.pdf
AAV,AAV.BK,ASIA AVIATION PCL. Transportation & Logistics,https://media.set.or.th/set/Documents/2021/Dec/SET50_100_H2_2016.pdf,SET50_100_H2_2016.pdf
ADVANC,ADVANC.BK,ADVANCED INFO SERVICE PCL. Information & Communication,https://media.set.or.th/set/Documents/2021/Dec/SET50_100_H2_2016.pdf,SET50_100_H2_2016.pdf
AMATA,AMATA.BK,AMATA CORPORATION PCL. Property Development,https://media.set.or.th/set/Documents/2021/Dec/SET50_100_H2_2016.pdf,SET50_100_H2_2016.pdf
ANAN,ANAN.BK,ANANDA DEVELOPMENT PCL. Property Development,https://media.set.or.th/set/Documents/2021/Dec/SET50_100_H2_2016.pdf,SET50_100_H2_2016.pdf
AOT,AOT.BK,AIRPORTS OF THAILAND PCL. Transportation & Logistics,https://media.set.or.th/set/Documents/2021/Dec/SET50_100_H2_2016.pdf,SET50_100_H2_2016.pdf
AP,AP.BK,AP (THAILAND) PCL. Property Development,https://media.set.or.th/set/Documents/2021/Dec/SET50_100_H2_2016.pdf,SET50_100_H2_2016.pdf
BA,BA.BK,BANGKOK AIRWAYS PCL. Transportation & Logistics,https://media.set.or.th/set/Documents/2021/Dec/SET50_100_H2_2016.pdf,SET50_100_H2_2016.pdf
BANPU,BANPU.BK,BANPU PCL. Energy & Utilities,https://media.set.or.th/set/Documents/2021/Dec/SET50_100_H2_2016.pdf,SET50_100_H2_2016.pdf
BBL,BBL.BK,BANGKOK BANK PCL. Banking,https://media.set.or.th/set/Documents/2021/Dec/SET50_100_H2_2016.pdf,SET50_100_H2_2016.pdf
BCH,BCH.BK,BANGKOK CHAIN HOSPITAL PCL. Health Care Services,https://media.set.or.th/set/Documents/2021/Dec/SET50_100_H2_2016.pdf,SET50_100_H2_2016.pdf
BCP,BCP.BK,THE BANGCHAK PETROLEUM PCL. Energy & Utilities,https://media.set.or.th/set/Documents/2021/Dec/SET50_100_H2_2016.pdf,SET50_100_H2_2016.pdf
BDMS,BDMS.BK,BANGKOK DUSIT MEDICAL SERVICES PCL. Health Care Services,https://media.set.or.th/set/Documents/2021/Dec/SET50_100_H2_2016.pdf,SET50_100_H2_2016.pdf
BEAUTY,BEAUTY.BK,BEAUTY COMMUNITY PCL. Commerce,https://media.set.or.th/set/Documents/2021/Dec/SET50_100_H2_2016.pdf,SET50_100_H2_2016.pdf
BEC,BEC.BK,BEC WORLD PCL. Media & Publishing,https://media.set.or.th/set/Documents/2021/Dec/SET50_100_H2_2016.pdf,SET50_100_H2_2016.pdf
BEM,BEM.BK,BANGKOK EXPRESSWAY AND METRO  PCL. Transportation & Logistics,https://media.set.or.th/set/Documents/2021/Dec/SET50_100_H2_2016.pdf,SET50_100_H2_2016.pdf
BH,BH.BK,BUMRUNGRAD HOSPITAL PCL. Health Care Services,https://media.set.or.th/set/Documents/2021/Dec/SET50_100_H2_2016.pdf,SET50_100_H2_2016.pdf
BJCHI,BJCHI.BK,BJC HEAVY INDUSTRIES PCL. Construction Services,https://media.set.or.th/set/Documents/2021/Dec/SET50_100_H2_2016.pdf,SET50_100_H2_2016.pdf
BLA,BLA.BK,BANGKOK LIFE ASSURANCE PCL. Insurance,https://media.set.or.th/set/Documents/2021/Dec/SET50_100_H2_2016.pdf,SET50_100_H2_2016.pdf
BLAND,BLAND.BK,BANGKOK LAND PCL. Property Development,https://media.set.or.th/set/Documents/2021/Dec/SET50_100_H2_2016.pdf,SET50_100_H2_2016.pdf
BTS,BTS.BK,BTS GROUP HOLDINGS PCL. Transportation & Logistics,https://media.set.or.th/set/Documents/2021/Dec/SET50_100_H2_2016.pdf,SET50_100_H2_2016.pdf
CBG,CBG.BK,CARABAO GROUP PCL. Food and Beverage,https://media.set.or.th/set/Documents/2021/Dec/SET50_100_H2_2016.pdf,SET50_100_H2_2016.pdf
CENTEL,CENTEL.BK,CENTRAL PLAZA HOTEL PCL. Tourism & Leisure,https://media.set.or.th/set/Documents/2021/Dec/SET50_100_H2_2016.pdf,SET50_100_H2_2016.pdf
CHG,CHG.BK,CHULARAT HOSPITAL PCL. Health Care Services,https://media.set.or.th/set/Documents/2021/Dec/SET50_100_H2_2016.pdf,SET50_100_H2_2016.pdf
CK,CK.BK,CH. KARNCHANG PCL. Construction Services,https://media.set.or.th/set/Documents/2021/Dec/SET50_100_H2_2016.pdf,SET50_100_H2_2016.pdf
CKP,CKP.BK,CK POWER PCL. Energy & Utilities,https://media.set.or.th/set/Documents/2021/Dec/SET50_100_H2_2016.pdf,SET50_100_H2_2016.pdf
COM7,COM7.BK,COM7 PCL. Commerce,https://media.set.or.th/set/Documents/2021/Dec/SET50_100_H2_2016.pdf,SET50_100_H2_2016.pdf
CPALL,CPALL.BK,CP ALL PCL. Commerce,https://media.set.or.th/set/Documents/2021/Dec/SET50_100_H2_2016.pdf,SET50_100_H2_2016.pdf
CPF,CPF.BK,CHAROEN POKPHAND FOODS PCL. Food and Beverage,https://media.set.or.th/set/Documents/2021/Dec/SET50_100_H2_2016.pdf,SET50_100_H2_2016.pdf
CPN,CPN.BK,CENTRAL PATTANA PCL. Property Development,https://media.set.or.th/set/Documents/2021/Dec/SET50_100_H2_2016.pdf,SET50_100_H2_2016.pdf
DELTA,DELTA.BK,DELTA ELECTRONICS (THAILAND) PCL. Electronic Components,https://media.set.or.th/set/Documents/2021/Dec/SET50_100_H2_2016.pdf,SET50_100_H2_2016.pdf
DTAC,DTAC.BK,TOTAL ACCESS COMMUNICATION PCL. Information & Communication,https://media.set.or.th/set/Documents/2021/Dec/SET50_100_H2_2016.pdf,SET50_100_H2_2016.pdf
EGCO,EGCO.BK,ELECTRICITY GENERATING PCL. Energy & Utilities,https://media.set.or.th/set/Documents/2021/Dec/SET50_100_H2_2016.pdf,SET50_100_H2_2016.pdf
EPG,EPG.BK,EASTERN POLYMER GROUP PCL. Construction Materials,https://media.set.or.th/set/Documents/2021/Dec/SET50_100_H2_2016.pdf,SET50_100_H2_2016.pdf
ERW,ERW.BK,THE ERAWAN GROUP PCL. Tourism & Leisure,https://media.set.or.th/set/Documents/2021/Dec/SET50_100_H2_2016.pdf,SET50_100_H2_2016.pdf
GL,GL.BK,GROUP LEASE PCL. Finance and Securities,https://media.set.or.th/set/Documents/2021/Dec/SET50_100_H2_2016.pdf,SET50_100_H2_2016.pdf
GLOBAL,GLOBAL.BK,SIAM GLOBAL HOUSE PCL. Commerce,https://media.set.or.th/set/Documents/2021/Dec/SET50_100_H2_2016.pdf,SET50_100_H2_2016.pdf
GLOW,GLOW.BK,GLOW ENERGY PCL. Energy & Utilities,https://media.set.or.th/set/Documents/2021/Dec/SET50_100_H2_2016.pdf,SET50_100_H2_2016.pdf
GPSC,GPSC.BK,GLOBAL POWER SYNERGY PCL. Energy & Utilities,https://media.set.or.th/set/Documents/2021/Dec/SET50_100_H2_2016.pdf,SET50_100_H2_2016.pdf
GUNKUL,GUNKUL.BK,GUNKUL ENGINEERING PCL. Energy & Utilities,https://media.set.or.th/set/Documents/2021/Dec/SET50_100_H2_2016.pdf,SET50_100_H2_2016.pdf
HANA,HANA.BK,HANA MICROELECTRONICS PCL. Electronic Components,https://media.set.or.th/set/Documents/2021/Dec/SET50_100_H2_2016.pdf,SET50_100_H2_2016.pdf
HMPRO,HMPRO.BK,HOME PRODUCT CENTER PCL. Commerce,https://media.set.or.th/set/Documents/2021/Dec/SET50_100_H2_2016.pdf,SET50_100_H2_2016.pdf
ICHI,ICHI.BK,ICHITAN GROUP PCL. Food and Beverage,https://media.set.or.th/set/Documents/2021/Dec/SET50_100_H2_2016.pdf,SET50_100_H2_2016.pdf
IFEC,IFEC.BK,INTER FAR EAST ENERGY CORPORATION PCL. Energy & Utilities,https://media.set.or.th/set/Documents/2021/Dec/SET50_100_H2_2016.pdf,SET50_100_H2_2016.pdf
INTUCH,INTUCH.BK,INTOUCH HOLDINGS PCL. Information & Communication,https://media.set.or.th/set/Documents/2021/Dec/SET50_100_H2_2016.pdf,SET50_100_H2_2016.pdf
IRPC,IRPC.BK,IRPC PCL. Energy & Utilities,https://media.set.or.th/set/Documents/2021/Dec/SET50_100_H2_2016.pdf,SET50_100_H2_2016.pdf
ITD,ITD.BK,ITALIAN-THAI DEVELOPMENT PCL. Construction Services,https://media.set.or.th/set/Documents/2021/Dec/SET50_100_H2_2016.pdf,SET50_100_H2_2016.pdf
IVL,IVL.BK,INDORAMA VENTURES PCL. Petrochemicals & Chemicals,https://media.set.or.th/set/Documents/2021/Dec/SET50_100_H2_2016.pdf,SET50_100_H2_2016.pdf
JWD,JWD.BK,JWD INFOLOGISTICS PCL. Transportation & Logistics,https://media.set.or.th/set/Documents/2021/Dec/SET50_100_H2_2016.pdf,SET50_100_H2_2016.pdf
KBANK,KBANK.BK,KASIKORNBANK PCL. Banking Reserve list of SET100,https://media.set.or.th/set/Documents/2021/Dec/SET50_100_H2_2016.pdf,SET50_100_H2_2016.pdf
KCE,KCE.BK,KCE ELECTRONICS PCL. Electronic Components,https://media.set.or.th/set/Documents/2021/Dec/SET50_100_H2_2016.pdf,SET50_100_H2_2016.pdf
KKP,KKP.BK,KIATNAKIN BANK PCL. Banking,https://media.set.or.th/set/Documents/2021/Dec/SET50_100_H2_2016.pdf,SET50_100_H2_2016.pdf
KTB,KTB.BK,KRUNG THAI BANK PCL. Banking,https://media.set.or.th/set/Documents/2021/Dec/SET50_100_H2_2016.pdf,SET50_100_H2_2016.pdf
KTC,KTC.BK,KRUNGTHAI CARD PCL. Finance and Securities,https://media.set.or.th/set/Documents/2021/Dec/SET50_100_H2_2016.pdf,SET50_100_H2_2016.pdf
LH,LH.BK,LAND AND HOUSES PCL. Property Development,https://media.set.or.th/set/Documents/2021/Dec/SET50_100_H2_2016.pdf,SET50_100_H2_2016.pdf
LHBANK,LHBANK.BK,LH FINANCIAL GROUP PCL. Banking,https://media.set.or.th/set/Documents/2021/Dec/SET50_100_H2_2016.pdf,SET50_100_H2_2016.pdf
LPN,LPN.BK,L.P.N. DEVELOPMENT PCL. Property Development,https://media.set.or.th/set/Documents/2021/Dec/SET50_100_H2_2016.pdf,SET50_100_H2_2016.pdf
MAJOR,MAJOR.BK,MAJOR CINEPLEX GROUP PCL. Media & Publishing,https://media.set.or.th/set/Documents/2021/Dec/SET50_100_H2_2016.pdf,SET50_100_H2_2016.pdf
MINT,MINT.BK,MINOR INTERNATIONAL PCL. Food and Beverage,https://media.set.or.th/set/Documents/2021/Dec/SET50_100_H2_2016.pdf,SET50_100_H2_2016.pdf
MTLS,MTLS.BK,MUANGTHAI LEASING PCL. Finance and Securities,https://media.set.or.th/set/Documents/2021/Dec/SET50_100_H2_2016.pdf,SET50_100_H2_2016.pdf
PLANB,PLANB.BK,PLAN B MEDIA PCL. Media & Publishing,https://media.set.or.th/set/Documents/2021/Dec/SET50_100_H2_2016.pdf,SET50_100_H2_2016.pdf
PS,PS.BK,PRUKSA REAL ESTATE PCL. Property Development,https://media.set.or.th/set/Documents/2021/Dec/SET50_100_H2_2016.pdf,SET50_100_H2_2016.pdf
PTG,PTG.BK,PTG ENERGY PCL. Energy & Utilities,https://media.set.or.th/set/Documents/2021/Dec/SET50_100_H2_2016.pdf,SET50_100_H2_2016.pdf
PTT,PTT.BK,PTT PCL. Energy & Utilities,https://media.set.or.th/set/Documents/2021/Dec/SET50_100_H2_2016.pdf,SET50_100_H2_2016.pdf
PTTEP,PTTEP.BK,PTT EXPLORATION AND PRODUCTION PCL. Energy & Utilities,https://media.set.or.th/set/Documents/2021/Dec/SET50_100_H2_2016.pdf,SET50_100_H2_2016.pdf
PTTGC,PTTGC.BK,PTT GLOBAL CHEMICAL PCL. Petrochemicals & Chemicals,https://media.set.or.th/set/Documents/2021/Dec/SET50_100_H2_2016.pdf,SET50_100_H2_2016.pdf
QH,QH.BK,QUALITY HOUSES PCL. Property Development,https://media.set.or.th/set/Documents/2021/Dec/SET50_100_H2_2016.pdf,SET50_100_H2_2016.pdf
ROBINS,ROBINS.BK,ROBINSON DEPARTMENT STORE PCL. Commerce,https://media.set.or.th/set/Documents/2021/Dec/SET50_100_H2_2016.pdf,SET50_100_H2_2016.pdf
RS,RS.BK,RS PCL. Media & Publishing,https://media.set.or.th/set/Documents/2021/Dec/SET50_100_H2_2016.pdf,SET50_100_H2_2016.pdf
S,S.BK,SINGHA ESTATE PCL. Property Development,https://media.set.or.th/set/Documents/2021/Dec/SET50_100_H2_2016.pdf,SET50_100_H2_2016.pdf
SAMART,SAMART.BK,SAMART CORPORATION PCL. Information & Communication,https://media.set.or.th/set/Documents/2021/Dec/SET50_100_H2_2016.pdf,SET50_100_H2_2016.pdf
SAWAD,SAWAD.BK,SRISAWAD POWER 1979 PCL. Finance and Securities,https://media.set.or.th/set/Documents/2021/Dec/SET50_100_H2_2016.pdf,SET50_100_H2_2016.pdf
SCB,SCB.BK,THE SIAM COMMERCIAL BANK PCL. Banking,https://media.set.or.th/set/Documents/2021/Dec/SET50_100_H2_2016.pdf,SET50_100_H2_2016.pdf
SCC,SCC.BK,THE SIAM CEMENT PCL. Construction Materials,https://media.set.or.th/set/Documents/2021/Dec/SET50_100_H2_2016.pdf,SET50_100_H2_2016.pdf
SGP,SGP.BK,SIAMGAS AND PETROCHEMICALS PCL. Energy & Utilities,https://media.set.or.th/set/Documents/2021/Dec/SET50_100_H2_2016.pdf,SET50_100_H2_2016.pdf
SIRI,SIRI.BK,SANSIRI PCL. Property Development,https://media.set.or.th/set/Documents/2021/Dec/SET50_100_H2_2016.pdf,SET50_100_H2_2016.pdf
SPALI,SPALI.BK,SUPALAI PCL. Property Development,https://media.set.or.th/set/Documents/2021/Dec/SET50_100_H2_2016.pdf,SET50_100_H2_2016.pdf
SPCG,SPCG.BK,SPCG PCL. Energy & Utilities,https://media.set.or.th/set/Documents/2021/Dec/SET50_100_H2_2016.pdf,SET50_100_H2_2016.pdf
STEC,STEC.BK,SINO-THAI ENGINEERING AND CONSTRUCTION,https://media.set.or.th/set/Documents/2021/Dec/SET50_100_H2_2016.pdf,SET50_100_H2_2016.pdf
STPI,STPI.BK,STP&I PCL. Construction Services,https://media.set.or.th/set/Documents/2021/Dec/SET50_100_H2_2016.pdf,SET50_100_H2_2016.pdf
SVI,SVI.BK,SVI PCL. Electronic Components,https://media.set.or.th/set/Documents/2021/Dec/SET50_100_H2_2016.pdf,SET50_100_H2_2016.pdf
TASCO,TASCO.BK,TIPCO ASPHALT PCL. Construction Materials,https://media.set.or.th/set/Documents/2021/Dec/SET50_100_H2_2016.pdf,SET50_100_H2_2016.pdf
TCAP,TCAP.BK,THANACHART CAPITAL PCL. Banking,https://media.set.or.th/set/Documents/2021/Dec/SET50_100_H2_2016.pdf,SET50_100_H2_2016.pdf
THAI,THAI.BK,THAI AIRWAYS INTERNATIONAL PCL. Transportation & Logistics,https://media.set.or.th/set/Documents/2021/Dec/SET50_100_H2_2016.pdf,SET50_100_H2_2016.pdf
THCOM,THCOM.BK,THAICOM PCL. Information & Communication,https://media.set.or.th/set/Documents/2021/Dec/SET50_100_H2_2016.pdf,SET50_100_H2_2016.pdf
TISCO,TISCO.BK,TISCO FINANCIAL GROUP PCL. Banking,https://media.set.or.th/set/Documents/2021/Dec/SET50_100_H2_2016.pdf,SET50_100_H2_2016.pdf
TMB,TMB.BK,TMB BANK PCL. Banking,https://media.set.or.th/set/Documents/2021/Dec/SET50_100_H2_2016.pdf,SET50_100_H2_2016.pdf
TOP,TOP.BK,THAI OIL PCL. Energy & Utilities,https://media.set.or.th/set/Documents/2021/Dec/SET50_100_H2_2016.pdf,SET50_100_H2_2016.pdf
TPIPL,TPIPL.BK,TPI POLENE PCL. Construction Materials,https://media.set.or.th/set/Documents/2021/Dec/SET50_100_H2_2016.pdf,SET50_100_H2_2016.pdf
TRC,TRC.BK,TRC CONSTRUCTION PCL. Construction Services,https://media.set.or.th/set/Documents/2021/Dec/SET50_100_H2_2016.pdf,SET50_100_H2_2016.pdf
TRUE,TRUE.BK,TRUE CORPORATION PCL. Information & Communication,https://media.set.or.th/set/Documents/2021/Dec/SET50_100_H2_2016.pdf,SET50_100_H2_2016.pdf
TTA,TTA.BK,THORESEN THAI AGENCIES PCL. Transportation & Logistics,https://media.set.or.th/set/Documents/2021/Dec/SET50_100_H2_2016.pdf,SET50_100_H2_2016.pdf
TTCL,TTCL.BK,TTCL PCL. Construction Services,https://media.set.or.th/set/Documents/2021/Dec/SET50_100_H2_2016.pdf,SET50_100_H2_2016.pdf
TTW,TTW.BK,TTW PCL. Energy & Utilities,https://media.set.or.th/set/Documents/2021/Dec/SET50_100_H2_2016.pdf,SET50_100_H2_2016.pdf
TU,TU.BK,THAI UNION GROUP PCL. Food and Beverage,https://media.set.or.th/set/Documents/2021/Dec/SET50_100_H2_2016.pdf,SET50_100_H2_2016.pdf
TVO,TVO.BK,THAI VEGETABLE OIL PCL. Food and Beverage,https://media.set.or.th/set/Documents/2021/Dec/SET50_100_H2_2016.pdf,SET50_100_H2_2016.pdf
UNIQ,UNIQ.BK,UNIQUE ENGINEERING AND CONSTRUCTION PCL. Construction Services,https://media.set.or.th/set/Documents/2021/Dec/SET50_100_H2_2016.pdf,SET50_100_H2_2016.pdf
VGI,VGI.BK,VGI GLOBAL MEDIA PCL. Media & Publishing,https://media.set.or.th/set/Documents/2021/Dec/SET50_100_H2_2016.pdf,SET50_100_H2_2016.pdf
VNG,VNG.BK,VANACHAI GROUP PCL. Construction Materials,https://media.set.or.th/set/Documents/2021/Dec/SET50_100_H2_2016.pdf,SET50_100_H2_2016.pdf
WHA,WHA.BK,WHA CORPORATION PCL. Property Development,https://media.set.or.th/set/Documents/2021/Dec/SET50_100_H2_2016.pdf,SET50_100_H2_2016.pdf
WORK,WORK.BK,WORKPOINT ENTERTAINMENT PCL. Media & Publishing,https://media.set.or.th/set/Documents/2021/Dec/SET50_100_H2_2016.pdf,SET50_100_H2_2016.pdf
AAV,AAV.BK,ASIA AVIATION PCL. Transportation & Logistics,https://media.set.or.th/set/Documents/2021/Dec/SET50_100_H1_2016-Merger.pdf,SET50_100_H1_2016-Merger.pdf
ADVANC,ADVANC.BK,ADVANCED INFO SERVICE PCL. Information & Communication,https://media.set.or.th/set/Documents/2021/Dec/SET50_100_H1_2016-Merger.pdf,SET50_100_H1_2016-Merger.pdf
AMATA,AMATA.BK,AMATA CORPORATION PCL. Property Development,https://media.set.or.th/set/Documents/2021/Dec/SET50_100_H1_2016-Merger.pdf,SET50_100_H1_2016-Merger.pdf
ANAN,ANAN.BK,ANANDA DEVELOPMENT PCL. Property Development,https://media.set.or.th/set/Documents/2021/Dec/SET50_100_H1_2016-Merger.pdf,SET50_100_H1_2016-Merger.pdf
AOT,AOT.BK,AIRPORTS OF THAILAND PCL. Transportation & Logistics,https://media.set.or.th/set/Documents/2021/Dec/SET50_100_H1_2016-Merger.pdf,SET50_100_H1_2016-Merger.pdf
AP,AP.BK,AP (THAILAND) PCL. Property Development,https://media.set.or.th/set/Documents/2021/Dec/SET50_100_H1_2016-Merger.pdf,SET50_100_H1_2016-Merger.pdf
BA,BA.BK,BANGKOK AIRWAYS PCL. Transportation & Logistics,https://media.set.or.th/set/Documents/2021/Dec/SET50_100_H1_2016-Merger.pdf,SET50_100_H1_2016-Merger.pdf
BANPU,BANPU.BK,BANPU PCL. Energy & Utilities,https://media.set.or.th/set/Documents/2021/Dec/SET50_100_H1_2016-Merger.pdf,SET50_100_H1_2016-Merger.pdf
BBL,BBL.BK,BANGKOK BANK PCL. Banking,https://media.set.or.th/set/Documents/2021/Dec/SET50_100_H1_2016-Merger.pdf,SET50_100_H1_2016-Merger.pdf
BCP,BCP.BK,THE BANGCHAK PETROLEUM PCL. Energy & Utilities,https://media.set.or.th/set/Documents/2021/Dec/SET50_100_H1_2016-Merger.pdf,SET50_100_H1_2016-Merger.pdf
BDMS,BDMS.BK,BANGKOK DUSIT MEDICAL SERVICES PCL. Health Care Services,https://media.set.or.th/set/Documents/2021/Dec/SET50_100_H1_2016-Merger.pdf,SET50_100_H1_2016-Merger.pdf
BEAUTY,BEAUTY.BK,BEAUTY COMMUNITY PCL. Commerce,https://media.set.or.th/set/Documents/2021/Dec/SET50_100_H1_2016-Merger.pdf,SET50_100_H1_2016-Merger.pdf
BEC,BEC.BK,BEC WORLD PCL. Media & Publishing,https://media.set.or.th/set/Documents/2021/Dec/SET50_100_H1_2016-Merger.pdf,SET50_100_H1_2016-Merger.pdf
BEM,BEM.BK,BANGKOK EXPRESSWAY AND METRO PCL. Transportation & Logistics,https://media.set.or.th/set/Documents/2021/Dec/SET50_100_H1_2016-Merger.pdf,SET50_100_H1_2016-Merger.pdf
BH,BH.BK,BUMRUNGRAD HOSPITAL PCL. Health Care Services,https://media.set.or.th/set/Documents/2021/Dec/SET50_100_H1_2016-Merger.pdf,SET50_100_H1_2016-Merger.pdf
BJCHI,BJCHI.BK,BJC HEAVY INDUSTRIES PCL. Construction Services,https://media.set.or.th/set/Documents/2021/Dec/SET50_100_H1_2016-Merger.pdf,SET50_100_H1_2016-Merger.pdf
BLA,BLA.BK,BANGKOK LIFE ASSURANCE PCL. Insurance,https://media.set.or.th/set/Documents/2021/Dec/SET50_100_H1_2016-Merger.pdf,SET50_100_H1_2016-Merger.pdf
BLAND,BLAND.BK,BANGKOK LAND PCL. Property Development,https://media.set.or.th/set/Documents/2021/Dec/SET50_100_H1_2016-Merger.pdf,SET50_100_H1_2016-Merger.pdf
BTS,BTS.BK,BTS GROUP HOLDINGS PCL. Transportation & Logistics,https://media.set.or.th/set/Documents/2021/Dec/SET50_100_H1_2016-Merger.pdf,SET50_100_H1_2016-Merger.pdf
CBG,CBG.BK,CARABAO GROUP PCL. Food and Beverage,https://media.set.or.th/set/Documents/2021/Dec/SET50_100_H1_2016-Merger.pdf,SET50_100_H1_2016-Merger.pdf
CENTEL,CENTEL.BK,CENTRAL PLAZA HOTEL PCL. Tourism & Leisure,https://media.set.or.th/set/Documents/2021/Dec/SET50_100_H1_2016-Merger.pdf,SET50_100_H1_2016-Merger.pdf
CHG,CHG.BK,CHULARAT HOSPITAL PCL. Health Care Services,https://media.set.or.th/set/Documents/2021/Dec/SET50_100_H1_2016-Merger.pdf,SET50_100_H1_2016-Merger.pdf
CK,CK.BK,CH. KARNCHANG PCL. Construction Services,https://media.set.or.th/set/Documents/2021/Dec/SET50_100_H1_2016-Merger.pdf,SET50_100_H1_2016-Merger.pdf
CKP,CKP.BK,CK POWER PCL. Energy & Utilities,https://media.set.or.th/set/Documents/2021/Dec/SET50_100_H1_2016-Merger.pdf,SET50_100_H1_2016-Merger.pdf
CPALL,CPALL.BK,CP ALL PCL. Commerce,https://media.set.or.th/set/Documents/2021/Dec/SET50_100_H1_2016-Merger.pdf,SET50_100_H1_2016-Merger.pdf
CPF,CPF.BK,CHAROEN POKPHAND FOODS PCL. Food and Beverage,https://media.set.or.th/set/Documents/2021/Dec/SET50_100_H1_2016-Merger.pdf,SET50_100_H1_2016-Merger.pdf
CPN,CPN.BK,CENTRAL PATTANA PCL. Property Development,https://media.set.or.th/set/Documents/2021/Dec/SET50_100_H1_2016-Merger.pdf,SET50_100_H1_2016-Merger.pdf
DELTA,DELTA.BK,DELTA ELECTRONICS (THAILAND) PCL. Electronic Components,https://media.set.or.th/set/Documents/2021/Dec/SET50_100_H1_2016-Merger.pdf,SET50_100_H1_2016-Merger.pdf
DTAC,DTAC.BK,TOTAL ACCESS COMMUNICATION PCL. Information & Communication,https://media.set.or.th/set/Documents/2021/Dec/SET50_100_H1_2016-Merger.pdf,SET50_100_H1_2016-Merger.pdf
EARTH,EARTH.BK,ENERGY EARTH PCL. Energy & Utilities,https://media.set.or.th/set/Documents/2021/Dec/SET50_100_H1_2016-Merger.pdf,SET50_100_H1_2016-Merger.pdf
EGCO,EGCO.BK,ELECTRICITY GENERATING PCL. Energy & Utilities,https://media.set.or.th/set/Documents/2021/Dec/SET50_100_H1_2016-Merger.pdf,SET50_100_H1_2016-Merger.pdf
EPG,EPG.BK,EASTERN POLYMER GROUP PCL. Construction Materials,https://media.set.or.th/set/Documents/2021/Dec/SET50_100_H1_2016-Merger.pdf,SET50_100_H1_2016-Merger.pdf
GL,GL.BK,GROUP LEASE PCL. Finance and Securities,https://media.set.or.th/set/Documents/2021/Dec/SET50_100_H1_2016-Merger.pdf,SET50_100_H1_2016-Merger.pdf
GLOW,GLOW.BK,GLOW ENERGY PCL. Energy & Utilities,https://media.set.or.th/set/Documents/2021/Dec/SET50_100_H1_2016-Merger.pdf,SET50_100_H1_2016-Merger.pdf
GPSC,GPSC.BK,GLOBAL POWER SYNERGY PCL. Energy & Utilities,https://media.set.or.th/set/Documents/2021/Dec/SET50_100_H1_2016-Merger.pdf,SET50_100_H1_2016-Merger.pdf
GUNKUL,GUNKUL.BK,GUNKUL ENGINEERING PCL. Energy & Utilities,https://media.set.or.th/set/Documents/2021/Dec/SET50_100_H1_2016-Merger.pdf,SET50_100_H1_2016-Merger.pdf
HANA,HANA.BK,HANA MICROELECTRONICS PCL. Electronic Components,https://media.set.or.th/set/Documents/2021/Dec/SET50_100_H1_2016-Merger.pdf,SET50_100_H1_2016-Merger.pdf
HMPRO,HMPRO.BK,HOME PRODUCT CENTER PCL. Commerce,https://media.set.or.th/set/Documents/2021/Dec/SET50_100_H1_2016-Merger.pdf,SET50_100_H1_2016-Merger.pdf
ICHI,ICHI.BK,ICHITAN GROUP PCL. Food and Beverage,https://media.set.or.th/set/Documents/2021/Dec/SET50_100_H1_2016-Merger.pdf,SET50_100_H1_2016-Merger.pdf
INTUCH,INTUCH.BK,INTOUCH HOLDINGS PCL. Information & Communication,https://media.set.or.th/set/Documents/2021/Dec/SET50_100_H1_2016-Merger.pdf,SET50_100_H1_2016-Merger.pdf
IRPC,IRPC.BK,IRPC PCL. Energy & Utilities,https://media.set.or.th/set/Documents/2021/Dec/SET50_100_H1_2016-Merger.pdf,SET50_100_H1_2016-Merger.pdf
ITD,ITD.BK,ITALIAN-THAI DEVELOPMENT PCL. Construction Services,https://media.set.or.th/set/Documents/2021/Dec/SET50_100_H1_2016-Merger.pdf,SET50_100_H1_2016-Merger.pdf
IVL,IVL.BK,INDORAMA VENTURES PCL. Petrochemicals & Chemicals,https://media.set.or.th/set/Documents/2021/Dec/SET50_100_H1_2016-Merger.pdf,SET50_100_H1_2016-Merger.pdf
JAS,JAS.BK,JASMINE INTERNATIONAL PCL. Information & Communication,https://media.set.or.th/set/Documents/2021/Dec/SET50_100_H1_2016-Merger.pdf,SET50_100_H1_2016-Merger.pdf
KBANK,KBANK.BK,KASIKORNBANK PCL. Banking,https://media.set.or.th/set/Documents/2021/Dec/SET50_100_H1_2016-Merger.pdf,SET50_100_H1_2016-Merger.pdf
KCE,KCE.BK,KCE ELECTRONICS PCL. Electronic Components,https://media.set.or.th/set/Documents/2021/Dec/SET50_100_H1_2016-Merger.pdf,SET50_100_H1_2016-Merger.pdf
KKP,KKP.BK,KIATNAKIN BANK PCL. Banking,https://media.set.or.th/set/Documents/2021/Dec/SET50_100_H1_2016-Merger.pdf,SET50_100_H1_2016-Merger.pdf
KTB,KTB.BK,KRUNG THAI BANK PCL. Banking,https://media.set.or.th/set/Documents/2021/Dec/SET50_100_H1_2016-Merger.pdf,SET50_100_H1_2016-Merger.pdf
KTC,KTC.BK,KRUNGTHAI CARD PCL. Finance and Securities Reserve list of SET100,https://media.set.or.th/set/Documents/2021/Dec/SET50_100_H1_2016-Merger.pdf,SET50_100_H1_2016-Merger.pdf
LH,LH.BK,LAND AND HOUSES PCL. Property Development,https://media.set.or.th/set/Documents/2021/Dec/SET50_100_H1_2016-Merger.pdf,SET50_100_H1_2016-Merger.pdf
LHBANK,LHBANK.BK,LH FINANCIAL GROUP PCL. Banking,https://media.set.or.th/set/Documents/2021/Dec/SET50_100_H1_2016-Merger.pdf,SET50_100_H1_2016-Merger.pdf
LPN,LPN.BK,L.P.N. DEVELOPMENT PCL. Property Development,https://media.set.or.th/set/Documents/2021/Dec/SET50_100_H1_2016-Merger.pdf,SET50_100_H1_2016-Merger.pdf
M,M.BK,MK RESTAURANT GROUP PCL. Food and Beverage,https://media.set.or.th/set/Documents/2021/Dec/SET50_100_H1_2016-Merger.pdf,SET50_100_H1_2016-Merger.pdf
MAJOR,MAJOR.BK,MAJOR CINEPLEX GROUP PCL. Media & Publishing,https://media.set.or.th/set/Documents/2021/Dec/SET50_100_H1_2016-Merger.pdf,SET50_100_H1_2016-Merger.pdf
MINT,MINT.BK,MINOR INTERNATIONAL PCL. Food and Beverage,https://media.set.or.th/set/Documents/2021/Dec/SET50_100_H1_2016-Merger.pdf,SET50_100_H1_2016-Merger.pdf
PLANB,PLANB.BK,PLAN B MEDIA PCL. Media & Publishing,https://media.set.or.th/set/Documents/2021/Dec/SET50_100_H1_2016-Merger.pdf,SET50_100_H1_2016-Merger.pdf
PLAT,PLAT.BK,THE PLATINUM GROUP PCL. Property Development,https://media.set.or.th/set/Documents/2021/Dec/SET50_100_H1_2016-Merger.pdf,SET50_100_H1_2016-Merger.pdf
PS,PS.BK,PRUKSA REAL ESTATE PCL. Property Development,https://media.set.or.th/set/Documents/2021/Dec/SET50_100_H1_2016-Merger.pdf,SET50_100_H1_2016-Merger.pdf
PTG,PTG.BK,PTG ENERGY PCL. Energy & Utilities,https://media.set.or.th/set/Documents/2021/Dec/SET50_100_H1_2016-Merger.pdf,SET50_100_H1_2016-Merger.pdf
PTT,PTT.BK,PTT PCL. Energy & Utilities,https://media.set.or.th/set/Documents/2021/Dec/SET50_100_H1_2016-Merger.pdf,SET50_100_H1_2016-Merger.pdf
PTTEP,PTTEP.BK,PTT EXPLORATION AND PRODUCTION PCL. Energy & Utilities,https://media.set.or.th/set/Documents/2021/Dec/SET50_100_H1_2016-Merger.pdf,SET50_100_H1_2016-Merger.pdf
PTTGC,PTTGC.BK,PTT GLOBAL CHEMICAL PCL. Petrochemicals & Chemicals,https://media.set.or.th/set/Documents/2021/Dec/SET50_100_H1_2016-Merger.pdf,SET50_100_H1_2016-Merger.pdf
QH,QH.BK,QUALITY HOUSES PCL. Property Development,https://media.set.or.th/set/Documents/2021/Dec/SET50_100_H1_2016-Merger.pdf,SET50_100_H1_2016-Merger.pdf
ROBINS,ROBINS.BK,ROBINSON DEPARTMENT STORE PCL. Commerce,https://media.set.or.th/set/Documents/2021/Dec/SET50_100_H1_2016-Merger.pdf,SET50_100_H1_2016-Merger.pdf
RS,RS.BK,RS PCL. Media & Publishing,https://media.set.or.th/set/Documents/2021/Dec/SET50_100_H1_2016-Merger.pdf,SET50_100_H1_2016-Merger.pdf
S,S.BK,SINGHA ESTATE PCL. Property Development,https://media.set.or.th/set/Documents/2021/Dec/SET50_100_H1_2016-Merger.pdf,SET50_100_H1_2016-Merger.pdf
SAMART,SAMART.BK,SAMART CORPORATION PCL. Information & Communication,https://media.set.or.th/set/Documents/2021/Dec/SET50_100_H1_2016-Merger.pdf,SET50_100_H1_2016-Merger.pdf
SAMTEL,SAMTEL.BK,SAMART TELCOMS PCL. Information & Communication,https://media.set.or.th/set/Documents/2021/Dec/SET50_100_H1_2016-Merger.pdf,SET50_100_H1_2016-Merger.pdf
SAWAD,SAWAD.BK,SRISAWAD POWER 1979 PCL. Finance and Securities,https://media.set.or.th/set/Documents/2021/Dec/SET50_100_H1_2016-Merger.pdf,SET50_100_H1_2016-Merger.pdf
SCB,SCB.BK,THE SIAM COMMERCIAL BANK PCL. Banking,https://media.set.or.th/set/Documents/2021/Dec/SET50_100_H1_2016-Merger.pdf,SET50_100_H1_2016-Merger.pdf
SCC,SCC.BK,THE SIAM CEMENT PCL. Construction Materials,https://media.set.or.th/set/Documents/2021/Dec/SET50_100_H1_2016-Merger.pdf,SET50_100_H1_2016-Merger.pdf
SCCC,SCCC.BK,SIAM CITY CEMENT PCL. Construction Materials,https://media.set.or.th/set/Documents/2021/Dec/SET50_100_H1_2016-Merger.pdf,SET50_100_H1_2016-Merger.pdf
SCN,SCN.BK,SCAN INTER PCL. Energy & Utilities,https://media.set.or.th/set/Documents/2021/Dec/SET50_100_H1_2016-Merger.pdf,SET50_100_H1_2016-Merger.pdf
SGP,SGP.BK,SIAMGAS AND PETROCHEMICALS PCL. Energy & Utilities,https://media.set.or.th/set/Documents/2021/Dec/SET50_100_H1_2016-Merger.pdf,SET50_100_H1_2016-Merger.pdf
SIRI,SIRI.BK,SANSIRI PCL. Property Development,https://media.set.or.th/set/Documents/2021/Dec/SET50_100_H1_2016-Merger.pdf,SET50_100_H1_2016-Merger.pdf
SPALI,SPALI.BK,SUPALAI PCL. Property Development,https://media.set.or.th/set/Documents/2021/Dec/SET50_100_H1_2016-Merger.pdf,SET50_100_H1_2016-Merger.pdf
SPCG,SPCG.BK,SPCG PCL. Energy & Utilities,https://media.set.or.th/set/Documents/2021/Dec/SET50_100_H1_2016-Merger.pdf,SET50_100_H1_2016-Merger.pdf
STEC,STEC.BK,SINO-THAI ENGINEERING AND CONSTRUCTION PCL. Construction Services,https://media.set.or.th/set/Documents/2021/Dec/SET50_100_H1_2016-Merger.pdf,SET50_100_H1_2016-Merger.pdf
STPI,STPI.BK,STP&I PCL. Construction Services,https://media.set.or.th/set/Documents/2021/Dec/SET50_100_H1_2016-Merger.pdf,SET50_100_H1_2016-Merger.pdf
SVI,SVI.BK,SVI PCL. Electronic Components,https://media.set.or.th/set/Documents/2021/Dec/SET50_100_H1_2016-Merger.pdf,SET50_100_H1_2016-Merger.pdf
TASCO,TASCO.BK,TIPCO ASPHALT PCL. Construction Materials,https://media.set.or.th/set/Documents/2021/Dec/SET50_100_H1_2016-Merger.pdf,SET50_100_H1_2016-Merger.pdf
TCAP,TCAP.BK,THANACHART CAPITAL PCL. Banking,https://media.set.or.th/set/Documents/2021/Dec/SET50_100_H1_2016-Merger.pdf,SET50_100_H1_2016-Merger.pdf
THAI,THAI.BK,THAI AIRWAYS INTERNATIONAL PCL. Transportation & Logistics,https://media.set.or.th/set/Documents/2021/Dec/SET50_100_H1_2016-Merger.pdf,SET50_100_H1_2016-Merger.pdf
THCOM,THCOM.BK,THAICOM PCL. Information & Communication,https://media.set.or.th/set/Documents/2021/Dec/SET50_100_H1_2016-Merger.pdf,SET50_100_H1_2016-Merger.pdf
TICON,TICON.BK,TICON INDUSTRIAL CONNECTION PCL. Property Development,https://media.set.or.th/set/Documents/2021/Dec/SET50_100_H1_2016-Merger.pdf,SET50_100_H1_2016-Merger.pdf
TISCO,TISCO.BK,TISCO FINANCIAL GROUP PCL. Banking,https://media.set.or.th/set/Documents/2021/Dec/SET50_100_H1_2016-Merger.pdf,SET50_100_H1_2016-Merger.pdf
TMB,TMB.BK,TMB BANK PCL. Banking,https://media.set.or.th/set/Documents/2021/Dec/SET50_100_H1_2016-Merger.pdf,SET50_100_H1_2016-Merger.pdf
TOP,TOP.BK,THAI OIL PCL. Energy & Utilities,https://media.set.or.th/set/Documents/2021/Dec/SET50_100_H1_2016-Merger.pdf,SET50_100_H1_2016-Merger.pdf
TPIPL,TPIPL.BK,TPI POLENE PCL. Construction Materials,https://media.set.or.th/set/Documents/2021/Dec/SET50_100_H1_2016-Merger.pdf,SET50_100_H1_2016-Merger.pdf
TRUE,TRUE.BK,TRUE CORPORATION PCL. Information & Communication,https://media.set.or.th/set/Documents/2021/Dec/SET50_100_H1_2016-Merger.pdf,SET50_100_H1_2016-Merger.pdf
TTA,TTA.BK,THORESEN THAI AGENCIES PCL. Transportation & Logistics,https://media.set.or.th/set/Documents/2021/Dec/SET50_100_H1_2016-Merger.pdf,SET50_100_H1_2016-Merger.pdf
TTCL,TTCL.BK,TTCL PCL. Construction Services,https://media.set.or.th/set/Documents/2021/Dec/SET50_100_H1_2016-Merger.pdf,SET50_100_H1_2016-Merger.pdf
TTW,TTW.BK,TTW PCL. Energy & Utilities,https://media.set.or.th/set/Documents/2021/Dec/SET50_100_H1_2016-Merger.pdf,SET50_100_H1_2016-Merger.pdf
TU,TU.BK,THAI UNION GROUP PCL. Food and Beverage,https://media.set.or.th/set/Documents/2021/Dec/SET50_100_H1_2016-Merger.pdf,SET50_100_H1_2016-Merger.pdf
UNIQ,UNIQ.BK,UNIQUE ENGINEERING AND CONSTRUCTION PCL. Construction Services,https://media.set.or.th/set/Documents/2021/Dec/SET50_100_H1_2016-Merger.pdf,SET50_100_H1_2016-Merger.pdf
UV,UV.BK,UNIVENTURES PCL. Property Development,https://media.set.or.th/set/Documents/2021/Dec/SET50_100_H1_2016-Merger.pdf,SET50_100_H1_2016-Merger.pdf
VGI,VGI.BK,VGI GLOBAL MEDIA PCL. Media & Publishing,https://media.set.or.th/set/Documents/2021/Dec/SET50_100_H1_2016-Merger.pdf,SET50_100_H1_2016-Merger.pdf
VNG,VNG.BK,VANACHAI GROUP PCL. Construction Materials,https://media.set.or.th/set/Documents/2021/Dec/SET50_100_H1_2016-Merger.pdf,SET50_100_H1_2016-Merger.pdf
WHA,WHA.BK,WHA CORPORATION PCL. Property Development,https://media.set.or.th/set/Documents/2021/Dec/SET50_100_H1_2016-Merger.pdf,SET50_100_H1_2016-Merger.pdf
WORK,WORK.BK,WORKPOINT ENTERTAINMENT PCL. Media & Publishing,https://media.set.or.th/set/Documents/2021/Dec/SET50_100_H1_2016-Merger.pdf,SET50_100_H1_2016-Merger.pdf
AAV,AAV.BK,ASIA AVIATION PCL. Transportation & Logistics,https://media.set.or.th/set/Documents/2021/Dec/SET50_100_H1_2016.pdf,SET50_100_H1_2016.pdf
ADVANC,ADVANC.BK,ADVANCED INFO SERVICE PCL. Information & Communication,https://media.set.or.th/set/Documents/2021/Dec/SET50_100_H1_2016.pdf,SET50_100_H1_2016.pdf
AMATA,AMATA.BK,AMATA CORPORATION PCL. Property Development,https://media.set.or.th/set/Documents/2021/Dec/SET50_100_H1_2016.pdf,SET50_100_H1_2016.pdf
ANAN,ANAN.BK,ANANDA DEVELOPMENT PCL. Property Development,https://media.set.or.th/set/Documents/2021/Dec/SET50_100_H1_2016.pdf,SET50_100_H1_2016.pdf
AOT,AOT.BK,AIRPORTS OF THAILAND PCL. Transportation & Logistics,https://media.set.or.th/set/Documents/2021/Dec/SET50_100_H1_2016.pdf,SET50_100_H1_2016.pdf
AP,AP.BK,AP (THAILAND) PCL. Property Development,https://media.set.or.th/set/Documents/2021/Dec/SET50_100_H1_2016.pdf,SET50_100_H1_2016.pdf
BA,BA.BK,BANGKOK AIRWAYS PCL. Transportation & Logistics,https://media.set.or.th/set/Documents/2021/Dec/SET50_100_H1_2016.pdf,SET50_100_H1_2016.pdf
BANPU,BANPU.BK,BANPU PCL. Energy & Utilities,https://media.set.or.th/set/Documents/2021/Dec/SET50_100_H1_2016.pdf,SET50_100_H1_2016.pdf
BBL,BBL.BK,BANGKOK BANK PCL. Banking,https://media.set.or.th/set/Documents/2021/Dec/SET50_100_H1_2016.pdf,SET50_100_H1_2016.pdf
BCP,BCP.BK,THE BANGCHAK PETROLEUM PCL. Energy & Utilities,https://media.set.or.th/set/Documents/2021/Dec/SET50_100_H1_2016.pdf,SET50_100_H1_2016.pdf
BDMS,BDMS.BK,BANGKOK DUSIT MEDICAL SERVICES PCL. Health Care Services,https://media.set.or.th/set/Documents/2021/Dec/SET50_100_H1_2016.pdf,SET50_100_H1_2016.pdf
BEAUTY,BEAUTY.BK,BEAUTY COMMUNITY PCL. Commerce,https://media.set.or.th/set/Documents/2021/Dec/SET50_100_H1_2016.pdf,SET50_100_H1_2016.pdf
BEC,BEC.BK,BEC WORLD PCL. Media & Publishing,https://media.set.or.th/set/Documents/2021/Dec/SET50_100_H1_2016.pdf,SET50_100_H1_2016.pdf
BECL,BECL.BK,BANGKOK EXPRESSWAY PCL. Transportation & Logistics,https://media.set.or.th/set/Documents/2021/Dec/SET50_100_H1_2016.pdf,SET50_100_H1_2016.pdf
BH,BH.BK,BUMRUNGRAD HOSPITAL PCL. Health Care Services,https://media.set.or.th/set/Documents/2021/Dec/SET50_100_H1_2016.pdf,SET50_100_H1_2016.pdf
BJCHI,BJCHI.BK,BJC HEAVY INDUSTRIES PCL. Construction Services,https://media.set.or.th/set/Documents/2021/Dec/SET50_100_H1_2016.pdf,SET50_100_H1_2016.pdf
BLA,BLA.BK,BANGKOK LIFE ASSURANCE PCL. Insurance,https://media.set.or.th/set/Documents/2021/Dec/SET50_100_H1_2016.pdf,SET50_100_H1_2016.pdf
BLAND,BLAND.BK,BANGKOK LAND PCL. Property Development,https://media.set.or.th/set/Documents/2021/Dec/SET50_100_H1_2016.pdf,SET50_100_H1_2016.pdf
BMCL,BMCL.BK,BANGKOK METRO PCL. Transportation & Logistics,https://media.set.or.th/set/Documents/2021/Dec/SET50_100_H1_2016.pdf,SET50_100_H1_2016.pdf
BTS,BTS.BK,BTS GROUP HOLDINGS PCL. Transportation & Logistics,https://media.set.or.th/set/Documents/2021/Dec/SET50_100_H1_2016.pdf,SET50_100_H1_2016.pdf
CBG,CBG.BK,CARABAO GROUP PCL. Food and Beverage,https://media.set.or.th/set/Documents/2021/Dec/SET50_100_H1_2016.pdf,SET50_100_H1_2016.pdf
CENTEL,CENTEL.BK,CENTRAL PLAZA HOTEL PCL. Tourism & Leisure,https://media.set.or.th/set/Documents/2021/Dec/SET50_100_H1_2016.pdf,SET50_100_H1_2016.pdf
CHG,CHG.BK,CHULARAT HOSPITAL PCL. Health Care Services,https://media.set.or.th/set/Documents/2021/Dec/SET50_100_H1_2016.pdf,SET50_100_H1_2016.pdf
CK,CK.BK,CH. KARNCHANG PCL. Construction Services,https://media.set.or.th/set/Documents/2021/Dec/SET50_100_H1_2016.pdf,SET50_100_H1_2016.pdf
CKP,CKP.BK,CK POWER PCL. Energy & Utilities,https://media.set.or.th/set/Documents/2021/Dec/SET50_100_H1_2016.pdf,SET50_100_H1_2016.pdf
CPALL,CPALL.BK,CP ALL PCL. Commerce,https://media.set.or.th/set/Documents/2021/Dec/SET50_100_H1_2016.pdf,SET50_100_H1_2016.pdf
CPF,CPF.BK,CHAROEN POKPHAND FOODS PCL. Food and Beverage,https://media.set.or.th/set/Documents/2021/Dec/SET50_100_H1_2016.pdf,SET50_100_H1_2016.pdf
CPN,CPN.BK,CENTRAL PATTANA PCL. Property Development,https://media.set.or.th/set/Documents/2021/Dec/SET50_100_H1_2016.pdf,SET50_100_H1_2016.pdf
DELTA,DELTA.BK,DELTA ELECTRONICS (THAILAND) PCL. Electronic Components,https://media.set.or.th/set/Documents/2021/Dec/SET50_100_H1_2016.pdf,SET50_100_H1_2016.pdf
DTAC,DTAC.BK,TOTAL ACCESS COMMUNICATION PCL. Information & Communication,https://media.set.or.th/set/Documents/2021/Dec/SET50_100_H1_2016.pdf,SET50_100_H1_2016.pdf
EARTH,EARTH.BK,ENERGY EARTH PCL. Energy & Utilities,https://media.set.or.th/set/Documents/2021/Dec/SET50_100_H1_2016.pdf,SET50_100_H1_2016.pdf
EGCO,EGCO.BK,ELECTRICITY GENERATING PCL. Energy & Utilities,https://media.set.or.th/set/Documents/2021/Dec/SET50_100_H1_2016.pdf,SET50_100_H1_2016.pdf
EPG,EPG.BK,EASTERN POLYMER GROUP PCL. Construction Materials,https://media.set.or.th/set/Documents/2021/Dec/SET50_100_H1_2016.pdf,SET50_100_H1_2016.pdf
GL,GL.BK,GROUP LEASE PCL. Finance and Securities,https://media.set.or.th/set/Documents/2021/Dec/SET50_100_H1_2016.pdf,SET50_100_H1_2016.pdf
GLOW,GLOW.BK,GLOW ENERGY PCL. Energy & Utilities,https://media.set.or.th/set/Documents/2021/Dec/SET50_100_H1_2016.pdf,SET50_100_H1_2016.pdf
GPSC,GPSC.BK,GLOBAL POWER SYNERGY PCL. Energy & Utilities,https://media.set.or.th/set/Documents/2021/Dec/SET50_100_H1_2016.pdf,SET50_100_H1_2016.pdf
GUNKUL,GUNKUL.BK,GUNKUL ENGINEERING PCL. Energy & Utilities,https://media.set.or.th/set/Documents/2021/Dec/SET50_100_H1_2016.pdf,SET50_100_H1_2016.pdf
HANA,HANA.BK,HANA MICROELECTRONICS PCL. Electronic Components,https://media.set.or.th/set/Documents/2021/Dec/SET50_100_H1_2016.pdf,SET50_100_H1_2016.pdf
HMPRO,HMPRO.BK,HOME PRODUCT CENTER PCL. Commerce,https://media.set.or.th/set/Documents/2021/Dec/SET50_100_H1_2016.pdf,SET50_100_H1_2016.pdf
ICHI,ICHI.BK,ICHITAN GROUP PCL. Food and Beverage,https://media.set.or.th/set/Documents/2021/Dec/SET50_100_H1_2016.pdf,SET50_100_H1_2016.pdf
INTUCH,INTUCH.BK,INTOUCH HOLDINGS PCL. Information & Communication,https://media.set.or.th/set/Documents/2021/Dec/SET50_100_H1_2016.pdf,SET50_100_H1_2016.pdf
IRPC,IRPC.BK,IRPC PCL. Energy & Utilities,https://media.set.or.th/set/Documents/2021/Dec/SET50_100_H1_2016.pdf,SET50_100_H1_2016.pdf
ITD,ITD.BK,ITALIAN-THAI DEVELOPMENT PCL. Construction Services,https://media.set.or.th/set/Documents/2021/Dec/SET50_100_H1_2016.pdf,SET50_100_H1_2016.pdf
IVL,IVL.BK,INDORAMA VENTURES PCL. Petrochemicals & Chemicals,https://media.set.or.th/set/Documents/2021/Dec/SET50_100_H1_2016.pdf,SET50_100_H1_2016.pdf
JAS,JAS.BK,JASMINE INTERNATIONAL PCL. Information & Communication,https://media.set.or.th/set/Documents/2021/Dec/SET50_100_H1_2016.pdf,SET50_100_H1_2016.pdf
KBANK,KBANK.BK,KASIKORNBANK PCL. Banking,https://media.set.or.th/set/Documents/2021/Dec/SET50_100_H1_2016.pdf,SET50_100_H1_2016.pdf
KCE,KCE.BK,KCE ELECTRONICS PCL. Electronic Components,https://media.set.or.th/set/Documents/2021/Dec/SET50_100_H1_2016.pdf,SET50_100_H1_2016.pdf
KKP,KKP.BK,KIATNAKIN BANK PCL. Banking,https://media.set.or.th/set/Documents/2021/Dec/SET50_100_H1_2016.pdf,SET50_100_H1_2016.pdf
KTB,KTB.BK,KRUNG THAI BANK PCL. Banking Reserve list of SET100,https://media.set.or.th/set/Documents/2021/Dec/SET50_100_H1_2016.pdf,SET50_100_H1_2016.pdf
KTC,KTC.BK,KRUNGTHAI CARD PCL. Finance and Securities,https://media.set.or.th/set/Documents/2021/Dec/SET50_100_H1_2016.pdf,SET50_100_H1_2016.pdf
LH,LH.BK,LAND AND HOUSES PCL. Property Development,https://media.set.or.th/set/Documents/2021/Dec/SET50_100_H1_2016.pdf,SET50_100_H1_2016.pdf
LHBANK,LHBANK.BK,LH FINANCIAL GROUP PCL. Banking,https://media.set.or.th/set/Documents/2021/Dec/SET50_100_H1_2016.pdf,SET50_100_H1_2016.pdf
LPN,LPN.BK,L.P.N. DEVELOPMENT PCL. Property Development,https://media.set.or.th/set/Documents/2021/Dec/SET50_100_H1_2016.pdf,SET50_100_H1_2016.pdf
M,M.BK,MK RESTAURANT GROUP PCL. Food and Beverage,https://media.set.or.th/set/Documents/2021/Dec/SET50_100_H1_2016.pdf,SET50_100_H1_2016.pdf
MAJOR,MAJOR.BK,MAJOR CINEPLEX GROUP PCL. Media & Publishing,https://media.set.or.th/set/Documents/2021/Dec/SET50_100_H1_2016.pdf,SET50_100_H1_2016.pdf
MINT,MINT.BK,MINOR INTERNATIONAL PCL. Food and Beverage,https://media.set.or.th/set/Documents/2021/Dec/SET50_100_H1_2016.pdf,SET50_100_H1_2016.pdf
PLANB,PLANB.BK,PLAN B MEDIA PCL. Media & Publishing,https://media.set.or.th/set/Documents/2021/Dec/SET50_100_H1_2016.pdf,SET50_100_H1_2016.pdf
PLAT,PLAT.BK,THE PLATINUM GROUP PCL. Property Development,https://media.set.or.th/set/Documents/2021/Dec/SET50_100_H1_2016.pdf,SET50_100_H1_2016.pdf
PS,PS.BK,PRUKSA REAL ESTATE PCL. Property Development,https://media.set.or.th/set/Documents/2021/Dec/SET50_100_H1_2016.pdf,SET50_100_H1_2016.pdf
PTG,PTG.BK,PTG ENERGY PCL. Energy & Utilities,https://media.set.or.th/set/Documents/2021/Dec/SET50_100_H1_2016.pdf,SET50_100_H1_2016.pdf
PTT,PTT.BK,PTT PCL. Energy & Utilities,https://media.set.or.th/set/Documents/2021/Dec/SET50_100_H1_2016.pdf,SET50_100_H1_2016.pdf
PTTEP,PTTEP.BK,PTT EXPLORATION AND PRODUCTION PCL. Energy & Utilities,https://media.set.or.th/set/Documents/2021/Dec/SET50_100_H1_2016.pdf,SET50_100_H1_2016.pdf
PTTGC,PTTGC.BK,PTT GLOBAL CHEMICAL PCL. Petrochemicals & Chemicals,https://media.set.or.th/set/Documents/2021/Dec/SET50_100_H1_2016.pdf,SET50_100_H1_2016.pdf
QH,QH.BK,QUALITY HOUSES PCL. Property Development,https://media.set.or.th/set/Documents/2021/Dec/SET50_100_H1_2016.pdf,SET50_100_H1_2016.pdf
ROBINS,ROBINS.BK,ROBINSON DEPARTMENT STORE PCL. Commerce,https://media.set.or.th/set/Documents/2021/Dec/SET50_100_H1_2016.pdf,SET50_100_H1_2016.pdf
RS,RS.BK,RS PCL. Media & Publishing,https://media.set.or.th/set/Documents/2021/Dec/SET50_100_H1_2016.pdf,SET50_100_H1_2016.pdf
S,S.BK,SINGHA ESTATE PCL. Property Development,https://media.set.or.th/set/Documents/2021/Dec/SET50_100_H1_2016.pdf,SET50_100_H1_2016.pdf
SAMART,SAMART.BK,SAMART CORPORATION PCL. Information & Communication,https://media.set.or.th/set/Documents/2021/Dec/SET50_100_H1_2016.pdf,SET50_100_H1_2016.pdf
SAMTEL,SAMTEL.BK,SAMART TELCOMS PCL. Information & Communication,https://media.set.or.th/set/Documents/2021/Dec/SET50_100_H1_2016.pdf,SET50_100_H1_2016.pdf
SAWAD,SAWAD.BK,SRISAWAD POWER 1979 PCL. Finance and Securities,https://media.set.or.th/set/Documents/2021/Dec/SET50_100_H1_2016.pdf,SET50_100_H1_2016.pdf
SCB,SCB.BK,THE SIAM COMMERCIAL BANK PCL. Banking,https://media.set.or.th/set/Documents/2021/Dec/SET50_100_H1_2016.pdf,SET50_100_H1_2016.pdf
SCC,SCC.BK,THE SIAM CEMENT PCL. Construction Materials,https://media.set.or.th/set/Documents/2021/Dec/SET50_100_H1_2016.pdf,SET50_100_H1_2016.pdf
SCCC,SCCC.BK,SIAM CITY CEMENT PCL. Construction Materials,https://media.set.or.th/set/Documents/2021/Dec/SET50_100_H1_2016.pdf,SET50_100_H1_2016.pdf
SCN,SCN.BK,SCAN INTER PCL. Energy & Utilities,https://media.set.or.th/set/Documents/2021/Dec/SET50_100_H1_2016.pdf,SET50_100_H1_2016.pdf
SIRI,SIRI.BK,SANSIRI PCL. Property Development,https://media.set.or.th/set/Documents/2021/Dec/SET50_100_H1_2016.pdf,SET50_100_H1_2016.pdf
SPALI,SPALI.BK,SUPALAI PCL. Property Development,https://media.set.or.th/set/Documents/2021/Dec/SET50_100_H1_2016.pdf,SET50_100_H1_2016.pdf
SPCG,SPCG.BK,SPCG PCL. Energy & Utilities,https://media.set.or.th/set/Documents/2021/Dec/SET50_100_H1_2016.pdf,SET50_100_H1_2016.pdf
STEC,STEC.BK,SINO-THAI ENGINEERING AND CONSTRUCTION PCL. Construction Services,https://media.set.or.th/set/Documents/2021/Dec/SET50_100_H1_2016.pdf,SET50_100_H1_2016.pdf
STPI,STPI.BK,STP&I PCL. Construction Services,https://media.set.or.th/set/Documents/2021/Dec/SET50_100_H1_2016.pdf,SET50_100_H1_2016.pdf
SVI,SVI.BK,SVI PCL. Electronic Components,https://media.set.or.th/set/Documents/2021/Dec/SET50_100_H1_2016.pdf,SET50_100_H1_2016.pdf
TASCO,TASCO.BK,TIPCO ASPHALT PCL. Construction Materials,https://media.set.or.th/set/Documents/2021/Dec/SET50_100_H1_2016.pdf,SET50_100_H1_2016.pdf
TCAP,TCAP.BK,THANACHART CAPITAL PCL. Banking,https://media.set.or.th/set/Documents/2021/Dec/SET50_100_H1_2016.pdf,SET50_100_H1_2016.pdf
THAI,THAI.BK,THAI AIRWAYS INTERNATIONAL PCL. Transportation & Logistics,https://media.set.or.th/set/Documents/2021/Dec/SET50_100_H1_2016.pdf,SET50_100_H1_2016.pdf
THCOM,THCOM.BK,THAICOM PCL. Information & Communication,https://media.set.or.th/set/Documents/2021/Dec/SET50_100_H1_2016.pdf,SET50_100_H1_2016.pdf
TICON,TICON.BK,TICON INDUSTRIAL CONNECTION PCL. Property Development,https://media.set.or.th/set/Documents/2021/Dec/SET50_100_H1_2016.pdf,SET50_100_H1_2016.pdf
TISCO,TISCO.BK,TISCO FINANCIAL GROUP PCL. Banking,https://media.set.or.th/set/Documents/2021/Dec/SET50_100_H1_2016.pdf,SET50_100_H1_2016.pdf
TMB,TMB.BK,TMB BANK PCL. Banking,https://media.set.or.th/set/Documents/2021/Dec/SET50_100_H1_2016.pdf,SET50_100_H1_2016.pdf
TOP,TOP.BK,THAI OIL PCL. Energy & Utilities,https://media.set.or.th/set/Documents/2021/Dec/SET50_100_H1_2016.pdf,SET50_100_H1_2016.pdf
TPIPL,TPIPL.BK,TPI POLENE PCL. Construction Materials,https://media.set.or.th/set/Documents/2021/Dec/SET50_100_H1_2016.pdf,SET50_100_H1_2016.pdf
TRUE,TRUE.BK,TRUE CORPORATION PCL. Information & Communication,https://media.set.or.th/set/Documents/2021/Dec/SET50_100_H1_2016.pdf,SET50_100_H1_2016.pdf
TTA,TTA.BK,THORESEN THAI AGENCIES PCL. Transportation & Logistics,https://media.set.or.th/set/Documents/2021/Dec/SET50_100_H1_2016.pdf,SET50_100_H1_2016.pdf
TTCL,TTCL.BK,TTCL PCL. Construction Services,https://media.set.or.th/set/Documents/2021/Dec/SET50_100_H1_2016.pdf,SET50_100_H1_2016.pdf
TTW,TTW.BK,TTW PCL. Energy & Utilities,https://media.set.or.th/set/Documents/2021/Dec/SET50_100_H1_2016.pdf,SET50_100_H1_2016.pdf
TU,TU.BK,THAI UNION GROUP PCL. Food and Beverage,https://media.set.or.th/set/Documents/2021/Dec/SET50_100_H1_2016.pdf,SET50_100_H1_2016.pdf
UNIQ,UNIQ.BK,UNIQUE ENGINEERING AND CONSTRUCTION PCL. Construction Services,https://media.set.or.th/set/Documents/2021/Dec/SET50_100_H1_2016.pdf,SET50_100_H1_2016.pdf
UV,UV.BK,UNIVENTURES PCL. Property Development,https://media.set.or.th/set/Documents/2021/Dec/SET50_100_H1_2016.pdf,SET50_100_H1_2016.pdf
VGI,VGI.BK,VGI GLOBAL MEDIA PCL. Media & Publishing,https://media.set.or.th/set/Documents/2021/Dec/SET50_100_H1_2016.pdf,SET50_100_H1_2016.pdf
VNG,VNG.BK,VANACHAI GROUP PCL. Construction Materials,https://media.set.or.th/set/Documents/2021/Dec/SET50_100_H1_2016.pdf,SET50_100_H1_2016.pdf
WHA,WHA.BK,WHA CORPORATION PCL. Property Development,https://media.set.or.th/set/Documents/2021/Dec/SET50_100_H1_2016.pdf,SET50_100_H1_2016.pdf
WORK,WORK.BK,WORKPOINT ENTERTAINMENT PCL. Media & Publishing,https://media.set.or.th/set/Documents/2021/Dec/SET50_100_H1_2016.pdf,SET50_100_H1_2016.pdf
AAV,AAV.BK,ASIA AVIATION PCL. Transportation & Logistics,https://media.set.or.th/set/Documents/2021/Dec/SET50_100_H2_2015.pdf,SET50_100_H2_2015.pdf
ADVANC,ADVANC.BK,ADVANCED INFO SERVICE PCL. Information & Communication,https://media.set.or.th/set/Documents/2021/Dec/SET50_100_H2_2015.pdf,SET50_100_H2_2015.pdf
AMATA,AMATA.BK,AMATA CORPORATION PCL. Property Development,https://media.set.or.th/set/Documents/2021/Dec/SET50_100_H2_2015.pdf,SET50_100_H2_2015.pdf
ANAN,ANAN.BK,ANANDA DEVELOPMENT PCL. Property Development,https://media.set.or.th/set/Documents/2021/Dec/SET50_100_H2_2015.pdf,SET50_100_H2_2015.pdf
AOT,AOT.BK,AIRPORTS OF THAILAND PCL. Transportation & Logistics,https://media.set.or.th/set/Documents/2021/Dec/SET50_100_H2_2015.pdf,SET50_100_H2_2015.pdf
AP,AP.BK,AP (THAILAND) PCL. Property Development,https://media.set.or.th/set/Documents/2021/Dec/SET50_100_H2_2015.pdf,SET50_100_H2_2015.pdf
ASP,ASP.BK,ASIA PLUS GROUP HOLDINGS SECURITIES PCL. Finance and Securities,https://media.set.or.th/set/Documents/2021/Dec/SET50_100_H2_2015.pdf,SET50_100_H2_2015.pdf
BA,BA.BK,BANGKOK AIRWAYS PCL. Transportation & Logistics,https://media.set.or.th/set/Documents/2021/Dec/SET50_100_H2_2015.pdf,SET50_100_H2_2015.pdf
BANPU,BANPU.BK,BANPU PCL. Energy & Utilities,https://media.set.or.th/set/Documents/2021/Dec/SET50_100_H2_2015.pdf,SET50_100_H2_2015.pdf
BBL,BBL.BK,BANGKOK BANK PCL. Banking,https://media.set.or.th/set/Documents/2021/Dec/SET50_100_H2_2015.pdf,SET50_100_H2_2015.pdf
BCP,BCP.BK,THE BANGCHAK PETROLEUM PCL. Energy & Utilities,https://media.set.or.th/set/Documents/2021/Dec/SET50_100_H2_2015.pdf,SET50_100_H2_2015.pdf
BDMS,BDMS.BK,BANGKOK DUSIT MEDICAL SERVICES PCL. Health Care Services,https://media.set.or.th/set/Documents/2021/Dec/SET50_100_H2_2015.pdf,SET50_100_H2_2015.pdf
BEAUTY,BEAUTY.BK,BEAUTY COMMUNITY PCL. Commerce,https://media.set.or.th/set/Documents/2021/Dec/SET50_100_H2_2015.pdf,SET50_100_H2_2015.pdf
BEC,BEC.BK,BEC WORLD PCL. Media & Publishing,https://media.set.or.th/set/Documents/2021/Dec/SET50_100_H2_2015.pdf,SET50_100_H2_2015.pdf
BECL,BECL.BK,BANGKOK EXPRESSWAY PCL. Transportation & Logistics,https://media.set.or.th/set/Documents/2021/Dec/SET50_100_H2_2015.pdf,SET50_100_H2_2015.pdf
BH,BH.BK,BUMRUNGRAD HOSPITAL PCL. Health Care Services,https://media.set.or.th/set/Documents/2021/Dec/SET50_100_H2_2015.pdf,SET50_100_H2_2015.pdf
BJCHI,BJCHI.BK,BJC HEAVY INDUSTRIES PCL. Construction Services,https://media.set.or.th/set/Documents/2021/Dec/SET50_100_H2_2015.pdf,SET50_100_H2_2015.pdf
BLAND,BLAND.BK,BANGKOK LAND PCL. Property Development,https://media.set.or.th/set/Documents/2021/Dec/SET50_100_H2_2015.pdf,SET50_100_H2_2015.pdf
BMCL,BMCL.BK,BANGKOK METRO PCL. Transportation & Logistics,https://media.set.or.th/set/Documents/2021/Dec/SET50_100_H2_2015.pdf,SET50_100_H2_2015.pdf
BTS,BTS.BK,BTS GROUP HOLDINGS PCL. Transportation & Logistics,https://media.set.or.th/set/Documents/2021/Dec/SET50_100_H2_2015.pdf,SET50_100_H2_2015.pdf
CBG,CBG.BK,CARABAO GROUP PCL. Food and Beverage,https://media.set.or.th/set/Documents/2021/Dec/SET50_100_H2_2015.pdf,SET50_100_H2_2015.pdf
CENTEL,CENTEL.BK,CENTRAL PLAZA HOTEL PCL. Tourism & Leisure,https://media.set.or.th/set/Documents/2021/Dec/SET50_100_H2_2015.pdf,SET50_100_H2_2015.pdf
CK,CK.BK,CH. KARNCHANG PCL. Construction Services,https://media.set.or.th/set/Documents/2021/Dec/SET50_100_H2_2015.pdf,SET50_100_H2_2015.pdf
CKP,CKP.BK,CK POWER PCL. Energy & Utilities,https://media.set.or.th/set/Documents/2021/Dec/SET50_100_H2_2015.pdf,SET50_100_H2_2015.pdf
CPALL,CPALL.BK,CP ALL PCL. Commerce,https://media.set.or.th/set/Documents/2021/Dec/SET50_100_H2_2015.pdf,SET50_100_H2_2015.pdf
CPF,CPF.BK,CHAROEN POKPHAND FOODS PCL. Food and Beverage,https://media.set.or.th/set/Documents/2021/Dec/SET50_100_H2_2015.pdf,SET50_100_H2_2015.pdf
CPN,CPN.BK,CENTRAL PATTANA PCL. Property Development,https://media.set.or.th/set/Documents/2021/Dec/SET50_100_H2_2015.pdf,SET50_100_H2_2015.pdf
DELTA,DELTA.BK,DELTA ELECTRONICS (THAILAND) PCL. Electronic Components,https://media.set.or.th/set/Documents/2021/Dec/SET50_100_H2_2015.pdf,SET50_100_H2_2015.pdf
DEMCO,DEMCO.BK,DEMCO PCL. Energy & Utilities,https://media.set.or.th/set/Documents/2021/Dec/SET50_100_H2_2015.pdf,SET50_100_H2_2015.pdf
DTAC,DTAC.BK,TOTAL ACCESS COMMUNICATION PCL. Information & Communication,https://media.set.or.th/set/Documents/2021/Dec/SET50_100_H2_2015.pdf,SET50_100_H2_2015.pdf
EARTH,EARTH.BK,ENERGY EARTH PCL. Energy & Utilities,https://media.set.or.th/set/Documents/2021/Dec/SET50_100_H2_2015.pdf,SET50_100_H2_2015.pdf
EGCO,EGCO.BK,ELECTRICITY GENERATING PCL. Energy & Utilities,https://media.set.or.th/set/Documents/2021/Dec/SET50_100_H2_2015.pdf,SET50_100_H2_2015.pdf
ERW,ERW.BK,THE ERAWAN GROUP PCL. Tourism & Leisure,https://media.set.or.th/set/Documents/2021/Dec/SET50_100_H2_2015.pdf,SET50_100_H2_2015.pdf
GFPT,GFPT.BK,GFPT PCL. Agribusiness,https://media.set.or.th/set/Documents/2021/Dec/SET50_100_H2_2015.pdf,SET50_100_H2_2015.pdf
GLOBAL,GLOBAL.BK,SIAM GLOBAL HOUSE PCL. Commerce,https://media.set.or.th/set/Documents/2021/Dec/SET50_100_H2_2015.pdf,SET50_100_H2_2015.pdf
GLOW,GLOW.BK,GLOW ENERGY PCL. Energy & Utilities,https://media.set.or.th/set/Documents/2021/Dec/SET50_100_H2_2015.pdf,SET50_100_H2_2015.pdf
GUNKUL,GUNKUL.BK,GUNKUL ENGINEERING PCL. Energy & Utilities,https://media.set.or.th/set/Documents/2021/Dec/SET50_100_H2_2015.pdf,SET50_100_H2_2015.pdf
HANA,HANA.BK,HANA MICROELECTRONICS PCL. Electronic Components,https://media.set.or.th/set/Documents/2021/Dec/SET50_100_H2_2015.pdf,SET50_100_H2_2015.pdf
HMPRO,HMPRO.BK,HOME PRODUCT CENTER PCL. Commerce,https://media.set.or.th/set/Documents/2021/Dec/SET50_100_H2_2015.pdf,SET50_100_H2_2015.pdf
ICHI,ICHI.BK,ICHITAN GROUP PCL. Food and Beverage,https://media.set.or.th/set/Documents/2021/Dec/SET50_100_H2_2015.pdf,SET50_100_H2_2015.pdf
INTUCH,INTUCH.BK,INTOUCH HOLDINGS PCL. Information & Communication,https://media.set.or.th/set/Documents/2021/Dec/SET50_100_H2_2015.pdf,SET50_100_H2_2015.pdf
IRPC,IRPC.BK,IRPC PCL. Energy & Utilities,https://media.set.or.th/set/Documents/2021/Dec/SET50_100_H2_2015.pdf,SET50_100_H2_2015.pdf
ITD,ITD.BK,ITALIAN-THAI DEVELOPMENT PCL. Construction Services,https://media.set.or.th/set/Documents/2021/Dec/SET50_100_H2_2015.pdf,SET50_100_H2_2015.pdf
IVL,IVL.BK,INDORAMA VENTURES PCL. Petrochemicals & Chemicals,https://media.set.or.th/set/Documents/2021/Dec/SET50_100_H2_2015.pdf,SET50_100_H2_2015.pdf
JAS,JAS.BK,JASMINE INTERNATIONAL PCL. Information & Communication,https://media.set.or.th/set/Documents/2021/Dec/SET50_100_H2_2015.pdf,SET50_100_H2_2015.pdf
KBANK,KBANK.BK,KASIKORNBANK PCL. Banking,https://media.set.or.th/set/Documents/2021/Dec/SET50_100_H2_2015.pdf,SET50_100_H2_2015.pdf
KCE,KCE.BK,KCE ELECTRONICS PCL. Electronic Components,https://media.set.or.th/set/Documents/2021/Dec/SET50_100_H2_2015.pdf,SET50_100_H2_2015.pdf
KKP,KKP.BK,KIATNAKIN BANK PCL. Banking,https://media.set.or.th/set/Documents/2021/Dec/SET50_100_H2_2015.pdf,SET50_100_H2_2015.pdf
KTB,KTB.BK,KRUNG THAI BANK PCL. Banking Reserve list of SET100,https://media.set.or.th/set/Documents/2021/Dec/SET50_100_H2_2015.pdf,SET50_100_H2_2015.pdf
KTC,KTC.BK,KRUNGTHAI CARD PCL. Finance and Securities,https://media.set.or.th/set/Documents/2021/Dec/SET50_100_H2_2015.pdf,SET50_100_H2_2015.pdf
LH,LH.BK,LAND AND HOUSES PCL. Property Development,https://media.set.or.th/set/Documents/2021/Dec/SET50_100_H2_2015.pdf,SET50_100_H2_2015.pdf
LHBANK,LHBANK.BK,LH FINANCIAL GROUP PCL. Banking,https://media.set.or.th/set/Documents/2021/Dec/SET50_100_H2_2015.pdf,SET50_100_H2_2015.pdf
LOXLEY,LOXLEY.BK,LOXLEY PCL. Commerce,https://media.set.or.th/set/Documents/2021/Dec/SET50_100_H2_2015.pdf,SET50_100_H2_2015.pdf
LPN,LPN.BK,L.P.N. DEVELOPMENT PCL. Property Development,https://media.set.or.th/set/Documents/2021/Dec/SET50_100_H2_2015.pdf,SET50_100_H2_2015.pdf
M,M.BK,MK RESTAURANT GROUP PCL. Food and Beverage,https://media.set.or.th/set/Documents/2021/Dec/SET50_100_H2_2015.pdf,SET50_100_H2_2015.pdf
MAJOR,MAJOR.BK,MAJOR CINEPLEX GROUP PCL. Media & Publishing,https://media.set.or.th/set/Documents/2021/Dec/SET50_100_H2_2015.pdf,SET50_100_H2_2015.pdf
MC,MC.BK,MC GROUP PCL. Commerce,https://media.set.or.th/set/Documents/2021/Dec/SET50_100_H2_2015.pdf,SET50_100_H2_2015.pdf
MINT,MINT.BK,MINOR INTERNATIONAL PCL. Food and Beverage,https://media.set.or.th/set/Documents/2021/Dec/SET50_100_H2_2015.pdf,SET50_100_H2_2015.pdf
MONO,MONO.BK,MONO TECHNOLOGY PCL. Media & Publishing,https://media.set.or.th/set/Documents/2021/Dec/SET50_100_H2_2015.pdf,SET50_100_H2_2015.pdf
PS,PS.BK,PRUKSA REAL ESTATE PCL. Property Development,https://media.set.or.th/set/Documents/2021/Dec/SET50_100_H2_2015.pdf,SET50_100_H2_2015.pdf
PSL,PSL.BK,PRECIOUS SHIPPING PCL. Transportation & Logistics,https://media.set.or.th/set/Documents/2021/Dec/SET50_100_H2_2015.pdf,SET50_100_H2_2015.pdf
PTT,PTT.BK,PTT PCL. Energy & Utilities,https://media.set.or.th/set/Documents/2021/Dec/SET50_100_H2_2015.pdf,SET50_100_H2_2015.pdf
PTTEP,PTTEP.BK,PTT EXPLORATION AND PRODUCTION PCL. Energy & Utilities,https://media.set.or.th/set/Documents/2021/Dec/SET50_100_H2_2015.pdf,SET50_100_H2_2015.pdf
PTTGC,PTTGC.BK,PTT GLOBAL CHEMICAL PCL. Petrochemicals & Chemicals,https://media.set.or.th/set/Documents/2021/Dec/SET50_100_H2_2015.pdf,SET50_100_H2_2015.pdf
QH,QH.BK,QUALITY HOUSES PCL. Property Development,https://media.set.or.th/set/Documents/2021/Dec/SET50_100_H2_2015.pdf,SET50_100_H2_2015.pdf
RATCH,RATCH.BK,RATCHABURI ELECTRICITY GENERATING HOLDING,https://media.set.or.th/set/Documents/2021/Dec/SET50_100_H2_2015.pdf,SET50_100_H2_2015.pdf
ROBINS,ROBINS.BK,ROBINSON DEPARTMENT STORE PCL. Commerce,https://media.set.or.th/set/Documents/2021/Dec/SET50_100_H2_2015.pdf,SET50_100_H2_2015.pdf
RS,RS.BK,RS PCL. Media & Publishing,https://media.set.or.th/set/Documents/2021/Dec/SET50_100_H2_2015.pdf,SET50_100_H2_2015.pdf
S,S.BK,SINGHA ESTATE PCL. Property Development,https://media.set.or.th/set/Documents/2021/Dec/SET50_100_H2_2015.pdf,SET50_100_H2_2015.pdf
SAMART,SAMART.BK,SAMART CORPORATION PCL. Information & Communication,https://media.set.or.th/set/Documents/2021/Dec/SET50_100_H2_2015.pdf,SET50_100_H2_2015.pdf
SAPPE,SAPPE.BK,SAPPE PCL. Food and Beverage,https://media.set.or.th/set/Documents/2021/Dec/SET50_100_H2_2015.pdf,SET50_100_H2_2015.pdf
SAWAD,SAWAD.BK,SRISAWAD POWER 1979 PCL. Finance and Securities,https://media.set.or.th/set/Documents/2021/Dec/SET50_100_H2_2015.pdf,SET50_100_H2_2015.pdf
SCB,SCB.BK,THE SIAM COMMERCIAL BANK PCL. Banking,https://media.set.or.th/set/Documents/2021/Dec/SET50_100_H2_2015.pdf,SET50_100_H2_2015.pdf
SCC,SCC.BK,THE SIAM CEMENT PCL. Construction Materials,https://media.set.or.th/set/Documents/2021/Dec/SET50_100_H2_2015.pdf,SET50_100_H2_2015.pdf
SF,SF.BK,SIAM FUTURE DEVELOPMENT PCL. Property Development,https://media.set.or.th/set/Documents/2021/Dec/SET50_100_H2_2015.pdf,SET50_100_H2_2015.pdf
SGP,SGP.BK,SIAMGAS AND PETROCHEMICALS PCL. Energy & Utilities,https://media.set.or.th/set/Documents/2021/Dec/SET50_100_H2_2015.pdf,SET50_100_H2_2015.pdf
SIRI,SIRI.BK,SANSIRI PCL. Property Development,https://media.set.or.th/set/Documents/2021/Dec/SET50_100_H2_2015.pdf,SET50_100_H2_2015.pdf
SPALI,SPALI.BK,SUPALAI PCL. Property Development,https://media.set.or.th/set/Documents/2021/Dec/SET50_100_H2_2015.pdf,SET50_100_H2_2015.pdf
SPCG,SPCG.BK,SPCG PCL. Energy & Utilities,https://media.set.or.th/set/Documents/2021/Dec/SET50_100_H2_2015.pdf,SET50_100_H2_2015.pdf
STEC,STEC.BK,SINO-THAI ENGINEERING AND CONSTRUCTION,https://media.set.or.th/set/Documents/2021/Dec/SET50_100_H2_2015.pdf,SET50_100_H2_2015.pdf
STPI,STPI.BK,STP&I PCL. Construction Services,https://media.set.or.th/set/Documents/2021/Dec/SET50_100_H2_2015.pdf,SET50_100_H2_2015.pdf
SVI,SVI.BK,SVI PCL. Electronic Components,https://media.set.or.th/set/Documents/2021/Dec/SET50_100_H2_2015.pdf,SET50_100_H2_2015.pdf
TCAP,TCAP.BK,THANACHART CAPITAL PCL. Banking,https://media.set.or.th/set/Documents/2021/Dec/SET50_100_H2_2015.pdf,SET50_100_H2_2015.pdf
THAI,THAI.BK,THAI AIRWAYS INTERNATIONAL PCL. Transportation & Logistics,https://media.set.or.th/set/Documents/2021/Dec/SET50_100_H2_2015.pdf,SET50_100_H2_2015.pdf
THCOM,THCOM.BK,THAICOM PCL. Information & Communication,https://media.set.or.th/set/Documents/2021/Dec/SET50_100_H2_2015.pdf,SET50_100_H2_2015.pdf
TICON,TICON.BK,TICON INDUSTRIAL CONNECTION PCL. Property Development,https://media.set.or.th/set/Documents/2021/Dec/SET50_100_H2_2015.pdf,SET50_100_H2_2015.pdf
TISCO,TISCO.BK,TISCO FINANCIAL GROUP PCL. Banking,https://media.set.or.th/set/Documents/2021/Dec/SET50_100_H2_2015.pdf,SET50_100_H2_2015.pdf
TMB,TMB.BK,TMB BANK PCL. Banking,https://media.set.or.th/set/Documents/2021/Dec/SET50_100_H2_2015.pdf,SET50_100_H2_2015.pdf
TOP,TOP.BK,THAI OIL PCL. Energy & Utilities,https://media.set.or.th/set/Documents/2021/Dec/SET50_100_H2_2015.pdf,SET50_100_H2_2015.pdf
TPIPL,TPIPL.BK,TPI POLENE PCL. Construction Materials,https://media.set.or.th/set/Documents/2021/Dec/SET50_100_H2_2015.pdf,SET50_100_H2_2015.pdf
TRUE,TRUE.BK,TRUE CORPORATION PCL. Information & Communication,https://media.set.or.th/set/Documents/2021/Dec/SET50_100_H2_2015.pdf,SET50_100_H2_2015.pdf
TTA,TTA.BK,THORESEN THAI AGENCIES PCL. Transportation & Logistics,https://media.set.or.th/set/Documents/2021/Dec/SET50_100_H2_2015.pdf,SET50_100_H2_2015.pdf
TTCL,TTCL.BK,TTCL PCL. Construction Services,https://media.set.or.th/set/Documents/2021/Dec/SET50_100_H2_2015.pdf,SET50_100_H2_2015.pdf
TTW,TTW.BK,TTW PCL. Energy & Utilities,https://media.set.or.th/set/Documents/2021/Dec/SET50_100_H2_2015.pdf,SET50_100_H2_2015.pdf
TUF,TUF.BK,THAI UNION FROZEN PRODUCTS PCL. Food and Beverage,https://media.set.or.th/set/Documents/2021/Dec/SET50_100_H2_2015.pdf,SET50_100_H2_2015.pdf
U,U.BK,U CITY PCL. Property Development,https://media.set.or.th/set/Documents/2021/Dec/SET50_100_H2_2015.pdf,SET50_100_H2_2015.pdf
UNIQ,UNIQ.BK,UNIQUE ENGINEERING AND CONSTRUCTION PCL. Construction Services,https://media.set.or.th/set/Documents/2021/Dec/SET50_100_H2_2015.pdf,SET50_100_H2_2015.pdf
UV,UV.BK,UNIVENTURES PCL. Property Development,https://media.set.or.th/set/Documents/2021/Dec/SET50_100_H2_2015.pdf,SET50_100_H2_2015.pdf
VGI,VGI.BK,VGI GLOBAL MEDIA PCL. Media & Publishing,https://media.set.or.th/set/Documents/2021/Dec/SET50_100_H2_2015.pdf,SET50_100_H2_2015.pdf
WHA,WHA.BK,WHA CORPORATION PCL. Property Development,https://media.set.or.th/set/Documents/2021/Dec/SET50_100_H2_2015.pdf,SET50_100_H2_2015.pdf
