candidate,family,parameters,rule,status,discovery_base_total_return,discovery_base_cagr,discovery_base_max_drawdown,discovery_base_excess_cagr,discovery_base_sharpe_rf0,discovery_base_fills,validation_base_total_return,validation_base_cagr,validation_base_max_drawdown,validation_base_excess_cagr,validation_base_sharpe_rf0,validation_base_fills,confirmation_base_total_return,confirmation_base_cagr,confirmation_base_max_drawdown,confirmation_base_excess_cagr,confirmation_base_sharpe_rf0,confirmation_base_fills,confirmation_stress_total_return,confirmation_stress_cagr,confirmation_stress_max_drawdown,confirmation_stress_excess_cagr,confirmation_stress_sharpe_rf0,confirmation_stress_fills,full_base_total_return,full_base_cagr,full_base_max_drawdown,full_base_excess_cagr,full_base_sharpe_rf0,full_base_fills,full_stress_total_return,full_stress_cagr,full_stress_max_drawdown,full_stress_excess_cagr,full_stress_sharpe_rf0,full_stress_fills,reason,batch,report,screen_pass,confirmed,selection_score,discovery_base_fees_fraction_initial_capital,discovery_base_max_single_weight,discovery_base_mean_exposure,discovery_base_sessions,discovery_base_turnover_initial_capital,discovery_base_incumbent_cagr_gain,discovery_base_incumbent_drawdown_gain,validation_base_fees_fraction_initial_capital,validation_base_max_single_weight,validation_base_mean_exposure,validation_base_sessions,validation_base_turnover_initial_capital,validation_base_incumbent_cagr_gain,validation_base_incumbent_drawdown_gain,development_base_cagr,development_base_fees_fraction_initial_capital,development_base_fills,development_base_max_drawdown,development_base_max_single_weight,development_base_mean_exposure,development_base_sessions,development_base_sharpe_rf0,development_base_total_return,development_base_turnover_initial_capital,development_base_incumbent_cagr_gain,development_base_incumbent_drawdown_gain,recent_base_cagr,recent_base_fees_fraction_initial_capital,recent_base_fills,recent_base_max_drawdown,recent_base_max_single_weight,recent_base_mean_exposure,recent_base_sessions,recent_base_sharpe_rf0,recent_base_total_return,recent_base_turnover_initial_capital,recent_base_incumbent_cagr_gain,recent_base_incumbent_drawdown_gain,recent_stress_cagr,recent_stress_fees_fraction_initial_capital,recent_stress_fills,recent_stress_max_drawdown,recent_stress_max_single_weight,recent_stress_mean_exposure,recent_stress_sessions,recent_stress_sharpe_rf0,recent_stress_total_return,recent_stress_turnover_initial_capital,recent_stress_incumbent_cagr_gain,recent_stress_incumbent_drawdown_gain,full_base_fees_fraction_initial_capital,full_base_max_single_weight,full_base_mean_exposure,full_base_sessions,full_base_turnover_initial_capital,full_base_incumbent_cagr_gain,full_base_incumbent_drawdown_gain,full_stress_fees_fraction_initial_capital,full_stress_max_single_weight,full_stress_mean_exposure,full_stress_sessions,full_stress_turnover_initial_capital,full_stress_incumbent_cagr_gain,full_stress_incumbent_drawdown_gain,recent_base_excess_cagr
c59ef898e8b58573,momentum,"{""family"": ""momentum"", ""lookback"": 126, ""market_filter"": false, ""min_turnover_thb"": 10000000, ""rebalance"": 21, ""reserve"": 0.01, ""skip"": 21, ""top_n"": 10, ""trend"": 0}","Rank trailing total return, skipping the latest month; select positive leaders.",rejected_screen,0.2894105634980142,0.0658413835784217,-0.4969009782926732,0.0096447874355944,0.3819972269179433,602.0,0.5042101155274841,0.1468954611587913,-0.171017524748139,0.0830445821438039,0.8605377534559142,486.0,,,,,,,,,,,,,,,,,,,,,,,,,discovery: worse drawdown than benchmark; validation: worse drawdown than benchmark,,,,,,,,,,,,,,,,,,,,,,,,,,,,,,,,,,,,,,,,,,,,,,,,,,,,,,,,,,,,,,,,,,,,,,
c257b451f61f6ca9,momentum,"{""family"": ""momentum"", ""lookback"": 126, ""market_filter"": false, ""min_turnover_thb"": 10000000, ""rebalance"": 21, ""reserve"": 0.01, ""skip"": 21, ""top_n"": 10, ""trend"": 200}","Rank trailing total return, skipping the latest month; select positive leaders.",rejected_screen,0.1983354513529607,0.0464345319154606,-0.4430433577512762,-0.0097620642273665,0.3186716960306649,585.0,0.4021982490245557,0.1201728850301258,-0.1764139442798693,0.0563220060151383,0.7358840640055033,479.0,,,,,,,,,,,,,,,,,,,,,,,,,discovery: did not beat benchmark; discovery: worse drawdown than benchmark; validation: worse drawdown than benchmark,,,,,,,,,,,,,,,,,,,,,,,,,,,,,,,,,,,,,,,,,,,,,,,,,,,,,,,,,,,,,,,,,,,,,,
2c4dfedd81962ca7,momentum,"{""family"": ""momentum"", ""lookback"": 126, ""market_filter"": true, ""min_turnover_thb"": 10000000, ""rebalance"": 21, ""reserve"": 0.01, ""skip"": 21, ""top_n"": 10, ""trend"": 200}","Rank trailing total return, skipping the latest month; select positive leaders.",rejected_screen,0.9231196827121068,0.1782715792111902,-0.1965114380711031,0.1220749830683629,1.0307602183523004,414.0,0.3814396334963914,0.1145781018863354,-0.1764139442798693,0.050727222871348,0.7448267135180493,400.0,,,,,,,,,,,,,,,,,,,,,,,,,validation: worse drawdown than benchmark,,,,,,,,,,,,,,,,,,,,,,,,,,,,,,,,,,,,,,,,,,,,,,,,,,,,,,,,,,,,,,,,,,,,,,
66f5fb2d4c3fd5cd,momentum,"{""family"": ""momentum"", ""lookback"": 126, ""market_filter"": false, ""min_turnover_thb"": 10000000, ""rebalance"": 63, ""reserve"": 0.01, ""skip"": 21, ""top_n"": 10, ""trend"": 0}","Rank trailing total return, skipping the latest month; select positive leaders.",rejected_screen,0.2913319907554326,0.066239593323883,-0.4819857217312566,0.0100429971810558,0.3838717127296159,238.0,0.2599908214326785,0.0806725119033697,-0.1798133743326455,0.0168216328883823,0.5460365523611777,175.0,,,,,,,,,,,,,,,,,,,,,,,,,discovery: worse drawdown than benchmark; validation: worse drawdown than benchmark,,,,,,,,,,,,,,,,,,,,,,,,,,,,,,,,,,,,,,,,,,,,,,,,,,,,,,,,,,,,,,,,,,,,,,
e6b16ff0f349fc85,momentum,"{""family"": ""momentum"", ""lookback"": 126, ""market_filter"": false, ""min_turnover_thb"": 10000000, ""rebalance"": 63, ""reserve"": 0.01, ""skip"": 21, ""top_n"": 10, ""trend"": 200}","Rank trailing total return, skipping the latest month; select positive leaders.",rejected_screen,0.3073325702574399,0.0695385424410599,-0.4709974933774336,0.0133419462982327,0.3967588377284345,237.0,0.2440443833889736,0.0760616044407613,-0.1798133743326455,0.0122107254257739,0.5249622242309231,175.0,,,,,,,,,,,,,,,,,,,,,,,,,discovery: worse drawdown than benchmark; validation: worse drawdown than benchmark,,,,,,,,,,,,,,,,,,,,,,,,,,,,,,,,,,,,,,,,,,,,,,,,,,,,,,,,,,,,,,,,,,,,,,
a1565a99bd91baa4,momentum,"{""family"": ""momentum"", ""lookback"": 126, ""market_filter"": true, ""min_turnover_thb"": 10000000, ""rebalance"": 63, ""reserve"": 0.01, ""skip"": 21, ""top_n"": 10, ""trend"": 200}","Rank trailing total return, skipping the latest month; select positive leaders.",rejected_screen,0.5297774043852637,0.1125398268363442,-0.1661877256335227,0.0563432306935169,0.7342583625044811,160.0,0.101529445725661,0.0329954740614202,-0.1798133743326455,-0.0308554049535672,0.2928777147168337,140.0,,,,,,,,,,,,,,,,,,,,,,,,,validation: did not beat benchmark; validation: worse drawdown than benchmark,,,,,,,,,,,,,,,,,,,,,,,,,,,,,,,,,,,,,,,,,,,,,,,,,,,,,,,,,,,,,,,,,,,,,,
a94b18ed3af95203,momentum,"{""family"": ""momentum"", ""lookback"": 126, ""market_filter"": false, ""min_turnover_thb"": 10000000, ""rebalance"": 21, ""reserve"": 0.01, ""skip"": 21, ""top_n"": 20, ""trend"": 0}","Rank trailing total return, skipping the latest month; select positive leaders.",rejected_screen,0.3502932851223004,0.0782488451496292,-0.4226496227587758,0.022052249006802,0.4651157694696688,1131.0,0.3799905115919566,0.1141854603655405,-0.1477301696139952,0.0503345813505531,0.8246063202140825,915.0,,,,,,,,,,,,,,,,,,,,,,,,,discovery: worse drawdown than benchmark,,,,,,,,,,,,,,,,,,,,,,,,,,,,,,,,,,,,,,,,,,,,,,,,,,,,,,,,,,,,,,,,,,,,,,
4b1b8d74fa202d85,momentum,"{""family"": ""momentum"", ""lookback"": 126, ""market_filter"": false, ""min_turnover_thb"": 10000000, ""rebalance"": 21, ""reserve"": 0.01, ""skip"": 21, ""top_n"": 20, ""trend"": 200}","Rank trailing total return, skipping the latest month; select positive leaders.",rejected_screen,0.1146236667293947,0.0275962847815869,-0.4151427038269553,-0.0286003113612403,0.2455601203299283,1078.0,0.2918894896519222,0.089780954603166,-0.1427112723931297,0.0259300755881786,0.6860308492620536,891.0,,,,,,,,,,,,,,,,,,,,,,,,,discovery: did not beat benchmark; discovery: worse drawdown than benchmark,,,,,,,,,,,,,,,,,,,,,,,,,,,,,,,,,,,,,,,,,,,,,,,,,,,,,,,,,,,,,,,,,,,,,,
f117da1d036202b8,momentum,"{""family"": ""momentum"", ""lookback"": 126, ""market_filter"": true, ""min_turnover_thb"": 10000000, ""rebalance"": 21, ""reserve"": 0.01, ""skip"": 21, ""top_n"": 20, ""trend"": 200}","Rank trailing total return, skipping the latest month; select positive leaders.",near_duplicate_return_profile,0.7566594571225496,0.151812965347267,-0.1349084802812549,0.0956163692044398,1.1685702708620769,778.0,0.2998470520882057,0.0920298477999503,-0.1427112723931297,0.0281789687849629,0.7371669164162588,778.0,0.3250449845866607,0.1083818980505475,-0.1660417220447142,0.0313499140692907,0.8503617743175784,476.0,0.2864129430318265,0.0964559349054918,-0.1743201880950788,0.0203027046044854,0.7678446074187449,476.0,2.173384839983174,0.1260100250025344,-0.1660417220447142,0.0523582270455631,0.9777265107611048,2040.0,1.8107405409646549,0.1120543000400879,-0.1991872812983992,0.0386718202835583,0.8809861268298439,2040.0,near_duplicate_return_profile,,,,,,,,,,,,,,,,,,,,,,,,,,,,,,,,,,,,,,,,,,,,,,,,,,,,,,,,,,,,,,,,,,,,,,
81f8000911d94bc6,momentum,"{""family"": ""momentum"", ""lookback"": 126, ""market_filter"": false, ""min_turnover_thb"": 10000000, ""rebalance"": 63, ""reserve"": 0.01, ""skip"": 21, ""top_n"": 20, ""trend"": 0}","Rank trailing total return, skipping the latest month; select positive leaders.",rejected_screen,0.1793672033989051,0.0422544870609207,-0.4418919726891436,-0.0139421090819065,0.3057459938084899,454.0,0.0886003369825174,0.0289091470834432,-0.1304096959337735,-0.0349417319315441,0.2798434974758028,324.0,,,,,,,,,,,,,,,,,,,,,,,,,discovery: did not beat benchmark; discovery: worse drawdown than benchmark; validation: did not beat benchmark,,,,,,,,,,,,,,,,,,,,,,,,,,,,,,,,,,,,,,,,,,,,,,,,,,,,,,,,,,,,,,,,,,,,,,
6f094adc03d8e941,momentum,"{""family"": ""momentum"", ""lookback"": 126, ""market_filter"": false, ""min_turnover_thb"": 10000000, ""rebalance"": 63, ""reserve"": 0.01, ""skip"": 21, ""top_n"": 20, ""trend"": 200}","Rank trailing total return, skipping the latest month; select positive leaders.",rejected_screen,0.2213396698171728,0.0514379942059777,-0.457845077665484,-0.0047586019368495,0.3490494384038415,444.0,0.0594142120478777,0.0195646768965209,-0.1397998688314546,-0.0442862021184664,0.2146775693486264,326.0,,,,,,,,,,,,,,,,,,,,,,,,,discovery: did not beat benchmark; discovery: worse drawdown than benchmark; validation: did not beat benchmark,,,,,,,,,,,,,,,,,,,,,,,,,,,,,,,,,,,,,,,,,,,,,,,,,,,,,,,,,,,,,,,,,,,,,,
f5a4883b6b3ee5c8,momentum,"{""family"": ""momentum"", ""lookback"": 126, ""market_filter"": true, ""min_turnover_thb"": 10000000, ""rebalance"": 63, ""reserve"": 0.01, ""skip"": 21, ""top_n"": 20, ""trend"": 200}","Rank trailing total return, skipping the latest month; select positive leaders.",rejected_screen,0.430380375338294,0.0939471557691413,-0.1264786430083033,0.0377505596263141,0.7952963183118625,304.0,0.0139610670380356,0.0046652713657129,-0.1320447017402485,-0.0591856076492744,0.1008397735819152,269.0,,,,,,,,,,,,,,,,,,,,,,,,,validation: did not beat benchmark,,,,,,,,,,,,,,,,,,,,,,,,,,,,,,,,,,,,,,,,,,,,,,,,,,,,,,,,,,,,,,,,,,,,,,
851c5043383e8996,momentum,"{""family"": ""momentum"", ""lookback"": 252, ""market_filter"": false, ""min_turnover_thb"": 10000000, ""rebalance"": 21, ""reserve"": 0.01, ""skip"": 21, ""top_n"": 10, ""trend"": 0}","Rank trailing total return, skipping the latest month; select positive leaders.",rejected_screen,0.3460081552661285,0.0773894347137966,-0.4634802320212065,0.0211928385709694,0.4236523118817765,581.0,0.4000348031354885,0.1195923803878014,-0.2538741329729199,0.0557415013728139,0.7213311478556518,439.0,,,,,,,,,,,,,,,,,,,,,,,,,discovery: worse drawdown than benchmark; validation: worse drawdown than benchmark,,,,,,,,,,,,,,,,,,,,,,,,,,,,,,,,,,,,,,,,,,,,,,,,,,,,,,,,,,,,,,,,,,,,,,
da07da4b14fa1e5c,momentum,"{""family"": ""momentum"", ""lookback"": 252, ""market_filter"": false, ""min_turnover_thb"": 10000000, ""rebalance"": 21, ""reserve"": 0.01, ""skip"": 21, ""top_n"": 10, ""trend"": 200}","Rank trailing total return, skipping the latest month; select positive leaders.",rejected_screen,0.2360522408627561,0.0546011041720619,-0.4232206259316136,-0.0015954919707652,0.3562959704827646,564.0,0.5267663554986477,0.1526404976251762,-0.2023783373413241,0.0887896186101888,0.9129028649763729,443.0,,,,,,,,,,,,,,,,,,,,,,,,,discovery: did not beat benchmark; discovery: worse drawdown than benchmark; validation: worse drawdown than benchmark,,,,,,,,,,,,,,,,,,,,,,,,,,,,,,,,,,,,,,,,,,,,,,,,,,,,,,,,,,,,,,,,,,,,,,
fe31d7085c6d2e2c,momentum,"{""family"": ""momentum"", ""lookback"": 252, ""market_filter"": true, ""min_turnover_thb"": 10000000, ""rebalance"": 21, ""reserve"": 0.01, ""skip"": 21, ""top_n"": 10, ""trend"": 200}","Rank trailing total return, skipping the latest month; select positive leaders.",rejected_screen,0.6580339739593015,0.1352378980026862,-0.200872169955704,0.079041301859859,0.8475974843189414,400.0,0.4273182632187968,0.1268700418802908,-0.2023783373413241,0.0630191628653034,0.8199470557043322,370.0,,,,,,,,,,,,,,,,,,,,,,,,,validation: worse drawdown than benchmark,,,,,,,,,,,,,,,,,,,,,,,,,,,,,,,,,,,,,,,,,,,,,,,,,,,,,,,,,,,,,,,,,,,,,,
11c44c9ac693c612,momentum,"{""family"": ""momentum"", ""lookback"": 252, ""market_filter"": false, ""min_turnover_thb"": 10000000, ""rebalance"": 63, ""reserve"": 0.01, ""skip"": 21, ""top_n"": 10, ""trend"": 0}","Rank trailing total return, skipping the latest month; select positive leaders.",rejected_screen,0.3625725682981042,0.0807002708292694,-0.4591085148653552,0.0245036746864422,0.4425315251376912,232.0,0.1878483029923003,0.0594923828144724,-0.2243520709087459,-0.0043584962005149,0.4187535911589213,154.0,,,,,,,,,,,,,,,,,,,,,,,,,discovery: worse drawdown than benchmark; validation: did not beat benchmark; validation: worse drawdown than benchmark,,,,,,,,,,,,,,,,,,,,,,,,,,,,,,,,,,,,,,,,,,,,,,,,,,,,,,,,,,,,,,,,,,,,,,
058c6010c5b902ed,momentum,"{""family"": ""momentum"", ""lookback"": 252, ""market_filter"": false, ""min_turnover_thb"": 10000000, ""rebalance"": 63, ""reserve"": 0.01, ""skip"": 21, ""top_n"": 10, ""trend"": 200}","Rank trailing total return, skipping the latest month; select positive leaders.",rejected_screen,0.5078880856714958,0.1085247913784759,-0.4647009134575146,0.0523281952356486,0.5423624828353263,232.0,0.1794063856169594,0.0569586122195535,-0.2371717713009589,-0.0068922667954338,0.4124362001109719,154.0,,,,,,,,,,,,,,,,,,,,,,,,,discovery: worse drawdown than benchmark; validation: did not beat benchmark; validation: worse drawdown than benchmark,,,,,,,,,,,,,,,,,,,,,,,,,,,,,,,,,,,,,,,,,,,,,,,,,,,,,,,,,,,,,,,,,,,,,,
ade0f7adb148e37b,momentum,"{""family"": ""momentum"", ""lookback"": 252, ""market_filter"": true, ""min_turnover_thb"": 10000000, ""rebalance"": 63, ""reserve"": 0.01, ""skip"": 21, ""top_n"": 10, ""trend"": 200}","Rank trailing total return, skipping the latest month; select positive leaders.",rejected_screen,0.5520150086173017,0.1165749142919805,-0.2131789086004668,0.0603783181491532,0.7857526344078246,157.0,0.1344595853831633,0.043261306214946,-0.2232790426739996,-0.0205895728000413,0.3519087365974004,122.0,,,,,,,,,,,,,,,,,,,,,,,,,validation: did not beat benchmark; validation: worse drawdown than benchmark,,,,,,,,,,,,,,,,,,,,,,,,,,,,,,,,,,,,,,,,,,,,,,,,,,,,,,,,,,,,,,,,,,,,,,
a3bfcbdd100b4c0a,momentum,"{""family"": ""momentum"", ""lookback"": 252, ""market_filter"": false, ""min_turnover_thb"": 10000000, ""rebalance"": 21, ""reserve"": 0.01, ""skip"": 21, ""top_n"": 20, ""trend"": 0}","Rank trailing total return, skipping the latest month; select positive leaders.",rejected_screen,0.245429000248847,0.0566023601944256,-0.4337034956180756,0.0004057640515984,0.3722359827453069,1081.0,0.3288545936376146,0.1001510999781258,-0.1446501616717082,0.0363002209631384,0.7298631881209368,863.0,,,,,,,,,,,,,,,,,,,,,,,,,discovery: worse drawdown than benchmark,,,,,,,,,,,,,,,,,,,,,,,,,,,,,,,,,,,,,,,,,,,,,,,,,,,,,,,,,,,,,,,,,,,,,,
fe73e678086e5b79,momentum,"{""family"": ""momentum"", ""lookback"": 252, ""market_filter"": false, ""min_turnover_thb"": 10000000, ""rebalance"": 21, ""reserve"": 0.01, ""skip"": 21, ""top_n"": 20, ""trend"": 200}","Rank trailing total return, skipping the latest month; select positive leaders.",rejected_screen,0.0052834777231647,0.0013227904093602,-0.4105703521638854,-0.054873805733467,0.100867026968392,1034.0,0.3588646567026647,0.1084300203521591,-0.1238889626747044,0.0445791413371716,0.8050783895676534,861.0,,,,,,,,,,,,,,,,,,,,,,,,,discovery: did not beat benchmark; discovery: worse drawdown than benchmark,,,,,,,,,,,,,,,,,,,,,,,,,,,,,,,,,,,,,,,,,,,,,,,,,,,,,,,,,,,,,,,,,,,,,,
620c4137a07fc90a,momentum,"{""family"": ""momentum"", ""lookback"": 252, ""market_filter"": true, ""min_turnover_thb"": 10000000, ""rebalance"": 21, ""reserve"": 0.01, ""skip"": 21, ""top_n"": 20, ""trend"": 200}","Rank trailing total return, skipping the latest month; select positive leaders.",near_duplicate_return_profile,0.4425717444903601,0.0962787033798462,-0.1912202881363689,0.0400821072370189,0.7916823536126907,747.0,0.2892464636970941,0.0890319716129184,-0.1238889626747044,0.025181092597931,0.7172855601697836,752.0,0.7341584469717659,0.2229665818767279,-0.0886091816788776,0.1459345978954711,1.7608593738970395,428.0,0.6973942090188838,0.2134227950473213,-0.0885586244165185,0.1372695647463149,1.69509586728989,428.0,2.3953576271164043,0.1338612540567256,-0.1912202881363689,0.0602094560997543,1.0603277992177933,1930.0,2.0709437835196667,0.1222191433031039,-0.1968069796036703,0.0488366635465742,0.9779080640586604,1930.0,near_duplicate_return_profile,,,,,,,,,,,,,,,,,,,,,,,,,,,,,,,,,,,,,,,,,,,,,,,,,,,,,,,,,,,,,,,,,,,,,,
4f98063f8c229f8c,momentum,"{""family"": ""momentum"", ""lookback"": 252, ""market_filter"": false, ""min_turnover_thb"": 10000000, ""rebalance"": 63, ""reserve"": 0.01, ""skip"": 21, ""top_n"": 20, ""trend"": 0}","Rank trailing total return, skipping the latest month; select positive leaders.",rejected_screen,0.1969043604812508,0.0461208972353095,-0.4647507218865256,-0.0100756989075176,0.3240793464221096,417.0,0.0927700290247166,0.0302305101791962,-0.1499436203456823,-0.0336203688357912,0.2853129341196409,298.0,,,,,,,,,,,,,,,,,,,,,,,,,discovery: did not beat benchmark; discovery: worse drawdown than benchmark; validation: did not beat benchmark,,,,,,,,,,,,,,,,,,,,,,,,,,,,,,,,,,,,,,,,,,,,,,,,,,,,,,,,,,,,,,,,,,,,,,
86305963e8a01fd4,momentum,"{""family"": ""momentum"", ""lookback"": 252, ""market_filter"": false, ""min_turnover_thb"": 10000000, ""rebalance"": 63, ""reserve"": 0.01, ""skip"": 21, ""top_n"": 20, ""trend"": 200}","Rank trailing total return, skipping the latest month; select positive leaders.",rejected_screen,0.1968623434129919,0.0461116846242792,-0.4525219214732093,-0.0100849115185479,0.326127274925937,418.0,0.0732028331898213,0.0240003867595888,-0.1859786265572066,-0.0398504922553986,0.247013722011131,305.0,,,,,,,,,,,,,,,,,,,,,,,,,discovery: did not beat benchmark; discovery: worse drawdown than benchmark; validation: did not beat benchmark; validation: worse drawdown than benchmark,,,,,,,,,,,,,,,,,,,,,,,,,,,,,,,,,,,,,,,,,,,,,,,,,,,,,,,,,,,,,,,,,,,,,,
f5e78126c8af2175,momentum,"{""family"": ""momentum"", ""lookback"": 252, ""market_filter"": true, ""min_turnover_thb"": 10000000, ""rebalance"": 63, ""reserve"": 0.01, ""skip"": 21, ""top_n"": 20, ""trend"": 200}","Rank trailing total return, skipping the latest month; select positive leaders.",rejected_screen,0.2511160002210073,0.0578106279862715,-0.2168069779565684,0.0016140318434443,0.5208711818077709,294.0,0.0134080204298578,0.0044812781255296,-0.1859786265572066,-0.0593696008894577,0.0995813762069673,253.0,,,,,,,,,,,,,,,,,,,,,,,,,validation: did not beat benchmark; validation: worse drawdown than benchmark,,,,,,,,,,,,,,,,,,,,,,,,,,,,,,,,,,,,,,,,,,,,,,,,,,,,,,,,,,,,,,,,,,,,,,
7924ca0fdeea08c8,risk_adjusted_momentum,"{""family"": ""risk_adjusted_momentum"", ""lookback"": 126, ""market_filter"": false, ""min_turnover_thb"": 10000000, ""rebalance"": 21, ""reserve"": 0.01, ""skip"": 21, ""top_n"": 10, ""trend"": 0}",Rank trailing skipped-month return divided by 63-session realized volatility.,rejected_screen,0.4403565339547182,0.0958561540981628,-0.437791819638439,0.0396595579553356,0.5036949023605743,627.0,0.4397849512435794,0.1301646955208806,-0.1743752506479634,0.0663138165058931,0.847831711190735,505.0,,,,,,,,,,,,,,,,,,,,,,,,,discovery: worse drawdown than benchmark; validation: worse drawdown than benchmark,,,,,,,,,,,,,,,,,,,,,,,,,,,,,,,,,,,,,,,,,,,,,,,,,,,,,,,,,,,,,,,,,,,,,,
33dfd17979a9ceca,risk_adjusted_momentum,"{""family"": ""risk_adjusted_momentum"", ""lookback"": 126, ""market_filter"": false, ""min_turnover_thb"": 10000000, ""rebalance"": 21, ""reserve"": 0.01, ""skip"": 21, ""top_n"": 10, ""trend"": 200}",Rank trailing skipped-month return divided by 63-session realized volatility.,rejected_screen,0.3056358379879809,0.0691901539786241,-0.3917530852153037,0.0129935578357969,0.4261157303693625,608.0,0.4921461183017075,0.1437992654011568,-0.165745130844101,0.0799483863861694,0.9314249706579768,503.0,,,,,,,,,,,,,,,,,,,,,,,,,discovery: worse drawdown than benchmark; validation: worse drawdown than benchmark,,,,,,,,,,,,,,,,,,,,,,,,,,,,,,,,,,,,,,,,,,,,,,,,,,,,,,,,,,,,,,,,,,,,,,
bb6da46e0222828b,risk_adjusted_momentum,"{""family"": ""risk_adjusted_momentum"", ""lookback"": 126, ""market_filter"": true, ""min_turnover_thb"": 10000000, ""rebalance"": 21, ""reserve"": 0.01, ""skip"": 21, ""top_n"": 10, ""trend"": 200}",Rank trailing skipped-month return divided by 63-session realized volatility.,rejected_screen,1.0769439859603205,0.2012370268893613,-0.161661811255426,0.145040430746534,1.2300140287013133,434.0,0.4368717113573421,0.1293964964371392,-0.165745130844101,0.0655456174221518,0.8991486239590092,423.0,,,,,,,,,,,,,,,,,,,,,,,,,validation: worse drawdown than benchmark,,,,,,,,,,,,,,,,,,,,,,,,,,,,,,,,,,,,,,,,,,,,,,,,,,,,,,,,,,,,,,,,,,,,,,
d21855a38818f373,risk_adjusted_momentum,"{""family"": ""risk_adjusted_momentum"", ""lookback"": 126, ""market_filter"": false, ""min_turnover_thb"": 10000000, ""rebalance"": 63, ""reserve"": 0.01, ""skip"": 21, ""top_n"": 10, ""trend"": 0}",Rank trailing skipped-month return divided by 63-session realized volatility.,rejected_screen,0.5526443098038645,0.1166884711586082,-0.4347179303646705,0.060491875015781,0.5824285929980269,249.0,0.244728470829358,0.0762602116013628,-0.1634510806494911,0.0124093325863754,0.5721297288564714,180.0,,,,,,,,,,,,,,,,,,,,,,,,,discovery: worse drawdown than benchmark; validation: worse drawdown than benchmark,,,,,,,,,,,,,,,,,,,,,,,,,,,,,,,,,,,,,,,,,,,,,,,,,,,,,,,,,,,,,,,,,,,,,,
d72765bb456dfe40,risk_adjusted_momentum,"{""family"": ""risk_adjusted_momentum"", ""lookback"": 126, ""market_filter"": false, ""min_turnover_thb"": 10000000, ""rebalance"": 63, ""reserve"": 0.01, ""skip"": 21, ""top_n"": 10, ""trend"": 200}",Rank trailing skipped-month return divided by 63-session realized volatility.,rejected_screen,0.5025515716511779,0.107539330638867,-0.4608643053708908,0.0513427344960397,0.5471963414236746,247.0,0.244728470829358,0.0762602116013628,-0.1634510806494911,0.0124093325863754,0.5721297288564714,180.0,,,,,,,,,,,,,,,,,,,,,,,,,discovery: worse drawdown than benchmark; validation: worse drawdown than benchmark,,,,,,,,,,,,,,,,,,,,,,,,,,,,,,,,,,,,,,,,,,,,,,,,,,,,,,,,,,,,,,,,,,,,,,
3f2c557331d63802,risk_adjusted_momentum,"{""family"": ""risk_adjusted_momentum"", ""lookback"": 126, ""market_filter"": true, ""min_turnover_thb"": 10000000, ""rebalance"": 63, ""reserve"": 0.01, ""skip"": 21, ""top_n"": 10, ""trend"": 200}",Rank trailing skipped-month return divided by 63-session realized volatility.,rejected_screen,0.7093883653636128,0.1439580098829886,-0.1436244218121432,0.0877614137401614,0.9721898620928918,167.0,0.1678940066416641,0.0534837761055178,-0.1634510806494911,-0.0103671029094696,0.455315365225778,144.0,,,,,,,,,,,,,,,,,,,,,,,,,validation: did not beat benchmark; validation: worse drawdown than benchmark,,,,,,,,,,,,,,,,,,,,,,,,,,,,,,,,,,,,,,,,,,,,,,,,,,,,,,,,,,,,,,,,,,,,,,
6755d24dbf70f895,risk_adjusted_momentum,"{""family"": ""risk_adjusted_momentum"", ""lookback"": 126, ""market_filter"": false, ""min_turnover_thb"": 10000000, ""rebalance"": 21, ""reserve"": 0.01, ""skip"": 21, ""top_n"": 20, ""trend"": 0}",Rank trailing skipped-month return divided by 63-session realized volatility.,rejected_screen,0.2567963181249582,0.0590133758399324,-0.4051045273370608,0.0028167796971052,0.3860884241414918,1135.0,0.3177618502212109,0.0970595004498056,-0.1140221897610068,0.0332086214348181,0.765149760004637,929.0,,,,,,,,,,,,,,,,,,,,,,,,,discovery: worse drawdown than benchmark,,,,,,,,,,,,,,,,,,,,,,,,,,,,,,,,,,,,,,,,,,,,,,,,,,,,,,,,,,,,,,,,,,,,,,
0860382644dab757,risk_adjusted_momentum,"{""family"": ""risk_adjusted_momentum"", ""lookback"": 126, ""market_filter"": false, ""min_turnover_thb"": 10000000, ""rebalance"": 21, ""reserve"": 0.01, ""skip"": 21, ""top_n"": 20, ""trend"": 200}",Rank trailing skipped-month return divided by 63-session realized volatility.,rejected_screen,-0.0078349349346384,-0.0019712547560903,-0.4090071607879564,-0.0581678508989176,0.0818980349506377,1082.0,0.2210451063687641,0.069341702264694,-0.1272314258317816,0.0054908232497066,0.5761688090504489,898.0,,,,,,,,,,,,,,,,,,,,,,,,,discovery: did not beat benchmark; discovery: worse drawdown than benchmark,,,,,,,,,,,,,,,,,,,,,,,,,,,,,,,,,,,,,,,,,,,,,,,,,,,,,,,,,,,,,,,,,,,,,,
067bc62bf604bc62,risk_adjusted_momentum,"{""family"": ""risk_adjusted_momentum"", ""lookback"": 126, ""market_filter"": true, ""min_turnover_thb"": 10000000, ""rebalance"": 21, ""reserve"": 0.01, ""skip"": 21, ""top_n"": 20, ""trend"": 200}",Rank trailing skipped-month return divided by 63-session realized volatility.,qualified_not_in_top_five_discovery_validation_ranking,0.5622904349203437,0.1184248065870645,-0.1462394795080752,0.0622282104442373,0.9698475642912578,781.0,0.2137058219115351,0.067179636442445,-0.1272314258317816,0.0033287574274576,0.591357531713751,787.0,0.3462898837546841,0.1148465194438588,-0.1383288327576183,0.037814535462602,1.0201782693747956,486.0,0.3044248407230865,0.1020441941205823,-0.1465822714492031,0.0258909638195758,0.9172436004223402,486.0,1.6774751492690188,0.1065167606297601,-0.1462394795080752,0.0328649626727888,0.8999313195491638,2062.0,1.3624902740209557,0.0923751382336801,-0.1740514474030953,0.0189926584771504,0.7922160296193956,2062.0,qualified_not_in_top_five_discovery_validation_ranking,,,,,,,,,,,,,,,,,,,,,,,,,,,,,,,,,,,,,,,,,,,,,,,,,,,,,,,,,,,,,,,,,,,,,,
96df28012e80ce9a,risk_adjusted_momentum,"{""family"": ""risk_adjusted_momentum"", ""lookback"": 126, ""market_filter"": false, ""min_turnover_thb"": 10000000, ""rebalance"": 63, ""reserve"": 0.01, ""skip"": 21, ""top_n"": 20, ""trend"": 0}",Rank trailing skipped-month return divided by 63-session realized volatility.,rejected_screen,0.1804405304497693,0.0424923559571621,-0.4315012339250196,-0.013704240185665,0.3096037541066913,462.0,0.16987334068325,0.054082822604087,-0.0925907502171415,-0.0097680564109003,0.4868343502470791,325.0,,,,,,,,,,,,,,,,,,,,,,,,,discovery: did not beat benchmark; discovery: worse drawdown than benchmark; validation: did not beat benchmark,,,,,,,,,,,,,,,,,,,,,,,,,,,,,,,,,,,,,,,,,,,,,,,,,,,,,,,,,,,,,,,,,,,,,,
4989c8622188851c,risk_adjusted_momentum,"{""family"": ""risk_adjusted_momentum"", ""lookback"": 126, ""market_filter"": false, ""min_turnover_thb"": 10000000, ""rebalance"": 63, ""reserve"": 0.01, ""skip"": 21, ""top_n"": 20, ""trend"": 200}",Rank trailing skipped-month return divided by 63-session realized volatility.,rejected_screen,0.1629563247912289,0.0385971786620169,-0.466864782374671,-0.0175994174808102,0.2919493831264735,454.0,0.0823631345263302,0.0269263052830166,-0.1178705134853398,-0.0369245737319707,0.2777975933842277,323.0,,,,,,,,,,,,,,,,,,,,,,,,,discovery: did not beat benchmark; discovery: worse drawdown than benchmark; validation: did not beat benchmark,,,,,,,,,,,,,,,,,,,,,,,,,,,,,,,,,,,,,,,,,,,,,,,,,,,,,,,,,,,,,,,,,,,,,,
ea2fe5874672745b,risk_adjusted_momentum,"{""family"": ""risk_adjusted_momentum"", ""lookback"": 126, ""market_filter"": true, ""min_turnover_thb"": 10000000, ""rebalance"": 63, ""reserve"": 0.01, ""skip"": 21, ""top_n"": 20, ""trend"": 200}",Rank trailing skipped-month return divided by 63-session realized volatility.,rejected_screen,0.3871300462264158,0.0855536818731195,-0.11631616855653,0.0293570857302922,0.7600933146054888,310.0,0.0328067810645786,0.0108956171735017,-0.1105608601113683,-0.0529552618414856,0.1547509702661234,266.0,,,,,,,,,,,,,,,,,,,,,,,,,validation: did not beat benchmark,,,,,,,,,,,,,,,,,,,,,,,,,,,,,,,,,,,,,,,,,,,,,,,,,,,,,,,,,,,,,,,,,,,,,,
62f239d631d08a8b,risk_adjusted_momentum,"{""family"": ""risk_adjusted_momentum"", ""lookback"": 252, ""market_filter"": false, ""min_turnover_thb"": 10000000, ""rebalance"": 21, ""reserve"": 0.01, ""skip"": 21, ""top_n"": 10, ""trend"": 0}",Rank trailing skipped-month return divided by 63-session realized volatility.,rejected_screen,0.2459744983454141,0.0567184364666981,-0.457204481959408,0.0005218403238709,0.3552024402938737,596.0,0.4691050371349332,0.1378393023682986,-0.2371645194215347,0.0739884233533112,0.8650321668342056,452.0,,,,,,,,,,,,,,,,,,,,,,,,,discovery: worse drawdown than benchmark; validation: worse drawdown than benchmark,,,,,,,,,,,,,,,,,,,,,,,,,,,,,,,,,,,,,,,,,,,,,,,,,,,,,,,,,,,,,,,,,,,,,,
59bbd05462a9154e,risk_adjusted_momentum,"{""family"": ""risk_adjusted_momentum"", ""lookback"": 252, ""market_filter"": false, ""min_turnover_thb"": 10000000, ""rebalance"": 21, ""reserve"": 0.01, ""skip"": 21, ""top_n"": 10, ""trend"": 200}",Rank trailing skipped-month return divided by 63-session realized volatility.,rejected_screen,0.1285330580069952,0.0307982099922412,-0.40328193084811,-0.0253983861505859,0.2549752179538256,580.0,0.5178100469007632,0.1503661345195985,-0.207430694858924,0.0865152555046111,0.9471849582959266,456.0,,,,,,,,,,,,,,,,,,,,,,,,,discovery: did not beat benchmark; discovery: worse drawdown than benchmark; validation: worse drawdown than benchmark,,,,,,,,,,,,,,,,,,,,,,,,,,,,,,,,,,,,,,,,,,,,,,,,,,,,,,,,,,,,,,,,,,,,,,
437d9561702e73e4,risk_adjusted_momentum,"{""family"": ""risk_adjusted_momentum"", ""lookback"": 252, ""market_filter"": true, ""min_turnover_thb"": 10000000, ""rebalance"": 21, ""reserve"": 0.01, ""skip"": 21, ""top_n"": 10, ""trend"": 200}",Rank trailing skipped-month return divided by 63-session realized volatility.,rejected_screen,0.5213483531561507,0.1109988604684413,-0.199268294666623,0.054802264325614,0.7730907511182443,417.0,0.3729795089218277,0.1122819416385911,-0.227533005170094,0.0484310626236037,0.7733763566689965,389.0,,,,,,,,,,,,,,,,,,,,,,,,,validation: worse drawdown than benchmark,,,,,,,,,,,,,,,,,,,,,,,,,,,,,,,,,,,,,,,,,,,,,,,,,,,,,,,,,,,,,,,,,,,,,,
bdc121050bb5346d,risk_adjusted_momentum,"{""family"": ""risk_adjusted_momentum"", ""lookback"": 252, ""market_filter"": false, ""min_turnover_thb"": 10000000, ""rebalance"": 63, ""reserve"": 0.01, ""skip"": 21, ""top_n"": 10, ""trend"": 0}",Rank trailing skipped-month return divided by 63-session realized volatility.,rejected_screen,0.4019583204603894,0.088453173963636,-0.4349456819287013,0.0322565778208088,0.4800913312909327,234.0,0.2136848267700364,0.0671734390824425,-0.2034457826573248,0.0033225600674551,0.4846602432938878,156.0,,,,,,,,,,,,,,,,,,,,,,,,,discovery: worse drawdown than benchmark; validation: worse drawdown than benchmark,,,,,,,,,,,,,,,,,,,,,,,,,,,,,,,,,,,,,,,,,,,,,,,,,,,,,,,,,,,,,,,,,,,,,,
6f6671bcd2d7128a,risk_adjusted_momentum,"{""family"": ""risk_adjusted_momentum"", ""lookback"": 252, ""market_filter"": false, ""min_turnover_thb"": 10000000, ""rebalance"": 63, ""reserve"": 0.01, ""skip"": 21, ""top_n"": 10, ""trend"": 200}",Rank trailing skipped-month return divided by 63-session realized volatility.,rejected_screen,0.5469665273502513,0.1156626695138254,-0.4288230711083605,0.0594660733709981,0.5799702033796399,233.0,0.2411861717652081,0.075231010646235,-0.1930911249192549,0.0113801316312476,0.5321288265823794,157.0,,,,,,,,,,,,,,,,,,,,,,,,,discovery: worse drawdown than benchmark; validation: worse drawdown than benchmark,,,,,,,,,,,,,,,,,,,,,,,,,,,,,,,,,,,,,,,,,,,,,,,,,,,,,,,,,,,,,,,,,,,,,,
7c5dfb3a7f0b4875,risk_adjusted_momentum,"{""family"": ""risk_adjusted_momentum"", ""lookback"": 252, ""market_filter"": true, ""min_turnover_thb"": 10000000, ""rebalance"": 63, ""reserve"": 0.01, ""skip"": 21, ""top_n"": 10, ""trend"": 200}",Rank trailing skipped-month return divided by 63-session realized volatility.,rejected_screen,0.5325714409888869,0.1130492179533246,-0.2082536605897739,0.0568526218104974,0.8043136946102272,157.0,0.1459859735659168,0.0468077966165612,-0.198934706227211,-0.0170430823984262,0.3818098946838371,128.0,,,,,,,,,,,,,,,,,,,,,,,,,validation: did not beat benchmark; validation: worse drawdown than benchmark,,,,,,,,,,,,,,,,,,,,,,,,,,,,,,,,,,,,,,,,,,,,,,,,,,,,,,,,,,,,,,,,,,,,,,
ad717089cf20f0cf,risk_adjusted_momentum,"{""family"": ""risk_adjusted_momentum"", ""lookback"": 252, ""market_filter"": false, ""min_turnover_thb"": 10000000, ""rebalance"": 21, ""reserve"": 0.01, ""skip"": 21, ""top_n"": 20, ""trend"": 0}",Rank trailing skipped-month return divided by 63-session realized volatility.,rejected_screen,0.38319860517945,0.0847810434244653,-0.3965216750886676,0.0285844472816381,0.5074343319750795,1098.0,0.3431473408480689,0.1041093831852357,-0.1422322744998759,0.0402585041702483,0.8082442024859535,880.0,,,,,,,,,,,,,,,,,,,,,,,,,discovery: worse drawdown than benchmark,,,,,,,,,,,,,,,,,,,,,,,,,,,,,,,,,,,,,,,,,,,,,,,,,,,,,,,,,,,,,,,,,,,,,,
bac0a7573d95fb61,risk_adjusted_momentum,"{""family"": ""risk_adjusted_momentum"", ""lookback"": 252, ""market_filter"": false, ""min_turnover_thb"": 10000000, ""rebalance"": 21, ""reserve"": 0.01, ""skip"": 21, ""top_n"": 20, ""trend"": 200}",Rank trailing skipped-month return divided by 63-session realized volatility.,rejected_screen,0.0387404448093204,0.0095804498270986,-0.4031210889531308,-0.0466161463157286,0.1459425965490261,1050.0,0.3328203762594941,0.1012522211585915,-0.1531800620451011,0.0374013421436041,0.7931652682820376,882.0,,,,,,,,,,,,,,,,,,,,,,,,,discovery: did not beat benchmark; discovery: worse drawdown than benchmark,,,,,,,,,,,,,,,,,,,,,,,,,,,,,,,,,,,,,,,,,,,,,,,,,,,,,,,,,,,,,,,,,,,,,,
1296a56a09e69d8a,risk_adjusted_momentum,"{""family"": ""risk_adjusted_momentum"", ""lookback"": 252, ""market_filter"": true, ""min_turnover_thb"": 10000000, ""rebalance"": 21, ""reserve"": 0.01, ""skip"": 21, ""top_n"": 20, ""trend"": 200}",Rank trailing skipped-month return divided by 63-session realized volatility.,qualified_not_in_top_five_discovery_validation_ranking,0.4975593674491534,0.1066150749004415,-0.1558315224536252,0.0504184787576142,0.9102799629424808,767.0,0.2601742479989302,0.0807253234991447,-0.1531800620451011,0.0168744444841573,0.6903688895255481,772.0,0.5813070598898742,0.1823973129406377,-0.0674567270910037,0.105365328959381,1.690407509173146,432.0,0.5461626729566202,0.1727208612141435,-0.0693252574064553,0.0965676309131371,1.6100483491696425,432.0,2.1416242021185727,0.1248465970466932,-0.1558315224536252,0.0511947990897219,1.0674316603997525,1974.0,1.816790701423573,0.1123000683720998,-0.1685049606774344,0.0389175886155701,0.9699868530255218,1974.0,qualified_not_in_top_five_discovery_validation_ranking,,,,,,,,,,,,,,,,,,,,,,,,,,,,,,,,,,,,,,,,,,,,,,,,,,,,,,,,,,,,,,,,,,,,,,
028fe5b50f7a4050,risk_adjusted_momentum,"{""family"": ""risk_adjusted_momentum"", ""lookback"": 252, ""market_filter"": false, ""min_turnover_thb"": 10000000, ""rebalance"": 63, ""reserve"": 0.01, ""skip"": 21, ""top_n"": 20, ""trend"": 0}",Rank trailing skipped-month return divided by 63-session realized volatility.,rejected_screen,0.2495772940751135,0.0574841190659622,-0.433034994309578,0.001287522923135,0.3793273274048827,419.0,0.1336294466717451,0.0430049631037234,-0.1477015176444446,-0.0208459159112639,0.3935633850093296,297.0,,,,,,,,,,,,,,,,,,,,,,,,,discovery: worse drawdown than benchmark; validation: did not beat benchmark,,,,,,,,,,,,,,,,,,,,,,,,,,,,,,,,,,,,,,,,,,,,,,,,,,,,,,,,,,,,,,,,,,,,,,
b3c73f7817f4ccfb,risk_adjusted_momentum,"{""family"": ""risk_adjusted_momentum"", ""lookback"": 252, ""market_filter"": false, ""min_turnover_thb"": 10000000, ""rebalance"": 63, ""reserve"": 0.01, ""skip"": 21, ""top_n"": 20, ""trend"": 200}",Rank trailing skipped-month return divided by 63-session realized volatility.,rejected_screen,0.2141895922477201,0.0498904560673898,-0.43035252090258,-0.0063061400754373,0.3463532687697052,417.0,0.08637944983483,0.0282039818296873,-0.1525238968761519,-0.0356468971853001,0.2843152900327944,302.0,,,,,,,,,,,,,,,,,,,,,,,,,discovery: did not beat benchmark; discovery: worse drawdown than benchmark; validation: did not beat benchmark,,,,,,,,,,,,,,,,,,,,,,,,,,,,,,,,,,,,,,,,,,,,,,,,,,,,,,,,,,,,,,,,,,,,,,
7c31153064eeff1c,risk_adjusted_momentum,"{""family"": ""risk_adjusted_momentum"", ""lookback"": 252, ""market_filter"": true, ""min_turnover_thb"": 10000000, ""rebalance"": 63, ""reserve"": 0.01, ""skip"": 21, ""top_n"": 20, ""trend"": 200}",Rank trailing skipped-month return divided by 63-session realized volatility.,rejected_screen,0.2861927651128984,0.0651735082546816,-0.1869813457398187,0.0089769121118543,0.5974018986160152,293.0,0.0254583275442026,0.0084752920902331,-0.1595190470322901,-0.0553755869247543,0.1328080708020981,250.0,,,,,,,,,,,,,,,,,,,,,,,,,validation: did not beat benchmark; validation: worse drawdown than benchmark,,,,,,,,,,,,,,,,,,,,,,,,,,,,,,,,,,,,,,,,,,,,,,,,,,,,,,,,,,,,,,,,,,,,,,
9796a7af3f951356,multi_horizon,"{""family"": ""multi_horizon"", ""lookback"": 252, ""market_filter"": false, ""min_turnover_thb"": 10000000, ""rebalance"": 21, ""reserve"": 0.01, ""skip"": 21, ""top_n"": 10, ""trend"": 0}","Rank mean percentile of skipped-month 3-, 6-, 12-month returns.",rejected_screen,0.5968727861432104,0.1245844934219138,-0.4945044408043152,0.0683878972790865,0.5945841082484332,644.0,0.2897765910709329,0.0891822812879521,-0.2561614853394287,0.0253314022729647,0.5921252020663867,512.0,,,,,,,,,,,,,,,,,,,,,,,,,discovery: worse drawdown than benchmark; validation: worse drawdown than benchmark,,,,,,,,,,,,,,,,,,,,,,,,,,,,,,,,,,,,,,,,,,,,,,,,,,,,,,,,,,,,,,,,,,,,,,
58d75db536314b87,multi_horizon,"{""family"": ""multi_horizon"", ""lookback"": 252, ""market_filter"": false, ""min_turnover_thb"": 10000000, ""rebalance"": 21, ""reserve"": 0.01, ""skip"": 21, ""top_n"": 10, ""trend"": 200}","Rank mean percentile of skipped-month 3-, 6-, 12-month returns.",rejected_screen,0.278369975436648,0.0635446001202395,-0.4256582249195166,0.0073480039774123,0.3941325708409315,617.0,0.3114855681253639,0.0953026073079159,-0.2407826470335832,0.0314517282929285,0.6340330688425293,506.0,,,,,,,,,,,,,,,,,,,,,,,,,discovery: worse drawdown than benchmark; validation: worse drawdown than benchmark,,,,,,,,,,,,,,,,,,,,,,,,,,,,,,,,,,,,,,,,,,,,,,,,,,,,,,,,,,,,,,,,,,,,,,
3571364eed34f91d,multi_horizon,"{""family"": ""multi_horizon"", ""lookback"": 252, ""market_filter"": true, ""min_turnover_thb"": 10000000, ""rebalance"": 21, ""reserve"": 0.01, ""skip"": 21, ""top_n"": 10, ""trend"": 200}","Rank mean percentile of skipped-month 3-, 6-, 12-month returns.",rejected_screen,0.6686195500101357,0.1370517457842455,-0.1972633283256308,0.0808551496414182,0.8368405875357152,431.0,0.2488598120563032,0.077458101495436,-0.2407826470335832,0.0136072224804486,0.5650411566407368,427.0,,,,,,,,,,,,,,,,,,,,,,,,,validation: worse drawdown than benchmark,,,,,,,,,,,,,,,,,,,,,,,,,,,,,,,,,,,,,,,,,,,,,,,,,,,,,,,,,,,,,,,,,,,,,,
d4b951179f41cd6a,multi_horizon,"{""family"": ""multi_horizon"", ""lookback"": 252, ""market_filter"": false, ""min_turnover_thb"": 10000000, ""rebalance"": 63, ""reserve"": 0.01, ""skip"": 21, ""top_n"": 10, ""trend"": 0}","Rank mean percentile of skipped-month 3-, 6-, 12-month returns.",rejected_screen,0.4265200758552163,0.0932057872480054,-0.4525163510814773,0.0370091911051781,0.4859709342381036,259.0,0.135924670699215,0.0437134141404103,-0.2330172100593149,-0.0201374648745771,0.3434983514605743,176.0,,,,,,,,,,,,,,,,,,,,,,,,,discovery: worse drawdown than benchmark; validation: did not beat benchmark; validation: worse drawdown than benchmark,,,,,,,,,,,,,,,,,,,,,,,,,,,,,,,,,,,,,,,,,,,,,,,,,,,,,,,,,,,,,,,,,,,,,,
f6b501d94356143a,multi_horizon,"{""family"": ""multi_horizon"", ""lookback"": 252, ""market_filter"": false, ""min_turnover_thb"": 10000000, ""rebalance"": 63, ""reserve"": 0.01, ""skip"": 21, ""top_n"": 10, ""trend"": 200}","Rank mean percentile of skipped-month 3-, 6-, 12-month returns.",rejected_screen,0.3779635449779746,0.0837496492372327,-0.4324712595118792,0.0275530530944054,0.4530644063680579,257.0,0.1287991137386748,0.04151089872979,-0.2294376959331709,-0.0223399802851973,0.3322566120334018,177.0,,,,,,,,,,,,,,,,,,,,,,,,,discovery: worse drawdown than benchmark; validation: did not beat benchmark; validation: worse drawdown than benchmark,,,,,,,,,,,,,,,,,,,,,,,,,,,,,,,,,,,,,,,,,,,,,,,,,,,,,,,,,,,,,,,,,,,,,,
4e1fbb70e5a62d24,multi_horizon,"{""family"": ""multi_horizon"", ""lookback"": 252, ""market_filter"": true, ""min_turnover_thb"": 10000000, ""rebalance"": 63, ""reserve"": 0.01, ""skip"": 21, ""top_n"": 10, ""trend"": 200}","Rank mean percentile of skipped-month 3-, 6-, 12-month returns.",rejected_screen,0.4625781430057696,0.100073054792166,-0.171010540294629,0.0438764586493387,0.682157061777884,166.0,0.0711291562419056,0.0233357265627776,-0.2255730011138427,-0.0405151524522098,0.2323535565524987,141.0,,,,,,,,,,,,,,,,,,,,,,,,,validation: did not beat benchmark; validation: worse drawdown than benchmark,,,,,,,,,,,,,,,,,,,,,,,,,,,,,,,,,,,,,,,,,,,,,,,,,,,,,,,,,,,,,,,,,,,,,,
b9f2606236e9a4e8,multi_horizon,"{""family"": ""multi_horizon"", ""lookback"": 252, ""market_filter"": false, ""min_turnover_thb"": 10000000, ""rebalance"": 21, ""reserve"": 0.01, ""skip"": 21, ""top_n"": 20, ""trend"": 0}","Rank mean percentile of skipped-month 3-, 6-, 12-month returns.",rejected_screen,0.3982263903198353,0.0877256111593769,-0.4294868690358744,0.0315290150165497,0.5084164239652939,1150.0,0.4138806918672999,0.1232973286169158,-0.1209339973978858,0.0594464496019284,0.9058569381505692,953.0,,,,,,,,,,,,,,,,,,,,,,,,,discovery: worse drawdown than benchmark,,,,,,,,,,,,,,,,,,,,,,,,,,,,,,,,,,,,,,,,,,,,,,,,,,,,,,,,,,,,,,,,,,,,,,
53e44c82ac3a1e0e,multi_horizon,"{""family"": ""multi_horizon"", ""lookback"": 252, ""market_filter"": false, ""min_turnover_thb"": 10000000, ""rebalance"": 21, ""reserve"": 0.01, ""skip"": 21, ""top_n"": 20, ""trend"": 200}","Rank mean percentile of skipped-month 3-, 6-, 12-month returns.",rejected_screen,0.1339288753987373,0.0320323633908883,-0.3941500969661201,-0.0241642327519389,0.2700768204404701,1063.0,0.4113491844648682,0.1226217421416862,-0.1242356634310479,0.0587708631266987,0.9178211980937138,925.0,,,,,,,,,,,,,,,,,,,,,,,,,discovery: did not beat benchmark; discovery: worse drawdown than benchmark,,,,,,,,,,,,,,,,,,,,,,,,,,,,,,,,,,,,,,,,,,,,,,,,,,,,,,,,,,,,,,,,,,,,,,
f4f96d173a82b60a,multi_horizon,"{""family"": ""multi_horizon"", ""lookback"": 252, ""market_filter"": true, ""min_turnover_thb"": 10000000, ""rebalance"": 21, ""reserve"": 0.01, ""skip"": 21, ""top_n"": 20, ""trend"": 200}","Rank mean percentile of skipped-month 3-, 6-, 12-month returns.",retained,0.6143964749644819,0.1276676722338874,-0.1478701834229755,0.0714710760910601,0.9985995817145086,774.0,0.3848661434074891,0.1155054322199002,-0.1163338848180144,0.0516545532049128,0.9239602070488152,804.0,0.5418712635843408,0.171529764846718,-0.086653846368168,0.0944977808654612,1.4204119854492665,472.0,0.498055064406147,0.1592462409417461,-0.0893144940353243,0.0830930106407397,1.3272194020211934,472.0,2.6228727423475786,0.1414443363017121,-0.1478701834229755,0.0677925383447408,1.1194158363071725,2057.0,2.196499299311596,0.1268501833324764,-0.1545808834912754,0.0534677035759467,1.0149006074956253,2057.0,retained,,,,,,,,,,,,,,,,,,,,,,,,,,,,,,,,,,,,,,,,,,,,,,,,,,,,,,,,,,,,,,,,,,,,,,
6cedaa29bfa8f517,multi_horizon,"{""family"": ""multi_horizon"", ""lookback"": 252, ""market_filter"": false, ""min_turnover_thb"": 10000000, ""rebalance"": 63, ""reserve"": 0.01, ""skip"": 21, ""top_n"": 20, ""trend"": 0}","Rank mean percentile of skipped-month 3-, 6-, 12-month returns.",rejected_screen,0.2903158765801572,0.0660290622049912,-0.4314531712728918,0.009832466062164,0.4150474422447495,446.0,0.2045466281816002,0.0644692298308851,-0.1224496502941502,0.0006183508158976,0.5315909365115495,317.0,,,,,,,,,,,,,,,,,,,,,,,,,discovery: worse drawdown than benchmark,,,,,,,,,,,,,,,,,,,,,,,,,,,,,,,,,,,,,,,,,,,,,,,,,,,,,,,,,,,,,,,,,,,,,,
44dc99cf470ffaba,multi_horizon,"{""family"": ""multi_horizon"", ""lookback"": 252, ""market_filter"": false, ""min_turnover_thb"": 10000000, ""rebalance"": 63, ""reserve"": 0.01, ""skip"": 21, ""top_n"": 20, ""trend"": 200}","Rank mean percentile of skipped-month 3-, 6-, 12-month returns.",rejected_screen,0.2923622689100218,0.0664529324389036,-0.4360961634463877,0.0102563362960763,0.4189886372461335,432.0,0.1922020037713347,0.0607944362667332,-0.1218747771809289,-0.0030564427482542,0.5166342212614493,318.0,,,,,,,,,,,,,,,,,,,,,,,,,discovery: worse drawdown than benchmark; validation: did not beat benchmark,,,,,,,,,,,,,,,,,,,,,,,,,,,,,,,,,,,,,,,,,,,,,,,,,,,,,,,,,,,,,,,,,,,,,,
e903865bc2ecf1ce,multi_horizon,"{""family"": ""multi_horizon"", ""lookback"": 252, ""market_filter"": true, ""min_turnover_thb"": 10000000, ""rebalance"": 63, ""reserve"": 0.01, ""skip"": 21, ""top_n"": 20, ""trend"": 200}","Rank mean percentile of skipped-month 3-, 6-, 12-month returns.",rejected_screen,0.397360720246777,0.0875566356156862,-0.1262417904611474,0.031360039472859,0.7417666154200718,301.0,0.1222623502119495,0.0394822423919452,-0.1212115804297897,-0.0243686366230422,0.3858838129982899,261.0,,,,,,,,,,,,,,,,,,,,,,,,,validation: did not beat benchmark,,,,,,,,,,,,,,,,,,,,,,,,,,,,,,,,,,,,,,,,,,,,,,,,,,,,,,,,,,,,,,,,,,,,,,
d3f5ed38ff15b4c9,high_proximity,"{""family"": ""high_proximity"", ""lookback"": 126, ""market_filter"": false, ""min_turnover_thb"": 10000000, ""rebalance"": 21, ""reserve"": 0.01, ""skip"": 21, ""top_n"": 10, ""trend"": 0}",Rank closeness to trailing high; require positive trailing return.,rejected_screen,0.1804973634879918,0.0425049466798268,-0.5001238405199504,-0.0136916494630003,0.3057808935619087,706.0,-0.0249292058345843,-0.0084391973083016,-0.2104460192445745,-0.0722900763232891,0.0185485125173441,572.0,,,,,,,,,,,,,,,,,,,,,,,,,discovery: did not beat benchmark; discovery: worse drawdown than benchmark; validation: did not beat benchmark; validation: worse drawdown than benchmark,,,,,,,,,,,,,,,,,,,,,,,,,,,,,,,,,,,,,,,,,,,,,,,,,,,,,,,,,,,,,,,,,,,,,,
e6fec962167f5af1,high_proximity,"{""family"": ""high_proximity"", ""lookback"": 126, ""market_filter"": false, ""min_turnover_thb"": 10000000, ""rebalance"": 21, ""reserve"": 0.01, ""skip"": 21, ""top_n"": 10, ""trend"": 200}",Rank closeness to trailing high; require positive trailing return.,rejected_screen,0.1315561279892767,0.031490202062034,-0.4695057249465092,-0.0247063940807932,0.2605539461581522,688.0,-0.0236539360716075,-0.0080040282284614,-0.2104460192445745,-0.0718549072434489,0.0215447905933171,572.0,,,,,,,,,,,,,,,,,,,,,,,,,discovery: did not beat benchmark; discovery: worse drawdown than benchmark; validation: did not beat benchmark; validation: worse drawdown than benchmark,,,,,,,,,,,,,,,,,,,,,,,,,,,,,,,,,,,,,,,,,,,,,,,,,,,,,,,,,,,,,,,,,,,,,,
6a2d125f1631276c,high_proximity,"{""family"": ""high_proximity"", ""lookback"": 126, ""market_filter"": true, ""min_turnover_thb"": 10000000, ""rebalance"": 21, ""reserve"": 0.01, ""skip"": 21, ""top_n"": 10, ""trend"": 200}",Rank closeness to trailing high; require positive trailing return.,rejected_screen,0.934723611581742,0.1800510619218591,-0.1474495015700401,0.1238544657790319,1.1987418608805305,496.0,0.0198270538458806,0.0066127373398996,-0.1704475834767755,-0.0572381416750877,0.1191904942919397,485.0,,,,,,,,,,,,,,,,,,,,,,,,,validation: did not beat benchmark; validation: worse drawdown than benchmark,,,,,,,,,,,,,,,,,,,,,,,,,,,,,,,,,,,,,,,,,,,,,,,,,,,,,,,,,,,,,,,,,,,,,,
0c4d59b958e56819,high_proximity,"{""family"": ""high_proximity"", ""lookback"": 126, ""market_filter"": false, ""min_turnover_thb"": 10000000, ""rebalance"": 63, ""reserve"": 0.01, ""skip"": 21, ""top_n"": 10, ""trend"": 0}",Rank closeness to trailing high; require positive trailing return.,rejected_screen,0.2962972071338847,0.0672665671773651,-0.4278215260288148,0.0110699710345378,0.4180787974828395,263.0,0.3457751465595342,0.1048340877936038,-0.1253395707957696,0.0409832087786163,0.8071790996814062,183.0,,,,,,,,,,,,,,,,,,,,,,,,,discovery: worse drawdown than benchmark,,,,,,,,,,,,,,,,,,,,,,,,,,,,,,,,,,,,,,,,,,,,,,,,,,,,,,,,,,,,,,,,,,,,,,
349b18216e881e70,high_proximity,"{""family"": ""high_proximity"", ""lookback"": 126, ""market_filter"": false, ""min_turnover_thb"": 10000000, ""rebalance"": 63, ""reserve"": 0.01, ""skip"": 21, ""top_n"": 10, ""trend"": 200}",Rank closeness to trailing high; require positive trailing return.,rejected_screen,0.3270297897313696,0.0735583721565937,-0.4338089226865499,0.0173617760137665,0.4433477531595367,264.0,0.3457751465595342,0.1048340877936038,-0.1253395707957696,0.0409832087786163,0.8071790996814062,183.0,,,,,,,,,,,,,,,,,,,,,,,,,discovery: worse drawdown than benchmark,,,,,,,,,,,,,,,,,,,,,,,,,,,,,,,,,,,,,,,,,,,,,,,,,,,,,,,,,,,,,,,,,,,,,,
48544834d3c5f35b,high_proximity,"{""family"": ""high_proximity"", ""lookback"": 126, ""market_filter"": true, ""min_turnover_thb"": 10000000, ""rebalance"": 63, ""reserve"": 0.01, ""skip"": 21, ""top_n"": 10, ""trend"": 200}",Rank closeness to trailing high; require positive trailing return.,retained,0.5329530552932069,0.1131187374522451,-0.1529782595410143,0.0569221413094178,0.8466340430677136,172.0,0.2768637928843176,0.0855093094719192,-0.1068796027140845,0.0216584304569318,0.7380338544447864,146.0,0.2937070845369334,0.0987249130787386,-0.1581665395188189,0.0216929290974818,0.8308775467389627,99.0,0.2692866007534737,0.0910961963733121,-0.1584100209537277,0.0149429660723057,0.7716485746546985,99.0,1.8268006568979684,0.1127056525173781,-0.1581665395188191,0.0390538545604068,0.8580288866736652,425.0,1.6142374894940623,0.1038020239555392,-0.1719393652502271,0.0304195441990096,0.7965752849793017,425.0,retained,,,,,,,,,,,,,,,,,,,,,,,,,,,,,,,,,,,,,,,,,,,,,,,,,,,,,,,,,,,,,,,,,,,,,,
ffdd4636bf801534,high_proximity,"{""family"": ""high_proximity"", ""lookback"": 126, ""market_filter"": false, ""min_turnover_thb"": 10000000, ""rebalance"": 21, ""reserve"": 0.01, ""skip"": 21, ""top_n"": 20, ""trend"": 0}",Rank closeness to trailing high; require positive trailing return.,rejected_screen,0.2617832933084987,0.0600659631318079,-0.4384862840213294,0.0038693669889806,0.3988148354019022,1232.0,-0.0493844832573397,-0.0168583958832748,-0.2350580968562732,-0.0807092748982623,-0.0689350074199923,1012.0,,,,,,,,,,,,,,,,,,,,,,,,,discovery: worse drawdown than benchmark; validation: did not beat benchmark; validation: worse drawdown than benchmark,,,,,,,,,,,,,,,,,,,,,,,,,,,,,,,,,,,,,,,,,,,,,,,,,,,,,,,,,,,,,,,,,,,,,,
cd9791b2cd884621,high_proximity,"{""family"": ""high_proximity"", ""lookback"": 126, ""market_filter"": false, ""min_turnover_thb"": 10000000, ""rebalance"": 21, ""reserve"": 0.01, ""skip"": 21, ""top_n"": 20, ""trend"": 200}",Rank closeness to trailing high; require positive trailing return.,rejected_screen,0.1277094309928141,0.0306094379997545,-0.3902320705884338,-0.0255871581430726,0.2668770110956854,1175.0,-0.051874400339599,-0.0177236339185425,-0.2290216925681624,-0.08157451293353,-0.0768286859471018,997.0,,,,,,,,,,,,,,,,,,,,,,,,,discovery: did not beat benchmark; discovery: worse drawdown than benchmark; validation: did not beat benchmark; validation: worse drawdown than benchmark,,,,,,,,,,,,,,,,,,,,,,,,,,,,,,,,,,,,,,,,,,,,,,,,,,,,,,,,,,,,,,,,,,,,,,
2c8d1b8230003899,high_proximity,"{""family"": ""high_proximity"", ""lookback"": 126, ""market_filter"": true, ""min_turnover_thb"": 10000000, ""rebalance"": 21, ""reserve"": 0.01, ""skip"": 21, ""top_n"": 20, ""trend"": 200}",Rank closeness to trailing high; require positive trailing return.,rejected_screen,0.6535456922106855,0.1344662073382896,-0.1213900415417991,0.0782696111954623,1.15028944282086,867.0,-0.0388963708081302,-0.0132302467942156,-0.2171894471298467,-0.0770811258092031,-0.05343454091507,873.0,,,,,,,,,,,,,,,,,,,,,,,,,validation: did not beat benchmark; validation: worse drawdown than benchmark,,,,,,,,,,,,,,,,,,,,,,,,,,,,,,,,,,,,,,,,,,,,,,,,,,,,,,,,,,,,,,,,,,,,,,
a5dff35d4a317c6d,high_proximity,"{""family"": ""high_proximity"", ""lookback"": 126, ""market_filter"": false, ""min_turnover_thb"": 10000000, ""rebalance"": 63, ""reserve"": 0.01, ""skip"": 21, ""top_n"": 20, ""trend"": 0}",Rank closeness to trailing high; require positive trailing return.,rejected_screen,0.3787766325920594,0.0839100333961819,-0.4259735134379379,0.0277134372533547,0.5132984302350946,462.0,0.127981506762268,0.0412575856656205,-0.1387828667479131,-0.0225932933493668,0.3975959335704455,333.0,,,,,,,,,,,,,,,,,,,,,,,,,discovery: worse drawdown than benchmark; validation: did not beat benchmark,,,,,,,,,,,,,,,,,,,,,,,,,,,,,,,,,,,,,,,,,,,,,,,,,,,,,,,,,,,,,,,,,,,,,,
740b81d0a1b1382c,high_proximity,"{""family"": ""high_proximity"", ""lookback"": 126, ""market_filter"": false, ""min_turnover_thb"": 10000000, ""rebalance"": 63, ""reserve"": 0.01, ""skip"": 21, ""top_n"": 20, ""trend"": 200}",Rank closeness to trailing high; require positive trailing return.,rejected_screen,0.384441418332663,0.0850254687058311,-0.4309998097647399,0.0288288725630039,0.5137907845674171,458.0,0.1330792623603736,0.0428349999387465,-0.1504671212656266,-0.0210158790762409,0.4088044136515441,331.0,,,,,,,,,,,,,,,,,,,,,,,,,discovery: worse drawdown than benchmark; validation: did not beat benchmark,,,,,,,,,,,,,,,,,,,,,,,,,,,,,,,,,,,,,,,,,,,,,,,,,,,,,,,,,,,,,,,,,,,,,,
6d6ddfb599e4341d,high_proximity,"{""family"": ""high_proximity"", ""lookback"": 126, ""market_filter"": true, ""min_turnover_thb"": 10000000, ""rebalance"": 63, ""reserve"": 0.01, ""skip"": 21, ""top_n"": 20, ""trend"": 200}",Rank closeness to trailing high; require positive trailing return.,rejected_screen,0.4858361396390167,0.1044355290996015,-0.1062617255245191,0.0482389329567742,0.9588937898732626,318.0,0.0719222086750557,0.0235900185974349,-0.1333664896778416,-0.0402608604175525,0.2724525015086035,273.0,,,,,,,,,,,,,,,,,,,,,,,,,validation: did not beat benchmark,,,,,,,,,,,,,,,,,,,,,,,,,,,,,,,,,,,,,,,,,,,,,,,,,,,,,,,,,,,,,,,,,,,,,,
2479ff25e06ff246,high_proximity,"{""family"": ""high_proximity"", ""lookback"": 252, ""market_filter"": false, ""min_turnover_thb"": 10000000, ""rebalance"": 21, ""reserve"": 0.01, ""skip"": 21, ""top_n"": 10, ""trend"": 0}",Rank closeness to trailing high; require positive trailing return.,rejected_screen,0.4237561838086658,0.0926740594272683,-0.462535503400069,0.0364774632844411,0.523396498425438,690.0,0.1092422905465142,0.035418013989281,-0.164613243630856,-0.0284328650257064,0.3137405090497356,547.0,,,,,,,,,,,,,,,,,,,,,,,,,discovery: worse drawdown than benchmark; validation: did not beat benchmark; validation: worse drawdown than benchmark,,,,,,,,,,,,,,,,,,,,,,,,,,,,,,,,,,,,,,,,,,,,,,,,,,,,,,,,,,,,,,,,,,,,,,
e58100a8f7fface9,high_proximity,"{""family"": ""high_proximity"", ""lookback"": 252, ""market_filter"": false, ""min_turnover_thb"": 10000000, ""rebalance"": 21, ""reserve"": 0.01, ""skip"": 21, ""top_n"": 10, ""trend"": 200}",Rank closeness to trailing high; require positive trailing return.,rejected_screen,0.1017605074051046,0.0246084490796487,-0.451259568649283,-0.0315881470631784,0.2263971441684915,667.0,0.1131743014413457,0.0366487211053123,-0.1644445714865409,-0.027202157909675,0.32187265523767,549.0,,,,,,,,,,,,,,,,,,,,,,,,,discovery: did not beat benchmark; discovery: worse drawdown than benchmark; validation: did not beat benchmark; validation: worse drawdown than benchmark,,,,,,,,,,,,,,,,,,,,,,,,,,,,,,,,,,,,,,,,,,,,,,,,,,,,,,,,,,,,,,,,,,,,,,
3a6a9b4f881cb455,high_proximity,"{""family"": ""high_proximity"", ""lookback"": 252, ""market_filter"": true, ""min_turnover_thb"": 10000000, ""rebalance"": 21, ""reserve"": 0.01, ""skip"": 21, ""top_n"": 10, ""trend"": 200}",Rank closeness to trailing high; require positive trailing return.,rejected_screen,0.6879492815784496,0.1403417897196122,-0.1341144035370144,0.0841451935767849,0.9453151624386998,475.0,0.1672048046951546,0.0532750304762121,-0.114402937071256,-0.0105758485387752,0.4493094697916309,468.0,,,,,,,,,,,,,,,,,,,,,,,,,validation: did not beat benchmark,,,,,,,,,,,,,,,,,,,,,,,,,,,,,,,,,,,,,,,,,,,,,,,,,,,,,,,,,,,,,,,,,,,,,,
4b4cd71abf2bb029,high_proximity,"{""family"": ""high_proximity"", ""lookback"": 252, ""market_filter"": false, ""min_turnover_thb"": 10000000, ""rebalance"": 63, ""reserve"": 0.01, ""skip"": 21, ""top_n"": 10, ""trend"": 0}",Rank closeness to trailing high; require positive trailing return.,rejected_screen,0.2487656094399122,0.0573117606085655,-0.4110857820486343,0.0011151644657383,0.3743373631390242,260.0,0.2740969540965592,0.0847190913185207,-0.1358605719623131,0.0208682123035333,0.6638120041114114,181.0,,,,,,,,,,,,,,,,,,,,,,,,,discovery: worse drawdown than benchmark,,,,,,,,,,,,,,,,,,,,,,,,,,,,,,,,,,,,,,,,,,,,,,,,,,,,,,,,,,,,,,,,,,,,,,
df9e90140dd3825b,high_proximity,"{""family"": ""high_proximity"", ""lookback"": 252, ""market_filter"": false, ""min_turnover_thb"": 10000000, ""rebalance"": 63, ""reserve"": 0.01, ""skip"": 21, ""top_n"": 10, ""trend"": 200}",Rank closeness to trailing high; require positive trailing return.,rejected_screen,0.278313867036746,0.0635328899551384,-0.4185795724880978,0.0073362938123111,0.399966382664831,259.0,0.2740969540965592,0.0847190913185207,-0.1358605719623131,0.0208682123035333,0.6638120041114114,181.0,,,,,,,,,,,,,,,,,,,,,,,,,discovery: worse drawdown than benchmark,,,,,,,,,,,,,,,,,,,,,,,,,,,,,,,,,,,,,,,,,,,,,,,,,,,,,,,,,,,,,,,,,,,,,,
fa1b9091ba686ce7,high_proximity,"{""family"": ""high_proximity"", ""lookback"": 252, ""market_filter"": true, ""min_turnover_thb"": 10000000, ""rebalance"": 63, ""reserve"": 0.01, ""skip"": 21, ""top_n"": 10, ""trend"": 200}",Rank closeness to trailing high; require positive trailing return.,rejected_confirmation,0.3236527634510882,0.0728723744380066,-0.1309947854073287,0.0166757782951794,0.5973193997269185,169.0,0.2278743762566986,0.071345783714849,-0.1380333168000457,0.0074949046998615,0.618953460732515,146.0,0.2405675561811102,0.0820045503108637,-0.1520022644153791,0.0049725663296069,0.7665377738831815,89.0,0.2207356248100902,0.0756481050872368,-0.1522964220648646,-0.0005051252137695,0.7121164067891628,89.0,1.358676912528137,0.0921937967164774,-0.1936840606749575,0.0185419987595061,0.7361207672318362,412.0,1.1894410118286762,0.0838684307452626,-0.2138526700024285,0.0104859509887329,0.6765434631924097,412.0,confirmation_stress: did not beat benchmark,,,,,,,,,,,,,,,,,,,,,,,,,,,,,,,,,,,,,,,,,,,,,,,,,,,,,,,,,,,,,,,,,,,,,,
5998299d5bacab90,high_proximity,"{""family"": ""high_proximity"", ""lookback"": 252, ""market_filter"": false, ""min_turnover_thb"": 10000000, ""rebalance"": 21, ""reserve"": 0.01, ""skip"": 21, ""top_n"": 20, ""trend"": 0}",Rank closeness to trailing high; require positive trailing return.,rejected_screen,0.4686201046281022,0.1012113065882038,-0.4050861360713678,0.0450147104453766,0.60512945746427,1176.0,0.1184987923098186,0.0383106757685274,-0.1093225862386861,-0.02554020324646,0.3681059827840518,955.0,,,,,,,,,,,,,,,,,,,,,,,,,discovery: worse drawdown than benchmark; validation: did not beat benchmark,,,,,,,,,,,,,,,,,,,,,,,,,,,,,,,,,,,,,,,,,,,,,,,,,,,,,,,,,,,,,,,,,,,,,,
61d6d66bbd644e86,high_proximity,"{""family"": ""high_proximity"", ""lookback"": 252, ""market_filter"": false, ""min_turnover_thb"": 10000000, ""rebalance"": 21, ""reserve"": 0.01, ""skip"": 21, ""top_n"": 20, ""trend"": 200}",Rank closeness to trailing high; require positive trailing return.,rejected_screen,0.1601342236695624,0.0379643585272313,-0.3913000723483465,-0.0182322376155958,0.3105906040238466,1109.0,0.1354452051556409,0.0435654994320895,-0.1054885398866082,-0.0202853795828978,0.4084982100983724,947.0,,,,,,,,,,,,,,,,,,,,,,,,,discovery: did not beat benchmark; discovery: worse drawdown than benchmark; validation: did not beat benchmark,,,,,,,,,,,,,,,,,,,,,,,,,,,,,,,,,,,,,,,,,,,,,,,,,,,,,,,,,,,,,,,,,,,,,,
3d2f5205d97b61a4,high_proximity,"{""family"": ""high_proximity"", ""lookback"": 252, ""market_filter"": true, ""min_turnover_thb"": 10000000, ""rebalance"": 21, ""reserve"": 0.01, ""skip"": 21, ""top_n"": 20, ""trend"": 200}",Rank closeness to trailing high; require positive trailing return.,rejected_screen,0.6572488401580032,0.1351030194099423,-0.1198166450139496,0.078906423267115,1.1563345671103724,826.0,0.094085577703219,0.0306467084853823,-0.1040337518161457,-0.0332041705296051,0.3227275192796141,833.0,,,,,,,,,,,,,,,,,,,,,,,,,validation: did not beat benchmark,,,,,,,,,,,,,,,,,,,,,,,,,,,,,,,,,,,,,,,,,,,,,,,,,,,,,,,,,,,,,,,,,,,,,,
87c8071df5ac9748,high_proximity,"{""family"": ""high_proximity"", ""lookback"": 252, ""market_filter"": false, ""min_turnover_thb"": 10000000, ""rebalance"": 63, ""reserve"": 0.01, ""skip"": 21, ""top_n"": 20, ""trend"": 0}",Rank closeness to trailing high; require positive trailing return.,rejected_screen,0.2824159248107651,0.0643880013519768,-0.4270473208650646,0.0081914052091496,0.4211393584466982,455.0,0.11944983950504,0.0386069764055791,-0.121247262718152,-0.0252439026094082,0.3835836606449181,328.0,,,,,,,,,,,,,,,,,,,,,,,,,discovery: worse drawdown than benchmark; validation: did not beat benchmark,,,,,,,,,,,,,,,,,,,,,,,,,,,,,,,,,,,,,,,,,,,,,,,,,,,,,,,,,,,,,,,,,,,,,,
c8b42e7c7c85b07b,high_proximity,"{""family"": ""high_proximity"", ""lookback"": 252, ""market_filter"": false, ""min_turnover_thb"": 10000000, ""rebalance"": 63, ""reserve"": 0.01, ""skip"": 21, ""top_n"": 20, ""trend"": 200}",Rank closeness to trailing high; require positive trailing return.,rejected_screen,0.2880142841470983,0.0655517300974144,-0.432565712947501,0.0093551339545872,0.4235125804075462,446.0,0.1429359380338177,0.0458716622458443,-0.112769227193726,-0.017979216769143,0.4389174037928468,326.0,,,,,,,,,,,,,,,,,,,,,,,,,discovery: worse drawdown than benchmark; validation: did not beat benchmark,,,,,,,,,,,,,,,,,,,,,,,,,,,,,,,,,,,,,,,,,,,,,,,,,,,,,,,,,,,,,,,,,,,,,,
8f6e0d000b8b54b5,high_proximity,"{""family"": ""high_proximity"", ""lookback"": 252, ""market_filter"": true, ""min_turnover_thb"": 10000000, ""rebalance"": 63, ""reserve"": 0.01, ""skip"": 21, ""top_n"": 20, ""trend"": 200}",Rank closeness to trailing high; require positive trailing return.,rejected_screen,0.3811395959225925,0.0843757337309047,-0.131228493360912,0.0281791375880775,0.7625090991776765,315.0,0.0678820331294109,0.0222932310684293,-0.1345605842037029,-0.041557647946558,0.2626735049301357,270.0,,,,,,,,,,,,,,,,,,,,,,,,,validation: did not beat benchmark,,,,,,,,,,,,,,,,,,,,,,,,,,,,,,,,,,,,,,,,,,,,,,,,,,,,,,,,,,,,,,,,,,,,,,
358f25e96ba45ce0,trend_quality,"{""family"": ""trend_quality"", ""lookback"": 126, ""market_filter"": false, ""min_turnover_thb"": 10000000, ""rebalance"": 21, ""reserve"": 0.01, ""skip"": 21, ""top_n"": 10, ""trend"": 0}",Rank trailing return multiplied by directional efficiency (net move / sum absolute daily moves).,rejected_screen,0.5767906629214119,0.1210198484809517,-0.4510137404212196,0.0648232523381244,0.5887071440735262,594.0,0.2969252981331134,0.0912051938424305,-0.1784193116470758,0.0273543148274431,0.605794989538044,474.0,,,,,,,,,,,,,,,,,,,,,,,,,discovery: worse drawdown than benchmark; validation: worse drawdown than benchmark,,,,,,,,,,,,,,,,,,,,,,,,,,,,,,,,,,,,,,,,,,,,,,,,,,,,,,,,,,,,,,,,,,,,,,
f86ccd9aa9e65d7e,trend_quality,"{""family"": ""trend_quality"", ""lookback"": 126, ""market_filter"": false, ""min_turnover_thb"": 10000000, ""rebalance"": 21, ""reserve"": 0.01, ""skip"": 21, ""top_n"": 10, ""trend"": 200}",Rank trailing return multiplied by directional efficiency (net move / sum absolute daily moves).,rejected_screen,0.3388515490312271,0.0759495499303248,-0.4123406869004374,0.0197529537874976,0.4485572689026037,578.0,0.2437127419183711,0.0759652947739297,-0.1873068410756807,0.0121144157589423,0.5266676958779642,474.0,,,,,,,,,,,,,,,,,,,,,,,,,discovery: worse drawdown than benchmark; validation: worse drawdown than benchmark,,,,,,,,,,,,,,,,,,,,,,,,,,,,,,,,,,,,,,,,,,,,,,,,,,,,,,,,,,,,,,,,,,,,,,
0b17ad2bc05a599b,trend_quality,"{""family"": ""trend_quality"", ""lookback"": 126, ""market_filter"": true, ""min_turnover_thb"": 10000000, ""rebalance"": 21, ""reserve"": 0.01, ""skip"": 21, ""top_n"": 10, ""trend"": 200}",Rank trailing return multiplied by directional efficiency (net move / sum absolute daily moves).,rejected_screen,1.0758871058421224,0.2010836565778666,-0.1460196892697624,0.1448870604350394,1.1660927420819638,413.0,0.2804885661022831,0.0865428371337921,-0.1755167367458623,0.0226919581188047,0.6160243106756915,400.0,,,,,,,,,,,,,,,,,,,,,,,,,validation: worse drawdown than benchmark,,,,,,,,,,,,,,,,,,,,,,,,,,,,,,,,,,,,,,,,,,,,,,,,,,,,,,,,,,,,,,,,,,,,,,
b510e97755f7f2d0,trend_quality,"{""family"": ""trend_quality"", ""lookback"": 126, ""market_filter"": false, ""min_turnover_thb"": 10000000, ""rebalance"": 63, ""reserve"": 0.01, ""skip"": 21, ""top_n"": 10, ""trend"": 0}",Rank trailing return multiplied by directional efficiency (net move / sum absolute daily moves).,rejected_screen,0.2617825973202883,0.0600658164490928,-0.47416041436985,0.0038692203062655,0.3664109540325357,244.0,0.2692650002050456,0.08333633139524,-0.1859068414842491,0.0194854523802525,0.5793786914629953,172.0,,,,,,,,,,,,,,,,,,,,,,,,,discovery: worse drawdown than benchmark; validation: worse drawdown than benchmark,,,,,,,,,,,,,,,,,,,,,,,,,,,,,,,,,,,,,,,,,,,,,,,,,,,,,,,,,,,,,,,,,,,,,,
a942895721cbdf5a,trend_quality,"{""family"": ""trend_quality"", ""lookback"": 126, ""market_filter"": false, ""min_turnover_thb"": 10000000, ""rebalance"": 63, ""reserve"": 0.01, ""skip"": 21, ""top_n"": 10, ""trend"": 200}",Rank trailing return multiplied by directional efficiency (net move / sum absolute daily moves).,rejected_screen,0.2617825973202883,0.0600658164490928,-0.47416041436985,0.0038692203062655,0.3664109540325357,244.0,0.2692650002050456,0.08333633139524,-0.1859068414842491,0.0194854523802525,0.5793786914629953,172.0,,,,,,,,,,,,,,,,,,,,,,,,,discovery: worse drawdown than benchmark; validation: worse drawdown than benchmark,,,,,,,,,,,,,,,,,,,,,,,,,,,,,,,,,,,,,,,,,,,,,,,,,,,,,,,,,,,,,,,,,,,,,,
51911a3d8e16d9e6,trend_quality,"{""family"": ""trend_quality"", ""lookback"": 126, ""market_filter"": true, ""min_turnover_thb"": 10000000, ""rebalance"": 63, ""reserve"": 0.01, ""skip"": 21, ""top_n"": 10, ""trend"": 200}",Rank trailing return multiplied by directional efficiency (net move / sum absolute daily moves).,rejected_screen,0.488955008363608,0.1050166335702207,-0.1638629520897991,0.0488200374273934,0.7061674438270613,165.0,0.1491597998767568,0.0477801699960258,-0.1859068414842491,-0.0160707090189615,0.3957333461836094,139.0,,,,,,,,,,,,,,,,,,,,,,,,,validation: did not beat benchmark; validation: worse drawdown than benchmark,,,,,,,,,,,,,,,,,,,,,,,,,,,,,,,,,,,,,,,,,,,,,,,,,,,,,,,,,,,,,,,,,,,,,,
1e77fa457cc92dee,trend_quality,"{""family"": ""trend_quality"", ""lookback"": 126, ""market_filter"": false, ""min_turnover_thb"": 10000000, ""rebalance"": 21, ""reserve"": 0.01, ""skip"": 21, ""top_n"": 20, ""trend"": 0}",Rank trailing return multiplied by directional efficiency (net move / sum absolute daily moves).,rejected_screen,0.3293594520904059,0.0740308499917556,-0.4256174226187386,0.0178342538489284,0.4526811998989143,1117.0,0.3033892043103285,0.0930279571735539,-0.1082433504380052,0.0291770781585665,0.7125932669666278,901.0,,,,,,,,,,,,,,,,,,,,,,,,,discovery: worse drawdown than benchmark,,,,,,,,,,,,,,,,,,,,,,,,,,,,,,,,,,,,,,,,,,,,,,,,,,,,,,,,,,,,,,,,,,,,,,
562292366582f2ad,trend_quality,"{""family"": ""trend_quality"", ""lookback"": 126, ""market_filter"": false, ""min_turnover_thb"": 10000000, ""rebalance"": 21, ""reserve"": 0.01, ""skip"": 21, ""top_n"": 20, ""trend"": 200}",Rank trailing return multiplied by directional efficiency (net move / sum absolute daily moves).,rejected_screen,0.1077977169197228,0.0260139992991979,-0.4030943894496462,-0.0301825968436293,0.2371745133687884,1065.0,0.2772937996258278,0.0856320186371435,-0.1240632435001733,0.0217811396221561,0.6706462812179148,885.0,,,,,,,,,,,,,,,,,,,,,,,,,discovery: did not beat benchmark; discovery: worse drawdown than benchmark,,,,,,,,,,,,,,,,,,,,,,,,,,,,,,,,,,,,,,,,,,,,,,,,,,,,,,,,,,,,,,,,,,,,,,
473f8daee3b7bda0,trend_quality,"{""family"": ""trend_quality"", ""lookback"": 126, ""market_filter"": true, ""min_turnover_thb"": 10000000, ""rebalance"": 21, ""reserve"": 0.01, ""skip"": 21, ""top_n"": 20, ""trend"": 200}",Rank trailing return multiplied by directional efficiency (net move / sum absolute daily moves).,rejected_sensitivity,0.7059326526267444,0.1433774260347802,-0.1334209853548149,0.0871808298919529,1.112286242601442,763.0,0.2842919115902025,0.0876251935488394,-0.0988350140658187,0.023774314533852,0.7206539963726798,775.0,0.3030520222491204,0.1016200017647834,-0.1776493070242419,0.0245880177835267,0.8319840082627981,463.0,0.2687261801441181,0.090920038112795,-0.1856470263069977,0.0147668078117886,0.7547221386909144,463.0,1.9937563767131397,0.1192870818357527,-0.1776493070242417,0.0456352838787814,0.947028519394472,2010.0,1.6705839404316492,0.1062237369366581,-0.1856517555066839,0.0328412571801284,0.8544203158069963,2010.0,exclude_DELTA confirmation: did not beat corresponding benchmark,,,,,,,,,,,,,,,,,,,,,,,,,,,,,,,,,,,,,,,,,,,,,,,,,,,,,,,,,,,,,,,,,,,,,,
109c6018777eef22,trend_quality,"{""family"": ""trend_quality"", ""lookback"": 126, ""market_filter"": false, ""min_turnover_thb"": 10000000, ""rebalance"": 63, ""reserve"": 0.01, ""skip"": 21, ""top_n"": 20, ""trend"": 0}",Rank trailing return multiplied by directional efficiency (net move / sum absolute daily moves).,rejected_screen,0.2079229183989714,0.0485284948629829,-0.4373643032670458,-0.0076681012798442,0.3369035556606258,452.0,0.1284123712409519,0.0413910923860507,-0.108428486526601,-0.0224597866289366,0.3783532708140696,314.0,,,,,,,,,,,,,,,,,,,,,,,,,discovery: did not beat benchmark; discovery: worse drawdown than benchmark; validation: did not beat benchmark,,,,,,,,,,,,,,,,,,,,,,,,,,,,,,,,,,,,,,,,,,,,,,,,,,,,,,,,,,,,,,,,,,,,,,
b5609153a56310aa,trend_quality,"{""family"": ""trend_quality"", ""lookback"": 126, ""market_filter"": false, ""min_turnover_thb"": 10000000, ""rebalance"": 63, ""reserve"": 0.01, ""skip"": 21, ""top_n"": 20, ""trend"": 200}",Rank trailing return multiplied by directional efficiency (net move / sum absolute daily moves).,rejected_screen,0.2106798865879671,0.0491283282951227,-0.4563727812312663,-0.0070682678477045,0.3391086878564151,446.0,0.0987458547520909,0.0321184047078453,-0.1211122377101642,-0.0317324743071421,0.311296269231433,314.0,,,,,,,,,,,,,,,,,,,,,,,,,discovery: did not beat benchmark; discovery: worse drawdown than benchmark; validation: did not beat benchmark,,,,,,,,,,,,,,,,,,,,,,,,,,,,,,,,,,,,,,,,,,,,,,,,,,,,,,,,,,,,,,,,,,,,,,
9e1d8ef0eca214f3,trend_quality,"{""family"": ""trend_quality"", ""lookback"": 126, ""market_filter"": true, ""min_turnover_thb"": 10000000, ""rebalance"": 63, ""reserve"": 0.01, ""skip"": 21, ""top_n"": 20, ""trend"": 200}",Rank trailing return multiplied by directional efficiency (net move / sum absolute daily moves).,rejected_screen,0.4038201024604482,0.0888155975127678,-0.1213970752771883,0.0326190013699405,0.7606913935942309,304.0,0.0455927764083998,0.0150797537557143,-0.1290373568531737,-0.048771125259273,0.1886176115568828,261.0,,,,,,,,,,,,,,,,,,,,,,,,,validation: did not beat benchmark,,,,,,,,,,,,,,,,,,,,,,,,,,,,,,,,,,,,,,,,,,,,,,,,,,,,,,,,,,,,,,,,,,,,,,
47db614208f89de1,trend_quality,"{""family"": ""trend_quality"", ""lookback"": 252, ""market_filter"": false, ""min_turnover_thb"": 10000000, ""rebalance"": 21, ""reserve"": 0.01, ""skip"": 21, ""top_n"": 10, ""trend"": 0}",Rank trailing return multiplied by directional efficiency (net move / sum absolute daily moves).,rejected_screen,0.5587378373880798,0.1177862636206699,-0.4356058543892501,0.0615896674778426,0.5830215335047559,580.0,0.3155735150009788,0.096447561448506,-0.2757056043202611,0.0325966824335186,0.6158527968147721,438.0,,,,,,,,,,,,,,,,,,,,,,,,,discovery: worse drawdown than benchmark; validation: worse drawdown than benchmark,,,,,,,,,,,,,,,,,,,,,,,,,,,,,,,,,,,,,,,,,,,,,,,,,,,,,,,,,,,,,,,,,,,,,,
c428dcb7c6333a16,trend_quality,"{""family"": ""trend_quality"", ""lookback"": 252, ""market_filter"": false, ""min_turnover_thb"": 10000000, ""rebalance"": 21, ""reserve"": 0.01, ""skip"": 21, ""top_n"": 10, ""trend"": 200}",Rank trailing return multiplied by directional efficiency (net move / sum absolute daily moves).,rejected_screen,0.2311231180012896,0.0535445308880095,-0.4153296865560935,-0.0026520652548176,0.3539391368151758,562.0,0.3796644962305009,0.1140970883295111,-0.2344981574492819,0.0502462093145237,0.7152371496641918,440.0,,,,,,,,,,,,,,,,,,,,,,,,,discovery: did not beat benchmark; discovery: worse drawdown than benchmark; validation: worse drawdown than benchmark,,,,,,,,,,,,,,,,,,,,,,,,,,,,,,,,,,,,,,,,,,,,,,,,,,,,,,,,,,,,,,,,,,,,,,
6dd0837da03da324,trend_quality,"{""family"": ""trend_quality"", ""lookback"": 252, ""market_filter"": true, ""min_turnover_thb"": 10000000, ""rebalance"": 21, ""reserve"": 0.01, ""skip"": 21, ""top_n"": 10, ""trend"": 200}",Rank trailing return multiplied by directional efficiency (net move / sum absolute daily moves).,rejected_screen,0.690357534201621,0.1407497093234797,-0.196909839298176,0.0845531131806525,0.8804667288089736,397.0,0.3063776219252234,0.0938686344850889,-0.2528286170602386,0.0300177554701015,0.6327579165533801,375.0,,,,,,,,,,,,,,,,,,,,,,,,,validation: worse drawdown than benchmark,,,,,,,,,,,,,,,,,,,,,,,,,,,,,,,,,,,,,,,,,,,,,,,,,,,,,,,,,,,,,,,,,,,,,,
6b3ecf5f91382b61,trend_quality,"{""family"": ""trend_quality"", ""lookback"": 252, ""market_filter"": false, ""min_turnover_thb"": 10000000, ""rebalance"": 63, ""reserve"": 0.01, ""skip"": 21, ""top_n"": 10, ""trend"": 0}",Rank trailing return multiplied by directional efficiency (net move / sum absolute daily moves).,rejected_screen,0.3760759791270236,0.0833770472571207,-0.4247974848066848,0.0271804511142934,0.4566695688411527,233.0,0.2367341252177497,0.0739347151469844,-0.1600407818370582,0.010083836131997,0.5129141682471335,153.0,,,,,,,,,,,,,,,,,,,,,,,,,discovery: worse drawdown than benchmark; validation: worse drawdown than benchmark,,,,,,,,,,,,,,,,,,,,,,,,,,,,,,,,,,,,,,,,,,,,,,,,,,,,,,,,,,,,,,,,,,,,,,
57ec0a3d5fff9ce0,trend_quality,"{""family"": ""trend_quality"", ""lookback"": 252, ""market_filter"": false, ""min_turnover_thb"": 10000000, ""rebalance"": 63, ""reserve"": 0.01, ""skip"": 21, ""top_n"": 10, ""trend"": 200}",Rank trailing return multiplied by directional efficiency (net move / sum absolute daily moves).,rejected_screen,0.3721911674552967,0.0826089861106569,-0.4511858331484103,0.0264123899678296,0.4527054842478498,236.0,0.146430292571976,0.0469440313816191,-0.2199030631770372,-0.0169068476333682,0.3609937542000804,156.0,,,,,,,,,,,,,,,,,,,,,,,,,discovery: worse drawdown than benchmark; validation: did not beat benchmark; validation: worse drawdown than benchmark,,,,,,,,,,,,,,,,,,,,,,,,,,,,,,,,,,,,,,,,,,,,,,,,,,,,,,,,,,,,,,,,,,,,,,
ecd491a8a2de5091,trend_quality,"{""family"": ""trend_quality"", ""lookback"": 252, ""market_filter"": true, ""min_turnover_thb"": 10000000, ""rebalance"": 63, ""reserve"": 0.01, ""skip"": 21, ""top_n"": 10, ""trend"": 200}",Rank trailing return multiplied by directional efficiency (net move / sum absolute daily moves).,rejected_screen,0.447710694159154,0.0972570845437579,-0.1996052686627498,0.0410604884009306,0.6752062041348199,159.0,0.0834297074067413,0.027265911836668,-0.2379719088130293,-0.0365849671783193,0.2538488805637395,126.0,,,,,,,,,,,,,,,,,,,,,,,,,validation: did not beat benchmark; validation: worse drawdown than benchmark,,,,,,,,,,,,,,,,,,,,,,,,,,,,,,,,,,,,,,,,,,,,,,,,,,,,,,,,,,,,,,,,,,,,,,
001444e593fc4cc2,trend_quality,"{""family"": ""trend_quality"", ""lookback"": 252, ""market_filter"": false, ""min_turnover_thb"": 10000000, ""rebalance"": 21, ""reserve"": 0.01, ""skip"": 21, ""top_n"": 20, ""trend"": 0}",Rank trailing return multiplied by directional efficiency (net move / sum absolute daily moves).,rejected_screen,0.3539505963401625,0.0789807279234766,-0.4065210423210149,0.0227841317806494,0.4783256153180935,1068.0,0.2903196439178834,0.089336213239707,-0.1583621175360611,0.0254853342247196,0.6801982078183075,851.0,,,,,,,,,,,,,,,,,,,,,,,,,discovery: worse drawdown than benchmark; validation: worse drawdown than benchmark,,,,,,,,,,,,,,,,,,,,,,,,,,,,,,,,,,,,,,,,,,,,,,,,,,,,,,,,,,,,,,,,,,,,,,
cdbfc50a93067720,trend_quality,"{""family"": ""trend_quality"", ""lookback"": 252, ""market_filter"": false, ""min_turnover_thb"": 10000000, ""rebalance"": 21, ""reserve"": 0.01, ""skip"": 21, ""top_n"": 20, ""trend"": 200}",Rank trailing return multiplied by directional efficiency (net move / sum absolute daily moves).,rejected_screen,0.0321805550069065,0.0079772443596004,-0.4093153129066115,-0.0482193517832267,0.1379534624271623,1023.0,0.2966060424466235,0.0911150103715925,-0.1574417921918217,0.0272641313566051,0.7042799850289849,851.0,,,,,,,,,,,,,,,,,,,,,,,,,discovery: did not beat benchmark; discovery: worse drawdown than benchmark; validation: worse drawdown than benchmark,,,,,,,,,,,,,,,,,,,,,,,,,,,,,,,,,,,,,,,,,,,,,,,,,,,,,,,,,,,,,,,,,,,,,,
e8945d2a28ccbdb3,trend_quality,"{""family"": ""trend_quality"", ""lookback"": 252, ""market_filter"": true, ""min_turnover_thb"": 10000000, ""rebalance"": 21, ""reserve"": 0.01, ""skip"": 21, ""top_n"": 20, ""trend"": 200}",Rank trailing return multiplied by directional efficiency (net move / sum absolute daily moves).,rejected_screen,0.511888366918634,0.1092617864276144,-0.1610515475517325,0.0530651902847871,0.8935359564858472,740.0,0.2183275326173634,0.0685421464504096,-0.1574417921918217,0.0046912674354222,0.5819960408000666,743.0,,,,,,,,,,,,,,,,,,,,,,,,,validation: worse drawdown than benchmark,,,,,,,,,,,,,,,,,,,,,,,,,,,,,,,,,,,,,,,,,,,,,,,,,,,,,,,,,,,,,,,,,,,,,,
3910f6a90a8aea9f,trend_quality,"{""family"": ""trend_quality"", ""lookback"": 252, ""market_filter"": false, ""min_turnover_thb"": 10000000, ""rebalance"": 63, ""reserve"": 0.01, ""skip"": 21, ""top_n"": 20, ""trend"": 0}",Rank trailing return multiplied by directional efficiency (net move / sum absolute daily moves).,rejected_screen,0.2759871473018749,0.0630469499518957,-0.436014346880717,0.0068503538090685,0.403271775239289,417.0,0.1345793972306506,0.0432982932851462,-0.1454124915526443,-0.0205525857298412,0.384976963956521,291.0,,,,,,,,,,,,,,,,,,,,,,,,,discovery: worse drawdown than benchmark; validation: did not beat benchmark,,,,,,,,,,,,,,,,,,,,,,,,,,,,,,,,,,,,,,,,,,,,,,,,,,,,,,,,,,,,,,,,,,,,,,
fcc3680591e2ee75,trend_quality,"{""family"": ""trend_quality"", ""lookback"": 252, ""market_filter"": false, ""min_turnover_thb"": 10000000, ""rebalance"": 63, ""reserve"": 0.01, ""skip"": 21, ""top_n"": 20, ""trend"": 200}",Rank trailing return multiplied by directional efficiency (net move / sum absolute daily moves).,rejected_screen,0.2621010469101503,0.0601329248343038,-0.4291878073844178,0.0039363286914766,0.3903739984578846,414.0,0.1018937988856785,0.0331101674727518,-0.1634391062824181,-0.0307407115422355,0.3159062878660145,298.0,,,,,,,,,,,,,,,,,,,,,,,,,discovery: worse drawdown than benchmark; validation: did not beat benchmark; validation: worse drawdown than benchmark,,,,,,,,,,,,,,,,,,,,,,,,,,,,,,,,,,,,,,,,,,,,,,,,,,,,,,,,,,,,,,,,,,,,,,
8e52de22ad0ca04b,trend_quality,"{""family"": ""trend_quality"", ""lookback"": 252, ""market_filter"": true, ""min_turnover_thb"": 10000000, ""rebalance"": 63, ""reserve"": 0.01, ""skip"": 21, ""top_n"": 20, ""trend"": 200}",Rank trailing return multiplied by directional efficiency (net move / sum absolute daily moves).,rejected_screen,0.3311904062947635,0.0744017499013511,-0.1869334471201661,0.0182051537585239,0.6399456856989452,292.0,0.0399546030275825,0.0132389104553922,-0.1634391062824181,-0.0506119685595951,0.1719080052051275,248.0,,,,,,,,,,,,,,,,,,,,,,,,,validation: did not beat benchmark; validation: worse drawdown than benchmark,,,,,,,,,,,,,,,,,,,,,,,,,,,,,,,,,,,,,,,,,,,,,,,,,,,,,,,,,,,,,,,,,,,,,,
1f71dc34b3f2cf05,volume_flow,"{""family"": ""volume_flow"", ""lookback"": 126, ""market_filter"": false, ""min_turnover_thb"": 10000000, ""rebalance"": 21, ""reserve"": 0.01, ""skip"": 21, ""top_n"": 10, ""trend"": 0}","Rank mean signed-volume pressure, require positive trailing return.",rejected_screen,0.3394687988268456,0.076073965377102,-0.4914047220542553,0.0198773692342748,0.4392546566132854,613.0,0.1064743739540026,0.0345499256475902,-0.2227761126853608,-0.0293009533673971,0.294812928458402,484.0,,,,,,,,,,,,,,,,,,,,,,,,,discovery: worse drawdown than benchmark; validation: did not beat benchmark; validation: worse drawdown than benchmark,,,,,,,,,,,,,,,,,,,,,,,,,,,,,,,,,,,,,,,,,,,,,,,,,,,,,,,,,,,,,,,,,,,,,,
7068b501ee56332d,volume_flow,"{""family"": ""volume_flow"", ""lookback"": 126, ""market_filter"": false, ""min_turnover_thb"": 10000000, ""rebalance"": 21, ""reserve"": 0.01, ""skip"": 21, ""top_n"": 10, ""trend"": 200}","Rank mean signed-volume pressure, require positive trailing return.",rejected_screen,0.2326059256252894,0.0538627082182459,-0.4666218843445585,-0.0023338879245813,0.363436860489381,591.0,0.0616132802005191,0.0202746629565901,-0.2521789751300652,-0.0435762160583972,0.208397908249781,488.0,,,,,,,,,,,,,,,,,,,,,,,,,discovery: did not beat benchmark; discovery: worse drawdown than benchmark; validation: did not beat benchmark; validation: worse drawdown than benchmark,,,,,,,,,,,,,,,,,,,,,,,,,,,,,,,,,,,,,,,,,,,,,,,,,,,,,,,,,,,,,,,,,,,,,,
c6c9d21c150a641c,volume_flow,"{""family"": ""volume_flow"", ""lookback"": 126, ""market_filter"": true, ""min_turnover_thb"": 10000000, ""rebalance"": 21, ""reserve"": 0.01, ""skip"": 21, ""top_n"": 10, ""trend"": 200}","Rank mean signed-volume pressure, require positive trailing return.",rejected_screen,1.154832583025008,0.2123824037219501,-0.0983318825631658,0.1561858075791229,1.3265138072504756,421.0,0.079134486176891,0.0258969171623335,-0.2255184696548984,-0.0379539618526538,0.2503088346730359,416.0,,,,,,,,,,,,,,,,,,,,,,,,,validation: did not beat benchmark; validation: worse drawdown than benchmark,,,,,,,,,,,,,,,,,,,,,,,,,,,,,,,,,,,,,,,,,,,,,,,,,,,,,,,,,,,,,,,,,,,,,,
3b59013ee632882b,volume_flow,"{""family"": ""volume_flow"", ""lookback"": 126, ""market_filter"": false, ""min_turnover_thb"": 10000000, ""rebalance"": 63, ""reserve"": 0.01, ""skip"": 21, ""top_n"": 10, ""trend"": 0}","Rank mean signed-volume pressure, require positive trailing return.",rejected_screen,0.2479751695049858,0.0571438327108417,-0.5497020346489887,0.0009472365680145,0.3632448022148577,252.0,0.4041363082824971,0.1206924079933342,-0.1543234923586227,0.0568415289783468,0.8155466466093844,172.0,,,,,,,,,,,,,,,,,,,,,,,,,discovery: worse drawdown than benchmark; validation: worse drawdown than benchmark,,,,,,,,,,,,,,,,,,,,,,,,,,,,,,,,,,,,,,,,,,,,,,,,,,,,,,,,,,,,,,,,,,,,,,
3164fbfa51e845b3,volume_flow,"{""family"": ""volume_flow"", ""lookback"": 126, ""market_filter"": false, ""min_turnover_thb"": 10000000, ""rebalance"": 63, ""reserve"": 0.01, ""skip"": 21, ""top_n"": 10, ""trend"": 200}","Rank mean signed-volume pressure, require positive trailing return.",rejected_screen,0.2892251674882706,0.0658029373290778,-0.5229685255343393,0.0096063411862505,0.3980488019319857,249.0,0.4321767252944841,0.1281562841975423,-0.14210718771967,0.0643054051825549,0.8589156558185161,170.0,,,,,,,,,,,,,,,,,,,,,,,,,discovery: worse drawdown than benchmark,,,,,,,,,,,,,,,,,,,,,,,,,,,,,,,,,,,,,,,,,,,,,,,,,,,,,,,,,,,,,,,,,,,,,,
949b7d49a19d6e2d,volume_flow,"{""family"": ""volume_flow"", ""lookback"": 126, ""market_filter"": true, ""min_turnover_thb"": 10000000, ""rebalance"": 63, ""reserve"": 0.01, ""skip"": 21, ""top_n"": 10, ""trend"": 200}","Rank mean signed-volume pressure, require positive trailing return.",rejected_confirmation,0.5449037725299537,0.1152892943102166,-0.127071950690795,0.0590926981673893,0.832527853998524,165.0,0.3942715224167306,0.1180430395668632,-0.1026418471006457,0.0541921605518758,0.8915968983824106,138.0,0.2236102878704202,0.076573519338905,-0.1558175444058427,-0.0004584646423517,0.6982608056586456,85.0,0.2054313186752085,0.0706979087307952,-0.1586947682651853,-0.0054553215702111,0.6494910652262728,85.0,2.332199177032422,0.1316753524967324,-0.1879519007012561,0.0580235545397611,0.9557118440464504,395.0,2.110991956636915,0.1237144626395099,-0.199975328052595,0.0503319828829802,0.903492765537386,395.0,confirmation_base: did not beat benchmark; confirmation_stress: did not beat benchmark,,,,,,,,,,,,,,,,,,,,,,,,,,,,,,,,,,,,,,,,,,,,,,,,,,,,,,,,,,,,,,,,,,,,,,
d039a09ebb08eac5,volume_flow,"{""family"": ""volume_flow"", ""lookback"": 126, ""market_filter"": false, ""min_turnover_thb"": 10000000, ""rebalance"": 21, ""reserve"": 0.01, ""skip"": 21, ""top_n"": 20, ""trend"": 0}","Rank mean signed-volume pressure, require positive trailing return.",rejected_screen,0.216961475015166,0.0504912010543376,-0.4532171000811258,-0.0057053950884895,0.3471114668699183,1158.0,0.3621692972024486,0.1093342258770722,-0.1398197931329386,0.0454833468620847,0.8544681207814925,909.0,,,,,,,,,,,,,,,,,,,,,,,,,discovery: did not beat benchmark; discovery: worse drawdown than benchmark,,,,,,,,,,,,,,,,,,,,,,,,,,,,,,,,,,,,,,,,,,,,,,,,,,,,,,,,,,,,,,,,,,,,,,
4b92b09eed632e37,volume_flow,"{""family"": ""volume_flow"", ""lookback"": 126, ""market_filter"": false, ""min_turnover_thb"": 10000000, ""rebalance"": 21, ""reserve"": 0.01, ""skip"": 21, ""top_n"": 20, ""trend"": 200}","Rank mean signed-volume pressure, require positive trailing return.",rejected_screen,0.023461290406342,0.0058344398382421,-0.4223645549896396,-0.050362156304585,0.1264425885053918,1091.0,0.2739416931886009,0.0846747145334312,-0.1542782994982808,0.0208238355184438,0.6919839208423011,897.0,,,,,,,,,,,,,,,,,,,,,,,,,discovery: did not beat benchmark; discovery: worse drawdown than benchmark; validation: worse drawdown than benchmark,,,,,,,,,,,,,,,,,,,,,,,,,,,,,,,,,,,,,,,,,,,,,,,,,,,,,,,,,,,,,,,,,,,,,,
389ffc43fd998f0f,volume_flow,"{""family"": ""volume_flow"", ""lookback"": 126, ""market_filter"": true, ""min_turnover_thb"": 10000000, ""rebalance"": 21, ""reserve"": 0.01, ""skip"": 21, ""top_n"": 20, ""trend"": 200}","Rank mean signed-volume pressure, require positive trailing return.",not_shortlisted,0.5992606698208212,0.1250061129103221,-0.1262950978721312,0.0688095167674949,1.000321099325246,784.0,0.2761639144836454,0.0853095294836232,-0.1219449706604748,0.0214586504686358,0.7429237105903852,780.0,,,,,,,,,,,,,,,,,,,,,,,,,not_shortlisted,,,,,,,,,,,,,,,,,,,,,,,,,,,,,,,,,,,,,,,,,,,,,,,,,,,,,,,,,,,,,,,,,,,,,,
d41bd03324a161be,volume_flow,"{""family"": ""volume_flow"", ""lookback"": 126, ""market_filter"": false, ""min_turnover_thb"": 10000000, ""rebalance"": 63, ""reserve"": 0.01, ""skip"": 21, ""top_n"": 20, ""trend"": 0}","Rank mean signed-volume pressure, require positive trailing return.",rejected_screen,0.1585998832497954,0.0376198182205314,-0.4665150363424722,-0.0185767779222958,0.2878984653702143,466.0,0.2729524765933773,0.0843918915292372,-0.1273473550367753,0.0205410125142497,0.7117483350425541,318.0,,,,,,,,,,,,,,,,,,,,,,,,,discovery: did not beat benchmark; discovery: worse drawdown than benchmark,,,,,,,,,,,,,,,,,,,,,,,,,,,,,,,,,,,,,,,,,,,,,,,,,,,,,,,,,,,,,,,,,,,,,,
68dc55601001b813,volume_flow,"{""family"": ""volume_flow"", ""lookback"": 126, ""market_filter"": false, ""min_turnover_thb"": 10000000, ""rebalance"": 63, ""reserve"": 0.01, ""skip"": 21, ""top_n"": 20, ""trend"": 200}","Rank mean signed-volume pressure, require positive trailing return.",rejected_screen,0.2183447392243735,0.0507906099902115,-0.4727403097404911,-0.0054059861526156,0.3477783197829823,455.0,0.2680589343277104,0.0829906464385701,-0.13159369608961,0.0191397674235827,0.7080165659081555,317.0,,,,,,,,,,,,,,,,,,,,,,,,,discovery: did not beat benchmark; discovery: worse drawdown than benchmark,,,,,,,,,,,,,,,,,,,,,,,,,,,,,,,,,,,,,,,,,,,,,,,,,,,,,,,,,,,,,,,,,,,,,,
13915b5b4266653c,volume_flow,"{""family"": ""volume_flow"", ""lookback"": 126, ""market_filter"": true, ""min_turnover_thb"": 10000000, ""rebalance"": 63, ""reserve"": 0.01, ""skip"": 21, ""top_n"": 20, ""trend"": 200}","Rank mean signed-volume pressure, require positive trailing return.",not_shortlisted,0.4255204306962274,0.0930135609608597,-0.1305913203290837,0.0368169648180325,0.803535528499622,312.0,0.2044010927853508,0.0644260523911279,-0.1007850410452195,0.0005751733761405,0.6283844796672722,262.0,,,,,,,,,,,,,,,,,,,,,,,,,not_shortlisted,,,,,,,,,,,,,,,,,,,,,,,,,,,,,,,,,,,,,,,,,,,,,,,,,,,,,,,,,,,,,,,,,,,,,,
586b1557b6c6352d,volume_flow,"{""family"": ""volume_flow"", ""lookback"": 252, ""market_filter"": false, ""min_turnover_thb"": 10000000, ""rebalance"": 21, ""reserve"": 0.01, ""skip"": 21, ""top_n"": 10, ""trend"": 0}","Rank mean signed-volume pressure, require positive trailing return.",rejected_screen,0.7621991279563398,0.1527230773387176,-0.452435742594376,0.0965264811958903,0.7227443660008188,592.0,0.3254954959812841,0.0992167193444248,-0.1803977558070649,0.0353658403294374,0.6506181550911141,435.0,,,,,,,,,,,,,,,,,,,,,,,,,discovery: worse drawdown than benchmark; validation: worse drawdown than benchmark,,,,,,,,,,,,,,,,,,,,,,,,,,,,,,,,,,,,,,,,,,,,,,,,,,,,,,,,,,,,,,,,,,,,,,
bd1f933cee4b4b0e,volume_flow,"{""family"": ""volume_flow"", ""lookback"": 252, ""market_filter"": false, ""min_turnover_thb"": 10000000, ""rebalance"": 21, ""reserve"": 0.01, ""skip"": 21, ""top_n"": 10, ""trend"": 200}","Rank mean signed-volume pressure, require positive trailing return.",rejected_screen,0.1934037158965136,0.0453525179821538,-0.4237619594261609,-0.0108440781606733,0.3228101396768673,591.0,0.364181150101345,0.1098839894383367,-0.1601813085303065,0.0460331104233493,0.7159826878799823,447.0,,,,,,,,,,,,,,,,,,,,,,,,,discovery: did not beat benchmark; discovery: worse drawdown than benchmark; validation: worse drawdown than benchmark,,,,,,,,,,,,,,,,,,,,,,,,,,,,,,,,,,,,,,,,,,,,,,,,,,,,,,,,,,,,,,,,,,,,,,
cb2d816760728b55,volume_flow,"{""family"": ""volume_flow"", ""lookback"": 252, ""market_filter"": true, ""min_turnover_thb"": 10000000, ""rebalance"": 21, ""reserve"": 0.01, ""skip"": 21, ""top_n"": 10, ""trend"": 200}","Rank mean signed-volume pressure, require positive trailing return.",rejected_screen,0.7354086829605124,0.1483016050929848,-0.179905896241827,0.0921050089501576,0.9523887778529726,412.0,0.2782193095811667,0.0858960343482879,-0.2005552891957979,0.0220451553333005,0.6127612168792409,383.0,,,,,,,,,,,,,,,,,,,,,,,,,validation: worse drawdown than benchmark,,,,,,,,,,,,,,,,,,,,,,,,,,,,,,,,,,,,,,,,,,,,,,,,,,,,,,,,,,,,,,,,,,,,,,
4af110b252452e1c,volume_flow,"{""family"": ""volume_flow"", ""lookback"": 252, ""market_filter"": false, ""min_turnover_thb"": 10000000, ""rebalance"": 63, ""reserve"": 0.01, ""skip"": 21, ""top_n"": 10, ""trend"": 0}","Rank mean signed-volume pressure, require positive trailing return.",rejected_screen,0.3159114912520231,0.071294876592014,-0.5219012293031471,0.0150982804491868,0.4178739900096866,239.0,0.2700161103360257,0.0835515057999491,-0.1461208666230637,0.0197006267849617,0.582038796438851,148.0,,,,,,,,,,,,,,,,,,,,,,,,,discovery: worse drawdown than benchmark,,,,,,,,,,,,,,,,,,,,,,,,,,,,,,,,,,,,,,,,,,,,,,,,,,,,,,,,,,,,,,,,,,,,,,
3aea21b72a28d23b,volume_flow,"{""family"": ""volume_flow"", ""lookback"": 252, ""market_filter"": false, ""min_turnover_thb"": 10000000, ""rebalance"": 63, ""reserve"": 0.01, ""skip"": 21, ""top_n"": 10, ""trend"": 200}","Rank mean signed-volume pressure, require positive trailing return.",rejected_screen,0.1916554050297758,0.0449681374862693,-0.5692016447320933,-0.0112284586565578,0.3109519298596706,244.0,0.38901315285977,0.1166257179156142,-0.1319488662600616,0.0527748389006268,0.7861469728020865,152.0,,,,,,,,,,,,,,,,,,,,,,,,,discovery: did not beat benchmark; discovery: worse drawdown than benchmark,,,,,,,,,,,,,,,,,,,,,,,,,,,,,,,,,,,,,,,,,,,,,,,,,,,,,,,,,,,,,,,,,,,,,,
1b121433c2a53914,volume_flow,"{""family"": ""volume_flow"", ""lookback"": 252, ""market_filter"": true, ""min_turnover_thb"": 10000000, ""rebalance"": 63, ""reserve"": 0.01, ""skip"": 21, ""top_n"": 10, ""trend"": 200}","Rank mean signed-volume pressure, require positive trailing return.",not_shortlisted,0.2735005044865701,0.0625268753247414,-0.243697142478343,0.0063302791819142,0.4957305063958251,159.0,0.2959172840352604,0.0909203993756284,-0.1319488662600616,0.027069520360641,0.6915061095792738,126.0,,,,,,,,,,,,,,,,,,,,,,,,,not_shortlisted,,,,,,,,,,,,,,,,,,,,,,,,,,,,,,,,,,,,,,,,,,,,,,,,,,,,,,,,,,,,,,,,,,,,,,
2283dfa75ee0f2a2,volume_flow,"{""family"": ""volume_flow"", ""lookback"": 252, ""market_filter"": false, ""min_turnover_thb"": 10000000, ""rebalance"": 21, ""reserve"": 0.01, ""skip"": 21, ""top_n"": 20, ""trend"": 0}","Rank mean signed-volume pressure, require positive trailing return.",rejected_screen,0.2386352667601419,0.0551535241041645,-0.4362083338419598,-0.0010430720386627,0.3698393973484048,1095.0,0.3637331356327715,0.1097616106100956,-0.1420258346233482,0.0459107315951081,0.8370954277704984,850.0,,,,,,,,,,,,,,,,,,,,,,,,,discovery: did not beat benchmark; discovery: worse drawdown than benchmark,,,,,,,,,,,,,,,,,,,,,,,,,,,,,,,,,,,,,,,,,,,,,,,,,,,,,,,,,,,,,,,,,,,,,,
b10374e6825b9620,volume_flow,"{""family"": ""volume_flow"", ""lookback"": 252, ""market_filter"": false, ""min_turnover_thb"": 10000000, ""rebalance"": 21, ""reserve"": 0.01, ""skip"": 21, ""top_n"": 20, ""trend"": 200}","Rank mean signed-volume pressure, require positive trailing return.",rejected_screen,-0.0610639780965175,-0.0156818169573798,-0.4315267182222805,-0.071878413100207,0.0044066106371142,1061.0,0.41321620095938,0.1231200729450643,-0.1081367961265596,0.0592691939300769,0.9448236493927944,859.0,,,,,,,,,,,,,,,,,,,,,,,,,discovery: did not beat benchmark; discovery: worse drawdown than benchmark,,,,,,,,,,,,,,,,,,,,,,,,,,,,,,,,,,,,,,,,,,,,,,,,,,,,,,,,,,,,,,,,,,,,,,
8052992d1be308f6,volume_flow,"{""family"": ""volume_flow"", ""lookback"": 252, ""market_filter"": true, ""min_turnover_thb"": 10000000, ""rebalance"": 21, ""reserve"": 0.01, ""skip"": 21, ""top_n"": 20, ""trend"": 200}","Rank mean signed-volume pressure, require positive trailing return.",retained,0.4335719341405089,0.0945589619379596,-0.1698961246506402,0.0383623657951324,0.7856312954214115,763.0,0.3371811855632658,0.1024605140863388,-0.125461101744433,0.0386096350713514,0.8567577360286325,743.0,0.5126469664269768,0.1633619794149858,-0.0780353931732376,0.0863299954337291,1.4588442788291738,448.0,0.4764181796912117,0.1530963386851649,-0.0779895250546903,0.0769431083841585,1.376507398747126,448.0,2.0390637819229744,0.121016247152411,-0.1698961246506402,0.0473644491954396,1.0116867277101322,1960.0,1.7370884066079006,0.1090237313011475,-0.1759785509189945,0.0356412515446178,0.9215928498178648,1960.0,retained,,,,,,,,,,,,,,,,,,,,,,,,,,,,,,,,,,,,,,,,,,,,,,,,,,,,,,,,,,,,,,,,,,,,,,
711ef8b83168f345,volume_flow,"{""family"": ""volume_flow"", ""lookback"": 252, ""market_filter"": false, ""min_turnover_thb"": 10000000, ""rebalance"": 63, ""reserve"": 0.01, ""skip"": 21, ""top_n"": 20, ""trend"": 0}","Rank mean signed-volume pressure, require positive trailing return.",rejected_screen,0.2011337137290181,0.0470469830232742,-0.4826454125213776,-0.0091496131195529,0.3325410089089027,430.0,0.2214499211369949,0.0694607043732173,-0.1301976350429502,0.0056098253582299,0.5916444509509203,295.0,,,,,,,,,,,,,,,,,,,,,,,,,discovery: did not beat benchmark; discovery: worse drawdown than benchmark,,,,,,,,,,,,,,,,,,,,,,,,,,,,,,,,,,,,,,,,,,,,,,,,,,,,,,,,,,,,,,,,,,,,,,
5475591a554949e3,volume_flow,"{""family"": ""volume_flow"", ""lookback"": 252, ""market_filter"": false, ""min_turnover_thb"": 10000000, ""rebalance"": 63, ""reserve"": 0.01, ""skip"": 21, ""top_n"": 20, ""trend"": 200}","Rank mean signed-volume pressure, require positive trailing return.",rejected_screen,0.1824671977776673,0.0429410610319282,-0.4754670455469661,-0.0132555351108989,0.3124595333809932,427.0,0.2243733186092982,0.0703193094249043,-0.1111906844988329,0.0064684304099169,0.6018950386987145,306.0,,,,,,,,,,,,,,,,,,,,,,,,,discovery: did not beat benchmark; discovery: worse drawdown than benchmark,,,,,,,,,,,,,,,,,,,,,,,,,,,,,,,,,,,,,,,,,,,,,,,,,,,,,,,,,,,,,,,,,,,,,,
0a571e84c9c1574a,volume_flow,"{""family"": ""volume_flow"", ""lookback"": 252, ""market_filter"": true, ""min_turnover_thb"": 10000000, ""rebalance"": 63, ""reserve"": 0.01, ""skip"": 21, ""top_n"": 20, ""trend"": 200}","Rank mean signed-volume pressure, require positive trailing return.",rejected_screen,0.2997495575159954,0.0679788939239356,-0.1963656737578355,0.0117822977811083,0.6106802328339427,297.0,0.1517076002326778,0.0485594561026019,-0.115601792776987,-0.0152914229123855,0.473686426658934,250.0,,,,,,,,,,,,,,,,,,,,,,,,,validation: did not beat benchmark,,,,,,,,,,,,,,,,,,,,,,,,,,,,,,,,,,,,,,,,,,,,,,,,,,,,,,,,,,,,,,,,,,,,,,
338fefbe40829fa7,low_volatility,"{""family"": ""low_volatility"", ""lookback"": 126, ""market_filter"": false, ""min_turnover_thb"": 10000000, ""rebalance"": 21, ""reserve"": 0.01, ""skip"": 21, ""top_n"": 10, ""trend"": 0}",Rank inverse 63-session volatility among positive-momentum stocks.,rejected_screen,0.0775785563162783,0.0189200143583929,-0.4612746565621656,-0.0372765817844342,0.1991302600978989,638.0,0.2132238127800185,0.0670373387081082,-0.1106100307675538,0.0031864596931208,0.6814567230824686,500.0,,,,,,,,,,,,,,,,,,,,,,,,,discovery: did not beat benchmark; discovery: worse drawdown than benchmark,,,,,,,,,,,,,,,,,,,,,,,,,,,,,,,,,,,,,,,,,,,,,,,,,,,,,,,,,,,,,,,,,,,,,,
c90cce6ca6f5b8ec,low_volatility,"{""family"": ""low_volatility"", ""lookback"": 126, ""market_filter"": false, ""min_turnover_thb"": 10000000, ""rebalance"": 21, ""reserve"": 0.01, ""skip"": 21, ""top_n"": 10, ""trend"": 200}",Rank inverse 63-session volatility among positive-momentum stocks.,rejected_screen,0.0274304290861542,0.0068115652205553,-0.4264036261958637,-0.0493850309222718,0.1267549145433107,592.0,0.1247197839605693,0.0402458148105751,-0.1092989978323878,-0.0236050642044123,0.435016066846408,486.0,,,,,,,,,,,,,,,,,,,,,,,,,discovery: did not beat benchmark; discovery: worse drawdown than benchmark; validation: did not beat benchmark,,,,,,,,,,,,,,,,,,,,,,,,,,,,,,,,,,,,,,,,,,,,,,,,,,,,,,,,,,,,,,,,,,,,,,
c855dc25e54fbfe9,low_volatility,"{""family"": ""low_volatility"", ""lookback"": 126, ""market_filter"": true, ""min_turnover_thb"": 10000000, ""rebalance"": 21, ""reserve"": 0.01, ""skip"": 21, ""top_n"": 10, ""trend"": 200}",Rank inverse 63-session volatility among positive-momentum stocks.,rejected_screen,0.4501679111963419,0.0977239836636252,-0.1279871071145539,0.0415273875207979,0.9803949970965564,424.0,0.0830018930662235,0.0271297185271985,-0.1272439254787801,-0.0367211604877888,0.331478798274605,415.0,,,,,,,,,,,,,,,,,,,,,,,,,validation: did not beat benchmark,,,,,,,,,,,,,,,,,,,,,,,,,,,,,,,,,,,,,,,,,,,,,,,,,,,,,,,,,,,,,,,,,,,,,,
62eab175ff21ee6f,low_volatility,"{""family"": ""low_volatility"", ""lookback"": 126, ""market_filter"": false, ""min_turnover_thb"": 10000000, ""rebalance"": 63, ""reserve"": 0.01, ""skip"": 21, ""top_n"": 10, ""trend"": 0}",Rank inverse 63-session volatility among positive-momentum stocks.,rejected_screen,0.1041227161207902,0.0251590911208263,-0.4577504084814739,-0.0310375050220008,0.2321858482828571,238.0,0.1743880526498915,0.0554466877263726,-0.0868683769364483,-0.0084041912886148,0.6123160704568441,163.0,,,,,,,,,,,,,,,,,,,,,,,,,discovery: did not beat benchmark; discovery: worse drawdown than benchmark; validation: did not beat benchmark,,,,,,,,,,,,,,,,,,,,,,,,,,,,,,,,,,,,,,,,,,,,,,,,,,,,,,,,,,,,,,,,,,,,,,
9f230808d819ed55,low_volatility,"{""family"": ""low_volatility"", ""lookback"": 126, ""market_filter"": false, ""min_turnover_thb"": 10000000, ""rebalance"": 63, ""reserve"": 0.01, ""skip"": 21, ""top_n"": 10, ""trend"": 200}",Rank inverse 63-session volatility among positive-momentum stocks.,rejected_screen,0.1613878473548373,0.0382456098236456,-0.4748083774425301,-0.0179509863191815,0.297252377241411,233.0,0.1849293696813911,0.0586176464811196,-0.0885601969187133,-0.0052332325338677,0.6256357645795793,166.0,,,,,,,,,,,,,,,,,,,,,,,,,discovery: did not beat benchmark; discovery: worse drawdown than benchmark; validation: did not beat benchmark,,,,,,,,,,,,,,,,,,,,,,,,,,,,,,,,,,,,,,,,,,,,,,,,,,,,,,,,,,,,,,,,,,,,,,
49521fab05f7b308,low_volatility,"{""family"": ""low_volatility"", ""lookback"": 126, ""market_filter"": true, ""min_turnover_thb"": 10000000, ""rebalance"": 63, ""reserve"": 0.01, ""skip"": 21, ""top_n"": 10, ""trend"": 200}",Rank inverse 63-session volatility among positive-momentum stocks.,rejected_screen,0.2973941299595566,0.0674930501908428,-0.1953760749414389,0.0112964540480156,0.7617826639071985,155.0,0.1320438399729364,0.0425149880955408,-0.1072123636110221,-0.0213358909194465,0.5126849802341324,140.0,,,,,,,,,,,,,,,,,,,,,,,,,validation: did not beat benchmark,,,,,,,,,,,,,,,,,,,,,,,,,,,,,,,,,,,,,,,,,,,,,,,,,,,,,,,,,,,,,,,,,,,,,,
6f724dbc5d4bf768,low_volatility,"{""family"": ""low_volatility"", ""lookback"": 126, ""market_filter"": false, ""min_turnover_thb"": 10000000, ""rebalance"": 21, ""reserve"": 0.01, ""skip"": 21, ""top_n"": 20, ""trend"": 0}",Rank inverse 63-session volatility among positive-momentum stocks.,rejected_screen,0.0485743761053285,0.0119696667715982,-0.4589426573426387,-0.0442269293712289,0.1606890403096992,1216.0,0.1171857767676145,0.0379013280174374,-0.1139598372778131,-0.02594955099755,0.4020478756294666,972.0,,,,,,,,,,,,,,,,,,,,,,,,,discovery: did not beat benchmark; discovery: worse drawdown than benchmark; validation: did not beat benchmark,,,,,,,,,,,,,,,,,,,,,,,,,,,,,,,,,,,,,,,,,,,,,,,,,,,,,,,,,,,,,,,,,,,,,,
31133fb80a8b2afa,low_volatility,"{""family"": ""low_volatility"", ""lookback"": 126, ""market_filter"": false, ""min_turnover_thb"": 10000000, ""rebalance"": 21, ""reserve"": 0.01, ""skip"": 21, ""top_n"": 20, ""trend"": 200}",Rank inverse 63-session volatility among positive-momentum stocks.,rejected_screen,-0.1492347524264053,-0.0397326209213692,-0.4324314984399807,-0.0959292170641964,-0.1752478302016685,1106.0,0.1273543670474497,0.0410632009785041,-0.118028074041219,-0.0227876780364832,0.4226137930905398,921.0,,,,,,,,,,,,,,,,,,,,,,,,,discovery: did not beat benchmark; discovery: worse drawdown than benchmark; validation: did not beat benchmark,,,,,,,,,,,,,,,,,,,,,,,,,,,,,,,,,,,,,,,,,,,,,,,,,,,,,,,,,,,,,,,,,,,,,,
16d4108e044f323b,low_volatility,"{""family"": ""low_volatility"", ""lookback"": 126, ""market_filter"": true, ""min_turnover_thb"": 10000000, ""rebalance"": 21, ""reserve"": 0.01, ""skip"": 21, ""top_n"": 20, ""trend"": 200}",Rank inverse 63-session volatility among positive-momentum stocks.,rejected_screen,0.2966505574788076,0.0673395395305334,-0.1118033588472582,0.0111429433877061,0.7351493214348993,785.0,0.0935815300847715,0.030487282947238,-0.118028074041219,-0.0333635960677494,0.3491362909903611,804.0,,,,,,,,,,,,,,,,,,,,,,,,,validation: did not beat benchmark,,,,,,,,,,,,,,,,,,,,,,,,,,,,,,,,,,,,,,,,,,,,,,,,,,,,,,,,,,,,,,,,,,,,,,
cdfd9e545902c55f,low_volatility,"{""family"": ""low_volatility"", ""lookback"": 126, ""market_filter"": false, ""min_turnover_thb"": 10000000, ""rebalance"": 63, ""reserve"": 0.01, ""skip"": 21, ""top_n"": 20, ""trend"": 0}",Rank inverse 63-session volatility among positive-momentum stocks.,rejected_screen,0.1122818155459586,0.027054253345274,-0.438261998464092,-0.0291423427975532,0.2435961487295721,463.0,0.0989099538856757,0.0321701508941234,-0.1201571827486737,-0.0316807281208639,0.3706625762473139,321.0,,,,,,,,,,,,,,,,,,,,,,,,,discovery: did not beat benchmark; discovery: worse drawdown than benchmark; validation: did not beat benchmark,,,,,,,,,,,,,,,,,,,,,,,,,,,,,,,,,,,,,,,,,,,,,,,,,,,,,,,,,,,,,,,,,,,,,,
12721bf2635b9fab,low_volatility,"{""family"": ""low_volatility"", ""lookback"": 126, ""market_filter"": false, ""min_turnover_thb"": 10000000, ""rebalance"": 63, ""reserve"": 0.01, ""skip"": 21, ""top_n"": 20, ""trend"": 200}",Rank inverse 63-session volatility among positive-momentum stocks.,rejected_screen,0.1473759392690863,0.0350889991446772,-0.4651655873035004,-0.02110759699815,0.2814255717472438,449.0,0.0686486859476429,0.0225395562098977,-0.1207676989154301,-0.0413113228050896,0.2705780280959686,316.0,,,,,,,,,,,,,,,,,,,,,,,,,discovery: did not beat benchmark; discovery: worse drawdown than benchmark; validation: did not beat benchmark,,,,,,,,,,,,,,,,,,,,,,,,,,,,,,,,,,,,,,,,,,,,,,,,,,,,,,,,,,,,,,,,,,,,,,
d50e3b6eccca54fb,low_volatility,"{""family"": ""low_volatility"", ""lookback"": 126, ""market_filter"": true, ""min_turnover_thb"": 10000000, ""rebalance"": 63, ""reserve"": 0.01, ""skip"": 21, ""top_n"": 20, ""trend"": 200}",Rank inverse 63-session volatility among positive-momentum stocks.,rejected_screen,0.2449096892604954,0.0564918208700062,-0.1784307767826966,0.000295224727179,0.6436625398911242,304.0,-0.0023178369462608,-0.0007787155700533,-0.1351210791472868,-0.0646295945850408,0.0380729420729761,264.0,,,,,,,,,,,,,,,,,,,,,,,,,validation: did not beat benchmark,,,,,,,,,,,,,,,,,,,,,,,,,,,,,,,,,,,,,,,,,,,,,,,,,,,,,,,,,,,,,,,,,,,,,,
c40845958c659e38,low_volatility,"{""family"": ""low_volatility"", ""lookback"": 252, ""market_filter"": false, ""min_turnover_thb"": 10000000, ""rebalance"": 21, ""reserve"": 0.01, ""skip"": 21, ""top_n"": 10, ""trend"": 0}",Rank inverse 63-session volatility among positive-momentum stocks.,rejected_screen,-0.0132846692908019,-0.0033492851020556,-0.4744934121276772,-0.0595458812448829,0.0739368234278005,600.0,0.28166104528625,0.0868767288033529,-0.1317605001601768,0.0230258497883655,0.8421879209673188,468.0,,,,,,,,,,,,,,,,,,,,,,,,,discovery: did not beat benchmark; discovery: worse drawdown than benchmark,,,,,,,,,,,,,,,,,,,,,,,,,,,,,,,,,,,,,,,,,,,,,,,,,,,,,,,,,,,,,,,,,,,,,,
34f03e8914d87d1b,low_volatility,"{""family"": ""low_volatility"", ""lookback"": 252, ""market_filter"": false, ""min_turnover_thb"": 10000000, ""rebalance"": 21, ""reserve"": 0.01, ""skip"": 21, ""top_n"": 10, ""trend"": 200}",Rank inverse 63-session volatility among positive-momentum stocks.,rejected_screen,-0.0509411657377869,-0.0130303686371974,-0.4371678092150138,-0.0692269647800246,0.0087430872138964,581.0,0.2474109971455895,0.077038315102319,-0.1019714692160876,0.0131874360873316,0.7423792353954848,463.0,,,,,,,,,,,,,,,,,,,,,,,,,discovery: did not beat benchmark; discovery: worse drawdown than benchmark,,,,,,,,,,,,,,,,,,,,,,,,,,,,,,,,,,,,,,,,,,,,,,,,,,,,,,,,,,,,,,,,,,,,,,
69cde90fb6c80e30,low_volatility,"{""family"": ""low_volatility"", ""lookback"": 252, ""market_filter"": true, ""min_turnover_thb"": 10000000, ""rebalance"": 21, ""reserve"": 0.01, ""skip"": 21, ""top_n"": 10, ""trend"": 200}",Rank inverse 63-session volatility among positive-momentum stocks.,qualified_not_in_top_five_discovery_validation_ranking,0.3640901687608369,0.0810020927762533,-0.1957164653399752,0.0248054966334261,0.7706394159092664,414.0,0.2042283403720897,0.0643747957080911,-0.1019714692160876,0.0005239166931036,0.6781437768383991,398.0,0.5902702404107416,0.1848433046712438,-0.0634873728056817,0.1078113206899871,2.101249895105249,218.0,0.5535200931503963,0.1747580696099209,-0.0646207396431263,0.0986048393089145,1.9932144677120496,218.0,1.6729565272300273,0.1063246990942572,-0.1957164653399752,0.0326729011372859,1.069467133412749,1037.0,1.3620152618440038,0.0923525637150279,-0.1997188143369921,0.0189700839584983,0.9376980325441104,1037.0,qualified_not_in_top_five_discovery_validation_ranking,,,,,,,,,,,,,,,,,,,,,,,,,,,,,,,,,,,,,,,,,,,,,,,,,,,,,,,,,,,,,,,,,,,,,,
69a812f71eb06bf5,low_volatility,"{""family"": ""low_volatility"", ""lookback"": 252, ""market_filter"": false, ""min_turnover_thb"": 10000000, ""rebalance"": 63, ""reserve"": 0.01, ""skip"": 21, ""top_n"": 10, ""trend"": 0}",Rank inverse 63-session volatility among positive-momentum stocks.,rejected_screen,-0.0827314463557297,-0.0214299292159414,-0.483573890011405,-0.0776265253587686,-0.0227833978646801,233.0,0.1484612693947753,0.0475663126633918,-0.1298727760067312,-0.0162845663515955,0.5170219347049249,166.0,,,,,,,,,,,,,,,,,,,,,,,,,discovery: did not beat benchmark; discovery: worse drawdown than benchmark; validation: did not beat benchmark,,,,,,,,,,,,,,,,,,,,,,,,,,,,,,,,,,,,,,,,,,,,,,,,,,,,,,,,,,,,,,,,,,,,,,
2075b2d930d3381a,low_volatility,"{""family"": ""low_volatility"", ""lookback"": 252, ""market_filter"": false, ""min_turnover_thb"": 10000000, ""rebalance"": 63, ""reserve"": 0.01, ""skip"": 21, ""top_n"": 10, ""trend"": 200}",Rank inverse 63-session volatility among positive-momentum stocks.,rejected_screen,0.0791776138342854,0.0192991047977755,-0.4723169299306738,-0.0368974913450517,0.2002904469047194,240.0,0.1905081561470165,0.0602882362991499,-0.0954120621339696,-0.0035626427158375,0.6359091253982528,166.0,,,,,,,,,,,,,,,,,,,,,,,,,discovery: did not beat benchmark; discovery: worse drawdown than benchmark; validation: did not beat benchmark,,,,,,,,,,,,,,,,,,,,,,,,,,,,,,,,,,,,,,,,,,,,,,,,,,,,,,,,,,,,,,,,,,,,,,
13bda32e3104640f,low_volatility,"{""family"": ""low_volatility"", ""lookback"": 252, ""market_filter"": true, ""min_turnover_thb"": 10000000, ""rebalance"": 63, ""reserve"": 0.01, ""skip"": 21, ""top_n"": 10, ""trend"": 200}",Rank inverse 63-session volatility among positive-momentum stocks.,rejected_screen,0.180654468932939,0.0425397492679162,-0.1532432425153062,-0.0136568468749109,0.508336963686515,152.0,0.1206029827038339,0.0389660162414986,-0.1092540493359911,-0.0248848627734887,0.4700970024915454,137.0,,,,,,,,,,,,,,,,,,,,,,,,,discovery: did not beat benchmark; validation: did not beat benchmark,,,,,,,,,,,,,,,,,,,,,,,,,,,,,,,,,,,,,,,,,,,,,,,,,,,,,,,,,,,,,,,,,,,,,,
a7e17cd7fd188795,low_volatility,"{""family"": ""low_volatility"", ""lookback"": 252, ""market_filter"": false, ""min_turnover_thb"": 10000000, ""rebalance"": 21, ""reserve"": 0.01, ""skip"": 21, ""top_n"": 20, ""trend"": 0}",Rank inverse 63-session volatility among positive-momentum stocks.,rejected_screen,0.3021190756716934,0.0684669790034515,-0.4248012394783622,0.0122703828606243,0.4681200739656782,1133.0,0.2378322657095657,0.0742547466504588,-0.1261087114706586,0.0104038676354714,0.746777554928121,896.0,,,,,,,,,,,,,,,,,,,,,,,,,discovery: worse drawdown than benchmark,,,,,,,,,,,,,,,,,,,,,,,,,,,,,,,,,,,,,,,,,,,,,,,,,,,,,,,,,,,,,,,,,,,,,,
c721c0f3f2579010,low_volatility,"{""family"": ""low_volatility"", ""lookback"": 252, ""market_filter"": false, ""min_turnover_thb"": 10000000, ""rebalance"": 21, ""reserve"": 0.01, ""skip"": 21, ""top_n"": 20, ""trend"": 200}",Rank inverse 63-session volatility among positive-momentum stocks.,rejected_screen,0.0971966488542972,0.0235420820367302,-0.405929417190786,-0.0326545141060969,0.2302407321880558,1054.0,0.3047752567654664,0.0934180292050546,-0.1016293394505667,0.0295671501900671,0.8451791701186738,910.0,,,,,,,,,,,,,,,,,,,,,,,,,discovery: did not beat benchmark; discovery: worse drawdown than benchmark,,,,,,,,,,,,,,,,,,,,,,,,,,,,,,,,,,,,,,,,,,,,,,,,,,,,,,,,,,,,,,,,,,,,,,
eec8bb9f3a582170,low_volatility,"{""family"": ""low_volatility"", ""lookback"": 252, ""market_filter"": true, ""min_turnover_thb"": 10000000, ""rebalance"": 21, ""reserve"": 0.01, ""skip"": 21, ""top_n"": 20, ""trend"": 200}",Rank inverse 63-session volatility among positive-momentum stocks.,qualified_not_in_top_five_discovery_validation_ranking,0.5310812175135589,0.1127776164743361,-0.0915592850268772,0.0565810203315089,1.077909770361619,755.0,0.2289208428492068,0.0716522195344575,-0.1016293394505667,0.0078013405194701,0.7180148738816857,791.0,0.2906104289193447,0.0977626347595459,-0.0666532786970455,0.0207306507782891,1.1694688413035472,427.0,0.2632925436996391,0.089209505816459,-0.0744567004183721,0.0130562755154526,1.0741229238521206,427.0,1.514407814609676,0.0993940682101663,-0.1016293394505667,0.025742270253195,1.0093911352662692,1981.0,1.2543661990694486,0.0871284531182081,-0.1155348548750716,0.0137459733616784,0.8938886977984917,1981.0,qualified_not_in_top_five_discovery_validation_ranking,,,,,,,,,,,,,,,,,,,,,,,,,,,,,,,,,,,,,,,,,,,,,,,,,,,,,,,,,,,,,,,,,,,,,,
f68e6f977ac8698d,low_volatility,"{""family"": ""low_volatility"", ""lookback"": 252, ""market_filter"": false, ""min_turnover_thb"": 10000000, ""rebalance"": 63, ""reserve"": 0.01, ""skip"": 21, ""top_n"": 20, ""trend"": 0}",Rank inverse 63-session volatility among positive-momentum stocks.,rejected_screen,0.2656445988591984,0.0608788197082734,-0.4159650868999837,0.0046822235654462,0.4245962905359104,442.0,0.0821477858431882,0.0268577093229402,-0.1399786541338861,-0.0369931696920471,0.3212032265997804,312.0,,,,,,,,,,,,,,,,,,,,,,,,,discovery: worse drawdown than benchmark; validation: did not beat benchmark,,,,,,,,,,,,,,,,,,,,,,,,,,,,,,,,,,,,,,,,,,,,,,,,,,,,,,,,,,,,,,,,,,,,,,
d77ad7f3b3a90b73,low_volatility,"{""family"": ""low_volatility"", ""lookback"": 252, ""market_filter"": false, ""min_turnover_thb"": 10000000, ""rebalance"": 63, ""reserve"": 0.01, ""skip"": 21, ""top_n"": 20, ""trend"": 200}",Rank inverse 63-session volatility among positive-momentum stocks.,rejected_screen,0.3179707492430905,0.0717151844877088,-0.4349843845710348,0.0155185883448816,0.4649408568253733,429.0,0.0734468562702894,0.0240785455353798,-0.1228551999227166,-0.0397723334796076,0.2813897594620663,317.0,,,,,,,,,,,,,,,,,,,,,,,,,discovery: worse drawdown than benchmark; validation: did not beat benchmark,,,,,,,,,,,,,,,,,,,,,,,,,,,,,,,,,,,,,,,,,,,,,,,,,,,,,,,,,,,,,,,,,,,,,,
9be0c90175ab4382,low_volatility,"{""family"": ""low_volatility"", ""lookback"": 252, ""market_filter"": true, ""min_turnover_thb"": 10000000, ""rebalance"": 63, ""reserve"": 0.01, ""skip"": 21, ""top_n"": 20, ""trend"": 200}",Rank inverse 63-session volatility among positive-momentum stocks.,rejected_screen,0.3972182420283341,0.0875288168879264,-0.1125328220659513,0.0313322207450992,0.8862250200451218,296.0,-0.0197648530482565,-0.0066792567433507,-0.1420495872064217,-0.0705301357583382,-0.0241559161896489,260.0,,,,,,,,,,,,,,,,,,,,,,,,,validation: did not beat benchmark,,,,,,,,,,,,,,,,,,,,,,,,,,,,,,,,,,,,,,,,,,,,,,,,,,,,,,,,,,,,,,,,,,,,,,
265e94b25b06ef8f,ma_strength,"{""family"": ""ma_strength"", ""lookback"": 126, ""market_filter"": false, ""min_turnover_thb"": 10000000, ""rebalance"": 21, ""reserve"": 0.01, ""skip"": 21, ""top_n"": 10, ""trend"": 0}",Rank close / trailing moving average; require positive return.,rejected_screen,0.7779055090519646,0.1552918766150073,-0.4294461431922084,0.09909528047218,0.7171149249500377,613.0,0.0950185843640329,0.0309416810538416,-0.2221961802763621,-0.0329091979611457,0.2682659209935398,492.0,,,,,,,,,,,,,,,,,,,,,,,,,discovery: worse drawdown than benchmark; validation: did not beat benchmark; validation: worse drawdown than benchmark,,,,,,,,,,,,,,,,,,,,,,,,,,,,,,,,,,,,,,,,,,,,,,,,,,,,,,,,,,,,,,,,,,,,,,
525b6f7e8b321026,ma_strength,"{""family"": ""ma_strength"", ""lookback"": 126, ""market_filter"": false, ""min_turnover_thb"": 10000000, ""rebalance"": 21, ""reserve"": 0.01, ""skip"": 21, ""top_n"": 10, ""trend"": 200}",Rank close / trailing moving average; require positive return.,rejected_screen,0.6100388048408445,0.1269033197186897,-0.3911990476888252,0.0707067235758625,0.6468909319719381,596.0,0.090958612952148,0.0296568899677276,-0.2221961802763621,-0.0341939890472597,0.260835793894863,493.0,,,,,,,,,,,,,,,,,,,,,,,,,discovery: worse drawdown than benchmark; validation: did not beat benchmark; validation: worse drawdown than benchmark,,,,,,,,,,,,,,,,,,,,,,,,,,,,,,,,,,,,,,,,,,,,,,,,,,,,,,,,,,,,,,,,,,,,,,
3e3c4d8e3541932a,ma_strength,"{""family"": ""ma_strength"", ""lookback"": 126, ""market_filter"": true, ""min_turnover_thb"": 10000000, ""rebalance"": 21, ""reserve"": 0.01, ""skip"": 21, ""top_n"": 10, ""trend"": 200}",Rank close / trailing moving average; require positive return.,rejected_screen,1.42019278484771,0.2482225725423141,-0.1369159417947156,0.1920259763994869,1.3270043612907727,425.0,0.1389839297819786,0.0446562177494365,-0.2221961802763621,-0.0191946612655509,0.3585500944621905,414.0,,,,,,,,,,,,,,,,,,,,,,,,,validation: did not beat benchmark; validation: worse drawdown than benchmark,,,,,,,,,,,,,,,,,,,,,,,,,,,,,,,,,,,,,,,,,,,,,,,,,,,,,,,,,,,,,,,,,,,,,,
bf74290fcb813500,ma_strength,"{""family"": ""ma_strength"", ""lookback"": 126, ""market_filter"": false, ""min_turnover_thb"": 10000000, ""rebalance"": 63, ""reserve"": 0.01, ""skip"": 21, ""top_n"": 10, ""trend"": 0}",Rank close / trailing moving average; require positive return.,rejected_screen,0.2239351032856325,0.0519980619354125,-0.4898646872794492,-0.0041985342074146,0.3346898676154715,258.0,0.2375422397585802,0.0741702426105286,-0.145529068091443,0.0103193635955411,0.5318570059288273,175.0,,,,,,,,,,,,,,,,,,,,,,,,,discovery: did not beat benchmark; discovery: worse drawdown than benchmark,,,,,,,,,,,,,,,,,,,,,,,,,,,,,,,,,,,,,,,,,,,,,,,,,,,,,,,,,,,,,,,,,,,,,,
97bf2b7b58e1a1c2,ma_strength,"{""family"": ""ma_strength"", ""lookback"": 126, ""market_filter"": false, ""min_turnover_thb"": 10000000, ""rebalance"": 63, ""reserve"": 0.01, ""skip"": 21, ""top_n"": 10, ""trend"": 200}",Rank close / trailing moving average; require positive return.,rejected_screen,0.2239351032856325,0.0519980619354125,-0.4898646872794492,-0.0041985342074146,0.3346898676154715,258.0,0.2234139791731109,0.0700377006461072,-0.1495370212319912,0.0061868216311198,0.5071461910133067,176.0,,,,,,,,,,,,,,,,,,,,,,,,,discovery: did not beat benchmark; discovery: worse drawdown than benchmark,,,,,,,,,,,,,,,,,,,,,,,,,,,,,,,,,,,,,,,,,,,,,,,,,,,,,,,,,,,,,,,,,,,,,,
3574ea2cf9b4767a,ma_strength,"{""family"": ""ma_strength"", ""lookback"": 126, ""market_filter"": true, ""min_turnover_thb"": 10000000, ""rebalance"": 63, ""reserve"": 0.01, ""skip"": 21, ""top_n"": 10, ""trend"": 200}",Rank close / trailing moving average; require positive return.,rejected_screen,0.4519133966419866,0.0980552857990944,-0.1917768026268019,0.0418586896562671,0.6370256369299223,171.0,0.1074675230900541,0.034861567991492,-0.126283482178153,-0.0289893110234953,0.31620393813685,140.0,,,,,,,,,,,,,,,,,,,,,,,,,validation: did not beat benchmark,,,,,,,,,,,,,,,,,,,,,,,,,,,,,,,,,,,,,,,,,,,,,,,,,,,,,,,,,,,,,,,,,,,,,,
4d9ab5eb02beee98,ma_strength,"{""family"": ""ma_strength"", ""lookback"": 126, ""market_filter"": false, ""min_turnover_thb"": 10000000, ""rebalance"": 21, ""reserve"": 0.01, ""skip"": 21, ""top_n"": 20, ""trend"": 0}",Rank close / trailing moving average; require positive return.,rejected_screen,0.3597760953777418,0.0801434451930813,-0.4489275027667602,0.0239468490502541,0.4772699612844124,1141.0,0.0763745022151038,0.02501532983524,-0.1866646227865968,-0.0388355491797474,0.2508452218880787,925.0,,,,,,,,,,,,,,,,,,,,,,,,,discovery: worse drawdown than benchmark; validation: did not beat benchmark; validation: worse drawdown than benchmark,,,,,,,,,,,,,,,,,,,,,,,,,,,,,,,,,,,,,,,,,,,,,,,,,,,,,,,,,,,,,,,,,,,,,,
718c1a60621ec47a,ma_strength,"{""family"": ""ma_strength"", ""lookback"": 126, ""market_filter"": false, ""min_turnover_thb"": 10000000, ""rebalance"": 21, ""reserve"": 0.01, ""skip"": 21, ""top_n"": 20, ""trend"": 200}",Rank close / trailing moving average; require positive return.,rejected_screen,0.205822389751447,0.0480707941880143,-0.4063530502053877,-0.0081258019548129,0.3529953169234743,1092.0,0.0581016916047814,0.0191404529401224,-0.1861555977964126,-0.0447104260748649,0.2094049556551579,914.0,,,,,,,,,,,,,,,,,,,,,,,,,discovery: did not beat benchmark; discovery: worse drawdown than benchmark; validation: did not beat benchmark; validation: worse drawdown than benchmark,,,,,,,,,,,,,,,,,,,,,,,,,,,,,,,,,,,,,,,,,,,,,,,,,,,,,,,,,,,,,,,,,,,,,,
b5ad5d153dc5c575,ma_strength,"{""family"": ""ma_strength"", ""lookback"": 126, ""market_filter"": true, ""min_turnover_thb"": 10000000, ""rebalance"": 21, ""reserve"": 0.01, ""skip"": 21, ""top_n"": 20, ""trend"": 200}",Rank close / trailing moving average; require positive return.,rejected_screen,0.8683325363558763,0.1697595301604115,-0.1246648856592785,0.1135629340175843,1.2613118118562172,792.0,0.0767816698884253,0.0251454806887958,-0.1672138567416603,-0.0387053983261915,0.2604438842931153,796.0,,,,,,,,,,,,,,,,,,,,,,,,,validation: did not beat benchmark; validation: worse drawdown than benchmark,,,,,,,,,,,,,,,,,,,,,,,,,,,,,,,,,,,,,,,,,,,,,,,,,,,,,,,,,,,,,,,,,,,,,,
39d9f3eedddb0aa7,ma_strength,"{""family"": ""ma_strength"", ""lookback"": 126, ""market_filter"": false, ""min_turnover_thb"": 10000000, ""rebalance"": 63, ""reserve"": 0.01, ""skip"": 21, ""top_n"": 20, ""trend"": 0}",Rank close / trailing moving average; require positive return.,rejected_screen,0.2492990020700651,0.0574250341611071,-0.4664983928173573,0.0012284380182798,0.3754907757857559,460.0,0.1496405644885148,0.0479273074487018,-0.1465241315117423,-0.0159235715662855,0.4280347288063288,325.0,,,,,,,,,,,,,,,,,,,,,,,,,discovery: worse drawdown than benchmark; validation: did not beat benchmark,,,,,,,,,,,,,,,,,,,,,,,,,,,,,,,,,,,,,,,,,,,,,,,,,,,,,,,,,,,,,,,,,,,,,,
aee7088351068bfd,ma_strength,"{""family"": ""ma_strength"", ""lookback"": 126, ""market_filter"": false, ""min_turnover_thb"": 10000000, ""rebalance"": 63, ""reserve"": 0.01, ""skip"": 21, ""top_n"": 20, ""trend"": 200}",Rank close / trailing moving average; require positive return.,rejected_screen,0.2961741718766992,0.067241154981664,-0.4612465507423452,0.0110445588388368,0.4174560426568697,455.0,0.1467265437888585,0.0470348468887493,-0.150714282493046,-0.016816032126238,0.4216715401674349,324.0,,,,,,,,,,,,,,,,,,,,,,,,,discovery: worse drawdown than benchmark; validation: did not beat benchmark,,,,,,,,,,,,,,,,,,,,,,,,,,,,,,,,,,,,,,,,,,,,,,,,,,,,,,,,,,,,,,,,,,,,,,
9149f6b6df38b49f,ma_strength,"{""family"": ""ma_strength"", ""lookback"": 126, ""market_filter"": true, ""min_turnover_thb"": 10000000, ""rebalance"": 63, ""reserve"": 0.01, ""skip"": 21, ""top_n"": 20, ""trend"": 200}",Rank close / trailing moving average; require positive return.,rejected_screen,0.5091025493541808,0.1087486937560611,-0.1142179194674487,0.0525520976132338,0.8705776608450196,316.0,0.0652671233102895,0.0214521772078093,-0.1491689616463317,-0.042398701807178,0.2428728664361286,263.0,,,,,,,,,,,,,,,,,,,,,,,,,validation: did not beat benchmark,,,,,,,,,,,,,,,,,,,,,,,,,,,,,,,,,,,,,,,,,,,,,,,,,,,,,,,,,,,,,,,,,,,,,,
b3d79ac2cc3df11d,ma_strength,"{""family"": ""ma_strength"", ""lookback"": 252, ""market_filter"": false, ""min_turnover_thb"": 10000000, ""rebalance"": 21, ""reserve"": 0.01, ""skip"": 21, ""top_n"": 10, ""trend"": 0}",Rank close / trailing moving average; require positive return.,rejected_screen,0.7210101984300559,0.1459041306839452,-0.4548356625711219,0.089707534541118,0.6884656718085456,603.0,0.3047882327789746,0.0934216796995841,-0.1837256809800195,0.0295708006845967,0.596350425681,452.0,,,,,,,,,,,,,,,,,,,,,,,,,discovery: worse drawdown than benchmark; validation: worse drawdown than benchmark,,,,,,,,,,,,,,,,,,,,,,,,,,,,,,,,,,,,,,,,,,,,,,,,,,,,,,,,,,,,,,,,,,,,,,
d80106edb8962b2b,ma_strength,"{""family"": ""ma_strength"", ""lookback"": 252, ""market_filter"": false, ""min_turnover_thb"": 10000000, ""rebalance"": 21, ""reserve"": 0.01, ""skip"": 21, ""top_n"": 10, ""trend"": 200}",Rank close / trailing moving average; require positive return.,rejected_screen,0.3308386482526211,0.0743305232703304,-0.4351448186469638,0.0181339271275031,0.4364971677118217,584.0,0.3047882327789746,0.0934216796995841,-0.1837256809800195,0.0295708006845967,0.596350425681,452.0,,,,,,,,,,,,,,,,,,,,,,,,,discovery: worse drawdown than benchmark; validation: worse drawdown than benchmark,,,,,,,,,,,,,,,,,,,,,,,,,,,,,,,,,,,,,,,,,,,,,,,,,,,,,,,,,,,,,,,,,,,,,,
b32dfaf1df04e36d,ma_strength,"{""family"": ""ma_strength"", ""lookback"": 252, ""market_filter"": true, ""min_turnover_thb"": 10000000, ""rebalance"": 21, ""reserve"": 0.01, ""skip"": 21, ""top_n"": 10, ""trend"": 200}",Rank close / trailing moving average; require positive return.,rejected_screen,0.8538671094339669,0.1674809417264442,-0.1821803612244256,0.111284345583617,0.9715395500254614,411.0,0.3223849171806503,0.0983500639805188,-0.1768284359417471,0.0344991849655313,0.6491318403388034,382.0,,,,,,,,,,,,,,,,,,,,,,,,,validation: worse drawdown than benchmark,,,,,,,,,,,,,,,,,,,,,,,,,,,,,,,,,,,,,,,,,,,,,,,,,,,,,,,,,,,,,,,,,,,,,,
0cb0686da541af78,ma_strength,"{""family"": ""ma_strength"", ""lookback"": 252, ""market_filter"": false, ""min_turnover_thb"": 10000000, ""rebalance"": 63, ""reserve"": 0.01, ""skip"": 21, ""top_n"": 10, ""trend"": 0}",Rank close / trailing moving average; require positive return.,rejected_screen,0.3260055852475758,0.0733504570219374,-0.5196940802773335,0.0171538608791101,0.4109701439756145,244.0,0.3693262918112281,0.1112875170410614,-0.1323890153484254,0.047436638026074,0.705856354744425,152.0,,,,,,,,,,,,,,,,,,,,,,,,,discovery: worse drawdown than benchmark,,,,,,,,,,,,,,,,,,,,,,,,,,,,,,,,,,,,,,,,,,,,,,,,,,,,,,,,,,,,,,,,,,,,,,
b2acd52262773297,ma_strength,"{""family"": ""ma_strength"", ""lookback"": 252, ""market_filter"": false, ""min_turnover_thb"": 10000000, ""rebalance"": 63, ""reserve"": 0.01, ""skip"": 21, ""top_n"": 10, ""trend"": 200}",Rank close / trailing moving average; require positive return.,rejected_screen,0.3260055852475758,0.0733504570219374,-0.5196940802773335,0.0171538608791101,0.4109701439756145,244.0,0.3693262918112281,0.1112875170410614,-0.1323890153484254,0.047436638026074,0.705856354744425,152.0,,,,,,,,,,,,,,,,,,,,,,,,,discovery: worse drawdown than benchmark,,,,,,,,,,,,,,,,,,,,,,,,,,,,,,,,,,,,,,,,,,,,,,,,,,,,,,,,,,,,,,,,,,,,,,
a0eeb705f854a313,ma_strength,"{""family"": ""ma_strength"", ""lookback"": 252, ""market_filter"": true, ""min_turnover_thb"": 10000000, ""rebalance"": 63, ""reserve"": 0.01, ""skip"": 21, ""top_n"": 10, ""trend"": 200}",Rank close / trailing moving average; require positive return.,qualified_not_in_top_five_discovery_validation_ranking,0.3323205191587619,0.0746304883337753,-0.1934799870347747,0.0184338921909481,0.5205120553101402,162.0,0.2565690471711521,0.0796863878284888,-0.1313995253748631,0.0158355088135013,0.5725384228357286,125.0,0.4484949163756462,0.1450745412873439,-0.1722389846290315,0.0680425573060872,0.9724259933545378,87.0,0.4281522316887258,0.1391685201637096,-0.1767405628886053,0.0630152898627032,0.937484186576576,87.0,2.3119474730773213,0.1309665710805625,-0.2180115531465339,0.0573147731235912,0.8341991494525639,376.0,2.1186246261894293,0.1239974902560134,-0.2302877251915849,0.0506150104994838,0.7958302799792489,376.0,qualified_not_in_top_five_discovery_validation_ranking,,,,,,,,,,,,,,,,,,,,,,,,,,,,,,,,,,,,,,,,,,,,,,,,,,,,,,,,,,,,,,,,,,,,,,
f82fcd81ad2af8da,ma_strength,"{""family"": ""ma_strength"", ""lookback"": 252, ""market_filter"": false, ""min_turnover_thb"": 10000000, ""rebalance"": 21, ""reserve"": 0.01, ""skip"": 21, ""top_n"": 20, ""trend"": 0}",Rank close / trailing moving average; require positive return.,rejected_screen,0.3640471103035989,0.080993532734054,-0.4337211743834923,0.0247969365912268,0.4847120062337936,1094.0,0.3434400353920779,0.1041901500024025,-0.1228769139324647,0.040339270987415,0.7762266876737219,865.0,,,,,,,,,,,,,,,,,,,,,,,,,discovery: worse drawdown than benchmark,,,,,,,,,,,,,,,,,,,,,,,,,,,,,,,,,,,,,,,,,,,,,,,,,,,,,,,,,,,,,,,,,,,,,,
8140dd487821c0e8,ma_strength,"{""family"": ""ma_strength"", ""lookback"": 252, ""market_filter"": false, ""min_turnover_thb"": 10000000, ""rebalance"": 21, ""reserve"": 0.01, ""skip"": 21, ""top_n"": 20, ""trend"": 200}",Rank close / trailing moving average; require positive return.,rejected_screen,0.0811879429111732,0.0197750992677909,-0.4125425442464837,-0.0364214968750362,0.203191645067769,1028.0,0.3353689299791518,0.1019586927028572,-0.1228769139324647,0.0381078136878698,0.766185722580706,859.0,,,,,,,,,,,,,,,,,,,,,,,,,discovery: did not beat benchmark; discovery: worse drawdown than benchmark,,,,,,,,,,,,,,,,,,,,,,,,,,,,,,,,,,,,,,,,,,,,,,,,,,,,,,,,,,,,,,,,,,,,,,
6596606474982a11,ma_strength,"{""family"": ""ma_strength"", ""lookback"": 252, ""market_filter"": true, ""min_turnover_thb"": 10000000, ""rebalance"": 21, ""reserve"": 0.01, ""skip"": 21, ""top_n"": 20, ""trend"": 200}",Rank close / trailing moving average; require positive return.,near_duplicate_return_profile,0.5998803266958661,0.1251154462783419,-0.1515660614879617,0.0689188501355146,0.9740748768817732,745.0,0.2804454288330904,0.0865305488852827,-0.1228769139324647,0.0226796698702953,0.6996577144745916,751.0,0.6780825894224671,0.2083570064165971,-0.1028454876645266,0.1313250224353404,1.5711249182056588,446.0,0.6386531677801646,0.1978979228752002,-0.1028794087245796,0.1217446925741938,1.501895957720057,446.0,2.617477624625467,0.1412695265323453,-0.1515660614879617,0.067617728575374,1.086305499741342,1947.0,2.2673027726899697,0.1293902310556893,-0.1569514228289618,0.0560077512991596,1.0049228196343567,1947.0,near_duplicate_return_profile,,,,,,,,,,,,,,,,,,,,,,,,,,,,,,,,,,,,,,,,,,,,,,,,,,,,,,,,,,,,,,,,,,,,,,
7e66e67058652ff8,ma_strength,"{""family"": ""ma_strength"", ""lookback"": 252, ""market_filter"": false, ""min_turnover_thb"": 10000000, ""rebalance"": 63, ""reserve"": 0.01, ""skip"": 21, ""top_n"": 20, ""trend"": 0}",Rank close / trailing moving average; require positive return.,rejected_screen,0.3447999797037779,0.0771467569492414,-0.434982497373969,0.0209501608064142,0.462996027840217,428.0,0.1872232254415851,0.0593051818803642,-0.1341608976826596,-0.0045456971346231,0.4970482591657817,302.0,,,,,,,,,,,,,,,,,,,,,,,,,discovery: worse drawdown than benchmark; validation: did not beat benchmark,,,,,,,,,,,,,,,,,,,,,,,,,,,,,,,,,,,,,,,,,,,,,,,,,,,,,,,,,,,,,,,,,,,,,,
90c224baeba67b5c,ma_strength,"{""family"": ""ma_strength"", ""lookback"": 252, ""market_filter"": false, ""min_turnover_thb"": 10000000, ""rebalance"": 63, ""reserve"": 0.01, ""skip"": 21, ""top_n"": 20, ""trend"": 200}",Rank close / trailing moving average; require positive return.,rejected_screen,0.3274696825905503,0.0736476342022318,-0.4395270501383952,0.0174510380594046,0.4488146951336746,422.0,0.1808307502172239,0.0573869662723729,-0.1341608976826596,-0.0064639127426144,0.4841984256147896,304.0,,,,,,,,,,,,,,,,,,,,,,,,,discovery: worse drawdown than benchmark; validation: did not beat benchmark,,,,,,,,,,,,,,,,,,,,,,,,,,,,,,,,,,,,,,,,,,,,,,,,,,,,,,,,,,,,,,,,,,,,,,
3e61ca7768fd36c1,ma_strength,"{""family"": ""ma_strength"", ""lookback"": 252, ""market_filter"": true, ""min_turnover_thb"": 10000000, ""rebalance"": 63, ""reserve"": 0.01, ""skip"": 21, ""top_n"": 20, ""trend"": 200}",Rank close / trailing moving average; require positive return.,rejected_screen,0.4431052789957659,0.0963804019299781,-0.1542312312346672,0.0401838057871508,0.7881393067791707,294.0,0.0923145501343027,0.0300863333899503,-0.1341608976826596,-0.033764545625037,0.3042962898158602,251.0,,,,,,,,,,,,,,,,,,,,,,,,,validation: did not beat benchmark,,,,,,,,,,,,,,,,,,,,,,,,,,,,,,,,,,,,,,,,,,,,,,,,,,,,,,,,,,,,,,,,,,,,,,
0cd11f334d090323,reversal_in_trend,"{""family"": ""reversal_in_trend"", ""lookback"": 126, ""market_filter"": false, ""min_turnover_thb"": 10000000, ""rebalance"": 21, ""reserve"": 0.01, ""skip"": 21, ""top_n"": 10, ""trend"": 0}",Rank negative 21-session return within positive long-term momentum.,rejected_screen,0.2067207089377705,0.0482666090480536,-0.4733501209441112,-0.0079299870947735,0.3288714565274924,800.0,0.2840596557174701,0.0875591592404863,-0.169594833816002,0.0237082802254988,0.6331348231996198,647.0,,,,,,,,,,,,,,,,,,,,,,,,,discovery: did not beat benchmark; discovery: worse drawdown than benchmark; validation: worse drawdown than benchmark,,,,,,,,,,,,,,,,,,,,,,,,,,,,,,,,,,,,,,,,,,,,,,,,,,,,,,,,,,,,,,,,,,,,,,
03ea40ba3c25c041,reversal_in_trend,"{""family"": ""reversal_in_trend"", ""lookback"": 126, ""market_filter"": false, ""min_turnover_thb"": 10000000, ""rebalance"": 21, ""reserve"": 0.01, ""skip"": 21, ""top_n"": 10, ""trend"": 200}",Rank negative 21-session return within positive long-term momentum.,rejected_screen,-0.066342266579978,-0.0170728517820557,-0.4174836482764764,-0.0732694479248829,0.0019767117330039,760.0,0.2754138798618291,0.0850953516137877,-0.1921726355764731,0.0212444725988003,0.6037946623152168,631.0,,,,,,,,,,,,,,,,,,,,,,,,,discovery: did not beat benchmark; discovery: worse drawdown than benchmark; validation: worse drawdown than benchmark,,,,,,,,,,,,,,,,,,,,,,,,,,,,,,,,,,,,,,,,,,,,,,,,,,,,,,,,,,,,,,,,,,,,,,
1b797ba986c4f1c8,reversal_in_trend,"{""family"": ""reversal_in_trend"", ""lookback"": 126, ""market_filter"": true, ""min_turnover_thb"": 10000000, ""rebalance"": 21, ""reserve"": 0.01, ""skip"": 21, ""top_n"": 10, ""trend"": 200}",Rank negative 21-session return within positive long-term momentum.,rejected_screen,0.3596798871571585,0.0801242732304305,-0.186387449927138,0.0239276770876033,0.6843406378941996,542.0,0.2382899918978398,0.0743880862785646,-0.1921726355764731,0.0105372072635772,0.5693233937997936,524.0,,,,,,,,,,,,,,,,,,,,,,,,,validation: worse drawdown than benchmark,,,,,,,,,,,,,,,,,,,,,,,,,,,,,,,,,,,,,,,,,,,,,,,,,,,,,,,,,,,,,,,,,,,,,,
758772fe704abebd,reversal_in_trend,"{""family"": ""reversal_in_trend"", ""lookback"": 126, ""market_filter"": false, ""min_turnover_thb"": 10000000, ""rebalance"": 63, ""reserve"": 0.01, ""skip"": 21, ""top_n"": 10, ""trend"": 0}",Rank negative 21-session return within positive long-term momentum.,rejected_screen,-0.0876307490985178,-0.0227437292378575,-0.4675690182941332,-0.0789403253806847,-0.0098922333197607,283.0,0.1851831677181279,0.0586937606235637,-0.2165654330480034,-0.0051571183914236,0.4471464220856014,196.0,,,,,,,,,,,,,,,,,,,,,,,,,discovery: did not beat benchmark; discovery: worse drawdown than benchmark; validation: did not beat benchmark; validation: worse drawdown than benchmark,,,,,,,,,,,,,,,,,,,,,,,,,,,,,,,,,,,,,,,,,,,,,,,,,,,,,,,,,,,,,,,,,,,,,,
334afe50403c25a9,reversal_in_trend,"{""family"": ""reversal_in_trend"", ""lookback"": 126, ""market_filter"": false, ""min_turnover_thb"": 10000000, ""rebalance"": 63, ""reserve"": 0.01, ""skip"": 21, ""top_n"": 10, ""trend"": 200}",Rank negative 21-session return within positive long-term momentum.,rejected_screen,-0.0450005444809988,-0.0114842043929456,-0.4845917394875038,-0.0676808005357728,0.0579818661792103,276.0,0.1419414599250483,0.0455660726113613,-0.1670590987327843,-0.018284806403626,0.3878033577475945,194.0,,,,,,,,,,,,,,,,,,,,,,,,,discovery: did not beat benchmark; discovery: worse drawdown than benchmark; validation: did not beat benchmark; validation: worse drawdown than benchmark,,,,,,,,,,,,,,,,,,,,,,,,,,,,,,,,,,,,,,,,,,,,,,,,,,,,,,,,,,,,,,,,,,,,,,
5ec398993efb64f4,reversal_in_trend,"{""family"": ""reversal_in_trend"", ""lookback"": 126, ""market_filter"": true, ""min_turnover_thb"": 10000000, ""rebalance"": 63, ""reserve"": 0.01, ""skip"": 21, ""top_n"": 10, ""trend"": 200}",Rank negative 21-session return within positive long-term momentum.,rejected_screen,0.1087869120777369,0.0262437508469013,-0.1885902509630204,-0.0299528452959259,0.2831794200410489,182.0,0.092559329070198,0.0301638204093956,-0.1516077809559464,-0.0336870586055917,0.3007537577951974,152.0,,,,,,,,,,,,,,,,,,,,,,,,,discovery: did not beat benchmark; validation: did not beat benchmark,,,,,,,,,,,,,,,,,,,,,,,,,,,,,,,,,,,,,,,,,,,,,,,,,,,,,,,,,,,,,,,,,,,,,,
d708ad6b97013162,reversal_in_trend,"{""family"": ""reversal_in_trend"", ""lookback"": 126, ""market_filter"": false, ""min_turnover_thb"": 10000000, ""rebalance"": 21, ""reserve"": 0.01, ""skip"": 21, ""top_n"": 20, ""trend"": 0}",Rank negative 21-session return within positive long-term momentum.,rejected_screen,0.0325066096764601,0.0080571105460913,-0.4971718154233532,-0.0481394855967358,0.1439923855709679,1434.0,0.264365317652214,0.0819306142178533,-0.1787252511170828,0.0180797352028658,0.6537058862784956,1179.0,,,,,,,,,,,,,,,,,,,,,,,,,discovery: did not beat benchmark; discovery: worse drawdown than benchmark; validation: worse drawdown than benchmark,,,,,,,,,,,,,,,,,,,,,,,,,,,,,,,,,,,,,,,,,,,,,,,,,,,,,,,,,,,,,,,,,,,,,,
e4f908783d0f6758,reversal_in_trend,"{""family"": ""reversal_in_trend"", ""lookback"": 126, ""market_filter"": false, ""min_turnover_thb"": 10000000, ""rebalance"": 21, ""reserve"": 0.01, ""skip"": 21, ""top_n"": 20, ""trend"": 200}",Rank negative 21-session return within positive long-term momentum.,rejected_screen,-0.1643005667920045,-0.0440270458440283,-0.4467290134141262,-0.1002236419868556,-0.1869203384600388,1268.0,0.1967057650044026,0.0621380484832867,-0.152322766672055,-0.0017128305317006,0.5396193158823135,1087.0,,,,,,,,,,,,,,,,,,,,,,,,,discovery: did not beat benchmark; discovery: worse drawdown than benchmark; validation: did not beat benchmark,,,,,,,,,,,,,,,,,,,,,,,,,,,,,,,,,,,,,,,,,,,,,,,,,,,,,,,,,,,,,,,,,,,,,,
60cf3b9602a48afd,reversal_in_trend,"{""family"": ""reversal_in_trend"", ""lookback"": 126, ""market_filter"": true, ""min_turnover_thb"": 10000000, ""rebalance"": 21, ""reserve"": 0.01, ""skip"": 21, ""top_n"": 20, ""trend"": 200}",Rank negative 21-session return within positive long-term momentum.,rejected_screen,0.289905447914254,0.0659439892947673,-0.1273591980060316,0.00974739315194,0.6591239202178499,935.0,0.1601575210037937,0.051135833397657,-0.1401927104586617,-0.0127150456173303,0.4828654637997716,952.0,,,,,,,,,,,,,,,,,,,,,,,,,validation: did not beat benchmark,,,,,,,,,,,,,,,,,,,,,,,,,,,,,,,,,,,,,,,,,,,,,,,,,,,,,,,,,,,,,,,,,,,,,,
e58dea8c75e19886,reversal_in_trend,"{""family"": ""reversal_in_trend"", ""lookback"": 126, ""market_filter"": false, ""min_turnover_thb"": 10000000, ""rebalance"": 63, ""reserve"": 0.01, ""skip"": 21, ""top_n"": 20, ""trend"": 0}",Rank negative 21-session return within positive long-term momentum.,rejected_screen,-0.0686569969624484,-0.0176847322526544,-0.4657222714375201,-0.0738813283954816,0.0041279790663154,518.0,0.0326348206920426,0.0108391103416882,-0.1781909175645792,-0.0530117686732991,0.1505208597144482,366.0,,,,,,,,,,,,,,,,,,,,,,,,,discovery: did not beat benchmark; discovery: worse drawdown than benchmark; validation: did not beat benchmark; validation: worse drawdown than benchmark,,,,,,,,,,,,,,,,,,,,,,,,,,,,,,,,,,,,,,,,,,,,,,,,,,,,,,,,,,,,,,,,,,,,,,
b1ca162982798255,reversal_in_trend,"{""family"": ""reversal_in_trend"", ""lookback"": 126, ""market_filter"": false, ""min_turnover_thb"": 10000000, ""rebalance"": 63, ""reserve"": 0.01, ""skip"": 21, ""top_n"": 20, ""trend"": 200}",Rank negative 21-session return within positive long-term momentum.,rejected_screen,0.0212356907979871,0.0052852973857095,-0.4719810399840671,-0.0509112987571176,0.1288519415292128,486.0,-0.008752151494269,-0.0029467477681605,-0.1690230449336243,-0.0667976267831479,0.0404146992307389,357.0,,,,,,,,,,,,,,,,,,,,,,,,,discovery: did not beat benchmark; discovery: worse drawdown than benchmark; validation: did not beat benchmark; validation: worse drawdown than benchmark,,,,,,,,,,,,,,,,,,,,,,,,,,,,,,,,,,,,,,,,,,,,,,,,,,,,,,,,,,,,,,,,,,,,,,
ce1d29482eb499c5,reversal_in_trend,"{""family"": ""reversal_in_trend"", ""lookback"": 126, ""market_filter"": true, ""min_turnover_thb"": 10000000, ""rebalance"": 63, ""reserve"": 0.01, ""skip"": 21, ""top_n"": 20, ""trend"": 200}",Rank negative 21-session return within positive long-term momentum.,rejected_screen,0.1936964898503137,0.045416845495986,-0.1552774280313292,-0.0107797506468412,0.5062183188158168,336.0,-0.0522467554307032,-0.0178531557887891,-0.1718583204684591,-0.0817040348037765,-0.1018026522383911,294.0,,,,,,,,,,,,,,,,,,,,,,,,,discovery: did not beat benchmark; validation: did not beat benchmark; validation: worse drawdown than benchmark,,,,,,,,,,,,,,,,,,,,,,,,,,,,,,,,,,,,,,,,,,,,,,,,,,,,,,,,,,,,,,,,,,,,,,
e190d23ae44f14bf,reversal_in_trend,"{""family"": ""reversal_in_trend"", ""lookback"": 252, ""market_filter"": false, ""min_turnover_thb"": 10000000, ""rebalance"": 21, ""reserve"": 0.01, ""skip"": 21, ""top_n"": 10, ""trend"": 0}",Rank negative 21-session return within positive long-term momentum.,rejected_screen,-0.0857323693138683,-0.0222340328260514,-0.5250452299871602,-0.0784306289688786,0.0176709293384264,799.0,0.5301789067085438,0.1535047481677596,-0.1095122968117312,0.0896538691527721,0.955846988316136,640.0,,,,,,,,,,,,,,,,,,,,,,,,,discovery: did not beat benchmark; discovery: worse drawdown than benchmark,,,,,,,,,,,,,,,,,,,,,,,,,,,,,,,,,,,,,,,,,,,,,,,,,,,,,,,,,,,,,,,,,,,,,,
d5606828d9d4f1e9,reversal_in_trend,"{""family"": ""reversal_in_trend"", ""lookback"": 252, ""market_filter"": false, ""min_turnover_thb"": 10000000, ""rebalance"": 21, ""reserve"": 0.01, ""skip"": 21, ""top_n"": 10, ""trend"": 200}",Rank negative 21-session return within positive long-term momentum.,rejected_screen,-0.1030836494015294,-0.0269225193425948,-0.410654521572587,-0.083119115485422,-0.050534412206958,746.0,0.3340712389375868,0.1015990784336804,-0.1695838858688496,0.037748199418693,0.7121372996664204,622.0,,,,,,,,,,,,,,,,,,,,,,,,,discovery: did not beat benchmark; discovery: worse drawdown than benchmark; validation: worse drawdown than benchmark,,,,,,,,,,,,,,,,,,,,,,,,,,,,,,,,,,,,,,,,,,,,,,,,,,,,,,,,,,,,,,,,,,,,,,
796befe24b0237b4,reversal_in_trend,"{""family"": ""reversal_in_trend"", ""lookback"": 252, ""market_filter"": true, ""min_turnover_thb"": 10000000, ""rebalance"": 21, ""reserve"": 0.01, ""skip"": 21, ""top_n"": 10, ""trend"": 200}",Rank negative 21-session return within positive long-term momentum.,rejected_screen,0.2980979738196483,0.0676382981607393,-0.168767294427214,0.011441702017912,0.5825928753930742,527.0,0.2692369404020993,0.0833282913195259,-0.1685042781633725,0.0194774123045384,0.6381309572987914,518.0,,,,,,,,,,,,,,,,,,,,,,,,,validation: worse drawdown than benchmark,,,,,,,,,,,,,,,,,,,,,,,,,,,,,,,,,,,,,,,,,,,,,,,,,,,,,,,,,,,,,,,,,,,,,,
fc379bd4fb7b0bff,reversal_in_trend,"{""family"": ""reversal_in_trend"", ""lookback"": 252, ""market_filter"": false, ""min_turnover_thb"": 10000000, ""rebalance"": 63, ""reserve"": 0.01, ""skip"": 21, ""top_n"": 10, ""trend"": 0}",Rank negative 21-session return within positive long-term momentum.,rejected_screen,-0.0630137235083733,-0.0161949669675007,-0.4546410979884111,-0.072391563110328,0.0333275442863442,281.0,0.175121879361958,0.0556680427634614,-0.1790067452650632,-0.0081828362515259,0.4231915339437246,198.0,,,,,,,,,,,,,,,,,,,,,,,,,discovery: did not beat benchmark; discovery: worse drawdown than benchmark; validation: did not beat benchmark; validation: worse drawdown than benchmark,,,,,,,,,,,,,,,,,,,,,,,,,,,,,,,,,,,,,,,,,,,,,,,,,,,,,,,,,,,,,,,,,,,,,,
33096e89a5302b3f,reversal_in_trend,"{""family"": ""reversal_in_trend"", ""lookback"": 252, ""market_filter"": false, ""min_turnover_thb"": 10000000, ""rebalance"": 63, ""reserve"": 0.01, ""skip"": 21, ""top_n"": 10, ""trend"": 200}",Rank negative 21-session return within positive long-term momentum.,rejected_screen,0.030671754633716,0.0076074216169657,-0.4765992382190547,-0.0485891745258615,0.148858719413543,284.0,0.2316898980248101,0.0724622440301441,-0.1178312401623741,0.0086113650151566,0.5740567226349462,196.0,,,,,,,,,,,,,,,,,,,,,,,,,discovery: did not beat benchmark; discovery: worse drawdown than benchmark,,,,,,,,,,,,,,,,,,,,,,,,,,,,,,,,,,,,,,,,,,,,,,,,,,,,,,,,,,,,,,,,,,,,,,
7e1c21a32c3d2090,reversal_in_trend,"{""family"": ""reversal_in_trend"", ""lookback"": 252, ""market_filter"": true, ""min_turnover_thb"": 10000000, ""rebalance"": 63, ""reserve"": 0.01, ""skip"": 21, ""top_n"": 10, ""trend"": 200}",Rank negative 21-session return within positive long-term momentum.,rejected_screen,0.0313680870451986,0.0077781503306735,-0.1683049218292645,-0.0484184458121537,0.1266220204975934,183.0,0.1859880971805847,0.0589350877209691,-0.1138952445177731,-0.0049157912940183,0.5243601393096059,153.0,,,,,,,,,,,,,,,,,,,,,,,,,discovery: did not beat benchmark; validation: did not beat benchmark,,,,,,,,,,,,,,,,,,,,,,,,,,,,,,,,,,,,,,,,,,,,,,,,,,,,,,,,,,,,,,,,,,,,,,
a993cc3965af5800,reversal_in_trend,"{""family"": ""reversal_in_trend"", ""lookback"": 252, ""market_filter"": false, ""min_turnover_thb"": 10000000, ""rebalance"": 21, ""reserve"": 0.01, ""skip"": 21, ""top_n"": 20, ""trend"": 0}",Rank negative 21-session return within positive long-term momentum.,rejected_screen,0.1223446942263979,0.0293773279412148,-0.4833856732023444,-0.0268192682016124,0.2486358265339029,1404.0,0.3472400017631347,0.1052376622238784,-0.1586261862424177,0.041386783208891,0.7880152506164149,1172.0,,,,,,,,,,,,,,,,,,,,,,,,,discovery: did not beat benchmark; discovery: worse drawdown than benchmark; validation: worse drawdown than benchmark,,,,,,,,,,,,,,,,,,,,,,,,,,,,,,,,,,,,,,,,,,,,,,,,,,,,,,,,,,,,,,,,,,,,,,
478e24a800d342aa,reversal_in_trend,"{""family"": ""reversal_in_trend"", ""lookback"": 252, ""market_filter"": false, ""min_turnover_thb"": 10000000, ""rebalance"": 21, ""reserve"": 0.01, ""skip"": 21, ""top_n"": 20, ""trend"": 200}",Rank negative 21-session return within positive long-term momentum.,rejected_screen,0.0433049976205686,0.0106915350590801,-0.4095784312992068,-0.045505061083747,0.1515872730102583,1239.0,0.2323443956195707,0.0726535257116425,-0.1347213892993553,0.008802646696655,0.616633274200085,1066.0,,,,,,,,,,,,,,,,,,,,,,,,,discovery: did not beat benchmark; discovery: worse drawdown than benchmark,,,,,,,,,,,,,,,,,,,,,,,,,,,,,,,,,,,,,,,,,,,,,,,,,,,,,,,,,,,,,,,,,,,,,,
b1c69c741cee5e1b,reversal_in_trend,"{""family"": ""reversal_in_trend"", ""lookback"": 252, ""market_filter"": true, ""min_turnover_thb"": 10000000, ""rebalance"": 21, ""reserve"": 0.01, ""skip"": 21, ""top_n"": 20, ""trend"": 200}",Rank negative 21-session return within positive long-term momentum.,rejected_screen,0.5010448796700251,0.1072606246607803,-0.1196002882895104,0.0510640285179531,0.955302072039428,911.0,0.177532456648831,0.0563945353433157,-0.1277977130875199,-0.0074563436716716,0.5250397223867479,931.0,,,,,,,,,,,,,,,,,,,,,,,,,validation: did not beat benchmark,,,,,,,,,,,,,,,,,,,,,,,,,,,,,,,,,,,,,,,,,,,,,,,,,,,,,,,,,,,,,,,,,,,,,,
dd8c16df4ead4a73,reversal_in_trend,"{""family"": ""reversal_in_trend"", ""lookback"": 252, ""market_filter"": false, ""min_turnover_thb"": 10000000, ""rebalance"": 63, ""reserve"": 0.01, ""skip"": 21, ""top_n"": 20, ""trend"": 0}",Rank negative 21-session return within positive long-term momentum.,rejected_screen,0.0392729561811044,0.0097102598565121,-0.4429172340362344,-0.046486336286315,0.1506927544781652,507.0,0.0197762630435751,0.0065959071320516,-0.1885880681466778,-0.0572549718829358,0.1178989406421632,365.0,,,,,,,,,,,,,,,,,,,,,,,,,discovery: did not beat benchmark; discovery: worse drawdown than benchmark; validation: did not beat benchmark; validation: worse drawdown than benchmark,,,,,,,,,,,,,,,,,,,,,,,,,,,,,,,,,,,,,,,,,,,,,,,,,,,,,,,,,,,,,,,,,,,,,,
a96e3f1cd892829c,reversal_in_trend,"{""family"": ""reversal_in_trend"", ""lookback"": 252, ""market_filter"": false, ""min_turnover_thb"": 10000000, ""rebalance"": 63, ""reserve"": 0.01, ""skip"": 21, ""top_n"": 20, ""trend"": 200}",Rank negative 21-session return within positive long-term momentum.,rejected_screen,0.1699393381317451,0.0401580998870865,-0.4534097103085434,-0.0160384962557407,0.3031793780907915,472.0,0.0235144223153178,0.0078331112997653,-0.1237938997008752,-0.056017767715222,0.1271396816634617,350.0,,,,,,,,,,,,,,,,,,,,,,,,,discovery: did not beat benchmark; discovery: worse drawdown than benchmark; validation: did not beat benchmark,,,,,,,,,,,,,,,,,,,,,,,,,,,,,,,,,,,,,,,,,,,,,,,,,,,,,,,,,,,,,,,,,,,,,,
7ae1191905c0702e,reversal_in_trend,"{""family"": ""reversal_in_trend"", ""lookback"": 252, ""market_filter"": true, ""min_turnover_thb"": 10000000, ""rebalance"": 63, ""reserve"": 0.01, ""skip"": 21, ""top_n"": 20, ""trend"": 200}",Rank negative 21-session return within positive long-term momentum.,rejected_screen,0.292474773650015,0.0664762210147795,-0.1203787063333948,0.0102796248719523,0.655004407720908,329.0,-0.0352702475742227,-0.0119819838950339,-0.1471907444460264,-0.0758328629100213,-0.0516051373443543,284.0,,,,,,,,,,,,,,,,,,,,,,,,,validation: did not beat benchmark,,,,,,,,,,,,,,,,,,,,,,,,,,,,,,,,,,,,,,,,,,,,,,,,,,,,,,,,,,,,,,,,,,,,,,
13bf13c7a58bcf3b,downside_momentum,"{""family"": ""downside_momentum"", ""lookback"": 126, ""market_filter"": false, ""min_turnover_thb"": 10000000, ""rebalance"": 21, ""reserve"": 0.01, ""skip"": 21, ""top_n"": 10, ""trend"": 0}",Rank skipped-month return / trailing downside deviation.,rejected_screen,0.3347624417623458,0.0751242453129277,-0.4382440058363394,0.0189276491701004,0.4254926443267623,607.0,0.4213963182453826,0.1252983110761083,-0.1482168547541582,0.0614474320611209,0.8281013063105837,497.0,,,,,,,,,,,,,,,,,,,,,,,,,discovery: worse drawdown than benchmark,,,,,,,,,,,,,,,,,,,,,,,,,,,,,,,,,,,,,,,,,,,,,,,,,,,,,,,,,,,,,,,,,,,,,,
299a39f38f178dd8,downside_momentum,"{""family"": ""downside_momentum"", ""lookback"": 126, ""market_filter"": false, ""min_turnover_thb"": 10000000, ""rebalance"": 21, ""reserve"": 0.01, ""skip"": 21, ""top_n"": 10, ""trend"": 200}",Rank skipped-month return / trailing downside deviation.,rejected_screen,0.1950413770711772,0.0457121887785028,-0.3905299149824023,-0.0104844073643244,0.3204325354528959,590.0,0.4184939095363398,0.1245264001979635,-0.1482168547541582,0.0606755211829761,0.8293073922714707,496.0,,,,,,,,,,,,,,,,,,,,,,,,,discovery: did not beat benchmark; discovery: worse drawdown than benchmark,,,,,,,,,,,,,,,,,,,,,,,,,,,,,,,,,,,,,,,,,,,,,,,,,,,,,,,,,,,,,,,,,,,,,,
a3cb4f26da87373e,downside_momentum,"{""family"": ""downside_momentum"", ""lookback"": 126, ""market_filter"": true, ""min_turnover_thb"": 10000000, ""rebalance"": 21, ""reserve"": 0.01, ""skip"": 21, ""top_n"": 10, ""trend"": 200}",Rank skipped-month return / trailing downside deviation.,rejected_sensitivity,0.8389181226315245,0.1651121451592667,-0.1490430526293896,0.1089155490164395,1.021133685693948,422.0,0.4060904643994072,0.1212157638648148,-0.1482168547541582,0.0573648848498273,0.8521611104798713,420.0,0.2730056763444204,0.0922639733684516,-0.2234128367851798,0.0152319893871948,0.7276333560316013,257.0,0.2288506576684514,0.078256961710726,-0.2332780930442581,0.0021037314097196,0.6308808333777536,257.0,2.516558797249263,0.1379557319061293,-0.2234128367851794,0.064303933949158,0.9326293049254704,1102.0,2.0325663391862188,0.1207696975758589,-0.2332841708344608,0.0473872178193293,0.8304245890180767,1102.0,delay confirmation: did not beat corresponding benchmark; exclude_DELTA confirmation: did not beat corresponding benchmark,,,,,,,,,,,,,,,,,,,,,,,,,,,,,,,,,,,,,,,,,,,,,,,,,,,,,,,,,,,,,,,,,,,,,,
e69be12a3cd22b8c,downside_momentum,"{""family"": ""downside_momentum"", ""lookback"": 126, ""market_filter"": false, ""min_turnover_thb"": 10000000, ""rebalance"": 63, ""reserve"": 0.01, ""skip"": 21, ""top_n"": 10, ""trend"": 0}",Rank skipped-month return / trailing downside deviation.,rejected_screen,0.4600941090291641,0.099604062937433,-0.4293709471571845,0.0434074667946058,0.5185532843106032,241.0,0.2393461502755705,0.0746956295336673,-0.1358628105703619,0.0108447505186799,0.5668246187376245,178.0,,,,,,,,,,,,,,,,,,,,,,,,,discovery: worse drawdown than benchmark,,,,,,,,,,,,,,,,,,,,,,,,,,,,,,,,,,,,,,,,,,,,,,,,,,,,,,,,,,,,,,,,,,,,,,
ac3449da0780d49b,downside_momentum,"{""family"": ""downside_momentum"", ""lookback"": 126, ""market_filter"": false, ""min_turnover_thb"": 10000000, ""rebalance"": 63, ""reserve"": 0.01, ""skip"": 21, ""top_n"": 10, ""trend"": 200}",Rank skipped-month return / trailing downside deviation.,rejected_screen,0.4227460151071296,0.0924795264566349,-0.4420435234303949,0.0362829303138076,0.4900765439647002,240.0,0.2393461502755705,0.0746956295336673,-0.1358628105703619,0.0108447505186799,0.5668246187376245,178.0,,,,,,,,,,,,,,,,,,,,,,,,,discovery: worse drawdown than benchmark,,,,,,,,,,,,,,,,,,,,,,,,,,,,,,,,,,,,,,,,,,,,,,,,,,,,,,,,,,,,,,,,,,,,,,
5cb95e22775c8800,downside_momentum,"{""family"": ""downside_momentum"", ""lookback"": 126, ""market_filter"": true, ""min_turnover_thb"": 10000000, ""rebalance"": 63, ""reserve"": 0.01, ""skip"": 21, ""top_n"": 10, ""trend"": 200}",Rank skipped-month return / trailing downside deviation.,rejected_screen,0.5667319301843654,0.119221591528378,-0.1468230366528667,0.0630249953855508,0.8146987155294956,163.0,0.1806811225247764,0.0573419843630746,-0.1358628105703619,-0.0065088946519127,0.4831971487272009,144.0,,,,,,,,,,,,,,,,,,,,,,,,,validation: did not beat benchmark,,,,,,,,,,,,,,,,,,,,,,,,,,,,,,,,,,,,,,,,,,,,,,,,,,,,,,,,,,,,,,,,,,,,,,
6ad8bf72b0ed689f,downside_momentum,"{""family"": ""downside_momentum"", ""lookback"": 126, ""market_filter"": false, ""min_turnover_thb"": 10000000, ""rebalance"": 21, ""reserve"": 0.01, ""skip"": 21, ""top_n"": 20, ""trend"": 0}",Rank skipped-month return / trailing downside deviation.,rejected_screen,0.3571084283558505,0.0796114669253564,-0.4070646930529954,0.0234148707825292,0.4791125737122056,1132.0,0.3164872884037328,0.096703168258635,-0.1293782841142527,0.0328522892436475,0.76082815919737,926.0,,,,,,,,,,,,,,,,,,,,,,,,,discovery: worse drawdown than benchmark,,,,,,,,,,,,,,,,,,,,,,,,,,,,,,,,,,,,,,,,,,,,,,,,,,,,,,,,,,,,,,,,,,,,,,
d73a9cf5e91c456b,downside_momentum,"{""family"": ""downside_momentum"", ""lookback"": 126, ""market_filter"": false, ""min_turnover_thb"": 10000000, ""rebalance"": 21, ""reserve"": 0.01, ""skip"": 21, ""top_n"": 20, ""trend"": 200}",Rank skipped-month return / trailing downside deviation.,rejected_screen,0.0833346942832673,0.0202826635636066,-0.4077978305076238,-0.0359139325792206,0.2064738439818338,1076.0,0.2516755088374633,0.078273010229529,-0.1311761109424954,0.0144221312145416,0.6411502995284534,897.0,,,,,,,,,,,,,,,,,,,,,,,,,discovery: did not beat benchmark; discovery: worse drawdown than benchmark,,,,,,,,,,,,,,,,,,,,,,,,,,,,,,,,,,,,,,,,,,,,,,,,,,,,,,,,,,,,,,,,,,,,,,
5890b344272cb9de,downside_momentum,"{""family"": ""downside_momentum"", ""lookback"": 126, ""market_filter"": true, ""min_turnover_thb"": 10000000, ""rebalance"": 21, ""reserve"": 0.01, ""skip"": 21, ""top_n"": 20, ""trend"": 200}",Rank skipped-month return / trailing downside deviation.,not_shortlisted,0.691962503614372,0.1410213238569277,-0.1237438568664306,0.0848247277141005,1.1289497740857353,777.0,0.2444806823908369,0.0761882809906082,-0.1311761109424954,0.0123374019756208,0.6619781344725822,785.0,,,,,,,,,,,,,,,,,,,,,,,,,not_shortlisted,,,,,,,,,,,,,,,,,,,,,,,,,,,,,,,,,,,,,,,,,,,,,,,,,,,,,,,,,,,,,,,,,,,,,,
d0471d79d6b44b35,downside_momentum,"{""family"": ""downside_momentum"", ""lookback"": 126, ""market_filter"": false, ""min_turnover_thb"": 10000000, ""rebalance"": 63, ""reserve"": 0.01, ""skip"": 21, ""top_n"": 20, ""trend"": 0}",Rank skipped-month return / trailing downside deviation.,rejected_screen,0.1831781182953435,0.0430983226656094,-0.4383303365600172,-0.0130982734772178,0.3119581637253749,454.0,0.1413726684776375,0.045391211235382,-0.0942876722854276,-0.0184596677796053,0.4175825656566418,325.0,,,,,,,,,,,,,,,,,,,,,,,,,discovery: did not beat benchmark; discovery: worse drawdown than benchmark; validation: did not beat benchmark,,,,,,,,,,,,,,,,,,,,,,,,,,,,,,,,,,,,,,,,,,,,,,,,,,,,,,,,,,,,,,,,,,,,,,
fb2664a49bcf791c,downside_momentum,"{""family"": ""downside_momentum"", ""lookback"": 126, ""market_filter"": false, ""min_turnover_thb"": 10000000, ""rebalance"": 63, ""reserve"": 0.01, ""skip"": 21, ""top_n"": 20, ""trend"": 200}",Rank skipped-month return / trailing downside deviation.,rejected_screen,0.2024866036350574,0.0473427045730801,-0.4664583592934187,-0.0088538915697471,0.3315054182961389,446.0,0.0787149561181868,0.0257630085058386,-0.1178614030297214,-0.0380878705091487,0.2687591450371317,321.0,,,,,,,,,,,,,,,,,,,,,,,,,discovery: did not beat benchmark; discovery: worse drawdown than benchmark; validation: did not beat benchmark,,,,,,,,,,,,,,,,,,,,,,,,,,,,,,,,,,,,,,,,,,,,,,,,,,,,,,,,,,,,,,,,,,,,,,
e892e82b4e9f362a,downside_momentum,"{""family"": ""downside_momentum"", ""lookback"": 126, ""market_filter"": true, ""min_turnover_thb"": 10000000, ""rebalance"": 63, ""reserve"": 0.01, ""skip"": 21, ""top_n"": 20, ""trend"": 200}",Rank skipped-month return / trailing downside deviation.,rejected_screen,0.4098486709516318,0.0899866827927511,-0.1244637808243714,0.0337900866499238,0.7744199315023046,304.0,0.0293855403483109,0.0097702074952967,-0.1143756531015955,-0.0540806715196906,0.1448028425944975,264.0,,,,,,,,,,,,,,,,,,,,,,,,,validation: did not beat benchmark,,,,,,,,,,,,,,,,,,,,,,,,,,,,,,,,,,,,,,,,,,,,,,,,,,,,,,,,,,,,,,,,,,,,,,
9ebe6ddcb7cadda1,downside_momentum,"{""family"": ""downside_momentum"", ""lookback"": 252, ""market_filter"": false, ""min_turnover_thb"": 10000000, ""rebalance"": 21, ""reserve"": 0.01, ""skip"": 21, ""top_n"": 10, ""trend"": 0}",Rank skipped-month return / trailing downside deviation.,rejected_screen,0.1437518256755909,0.0342678594002632,-0.466681275198808,-0.021928736742564,0.2661052012120773,596.0,0.4239709418971447,0.125982169915529,-0.2378578937416096,0.0621312909005415,0.8108666464656271,450.0,,,,,,,,,,,,,,,,,,,,,,,,,discovery: did not beat benchmark; discovery: worse drawdown than benchmark; validation: worse drawdown than benchmark,,,,,,,,,,,,,,,,,,,,,,,,,,,,,,,,,,,,,,,,,,,,,,,,,,,,,,,,,,,,,,,,,,,,,,
db4fc360fabcbf69,downside_momentum,"{""family"": ""downside_momentum"", ""lookback"": 252, ""market_filter"": false, ""min_turnover_thb"": 10000000, ""rebalance"": 21, ""reserve"": 0.01, ""skip"": 21, ""top_n"": 10, ""trend"": 200}",Rank skipped-month return / trailing downside deviation.,rejected_screen,0.0924374717939542,0.022426532735728,-0.4116969811823139,-0.0337700634070992,0.2155461012471505,571.0,0.4841369427270443,0.1417345343493024,-0.2090167500682381,0.0778836553343149,0.903583433683678,446.0,,,,,,,,,,,,,,,,,,,,,,,,,discovery: did not beat benchmark; discovery: worse drawdown than benchmark; validation: worse drawdown than benchmark,,,,,,,,,,,,,,,,,,,,,,,,,,,,,,,,,,,,,,,,,,,,,,,,,,,,,,,,,,,,,,,,,,,,,,
220c1b0f6de174c4,downside_momentum,"{""family"": ""downside_momentum"", ""lookback"": 252, ""market_filter"": true, ""min_turnover_thb"": 10000000, ""rebalance"": 21, ""reserve"": 0.01, ""skip"": 21, ""top_n"": 10, ""trend"": 200}",Rank skipped-month return / trailing downside deviation.,rejected_screen,0.4584394238997775,0.0992913224293052,-0.1851124500628046,0.043094726286478,0.6930407217167064,411.0,0.3667707863577067,0.1105908471666581,-0.2303848810546083,0.0467399681516707,0.7679315809213518,382.0,,,,,,,,,,,,,,,,,,,,,,,,,validation: worse drawdown than benchmark,,,,,,,,,,,,,,,,,,,,,,,,,,,,,,,,,,,,,,,,,,,,,,,,,,,,,,,,,,,,,,,,,,,,,,
204abfac10dcb0d2,downside_momentum,"{""family"": ""downside_momentum"", ""lookback"": 252, ""market_filter"": false, ""min_turnover_thb"": 10000000, ""rebalance"": 63, ""reserve"": 0.01, ""skip"": 21, ""top_n"": 10, ""trend"": 0}",Rank skipped-month return / trailing downside deviation.,rejected_screen,0.1825676287679296,0.0429632815122587,-0.4858108865642597,-0.0132333146305685,0.3008714745977549,238.0,0.2232195848244571,0.0699806193892511,-0.1897376686085785,0.0061297403742637,0.5016735782334792,157.0,,,,,,,,,,,,,,,,,,,,,,,,,discovery: did not beat benchmark; discovery: worse drawdown than benchmark; validation: worse drawdown than benchmark,,,,,,,,,,,,,,,,,,,,,,,,,,,,,,,,,,,,,,,,,,,,,,,,,,,,,,,,,,,,,,,,,,,,,,
74cc7a411248f94e,downside_momentum,"{""family"": ""downside_momentum"", ""lookback"": 252, ""market_filter"": false, ""min_turnover_thb"": 10000000, ""rebalance"": 63, ""reserve"": 0.01, ""skip"": 21, ""top_n"": 10, ""trend"": 200}",Rank skipped-month return / trailing downside deviation.,rejected_screen,0.305005480308679,0.0690606368106447,-0.4706882306350254,0.0128640406678175,0.4008510410872892,237.0,0.21750899019281,0.0683010853909673,-0.1942513349847588,0.0044502063759799,0.489911789391812,158.0,,,,,,,,,,,,,,,,,,,,,,,,,discovery: worse drawdown than benchmark; validation: worse drawdown than benchmark,,,,,,,,,,,,,,,,,,,,,,,,,,,,,,,,,,,,,,,,,,,,,,,,,,,,,,,,,,,,,,,,,,,,,,
6aa9b5a5533ab881,downside_momentum,"{""family"": ""downside_momentum"", ""lookback"": 252, ""market_filter"": true, ""min_turnover_thb"": 10000000, ""rebalance"": 63, ""reserve"": 0.01, ""skip"": 21, ""top_n"": 10, ""trend"": 200}",Rank skipped-month return / trailing downside deviation.,rejected_screen,0.2789415329079499,0.0636638657160868,-0.255184565293196,0.0074672695732596,0.4931946492459639,160.0,0.1196061398891692,0.0386556560987618,-0.226578424968403,-0.0251952229162255,0.3298339061063733,128.0,,,,,,,,,,,,,,,,,,,,,,,,,validation: did not beat benchmark; validation: worse drawdown than benchmark,,,,,,,,,,,,,,,,,,,,,,,,,,,,,,,,,,,,,,,,,,,,,,,,,,,,,,,,,,,,,,,,,,,,,,
81230422f68aa738,downside_momentum,"{""family"": ""downside_momentum"", ""lookback"": 252, ""market_filter"": false, ""min_turnover_thb"": 10000000, ""rebalance"": 21, ""reserve"": 0.01, ""skip"": 21, ""top_n"": 20, ""trend"": 0}",Rank skipped-month return / trailing downside deviation.,rejected_screen,0.3517469113500804,0.0785399151493078,-0.4060782268369537,0.0223433190064805,0.4769382058007096,1092.0,0.3120120673918105,0.0954502023621979,-0.1531217257826133,0.0315993233472104,0.7444510812471339,881.0,,,,,,,,,,,,,,,,,,,,,,,,,discovery: worse drawdown than benchmark,,,,,,,,,,,,,,,,,,,,,,,,,,,,,,,,,,,,,,,,,,,,,,,,,,,,,,,,,,,,,,,,,,,,,,
1176568c0d6cfe4a,downside_momentum,"{""family"": ""downside_momentum"", ""lookback"": 252, ""market_filter"": false, ""min_turnover_thb"": 10000000, ""rebalance"": 21, ""reserve"": 0.01, ""skip"": 21, ""top_n"": 20, ""trend"": 200}",Rank skipped-month return / trailing downside deviation.,rejected_screen,0.0362767404986419,0.008979224151296,-0.4056476105867393,-0.0472173719915312,0.1427863158351109,1047.0,0.3522763315265775,0.1066229746674811,-0.1262042767002217,0.0427720956524937,0.8239565346687552,875.0,,,,,,,,,,,,,,,,,,,,,,,,,discovery: did not beat benchmark; discovery: worse drawdown than benchmark,,,,,,,,,,,,,,,,,,,,,,,,,,,,,,,,,,,,,,,,,,,,,,,,,,,,,,,,,,,,,,,,,,,,,,
bcdf16e650eee927,downside_momentum,"{""family"": ""downside_momentum"", ""lookback"": 252, ""market_filter"": true, ""min_turnover_thb"": 10000000, ""rebalance"": 21, ""reserve"": 0.01, ""skip"": 21, ""top_n"": 20, ""trend"": 200}",Rank skipped-month return / trailing downside deviation.,retained,0.5006417438267772,0.107186017564766,-0.1501461868136665,0.0509894214219388,0.9027173202246066,763.0,0.2804641709068582,0.0865358878583271,-0.1262042767002217,0.0226850088433396,0.7275168231114154,766.0,0.6166119473567315,0.1919815469898242,-0.0690029266521179,0.1149495630085675,1.7368668227400017,429.0,0.5816841199361491,0.1825003870599293,-0.0689377447463599,0.1063471567589229,1.661033587992348,429.0,2.270194724136883,0.1294929252892396,-0.1501461868136665,0.0558411273322683,1.0888978998760528,1961.0,1.9397124431771904,0.1171935088546654,-0.157357735535959,0.0438110290981357,0.9951745421709705,1961.0,retained,,,,,,,,,,,,,,,,,,,,,,,,,,,,,,,,,,,,,,,,,,,,,,,,,,,,,,,,,,,,,,,,,,,,,,
fe574df7dcca6af2,downside_momentum,"{""family"": ""downside_momentum"", ""lookback"": 252, ""market_filter"": false, ""min_turnover_thb"": 10000000, ""rebalance"": 63, ""reserve"": 0.01, ""skip"": 21, ""top_n"": 20, ""trend"": 0}",Rank skipped-month return / trailing downside deviation.,rejected_screen,0.2313500671177504,0.0535932476899274,-0.4392120415395467,-0.0026033484528997,0.3612811859244527,421.0,0.147394328071877,0.0472394983311539,-0.1393951101659299,-0.0166113806838335,0.4255265993585714,297.0,,,,,,,,,,,,,,,,,,,,,,,,,discovery: did not beat benchmark; discovery: worse drawdown than benchmark; validation: did not beat benchmark,,,,,,,,,,,,,,,,,,,,,,,,,,,,,,,,,,,,,,,,,,,,,,,,,,,,,,,,,,,,,,,,,,,,,,
9220f5d479ca9476,downside_momentum,"{""family"": ""downside_momentum"", ""lookback"": 252, ""market_filter"": false, ""min_turnover_thb"": 10000000, ""rebalance"": 63, ""reserve"": 0.01, ""skip"": 21, ""top_n"": 20, ""trend"": 200}",Rank skipped-month return / trailing downside deviation.,rejected_screen,0.225139502862177,0.0522576567286554,-0.4383282620836553,-0.0039389394141717,0.3570222757466972,422.0,0.1151616327043199,0.0372696511738985,-0.1698636962836595,-0.0265812278410888,0.351866943825267,302.0,,,,,,,,,,,,,,,,,,,,,,,,,discovery: did not beat benchmark; discovery: worse drawdown than benchmark; validation: did not beat benchmark; validation: worse drawdown than benchmark,,,,,,,,,,,,,,,,,,,,,,,,,,,,,,,,,,,,,,,,,,,,,,,,,,,,,,,,,,,,,,,,,,,,,,
e1ca220290aaa13d,downside_momentum,"{""family"": ""downside_momentum"", ""lookback"": 252, ""market_filter"": true, ""min_turnover_thb"": 10000000, ""rebalance"": 63, ""reserve"": 0.01, ""skip"": 21, ""top_n"": 20, ""trend"": 200}",Rank skipped-month return / trailing downside deviation.,rejected_screen,0.2928668206223521,0.066557363203292,-0.1860759437185317,0.0103607670604648,0.6059288433906735,298.0,0.04359807770056,0.0144292472886191,-0.1749507932660116,-0.0494216317263682,0.1833393317175202,249.0,,,,,,,,,,,,,,,,,,,,,,,,,validation: did not beat benchmark; validation: worse drawdown than benchmark,,,,,,,,,,,,,,,,,,,,,,,,,,,,,,,,,,,,,,,,,,,,,,,,,,,,,,,,,,,,,,,,,,,,,,
05d5001f6eb05c05,consistent_trend,"{""family"": ""consistent_trend"", ""lookback"": 126, ""market_filter"": false, ""min_turnover_thb"": 10000000, ""rebalance"": 21, ""reserve"": 0.01, ""skip"": 21, ""top_n"": 10, ""trend"": 0}",Rank trailing proportion of positive sessions multiplied by momentum.,rejected_screen,0.2701961923389357,0.0618346089482835,-0.497200812574997,0.0056380128054562,0.3675223737532877,601.0,0.4836966083587308,0.1416208036059738,-0.1883420199993464,0.0777699245909864,0.8350253655043206,479.0,,,,,,,,,,,,,,,,,,,,,,,,,discovery: worse drawdown than benchmark; validation: worse drawdown than benchmark,,,,,,,,,,,,,,,,,,,,,,,,,,,,,,,,,,,,,,,,,,,,,,,,,,,,,,,,,,,,,,,,,,,,,,
3c874fdf1baffd55,consistent_trend,"{""family"": ""consistent_trend"", ""lookback"": 126, ""market_filter"": false, ""min_turnover_thb"": 10000000, ""rebalance"": 21, ""reserve"": 0.01, ""skip"": 21, ""top_n"": 10, ""trend"": 200}",Rank trailing proportion of positive sessions multiplied by momentum.,rejected_screen,0.1657616782742752,0.0392251041860169,-0.4467032087841184,-0.0169714919568102,0.2880452110018158,583.0,0.3956193836826089,0.1184057652372112,-0.1997381701707076,0.0545548862222238,0.7307236860802071,470.0,,,,,,,,,,,,,,,,,,,,,,,,,discovery: did not beat benchmark; discovery: worse drawdown than benchmark; validation: worse drawdown than benchmark,,,,,,,,,,,,,,,,,,,,,,,,,,,,,,,,,,,,,,,,,,,,,,,,,,,,,,,,,,,,,,,,,,,,,,
f2fa5d26c144f761,consistent_trend,"{""family"": ""consistent_trend"", ""lookback"": 126, ""market_filter"": true, ""min_turnover_thb"": 10000000, ""rebalance"": 21, ""reserve"": 0.01, ""skip"": 21, ""top_n"": 10, ""trend"": 200}",Rank trailing proportion of positive sessions multiplied by momentum.,rejected_screen,0.9082049277161331,0.1759725231002085,-0.181038724412761,0.1197759269573812,1.0178405735524685,413.0,0.3618871222415698,0.1092570749744097,-0.1997381701707076,0.0454061959594223,0.7202972431495192,394.0,,,,,,,,,,,,,,,,,,,,,,,,,validation: worse drawdown than benchmark,,,,,,,,,,,,,,,,,,,,,,,,,,,,,,,,,,,,,,,,,,,,,,,,,,,,,,,,,,,,,,,,,,,,,,
7e0ebd530b464bb5,consistent_trend,"{""family"": ""consistent_trend"", ""lookback"": 126, ""market_filter"": false, ""min_turnover_thb"": 10000000, ""rebalance"": 63, ""reserve"": 0.01, ""skip"": 21, ""top_n"": 10, ""trend"": 0}",Rank trailing proportion of positive sessions multiplied by momentum.,rejected_screen,0.2470760017769078,0.0569527088379619,-0.4739140882514053,0.0007561126951347,0.3502834086721095,241.0,0.1806009955609533,0.0573178945925236,-0.1755697015753433,-0.0065329844224637,0.413303416130826,174.0,,,,,,,,,,,,,,,,,,,,,,,,,discovery: worse drawdown than benchmark; validation: did not beat benchmark; validation: worse drawdown than benchmark,,,,,,,,,,,,,,,,,,,,,,,,,,,,,,,,,,,,,,,,,,,,,,,,,,,,,,,,,,,,,,,,,,,,,,
b1ac135f14ba3b53,consistent_trend,"{""family"": ""consistent_trend"", ""lookback"": 126, ""market_filter"": false, ""min_turnover_thb"": 10000000, ""rebalance"": 63, ""reserve"": 0.01, ""skip"": 21, ""top_n"": 10, ""trend"": 200}",Rank trailing proportion of positive sessions multiplied by momentum.,rejected_screen,0.2153967240981615,0.0501522016589184,-0.4813290431622364,-0.0060443944839088,0.325030512209892,240.0,0.1816711256527565,0.0576395342845283,-0.1770881377878249,-0.006211344730459,0.4196278148506498,173.0,,,,,,,,,,,,,,,,,,,,,,,,,discovery: did not beat benchmark; discovery: worse drawdown than benchmark; validation: did not beat benchmark; validation: worse drawdown than benchmark,,,,,,,,,,,,,,,,,,,,,,,,,,,,,,,,,,,,,,,,,,,,,,,,,,,,,,,,,,,,,,,,,,,,,,
37b697519f967cb6,consistent_trend,"{""family"": ""consistent_trend"", ""lookback"": 126, ""market_filter"": true, ""min_turnover_thb"": 10000000, ""rebalance"": 63, ""reserve"": 0.01, ""skip"": 21, ""top_n"": 10, ""trend"": 200}",Rank trailing proportion of positive sessions multiplied by momentum.,rejected_screen,0.4344138939709343,0.0947201913885149,-0.1832288212700576,0.0385235952456877,0.6373670781888995,161.0,0.0802719356404146,0.0262598026584477,-0.2007979450988187,-0.0375910763565396,0.2487360293384106,138.0,,,,,,,,,,,,,,,,,,,,,,,,,validation: did not beat benchmark; validation: worse drawdown than benchmark,,,,,,,,,,,,,,,,,,,,,,,,,,,,,,,,,,,,,,,,,,,,,,,,,,,,,,,,,,,,,,,,,,,,,,
64f9754040340c56,consistent_trend,"{""family"": ""consistent_trend"", ""lookback"": 126, ""market_filter"": false, ""min_turnover_thb"": 10000000, ""rebalance"": 21, ""reserve"": 0.01, ""skip"": 21, ""top_n"": 20, ""trend"": 0}",Rank trailing proportion of positive sessions multiplied by momentum.,rejected_screen,0.3310100774156215,0.0743652373064667,-0.4227035489730141,0.0181686411636394,0.4481898030845673,1118.0,0.3841606998768845,0.1153146398642135,-0.1303881823349419,0.0514637608492261,0.8367672531233091,910.0,,,,,,,,,,,,,,,,,,,,,,,,,discovery: worse drawdown than benchmark,,,,,,,,,,,,,,,,,,,,,,,,,,,,,,,,,,,,,,,,,,,,,,,,,,,,,,,,,,,,,,,,,,,,,,
7378dddc2c8832ed,consistent_trend,"{""family"": ""consistent_trend"", ""lookback"": 126, ""market_filter"": false, ""min_turnover_thb"": 10000000, ""rebalance"": 21, ""reserve"": 0.01, ""skip"": 21, ""top_n"": 20, ""trend"": 200}",Rank trailing proportion of positive sessions multiplied by momentum.,rejected_screen,0.0984936023213554,0.0238454587723162,-0.4146728615214032,-0.0323511373705109,0.2252691318130507,1063.0,0.3013396143945412,0.0924506427239841,-0.1370615534234249,0.0285997637089967,0.7061201612097746,890.0,,,,,,,,,,,,,,,,,,,,,,,,,discovery: did not beat benchmark; discovery: worse drawdown than benchmark,,,,,,,,,,,,,,,,,,,,,,,,,,,,,,,,,,,,,,,,,,,,,,,,,,,,,,,,,,,,,,,,,,,,,,
f397049c64b94cab,consistent_trend,"{""family"": ""consistent_trend"", ""lookback"": 126, ""market_filter"": true, ""min_turnover_thb"": 10000000, ""rebalance"": 21, ""reserve"": 0.01, ""skip"": 21, ""top_n"": 20, ""trend"": 200}",Rank trailing proportion of positive sessions multiplied by momentum.,retained,0.7301728583126765,0.1474315243990864,-0.140675935039966,0.0912349282562592,1.133720724880183,762.0,0.3158279931072891,0.0965187576128825,-0.1271705301263463,0.0326678785978951,0.7728116649580928,776.0,0.3249116313665872,0.1083411130089668,-0.1735691970857115,0.0313091290277101,0.8422668177381534,474.0,0.2868329181100204,0.0965867970612941,-0.1814039479156622,0.0204335667602877,0.7619762010789448,474.0,2.1636453628481593,0.1256543718475515,-0.1735691970857119,0.0520025738905802,0.972805136797682,2020.0,1.8134693784920248,0.1121652090012488,-0.1926312563789101,0.0387827292447191,0.8797302368867745,2020.0,retained,,,,,,,,,,,,,,,,,,,,,,,,,,,,,,,,,,,,,,,,,,,,,,,,,,,,,,,,,,,,,,,,,,,,,,
3c24ac6421e34b53,consistent_trend,"{""family"": ""consistent_trend"", ""lookback"": 126, ""market_filter"": false, ""min_turnover_thb"": 10000000, ""rebalance"": 63, ""reserve"": 0.01, ""skip"": 21, ""top_n"": 20, ""trend"": 0}",Rank trailing proportion of positive sessions multiplied by momentum.,rejected_screen,0.1345624162543104,0.0321769806446599,-0.4474046808152488,-0.0240196154981673,0.2599249158675912,457.0,0.1009868377931295,0.0328246217551668,-0.1168208835189343,-0.0310262572598205,0.3082134265769906,322.0,,,,,,,,,,,,,,,,,,,,,,,,,discovery: did not beat benchmark; discovery: worse drawdown than benchmark; validation: did not beat benchmark,,,,,,,,,,,,,,,,,,,,,,,,,,,,,,,,,,,,,,,,,,,,,,,,,,,,,,,,,,,,,,,,,,,,,,
d48b4d36efdce952,consistent_trend,"{""family"": ""consistent_trend"", ""lookback"": 126, ""market_filter"": false, ""min_turnover_thb"": 10000000, ""rebalance"": 63, ""reserve"": 0.01, ""skip"": 21, ""top_n"": 20, ""trend"": 200}",Rank trailing proportion of positive sessions multiplied by momentum.,rejected_screen,0.1913336843290467,0.0448973585323111,-0.4593006258473348,-0.0112992376105161,0.3193991411484753,447.0,0.0691735614185298,0.0227081307300611,-0.1371772145818883,-0.0411427482849262,0.2374939445315465,324.0,,,,,,,,,,,,,,,,,,,,,,,,,discovery: did not beat benchmark; discovery: worse drawdown than benchmark; validation: did not beat benchmark,,,,,,,,,,,,,,,,,,,,,,,,,,,,,,,,,,,,,,,,,,,,,,,,,,,,,,,,,,,,,,,,,,,,,,
6bd6616cd94a9249,consistent_trend,"{""family"": ""consistent_trend"", ""lookback"": 126, ""market_filter"": true, ""min_turnover_thb"": 10000000, ""rebalance"": 63, ""reserve"": 0.01, ""skip"": 21, ""top_n"": 20, ""trend"": 200}",Rank trailing proportion of positive sessions multiplied by momentum.,rejected_screen,0.3911084090872223,0.0863338735955907,-0.1245122907653429,0.0301372774527635,0.7360027629954897,307.0,0.0191233999717019,0.00637952267283,-0.1396118079846413,-0.0574713563421573,0.1151028924259942,266.0,,,,,,,,,,,,,,,,,,,,,,,,,validation: did not beat benchmark,,,,,,,,,,,,,,,,,,,,,,,,,,,,,,,,,,,,,,,,,,,,,,,,,,,,,,,,,,,,,,,,,,,,,,
628a12500b700019,consistent_trend,"{""family"": ""consistent_trend"", ""lookback"": 252, ""market_filter"": false, ""min_turnover_thb"": 10000000, ""rebalance"": 21, ""reserve"": 0.01, ""skip"": 21, ""top_n"": 10, ""trend"": 0}",Rank trailing proportion of positive sessions multiplied by momentum.,rejected_screen,0.2598263809219334,0.0596532951281385,-0.4708229124444484,0.0034566989853113,0.3590877243037002,575.0,0.4109666378206749,0.1225195814555328,-0.2481914643997523,0.0586687024405454,0.7325089846408146,435.0,,,,,,,,,,,,,,,,,,,,,,,,,discovery: worse drawdown than benchmark; validation: worse drawdown than benchmark,,,,,,,,,,,,,,,,,,,,,,,,,,,,,,,,,,,,,,,,,,,,,,,,,,,,,,,,,,,,,,,,,,,,,,
59ae60207f35e663,consistent_trend,"{""family"": ""consistent_trend"", ""lookback"": 252, ""market_filter"": false, ""min_turnover_thb"": 10000000, ""rebalance"": 21, ""reserve"": 0.01, ""skip"": 21, ""top_n"": 10, ""trend"": 200}",Rank trailing proportion of positive sessions multiplied by momentum.,rejected_screen,0.1364605129929019,0.0326098940150982,-0.4257910800382627,-0.0235867021277289,0.2608346129975266,567.0,0.5429265617943284,0.1567218956205354,-0.2128791194220731,0.0928710166055479,0.9274698672357258,445.0,,,,,,,,,,,,,,,,,,,,,,,,,discovery: did not beat benchmark; discovery: worse drawdown than benchmark; validation: worse drawdown than benchmark,,,,,,,,,,,,,,,,,,,,,,,,,,,,,,,,,,,,,,,,,,,,,,,,,,,,,,,,,,,,,,,,,,,,,,
5f3694bb70279332,consistent_trend,"{""family"": ""consistent_trend"", ""lookback"": 252, ""market_filter"": true, ""min_turnover_thb"": 10000000, ""rebalance"": 21, ""reserve"": 0.01, ""skip"": 21, ""top_n"": 10, ""trend"": 200}",Rank trailing proportion of positive sessions multiplied by momentum.,rejected_screen,0.5062789076392606,0.1082279100258465,-0.2079775347403635,0.0520313138830192,0.7049180793310044,401.0,0.39702998922361,0.1187851270205406,-0.2149399008939843,0.0549342480055532,0.7703947499832421,373.0,,,,,,,,,,,,,,,,,,,,,,,,,validation: worse drawdown than benchmark,,,,,,,,,,,,,,,,,,,,,,,,,,,,,,,,,,,,,,,,,,,,,,,,,,,,,,,,,,,,,,,,,,,,,,
0fcd8771fdcbf1b5,consistent_trend,"{""family"": ""consistent_trend"", ""lookback"": 252, ""market_filter"": false, ""min_turnover_thb"": 10000000, ""rebalance"": 63, ""reserve"": 0.01, ""skip"": 21, ""top_n"": 10, ""trend"": 0}",Rank trailing proportion of positive sessions multiplied by momentum.,rejected_screen,0.2536141098637079,0.0583400794309421,-0.4675816430549495,0.0021434832881148,0.35909023496949,234.0,0.1617656196878503,0.051624728932424,-0.2324201419614741,-0.0122261500825633,0.3771577056170194,156.0,,,,,,,,,,,,,,,,,,,,,,,,,discovery: worse drawdown than benchmark; validation: did not beat benchmark; validation: worse drawdown than benchmark,,,,,,,,,,,,,,,,,,,,,,,,,,,,,,,,,,,,,,,,,,,,,,,,,,,,,,,,,,,,,,,,,,,,,,
7febc811e24d8e93,consistent_trend,"{""family"": ""consistent_trend"", ""lookback"": 252, ""market_filter"": false, ""min_turnover_thb"": 10000000, ""rebalance"": 63, ""reserve"": 0.01, ""skip"": 21, ""top_n"": 10, ""trend"": 200}",Rank trailing proportion of positive sessions multiplied by momentum.,rejected_screen,0.3196400161411203,0.0720555317901332,-0.4874378436742133,0.015858935647306,0.4098213548191715,237.0,0.1740182720917686,0.055335110514431,-0.2072389421373378,-0.0085157685005563,0.4036673146479896,153.0,,,,,,,,,,,,,,,,,,,,,,,,,discovery: worse drawdown than benchmark; validation: did not beat benchmark; validation: worse drawdown than benchmark,,,,,,,,,,,,,,,,,,,,,,,,,,,,,,,,,,,,,,,,,,,,,,,,,,,,,,,,,,,,,,,,,,,,,,
8dc99965325ab14b,consistent_trend,"{""family"": ""consistent_trend"", ""lookback"": 252, ""market_filter"": true, ""min_turnover_thb"": 10000000, ""rebalance"": 63, ""reserve"": 0.01, ""skip"": 21, ""top_n"": 10, ""trend"": 200}",Rank trailing proportion of positive sessions multiplied by momentum.,rejected_screen,0.3322329405856099,0.0746127673491157,-0.2398155170660586,0.0184161712062884,0.5479209655597925,161.0,0.1054513804698822,0.0342287240442824,-0.209831319025526,-0.0296221549707049,0.2961465572017447,121.0,,,,,,,,,,,,,,,,,,,,,,,,,validation: did not beat benchmark; validation: worse drawdown than benchmark,,,,,,,,,,,,,,,,,,,,,,,,,,,,,,,,,,,,,,,,,,,,,,,,,,,,,,,,,,,,,,,,,,,,,,
c8fbf6fb118a0e34,consistent_trend,"{""family"": ""consistent_trend"", ""lookback"": 252, ""market_filter"": false, ""min_turnover_thb"": 10000000, ""rebalance"": 21, ""reserve"": 0.01, ""skip"": 21, ""top_n"": 20, ""trend"": 0}",Rank trailing proportion of positive sessions multiplied by momentum.,rejected_screen,0.1780049067709204,0.0419523435646784,-0.4540257927667653,-0.0142442525781487,0.3050409219115972,1074.0,0.3303759354366076,0.1005737665794284,-0.1561611487152481,0.0367228875644409,0.7351363405109095,852.0,,,,,,,,,,,,,,,,,,,,,,,,,discovery: did not beat benchmark; discovery: worse drawdown than benchmark; validation: worse drawdown than benchmark,,,,,,,,,,,,,,,,,,,,,,,,,,,,,,,,,,,,,,,,,,,,,,,,,,,,,,,,,,,,,,,,,,,,,,
17134463788cf242,consistent_trend,"{""family"": ""consistent_trend"", ""lookback"": 252, ""market_filter"": false, ""min_turnover_thb"": 10000000, ""rebalance"": 21, ""reserve"": 0.01, ""skip"": 21, ""top_n"": 20, ""trend"": 200}",Rank trailing proportion of positive sessions multiplied by momentum.,rejected_screen,-0.0077696233379889,-0.0019547743631865,-0.4056145682210424,-0.0581513705060138,0.0827728658705881,1030.0,0.3115350736228084,0.0953164870027827,-0.1451461666835151,0.0314656079877953,0.7218187166738227,858.0,,,,,,,,,,,,,,,,,,,,,,,,,discovery: did not beat benchmark; discovery: worse drawdown than benchmark,,,,,,,,,,,,,,,,,,,,,,,,,,,,,,,,,,,,,,,,,,,,,,,,,,,,,,,,,,,,,,,,,,,,,,
c6e98b20a884b85c,consistent_trend,"{""family"": ""consistent_trend"", ""lookback"": 252, ""market_filter"": true, ""min_turnover_thb"": 10000000, ""rebalance"": 21, ""reserve"": 0.01, ""skip"": 21, ""top_n"": 20, ""trend"": 200}",Rank trailing proportion of positive sessions multiplied by momentum.,same_family_as_retained,0.4283388767072478,0.0935552740094658,-0.1802216670787358,0.0373586778666386,0.7687161387490693,743.0,0.246156325761403,0.0766745189908253,-0.1451461666835151,0.0128236399758379,0.631675602284422,749.0,0.7496258497331554,0.2269434710240456,-0.0807472629260925,0.1499114870427889,1.825771198104413,430.0,0.7118194755647418,0.2171829966812499,-0.0806873439206012,0.1410297663802435,1.7566829290573416,430.0,2.278478588263913,0.1297866379349734,-0.1802216670787358,0.0561348399780021,1.035427341720387,1925.0,1.968372754993422,0.1183080222821144,-0.185393759323073,0.0449255425255847,0.953549163874387,1925.0,same_family_as_retained,,,,,,,,,,,,,,,,,,,,,,,,,,,,,,,,,,,,,,,,,,,,,,,,,,,,,,,,,,,,,,,,,,,,,,
bae4f26c4e88f1f0,consistent_trend,"{""family"": ""consistent_trend"", ""lookback"": 252, ""market_filter"": false, ""min_turnover_thb"": 10000000, ""rebalance"": 63, ""reserve"": 0.01, ""skip"": 21, ""top_n"": 20, ""trend"": 0}",Rank trailing proportion of positive sessions multiplied by momentum.,rejected_screen,0.2262745745536227,0.0525021337434201,-0.4529513380500437,-0.003694462399407,0.3516515136604946,412.0,0.0826845242373575,0.0270286620966673,-0.1560119959429698,-0.0368222169183201,0.2632720310878682,295.0,,,,,,,,,,,,,,,,,,,,,,,,,discovery: did not beat benchmark; discovery: worse drawdown than benchmark; validation: did not beat benchmark; validation: worse drawdown than benchmark,,,,,,,,,,,,,,,,,,,,,,,,,,,,,,,,,,,,,,,,,,,,,,,,,,,,,,,,,,,,,,,,,,,,,,
290708425ee8e0ec,consistent_trend,"{""family"": ""consistent_trend"", ""lookback"": 252, ""market_filter"": false, ""min_turnover_thb"": 10000000, ""rebalance"": 63, ""reserve"": 0.01, ""skip"": 21, ""top_n"": 20, ""trend"": 200}",Rank trailing proportion of positive sessions multiplied by momentum.,rejected_screen,0.2129262444770849,0.0496163121718606,-0.4437180769722977,-0.0065802839709665,0.3411966954674271,417.0,0.0818243435837504,0.026754664802183,-0.160344242753343,-0.0370962142128044,0.2665517841906206,303.0,,,,,,,,,,,,,,,,,,,,,,,,,discovery: did not beat benchmark; discovery: worse drawdown than benchmark; validation: did not beat benchmark; validation: worse drawdown than benchmark,,,,,,,,,,,,,,,,,,,,,,,,,,,,,,,,,,,,,,,,,,,,,,,,,,,,,,,,,,,,,,,,,,,,,,
8dbd34c687f6d40c,consistent_trend,"{""family"": ""consistent_trend"", ""lookback"": 252, ""market_filter"": true, ""min_turnover_thb"": 10000000, ""rebalance"": 63, ""reserve"": 0.01, ""skip"": 21, ""top_n"": 20, ""trend"": 200}",Rank trailing proportion of positive sessions multiplied by momentum.,rejected_screen,0.2831669965243697,0.0645443470992175,-0.1943407486277419,0.0083477509563902,0.5635164792711245,290.0,0.0218187207501048,0.0072722641149294,-0.1699925567208932,-0.056578614900058,0.1224858775961389,250.0,,,,,,,,,,,,,,,,,,,,,,,,,validation: did not beat benchmark; validation: worse drawdown than benchmark,,,,,,,,,,,,,,,,,,,,,,,,,,,,,,,,,,,,,,,,,,,,,,,,,,,,,,,,,,,,,,,,,,,,,,
af7a40bab7661663,channel_position,"{""family"": ""channel_position"", ""lookback"": 126, ""market_filter"": false, ""min_turnover_thb"": 10000000, ""rebalance"": 21, ""reserve"": 0.01, ""skip"": 21, ""top_n"": 10, ""trend"": 0}",Rank position within trailing high-low channel; require positive momentum.,rejected_screen,0.3819355812673506,0.0845324746553277,-0.445534898279006,0.0283358785125005,0.4758787462134428,685.0,0.0732800697296323,0.0240251263250692,-0.1714511894039776,-0.0398257526899181,0.235953857056513,542.0,,,,,,,,,,,,,,,,,,,,,,,,,discovery: worse drawdown than benchmark; validation: did not beat benchmark; validation: worse drawdown than benchmark,,,,,,,,,,,,,,,,,,,,,,,,,,,,,,,,,,,,,,,,,,,,,,,,,,,,,,,,,,,,,,,,,,,,,,
9205f1ccced32567,channel_position,"{""family"": ""channel_position"", ""lookback"": 126, ""market_filter"": false, ""min_turnover_thb"": 10000000, ""rebalance"": 21, ""reserve"": 0.01, ""skip"": 21, ""top_n"": 10, ""trend"": 200}",Rank position within trailing high-low channel; require positive momentum.,rejected_screen,0.2610714448558253,0.059915906115352,-0.4143379154824702,0.0037193099725247,0.3900721783053331,667.0,0.065611027989926,0.0215628682219826,-0.1714511894039776,-0.0422880107930048,0.2211095976004752,529.0,,,,,,,,,,,,,,,,,,,,,,,,,discovery: worse drawdown than benchmark; validation: did not beat benchmark; validation: worse drawdown than benchmark,,,,,,,,,,,,,,,,,,,,,,,,,,,,,,,,,,,,,,,,,,,,,,,,,,,,,,,,,,,,,,,,,,,,,,
780736e7da5cf4bf,channel_position,"{""family"": ""channel_position"", ""lookback"": 126, ""market_filter"": true, ""min_turnover_thb"": 10000000, ""rebalance"": 21, ""reserve"": 0.01, ""skip"": 21, ""top_n"": 10, ""trend"": 200}",Rank position within trailing high-low channel; require positive momentum.,rejected_screen,1.0276682544795794,0.1940232607423959,-0.1594723564411503,0.1378266645995687,1.19953371110715,484.0,0.0369727462729856,0.0122626635946556,-0.1773423624722691,-0.0515882154203317,0.1596146383654326,470.0,,,,,,,,,,,,,,,,,,,,,,,,,validation: did not beat benchmark; validation: worse drawdown than benchmark,,,,,,,,,,,,,,,,,,,,,,,,,,,,,,,,,,,,,,,,,,,,,,,,,,,,,,,,,,,,,,,,,,,,,,
50bb2333e41f3eae,channel_position,"{""family"": ""channel_position"", ""lookback"": 126, ""market_filter"": false, ""min_turnover_thb"": 10000000, ""rebalance"": 63, ""reserve"": 0.01, ""skip"": 21, ""top_n"": 10, ""trend"": 0}",Rank position within trailing high-low channel; require positive momentum.,rejected_screen,0.4174725055024786,0.0914622983086914,-0.42397508146279,0.0352657021658642,0.5116484115031145,255.0,0.1135292253098638,0.0367596689816065,-0.1268377858711709,-0.0270912100333808,0.3281954410324683,180.0,,,,,,,,,,,,,,,,,,,,,,,,,discovery: worse drawdown than benchmark; validation: did not beat benchmark,,,,,,,,,,,,,,,,,,,,,,,,,,,,,,,,,,,,,,,,,,,,,,,,,,,,,,,,,,,,,,,,,,,,,,
5ca55b89d52ff100,channel_position,"{""family"": ""channel_position"", ""lookback"": 126, ""market_filter"": false, ""min_turnover_thb"": 10000000, ""rebalance"": 63, ""reserve"": 0.01, ""skip"": 21, ""top_n"": 10, ""trend"": 200}",Rank position within trailing high-low channel; require positive momentum.,rejected_screen,0.4174725055024786,0.0914622983086914,-0.42397508146279,0.0352657021658642,0.5116484115031145,255.0,0.1211838308874575,0.0391467747622906,-0.1268377858711709,-0.0247041042526967,0.350434167018971,177.0,,,,,,,,,,,,,,,,,,,,,,,,,discovery: worse drawdown than benchmark; validation: did not beat benchmark,,,,,,,,,,,,,,,,,,,,,,,,,,,,,,,,,,,,,,,,,,,,,,,,,,,,,,,,,,,,,,,,,,,,,,
fb5377e750bddb10,channel_position,"{""family"": ""channel_position"", ""lookback"": 126, ""market_filter"": true, ""min_turnover_thb"": 10000000, ""rebalance"": 63, ""reserve"": 0.01, ""skip"": 21, ""top_n"": 10, ""trend"": 200}",Rank position within trailing high-low channel; require positive momentum.,rejected_screen,0.5800936358997921,0.1216084652827811,-0.1332733148128408,0.0654118691399539,0.864604058704248,170.0,0.0298041736834893,0.0099080493068268,-0.1289019999440382,-0.0539428297081605,0.1435086779297346,146.0,,,,,,,,,,,,,,,,,,,,,,,,,validation: did not beat benchmark,,,,,,,,,,,,,,,,,,,,,,,,,,,,,,,,,,,,,,,,,,,,,,,,,,,,,,,,,,,,,,,,,,,,,,
93fcbba399d7b2a9,channel_position,"{""family"": ""channel_position"", ""lookback"": 126, ""market_filter"": false, ""min_turnover_thb"": 10000000, ""rebalance"": 21, ""reserve"": 0.01, ""skip"": 21, ""top_n"": 20, ""trend"": 0}",Rank position within trailing high-low channel; require positive momentum.,rejected_screen,0.3543611272022349,0.0790627888114683,-0.4333186387049073,0.022866192668641,0.4801735362806045,1200.0,0.0713253155767648,0.0233986366358938,-0.1686457067907982,-0.0404522423790936,0.2504889104963433,906.0,,,,,,,,,,,,,,,,,,,,,,,,,discovery: worse drawdown than benchmark; validation: did not beat benchmark; validation: worse drawdown than benchmark,,,,,,,,,,,,,,,,,,,,,,,,,,,,,,,,,,,,,,,,,,,,,,,,,,,,,,,,,,,,,,,,,,,,,,
df177f724b7fd92c,channel_position,"{""family"": ""channel_position"", ""lookback"": 126, ""market_filter"": false, ""min_turnover_thb"": 10000000, ""rebalance"": 21, ""reserve"": 0.01, ""skip"": 21, ""top_n"": 20, ""trend"": 200}",Rank position within trailing high-low channel; require positive momentum.,rejected_screen,0.1705862123864956,0.0403023429058835,-0.4022499296698266,-0.0158942532369437,0.3166902614313115,1151.0,0.0665190363167242,0.0218550106797617,-0.1648235010427476,-0.0419958683352257,0.2400537056343034,882.0,,,,,,,,,,,,,,,,,,,,,,,,,discovery: did not beat benchmark; discovery: worse drawdown than benchmark; validation: did not beat benchmark; validation: worse drawdown than benchmark,,,,,,,,,,,,,,,,,,,,,,,,,,,,,,,,,,,,,,,,,,,,,,,,,,,,,,,,,,,,,,,,,,,,,,
b296c787f3317ffb,channel_position,"{""family"": ""channel_position"", ""lookback"": 126, ""market_filter"": true, ""min_turnover_thb"": 10000000, ""rebalance"": 21, ""reserve"": 0.01, ""skip"": 21, ""top_n"": 20, ""trend"": 200}",Rank position within trailing high-low channel; require positive momentum.,rejected_screen,0.8120877764719463,0.1608242145887684,-0.119346721007039,0.1046276184459411,1.279229306278888,847.0,0.0627783596469411,0.0206504219541727,-0.167205260922731,-0.0432004570608146,0.2353697962443864,817.0,,,,,,,,,,,,,,,,,,,,,,,,,validation: did not beat benchmark; validation: worse drawdown than benchmark,,,,,,,,,,,,,,,,,,,,,,,,,,,,,,,,,,,,,,,,,,,,,,,,,,,,,,,,,,,,,,,,,,,,,,
f3da5dd806e1ec93,channel_position,"{""family"": ""channel_position"", ""lookback"": 126, ""market_filter"": false, ""min_turnover_thb"": 10000000, ""rebalance"": 63, ""reserve"": 0.01, ""skip"": 21, ""top_n"": 20, ""trend"": 0}",Rank position within trailing high-low channel; require positive momentum.,rejected_screen,0.2455878904674957,0.056636174296698,-0.4582555020817749,0.0004395781538708,0.3796007137772395,463.0,0.06318566365951,0.0207817202411788,-0.1191950720935424,-0.0430691587738085,0.2364474346105139,325.0,,,,,,,,,,,,,,,,,,,,,,,,,discovery: worse drawdown than benchmark; validation: did not beat benchmark,,,,,,,,,,,,,,,,,,,,,,,,,,,,,,,,,,,,,,,,,,,,,,,,,,,,,,,,,,,,,,,,,,,,,,
685e8120db981890,channel_position,"{""family"": ""channel_position"", ""lookback"": 126, ""market_filter"": false, ""min_turnover_thb"": 10000000, ""rebalance"": 63, ""reserve"": 0.01, ""skip"": 21, ""top_n"": 20, ""trend"": 200}",Rank position within trailing high-low channel; require positive momentum.,rejected_screen,0.2881986614673304,0.0655899920317599,-0.4706265507031284,0.0093933958889327,0.4156651621790994,458.0,0.0491643466760598,0.0162424493885935,-0.1191950720935424,-0.0476084296263938,0.2000818610149534,315.0,,,,,,,,,,,,,,,,,,,,,,,,,discovery: worse drawdown than benchmark; validation: did not beat benchmark,,,,,,,,,,,,,,,,,,,,,,,,,,,,,,,,,,,,,,,,,,,,,,,,,,,,,,,,,,,,,,,,,,,,,,
9555472c8e0cf504,channel_position,"{""family"": ""channel_position"", ""lookback"": 126, ""market_filter"": true, ""min_turnover_thb"": 10000000, ""rebalance"": 63, ""reserve"": 0.01, ""skip"": 21, ""top_n"": 20, ""trend"": 200}",Rank position within trailing high-low channel; require positive momentum.,rejected_screen,0.4855204357050724,0.1043766565475645,-0.1353647951330658,0.0481800604047373,0.8975075436832234,315.0,-0.0237994615843918,-0.0080536678084418,-0.1531256754481853,-0.0719045468234292,-0.0206324270637581,274.0,,,,,,,,,,,,,,,,,,,,,,,,,validation: did not beat benchmark,,,,,,,,,,,,,,,,,,,,,,,,,,,,,,,,,,,,,,,,,,,,,,,,,,,,,,,,,,,,,,,,,,,,,,
3cae66c1cf147b8c,channel_position,"{""family"": ""channel_position"", ""lookback"": 252, ""market_filter"": false, ""min_turnover_thb"": 10000000, ""rebalance"": 21, ""reserve"": 0.01, ""skip"": 21, ""top_n"": 10, ""trend"": 0}",Rank position within trailing high-low channel; require positive momentum.,rejected_screen,0.8410705633204105,0.1654541049626821,-0.4154878400519086,0.1092575088198548,0.7984853853710269,678.0,0.2973040883305806,0.0913121755185089,-0.1136369682891476,0.0274612965035214,0.6767195267256355,514.0,,,,,,,,,,,,,,,,,,,,,,,,,discovery: worse drawdown than benchmark,,,,,,,,,,,,,,,,,,,,,,,,,,,,,,,,,,,,,,,,,,,,,,,,,,,,,,,,,,,,,,,,,,,,,,
c5437639df52b89c,channel_position,"{""family"": ""channel_position"", ""lookback"": 252, ""market_filter"": false, ""min_turnover_thb"": 10000000, ""rebalance"": 21, ""reserve"": 0.01, ""skip"": 21, ""top_n"": 10, ""trend"": 200}",Rank position within trailing high-low channel; require positive momentum.,rejected_screen,0.4430591008590308,0.0963716008957717,-0.3922231282877223,0.0401750047529445,0.5551016553041054,654.0,0.2826493330555295,0.0871580099723783,-0.1124423501662885,0.0233071309573908,0.6597635598396163,502.0,,,,,,,,,,,,,,,,,,,,,,,,,discovery: worse drawdown than benchmark,,,,,,,,,,,,,,,,,,,,,,,,,,,,,,,,,,,,,,,,,,,,,,,,,,,,,,,,,,,,,,,,,,,,,,
08718550a4bea2f6,channel_position,"{""family"": ""channel_position"", ""lookback"": 252, ""market_filter"": true, ""min_turnover_thb"": 10000000, ""rebalance"": 21, ""reserve"": 0.01, ""skip"": 21, ""top_n"": 10, ""trend"": 200}",Rank position within trailing high-low channel; require positive momentum.,qualified_not_in_top_five_discovery_validation_ranking,1.0160597475772448,0.1923047409692309,-0.1605837121378691,0.1361081448264036,1.2051437109375636,471.0,0.2426865994908769,0.0756671918701106,-0.1124423501662885,0.0118163128551231,0.611643998842412,447.0,0.3274313784025573,0.1091113181566609,-0.1128088147640807,0.0320793341754042,0.9660185019071112,263.0,0.2743466513902624,0.092684504014892,-0.1129824961656659,0.0165312737138856,0.8321263848164294,263.0,2.5630207005785097,0.1394918227101829,-0.1605837121378691,0.0658400247532116,1.0057311322555595,1187.0,1.9644888901496584,0.1181575574625322,-0.1691392523861689,0.0447750777060025,0.8673175405286735,1187.0,qualified_not_in_top_five_discovery_validation_ranking,,,,,,,,,,,,,,,,,,,,,,,,,,,,,,,,,,,,,,,,,,,,,,,,,,,,,,,,,,,,,,,,,,,,,,
4c562937d607e480,channel_position,"{""family"": ""channel_position"", ""lookback"": 252, ""market_filter"": false, ""min_turnover_thb"": 10000000, ""rebalance"": 63, ""reserve"": 0.01, ""skip"": 21, ""top_n"": 10, ""trend"": 0}",Rank position within trailing high-low channel; require positive momentum.,rejected_screen,0.5772173406048715,0.1210959378575746,-0.4243381875297551,0.0648993417147474,0.6225464921135665,256.0,0.0622971159592564,0.0204952454292142,-0.1730184196826717,-0.0433556335857732,0.2188912948450088,176.0,,,,,,,,,,,,,,,,,,,,,,,,,discovery: worse drawdown than benchmark; validation: did not beat benchmark; validation: worse drawdown than benchmark,,,,,,,,,,,,,,,,,,,,,,,,,,,,,,,,,,,,,,,,,,,,,,,,,,,,,,,,,,,,,,,,,,,,,,
b481cb9b84cacf62,channel_position,"{""family"": ""channel_position"", ""lookback"": 252, ""market_filter"": false, ""min_turnover_thb"": 10000000, ""rebalance"": 63, ""reserve"": 0.01, ""skip"": 21, ""top_n"": 10, ""trend"": 200}",Rank position within trailing high-low channel; require positive momentum.,rejected_screen,0.5772173406048715,0.1210959378575746,-0.4243381875297551,0.0648993417147474,0.6225464921135665,256.0,0.0452646334004924,0.0149727972142199,-0.1730184196826717,-0.0488780818007674,0.180380012856496,171.0,,,,,,,,,,,,,,,,,,,,,,,,,discovery: worse drawdown than benchmark; validation: did not beat benchmark; validation: worse drawdown than benchmark,,,,,,,,,,,,,,,,,,,,,,,,,,,,,,,,,,,,,,,,,,,,,,,,,,,,,,,,,,,,,,,,,,,,,,
66168e944e85215b,channel_position,"{""family"": ""channel_position"", ""lookback"": 252, ""market_filter"": true, ""min_turnover_thb"": 10000000, ""rebalance"": 63, ""reserve"": 0.01, ""skip"": 21, ""top_n"": 10, ""trend"": 200}",Rank position within trailing high-low channel; require positive momentum.,rejected_screen,0.5073248726503432,0.1084209097840955,-0.1322643291118043,0.0522243136412683,0.7882406408778831,168.0,-0.031284904472884,-0.0106136525014512,-0.1730184196826717,-0.0744645315164387,-0.0234195840130048,143.0,,,,,,,,,,,,,,,,,,,,,,,,,validation: did not beat benchmark; validation: worse drawdown than benchmark,,,,,,,,,,,,,,,,,,,,,,,,,,,,,,,,,,,,,,,,,,,,,,,,,,,,,,,,,,,,,,,,,,,,,,
b25febec42b702d2,channel_position,"{""family"": ""channel_position"", ""lookback"": 252, ""market_filter"": false, ""min_turnover_thb"": 10000000, ""rebalance"": 21, ""reserve"": 0.01, ""skip"": 21, ""top_n"": 20, ""trend"": 0}",Rank position within trailing high-low channel; require positive momentum.,rejected_screen,0.4229553308527902,0.0925198438778869,-0.4299282472607969,0.0363232477350596,0.5508716160004957,1155.0,0.2339457615965881,0.0731212521799395,-0.1231407122610926,0.0092703731649521,0.6271091996775119,876.0,,,,,,,,,,,,,,,,,,,,,,,,,discovery: worse drawdown than benchmark,,,,,,,,,,,,,,,,,,,,,,,,,,,,,,,,,,,,,,,,,,,,,,,,,,,,,,,,,,,,,,,,,,,,,,
d1ce67b0700eb6af,channel_position,"{""family"": ""channel_position"", ""lookback"": 252, ""market_filter"": false, ""min_turnover_thb"": 10000000, ""rebalance"": 21, ""reserve"": 0.01, ""skip"": 21, ""top_n"": 20, ""trend"": 200}",Rank position within trailing high-low channel; require positive momentum.,rejected_screen,0.1135929448294603,0.0273578250215436,-0.4128546092329644,-0.0288387711212836,0.2470992485539453,1090.0,0.2185769692088264,0.0686155842337574,-0.1231407122610926,0.00476470521877,0.6051230512426078,844.0,,,,,,,,,,,,,,,,,,,,,,,,,discovery: did not beat benchmark; discovery: worse drawdown than benchmark,,,,,,,,,,,,,,,,,,,,,,,,,,,,,,,,,,,,,,,,,,,,,,,,,,,,,,,,,,,,,,,,,,,,,,
70880f890ee815d2,channel_position,"{""family"": ""channel_position"", ""lookback"": 252, ""market_filter"": true, ""min_turnover_thb"": 10000000, ""rebalance"": 21, ""reserve"": 0.01, ""skip"": 21, ""top_n"": 20, ""trend"": 200}",Rank position within trailing high-low channel; require positive momentum.,rejected_screen,0.6618301502218227,0.1358893712090534,-0.1166960961740212,0.0796927750662261,1.1167928995771212,812.0,0.1819307149477553,0.0577175276166073,-0.1231407122610926,-0.0061333513983801,0.5376160896698648,783.0,,,,,,,,,,,,,,,,,,,,,,,,,validation: did not beat benchmark,,,,,,,,,,,,,,,,,,,,,,,,,,,,,,,,,,,,,,,,,,,,,,,,,,,,,,,,,,,,,,,,,,,,,,
5623349a55e1f1d7,channel_position,"{""family"": ""channel_position"", ""lookback"": 252, ""market_filter"": false, ""min_turnover_thb"": 10000000, ""rebalance"": 63, ""reserve"": 0.01, ""skip"": 21, ""top_n"": 20, ""trend"": 0}",Rank position within trailing high-low channel; require positive momentum.,rejected_screen,0.3329314151513436,0.0747540751064448,-0.4323011555267844,0.0185574789636175,0.4609577553654635,442.0,0.142619084423468,0.0457743166089807,-0.1259771781698365,-0.0180765624060066,0.4364079131564204,319.0,,,,,,,,,,,,,,,,,,,,,,,,,discovery: worse drawdown than benchmark; validation: did not beat benchmark,,,,,,,,,,,,,,,,,,,,,,,,,,,,,,,,,,,,,,,,,,,,,,,,,,,,,,,,,,,,,,,,,,,,,,
2050855f0d592172,channel_position,"{""family"": ""channel_position"", ""lookback"": 252, ""market_filter"": false, ""min_turnover_thb"": 10000000, ""rebalance"": 63, ""reserve"": 0.01, ""skip"": 21, ""top_n"": 20, ""trend"": 200}",Rank position within trailing high-low channel; require positive momentum.,rejected_screen,0.333470399296049,0.0748630785875779,-0.433299104460471,0.0186664824447506,0.4618520844064565,435.0,0.1507281174869719,0.0482600010352687,-0.1259771781698365,-0.0155908779797186,0.4677161156378119,302.0,,,,,,,,,,,,,,,,,,,,,,,,,discovery: worse drawdown than benchmark; validation: did not beat benchmark,,,,,,,,,,,,,,,,,,,,,,,,,,,,,,,,,,,,,,,,,,,,,,,,,,,,,,,,,,,,,,,,,,,,,,
939c1ae02332f1f5,channel_position,"{""family"": ""channel_position"", ""lookback"": 252, ""market_filter"": true, ""min_turnover_thb"": 10000000, ""rebalance"": 63, ""reserve"": 0.01, ""skip"": 21, ""top_n"": 20, ""trend"": 200}",Rank position within trailing high-low channel; require positive momentum.,rejected_screen,0.4423154977285539,0.0962298494291615,-0.1328162334237506,0.0400332532863343,0.8285858095458432,305.0,0.0710363527831003,0.0233059609871462,-0.1506100421877466,-0.0405449180278412,0.2671794830872837,268.0,,,,,,,,,,,,,,,,,,,,,,,,,validation: did not beat benchmark,,,,,,,,,,,,,,,,,,,,,,,,,,,,,,,,,,,,,,,,,,,,,,,,,,,,,,,,,,,,,,,,,,,,,,
legacy_sma_trend,sma_trend,"{""fast"": 50, ""slow"": 200}",Original single-stock allocation rule; source preserved in legacy_strategy_sources.json,rejected_original_module_deleted,,,,,,,,,,,,,0.1584455074350561,,,,,,,,,,,,0.627883867286829,0.0513537341006871,-0.2061195432805624,,,,,,,,,,Below same-cost benchmark; original fees 0.20% + slippage 0.10% per side.,,,,,,,,,,,,,,,,,,,,,,,,,,,,,,,,,,,,,,,,,,,,,,,,,,,,,,,,,,,,,,,,,,,,,,
legacy_rsi_pullback,rsi_pullback,"{""entry"": 30, ""exit"": 55, ""max_holding"": 20, ""period"": 14, ""trend"": 200}",Original single-stock allocation rule; source preserved in legacy_strategy_sources.json,rejected_original_module_deleted,,,,,,,,,,,,,-0.0017166603987136,,,,,,,,,,,,0.0119085582129481,0.0012173712175711,-0.0080116012267207,,,,,,,,,,Below same-cost benchmark; original fees 0.20% + slippage 0.10% per side.,,,,,,,,,,,,,,,,,,,,,,,,,,,,,,,,,,,,,,,,,,,,,,,,,,,,,,,,,,,,,,,,,,,,,,
legacy_bollinger_reversion,bollinger_reversion,"{""deviations"": 2.0, ""max_holding"": 20, ""period"": 20}",Original single-stock allocation rule; source preserved in legacy_strategy_sources.json,rejected_original_module_deleted,,,,,,,,,,,,,-0.0675226433472444,,,,,,,,,,,,-0.2665031505482964,-0.0313502445345732,-0.2944387965231481,,,,,,,,,,Below same-cost benchmark; original fees 0.20% + slippage 0.10% per side.,,,,,,,,,,,,,,,,,,,,,,,,,,,,,,,,,,,,,,,,,,,,,,,,,,,,,,,,,,,,,,,,,,,,,,
legacy_macd_trend,macd_trend,"{""fast"": 12, ""signal"": 9, ""slow"": 26, ""trend"": 200}",Original single-stock allocation rule; source preserved in legacy_strategy_sources.json,rejected_original_module_deleted,,,,,,,,,,,,,0.0334090605649775,,,,,,,,,,,,0.002543451792474,0.0002610966399203,-0.1622018713921189,,,,,,,,,,Below same-cost benchmark; original fees 0.20% + slippage 0.10% per side.,,,,,,,,,,,,,,,,,,,,,,,,,,,,,,,,,,,,,,,,,,,,,,,,,,,,,,,,,,,,,,,,,,,,,,
legacy_donchian_breakout,donchian_breakout,"{""entry_window"": 55, ""exit_window"": 20, ""volume_multiple"": 1.5, ""volume_window"": 20}",Original single-stock allocation rule; source preserved in legacy_strategy_sources.json,rejected_original_module_deleted,,,,,,,,,,,,,0.1519398051303933,,,,,,,,,,,,0.4321669436264628,0.037604161351137,-0.1120086915635193,,,,,,,,,,Below same-cost benchmark; original fees 0.20% + slippage 0.10% per side.,,,,,,,,,,,,,,,,,,,,,,,,,,,,,,,,,,,,,,,,,,,,,,,,,,,,,,,,,,,,,,,,,,,,,,
cf1b7832961948fc,multi_horizon_refined,"{""blend"": ""equal"", ""daily_exit"": 0, ""family"": ""multi_horizon_refined"", ""market_window"": 200, ""min_turnover_thb"": 10000000, ""rank_buffer"": 0, ""rebalance"": 10, ""reserve"": 0.01, ""skip"": 21, ""top_n"": 10, ""trend"": 200, ""weighting"": ""equal""}",Rank-buffered or blended multi-horizon momentum,rejected_screen,0.5433555286393561,0.1150088042893764,-0.3131436586976773,,0.7285247679218827,907.0,0.0708238725728072,0.023237804102939,-0.2348381516601231,,0.2319041968102079,707.0,,,,,,,,,,,,,,,,,,,,,,,,,validation: CAGR trails incumbent by >2 percentage points; development: CAGR not higher; development: drawdown not smaller,1.0,reports/momentum_refinement_20260929,False,False,-0.2070820529704327,0.094001971184428,0.159797795445882,0.6672493778835741,974.0,55.95688504341214,-0.0126588679445109,-0.1652734752747018,0.0748782224924434,0.130192161939588,0.7080705474711578,725.0,44.573023687388186,-0.0922676281169612,-0.1185042668421086,0.0884084682264865,0.2193127820887967,1617.0,-0.3131436586976773,0.159797795445882,0.6864127793338035,1699.0,0.6057056217148588,0.8061870378729257,130.55109357032953,-0.0418085776957308,-0.1652734752747018,,,,,,,,,,,,,,,,,,,,,,,,,,,,,,,,,,,,,,,
a07ea53e18c64002,multi_horizon_refined,"{""blend"": ""equal"", ""daily_exit"": 0, ""family"": ""multi_horizon_refined"", ""market_window"": 200, ""min_turnover_thb"": 10000000, ""rank_buffer"": 0, ""rebalance"": 42, ""reserve"": 0.01, ""skip"": 21, ""top_n"": 10, ""trend"": 200, ""weighting"": ""equal""}",Rank-buffered or blended multi-horizon momentum,rejected_screen,0.3477885877676481,0.0777467604687323,-0.270811590545301,,0.5142952413343641,261.0,0.3064191852851725,0.093880317739273,-0.1908761746630393,,0.6488801707174432,223.0,,,,,,,,,,,,,,,,,,,,,,,,,discovery: CAGR trails incumbent by >2 percentage points; validation: CAGR trails incumbent by >2 percentage points; development: CAGR not higher; development: drawdown not smaller,1.0,reports/momentum_refinement_20260929,False,False,-0.1558864742693534,0.035478296560759,0.2718390428665327,0.6823297373302267,974.0,21.1192907677594,-0.0499209117651551,-0.1229414071223254,0.0407053039372881,0.1514124289081715,0.7461729719893743,725.0,24.230789890641212,-0.0216251144806272,-0.0745422898450248,0.0972719787751894,0.0952830926149456,489.0,-0.270811590545301,0.2718390428665327,0.7101630513767314,1699.0,0.6314931487302455,0.911369353696258,56.719502717391286,-0.0329450671470279,-0.1229414071223254,,,,,,,,,,,,,,,,,,,,,,,,,,,,,,,,,,,,,,,
d41bb434234ff230,multi_horizon_refined,"{""blend"": ""equal"", ""daily_exit"": 0, ""family"": ""multi_horizon_refined"", ""market_window"": 200, ""min_turnover_thb"": 10000000, ""rank_buffer"": 0, ""rebalance"": 10, ""reserve"": 0.01, ""skip"": 21, ""top_n"": 15, ""trend"": 200, ""weighting"": ""equal""}",Rank-buffered or blended multi-horizon momentum,rejected_screen,0.513697857999992,0.1095946797014297,-0.2713502276787644,,0.7833992325864529,1281.0,0.1561607044125368,0.04991876483372,-0.1566678899577279,,0.4440858222539529,1048.0,,,,,,,,,,,,,,,,,,,,,,,,,validation: CAGR trails incumbent by >2 percentage points; development: CAGR not higher; development: drawdown not smaller,1.0,reports/momentum_refinement_20260929,False,False,-0.1603084730136654,0.0783691053630777,0.1101396447541303,0.6649343966763068,974.0,46.651053850275474,-0.0180729925324576,-0.1234800442557888,0.0741092899957271,0.0900491244069419,0.7084662703956712,725.0,44.11529852713083,-0.0655866673861802,-0.0403340051397135,0.0933886171643407,0.1971229735643657,2334.0,-0.2713502276787644,0.1101396447541303,0.685253995461024,1699.0,0.70795283958284,0.8646576466804012,117.34208796021534,-0.0368284287578766,-0.1234800442557888,,,,,,,,,,,,,,,,,,,,,,,,,,,,,,,,,,,,,,,
42a00c3066c51b0a,multi_horizon_refined,"{""blend"": ""equal"", ""daily_exit"": 0, ""family"": ""multi_horizon_refined"", ""market_window"": 200, ""min_turnover_thb"": 10000000, ""rank_buffer"": 0, ""rebalance"": 21, ""reserve"": 0.01, ""skip"": 21, ""top_n"": 15, ""trend"": 200, ""weighting"": ""equal""}",Rank-buffered or blended multi-horizon momentum,rejected_screen,0.7572969055911516,0.1519178010702475,-0.1457901075995159,,1.045235062085924,610.0,0.2913872764597383,0.0896387153776245,-0.1742657875069075,,0.6915777071584629,623.0,,,,,,,,,,,,,,,,,,,,,,,,,validation: CAGR trails incumbent by >2 percentage points; development: drawdown not smaller,1.0,reports/momentum_refinement_20260929,False,False,-0.0233357536222595,0.0477908728067562,0.1606188609553582,0.6332972386249863,974.0,28.4486414707758,0.0242501288363601,0.0020800758234595,0.0623140215253671,0.1038647764649151,0.8029296899483955,725.0,37.093887448876224,-0.0258667168422757,-0.0579319026888931,0.1332768963838901,0.162738109002562,1238.0,-0.1742657875069079,0.1606188609553582,0.706260227921119,1699.0,0.9453546894507032,1.3944144510935357,96.87368831630576,0.0030598504616727,-0.0263956040839323,,,,,,,,,,,,,,,,,,,,,,,,,,,,,,,,,,,,,,,
d768b4639b3eb05e,multi_horizon_refined,"{""blend"": ""equal"", ""daily_exit"": 0, ""family"": ""multi_horizon_refined"", ""market_window"": 200, ""min_turnover_thb"": 10000000, ""rank_buffer"": 0, ""rebalance"": 42, ""reserve"": 0.01, ""skip"": 21, ""top_n"": 15, ""trend"": 200, ""weighting"": ""equal""}",Rank-buffered or blended multi-horizon momentum,rejected_screen,0.4829177576435466,0.1038909509636054,-0.2370550630758298,,0.7308071122928773,361.0,0.4035888921920283,0.1205457140126424,-0.1686992612962322,,0.8586773462035356,318.0,,,,,,,,,,,,,,,,,,,,,,,,,discovery: CAGR trails incumbent by >2 percentage points; development: CAGR not higher; development: drawdown not smaller,1.0,reports/momentum_refinement_20260929,False,False,-0.0977578968034378,0.0329665559806311,0.1954390155870654,0.6710746771977238,974.0,19.624118090738207,-0.0237767212702819,-0.0891848796528542,0.0376705760608472,0.1029331990577196,0.745893637359636,725.0,22.424296720547204,0.0050402817927421,-0.0523653764782178,0.1216440287716338,0.0927726617854089,685.0,-0.2370550630758298,0.1954390155870654,0.7035850679877983,1699.0,0.8413534948789226,1.2280631662741262,55.225109700225595,-0.0085730171505835,-0.0891848796528542,,,,,,,,,,,,,,,,,,,,,,,,,,,,,,,,,,,,,,,
ea5031d0fcc34aa2,multi_horizon_refined,"{""blend"": ""equal"", ""daily_exit"": 0, ""family"": ""multi_horizon_refined"", ""market_window"": 200, ""min_turnover_thb"": 10000000, ""rank_buffer"": 0, ""rebalance"": 10, ""reserve"": 0.01, ""skip"": 21, ""top_n"": 20, ""trend"": 200, ""weighting"": ""equal""}",Rank-buffered or blended multi-horizon momentum,rejected_screen,0.4485267342318171,0.0974122072138421,-0.2381235811309752,,0.7920448373217942,1635.0,0.1508836080990738,0.048307550135312,-0.120053305660333,,0.455334060439917,1351.0,,,,,,,,,,,,,,,,,,,,,,,,,discovery: CAGR trails incumbent by >2 percentage points; validation: CAGR trails incumbent by >2 percentage points; development: CAGR not higher; development: drawdown not smaller,1.0,reports/momentum_refinement_20260929,False,False,-0.1319898682387282,0.070843851947443,0.0841361015810635,0.6450779629843354,974.0,42.17146969905533,-0.0302554650200452,-0.0902533977079996,0.0651647546657786,0.0669277779917398,0.7078472878412209,725.0,38.7908534232863,-0.0671978820845882,-0.0037194208423185,0.0884805753914887,0.1717831493472527,2990.0,-0.2381235811309752,0.0841361015810635,0.67360358636773,1699.0,0.7368023320821587,0.8070222847352044,102.25796139487623,-0.0417364705307286,-0.0902533977079996,,,,,,,,,,,,,,,,,,,,,,,,,,,,,,,,,,,,,,,
1f4a1b45a48899c9,multi_horizon_refined,"{""blend"": ""equal"", ""daily_exit"": 0, ""family"": ""multi_horizon_refined"", ""market_window"": 200, ""min_turnover_thb"": 10000000, ""rank_buffer"": 0, ""rebalance"": 42, ""reserve"": 0.01, ""skip"": 21, ""top_n"": 20, ""trend"": 200, ""weighting"": ""equal""}",Rank-buffered or blended multi-horizon momentum,rejected_screen,0.4554837420846276,0.0987320275097862,-0.1828143309325818,,0.7806624513027526,455.0,0.4407310751513567,0.1304139590196058,-0.1179166609481775,,0.9998980242134012,413.0,,,,,,,,,,,,,,,,,,,,,,,,,discovery: CAGR trails incumbent by >2 percentage points; development: CAGR not higher; development: drawdown not smaller,1.0,reports/momentum_refinement_20260929,False,False,-0.0439557001386862,0.0303821150887438,0.154667101923471,0.6552203717997145,974.0,18.0856688426358,-0.0289356447241011,-0.0349441475096062,0.0352744337680448,0.0867668698697855,0.7457419295920105,725.0,20.997936643874542,0.0149085267997055,-0.0015827761301631,0.1212054932931374,0.0843175476595227,872.0,-0.1828143309325818,0.154667101923471,0.6943247170873784,1699.0,0.9284014487282948,1.2219909219965492,50.19200408329229,-0.0090115526290799,-0.0349441475096062,,,,,,,,,,,,,,,,,,,,,,,,,,,,,,,,,,,,,,,
12dfc436299027f8,multi_horizon_refined,"{""blend"": ""equal"", ""daily_exit"": 0, ""family"": ""multi_horizon_refined"", ""market_window"": 200, ""min_turnover_thb"": 10000000, ""rank_buffer"": 0, ""rebalance"": 10, ""reserve"": 0.01, ""skip"": 21, ""top_n"": 25, ""trend"": 200, ""weighting"": ""equal""}",Rank-buffered or blended multi-horizon momentum,rejected_screen,0.3531262114457161,0.0788158855661089,-0.2073185433472057,,0.7302197208297343,1944.0,0.1375659085195097,0.044219420852279,-0.1185438091359369,,0.4393809894206716,1649.0,,,,,,,,,,,,,,,,,,,,,,,,,discovery: CAGR trails incumbent by >2 percentage points; validation: CAGR trails incumbent by >2 percentage points; development: CAGR not higher; development: drawdown not smaller,1.0,reports/momentum_refinement_20260929,False,False,-0.1152990084567139,0.0638451721136502,0.0684433857340817,0.6201736192069536,974.0,38.0053408617479,-0.0488517866677784,-0.0594483599242302,0.058388352480269,0.053464596867488,0.7074554679762539,725.0,34.757040585909344,-0.0712860113676212,-0.0022099243179225,0.0743663973897337,0.1468940036831654,3596.0,-0.2073185433472057,0.0684433857340817,0.6591560869211341,1699.0,0.6850597279167769,0.6497035669214624,87.44211184187482,-0.0558506485324836,-0.0594483599242302,,,,,,,,,,,,,,,,,,,,,,,,,,,,,,,,,,,,,,,
4bd2cef424616326,multi_horizon_refined,"{""blend"": ""equal"", ""daily_exit"": 0, ""family"": ""multi_horizon_refined"", ""market_window"": 200, ""min_turnover_thb"": 10000000, ""rank_buffer"": 0, ""rebalance"": 21, ""reserve"": 0.01, ""skip"": 21, ""top_n"": 25, ""trend"": 200, ""weighting"": ""equal""}",Rank-buffered or blended multi-horizon momentum,rejected_screen,0.5136542620430895,0.1095866628299981,-0.1405602838901616,,0.9754639087643896,934.0,0.2648077332581109,0.0820576915635624,-0.119312408404654,,0.719586694699416,966.0,,,,,,,,,,,,,,,,,,,,,,,,,validation: CAGR trails incumbent by >2 percentage points; development: CAGR not higher,1.0,reports/momentum_refinement_20260929,False,False,-0.0187706592218793,0.0387263626160229,0.1024718968032422,0.6000246470951355,974.0,23.052778508258186,-0.0180810094038892,0.0073098995328139,0.0486721326825849,0.0656965246378185,0.8023659850538255,725.0,28.973232146309257,-0.0334477406563378,-0.0029785235866396,0.1041364871675241,0.1144846298665535,1904.0,-0.1405602838901616,0.1024718968032422,0.6868530591680909,1699.0,0.9077763738925666,0.996394940691977,68.14966954375473,-0.0260805587546932,0.0073098995328139,,,,,,,,,,,,,,,,,,,,,,,,,,,,,,,,,,,,,,,
1af54ccfb6bcbd8d,multi_horizon_refined,"{""blend"": ""equal"", ""daily_exit"": 0, ""family"": ""multi_horizon_refined"", ""market_window"": 200, ""min_turnover_thb"": 10000000, ""rank_buffer"": 0, ""rebalance"": 42, ""reserve"": 0.01, ""skip"": 21, ""top_n"": 25, ""trend"": 200, ""weighting"": ""equal""}",Rank-buffered or blended multi-horizon momentum,rejected_screen,0.3422149435227912,0.0766269697289439,-0.1788370372600214,,0.6908706260653087,552.0,0.3514009178324233,0.1063824263597286,-0.1031126270658171,,0.8826594481210368,502.0,,,,,,,,,,,,,,,,,,,,,,,,,discovery: CAGR trails incumbent by >2 percentage points; development: CAGR not higher; development: drawdown not smaller,1.0,reports/momentum_refinement_20260929,False,False,-0.064537935127182,0.0283636812030074,0.1283078596310416,0.6371106157174964,974.0,16.884148582062885,-0.0510407025049435,-0.0309668538370458,0.0308636624242678,0.0715161995115724,0.7455474812842274,725.0,18.3723212240418,-0.0091230058601716,0.0132212577521972,0.0966459646320812,0.0709968060463718,1055.0,-0.1788370372600214,0.1283078596310416,0.6837658771402471,1699.0,0.8263436248548577,0.903772155355706,42.26251922517519,-0.0335710812901361,-0.0309668538370458,,,,,,,,,,,,,,,,,,,,,,,,,,,,,,,,,,,,,,,
584dfeb1c360e3b2,multi_horizon_refined,"{""blend"": ""equal"", ""daily_exit"": 0, ""family"": ""multi_horizon_refined"", ""market_window"": 200, ""min_turnover_thb"": 10000000, ""rank_buffer"": 0, ""rebalance"": 10, ""reserve"": 0.01, ""skip"": 21, ""top_n"": 30, ""trend"": 200, ""weighting"": ""equal""}",Rank-buffered or blended multi-horizon momentum,rejected_screen,0.3266039810983936,0.0734719469339197,-0.2013752998462195,,0.7449918327882531,2190.0,0.1143015499856827,0.0370010136408605,-0.1106667475695964,,0.3906268031963537,1948.0,,,,,,,,,,,,,,,,,,,,,,,,,discovery: CAGR trails incumbent by >2 percentage points; validation: CAGR trails incumbent by >2 percentage points; development: CAGR not higher; development: drawdown not smaller,1.0,reports/momentum_refinement_20260929,False,False,-0.1172138736468618,0.0546140697626524,0.057686332622689,0.5983092385303652,974.0,32.510309996221466,-0.0541957252999676,-0.0535051164232439,0.0543829759624308,0.0459659426211139,0.7045549961175525,725.0,32.37274597442162,-0.0785044185790397,0.0056671372484179,0.0665082886985994,0.1297908550640352,4141.0,-0.2013752998462195,0.057686332622689,0.6451187860864587,1699.0,0.6614853931874762,0.5673150021159226,77.26106022027213,-0.0637087572236179,-0.0535051164232439,,,,,,,,,,,,,,,,,,,,,,,,,,,,,,,,,,,,,,,
f59051581634ab56,multi_horizon_refined,"{""blend"": ""equal"", ""daily_exit"": 0, ""family"": ""multi_horizon_refined"", ""market_window"": 200, ""min_turnover_thb"": 10000000, ""rank_buffer"": 0, ""rebalance"": 21, ""reserve"": 0.01, ""skip"": 21, ""top_n"": 30, ""trend"": 200, ""weighting"": ""equal""}",Rank-buffered or blended multi-horizon momentum,rejected_screen,0.4534446616518213,0.098345682186784,-0.1339932084171062,,0.9717814715752592,1061.0,0.2015610425000273,0.0635827716652388,-0.1050050144111294,,0.6006693682271479,1108.0,,,,,,,,,,,,,,,,,,,,,,,,,discovery: CAGR trails incumbent by >2 percentage points; validation: CAGR trails incumbent by >2 percentage points; development: CAGR not higher,1.0,reports/momentum_refinement_20260929,False,False,-0.0276671185832603,0.0344054730541321,0.0866323560604253,0.578324769853442,974.0,20.480667333848512,-0.0293219900471033,0.0138769750058692,0.040236458112721,0.0550186644660248,0.7937711376451622,725.0,23.95169838247576,-0.0519226605546614,0.011328870406885,0.0886729523330878,0.0941415482262188,2173.0,-0.1339932084171062,0.0866323560604253,0.6706720981224831,1699.0,0.84451273596136,0.8092522850010082,56.039971561532774,-0.0415440935891295,0.0138769750058692,,,,,,,,,,,,,,,,,,,,,,,,,,,,,,,,,,,,,,,
2cda1bbefdd3935a,multi_horizon_refined,"{""blend"": ""equal"", ""daily_exit"": 0, ""family"": ""multi_horizon_refined"", ""market_window"": 200, ""min_turnover_thb"": 10000000, ""rank_buffer"": 0, ""rebalance"": 42, ""reserve"": 0.01, ""skip"": 21, ""top_n"": 30, ""trend"": 200, ""weighting"": ""equal""}",Rank-buffered or blended multi-horizon momentum,rejected_screen,0.3099947056564986,0.0700844742009292,-0.1596555016572916,,0.6954199386197464,630.0,0.2989355773171156,0.0917727197747739,-0.0956952732849173,,0.8201173711349722,567.0,,,,,,,,,,,,,,,,,,,,,,,,,discovery: CAGR trails incumbent by >2 percentage points; validation: CAGR trails incumbent by >2 percentage points; development: CAGR not higher; development: drawdown not smaller,1.0,reports/momentum_refinement_20260929,False,False,-0.056461371205483,0.0258885054011942,0.109616613562775,0.6164791262058876,974.0,15.410741949636444,-0.0575831980329581,-0.011785318234316,0.0261073168091876,0.0608104864954544,0.734603072348499,725.0,15.540994588480055,-0.0237327124451263,0.020638611533097,0.0855409929510504,0.0608441025405112,1198.0,-0.1596555016572916,0.109616613562775,0.6672151599816627,1699.0,0.7989891468210287,0.7732388743740111,36.21888358861319,-0.0446760529711669,-0.011785318234316,,,,,,,,,,,,,,,,,,,,,,,,,,,,,,,,,,,,,,,
8b839a31f1c42e9d,multi_horizon_refined,"{""blend"": ""medium_long"", ""daily_exit"": 0, ""family"": ""multi_horizon_refined"", ""market_window"": 200, ""min_turnover_thb"": 10000000, ""rank_buffer"": 0, ""rebalance"": 10, ""reserve"": 0.01, ""skip"": 21, ""top_n"": 10, ""trend"": 200, ""weighting"": ""equal""}",Rank-buffered or blended multi-horizon momentum,rejected_screen,0.576456821666905,0.120960303856505,-0.3056915115625764,,0.7712761679206983,861.0,0.2634277514135432,0.0816612145096618,-0.1830087189099566,,0.5835811014830927,667.0,,,,,,,,,,,,,,,,,,,,,,,,,validation: CAGR trails incumbent by >2 percentage points; development: CAGR not higher; development: drawdown not smaller,1.0,reports/momentum_refinement_20260929,False,False,-0.1723753942517304,0.0753549542788328,0.1609707305956776,0.6670046849790862,974.0,44.85680949987077,-0.0067073683773823,-0.1578213281396009,0.0686333029133729,0.1332130291587739,0.707793089288051,725.0,40.85558837631583,-0.0338442177102384,-0.0666748340919421,0.1156629798100878,0.1905469206487641,1530.0,-0.3056915115625764,0.1609707305956776,0.6861514531123108,1699.0,0.7527872496251904,1.1464589399815592,113.427537739606,-0.0145540661121295,-0.1578213281396009,,,,,,,,,,,,,,,,,,,,,,,,,,,,,,,,,,,,,,,
895234f308cee6a7,multi_horizon_refined,"{""blend"": ""medium_long"", ""daily_exit"": 0, ""family"": ""multi_horizon_refined"", ""market_window"": 200, ""min_turnover_thb"": 10000000, ""rank_buffer"": 0, ""rebalance"": 21, ""reserve"": 0.01, ""skip"": 21, ""top_n"": 10, ""trend"": 200, ""weighting"": ""equal""}",Rank-buffered or blended multi-horizon momentum,rejected_screen,0.6825592297958885,0.1394272184563108,-0.197881495045578,,0.8606311681940696,412.0,0.5356490227882538,0.1548874231251396,-0.197526325736589,,0.9584185733881304,395.0,,,,,,,,,,,,,,,,,,,,,,,,,development: drawdown not smaller,1.0,reports/momentum_refinement_20260929,False,False,-0.0236159431714256,0.0452459200550311,0.2291795185464177,0.6388657716388405,974.0,26.93369846718923,0.0117595462224233,-0.0500113116226025,0.0600175257938047,0.1521144401265706,0.8027523072542961,725.0,35.726844332284486,0.0393819909052393,-0.0811924409185745,0.1566124143733942,0.1514143713863591,808.0,-0.197881495045578,0.2291795185464177,0.7093656675734307,1699.0,0.9522032760903736,1.7604138936166769,90.1329670732539,0.0263953684511768,-0.0500113116226025,,,,,,,,,,,,,,,,,,,,,,,,,,,,,,,,,,,,,,,
1d2f5086a1084821,multi_horizon_refined,"{""blend"": ""medium_long"", ""daily_exit"": 0, ""family"": ""multi_horizon_refined"", ""market_window"": 200, ""min_turnover_thb"": 10000000, ""rank_buffer"": 0, ""rebalance"": 42, ""reserve"": 0.01, ""skip"": 21, ""top_n"": 10, ""trend"": 200, ""weighting"": ""equal""}",Rank-buffered or blended multi-horizon momentum,rejected_screen,0.3226064856081696,0.0726595710708337,-0.209052220140085,,0.4894474578564576,242.0,0.5547823183028671,0.1596981441563003,-0.1649212263994134,,0.9570668809676788,202.0,,,,,,,,,,,,,,,,,,,,,,,,,discovery: CAGR trails incumbent by >2 percentage points; development: CAGR not higher; development: drawdown not smaller,1.0,reports/momentum_refinement_20260929,False,False,-0.0753340784804187,0.0303885672903823,0.2992555710275806,0.6819215936060751,974.0,18.08950966746971,-0.0550081011630536,-0.0611820367171095,0.0367313448055631,0.1542591859680153,0.7456222284972253,725.0,21.865197217431454,0.0441927119364,-0.0485873415813989,0.1160650041589081,0.0803573892558175,446.0,-0.209052220140085,0.2992555710275806,0.7096658093430172,1699.0,0.721172020817342,1.151862617045289,47.834626618142494,-0.0141520417633091,-0.0611820367171095,,,,,,,,,,,,,,,,,,,,,,,,,,,,,,,,,,,,,,,
511d1aa2d68e0056,multi_horizon_refined,"{""blend"": ""medium_long"", ""daily_exit"": 0, ""family"": ""multi_horizon_refined"", ""market_window"": 200, ""min_turnover_thb"": 10000000, ""rank_buffer"": 0, ""rebalance"": 10, ""reserve"": 0.01, ""skip"": 21, ""top_n"": 15, ""trend"": 200, ""weighting"": ""equal""}",Rank-buffered or blended multi-horizon momentum,rejected_screen,0.618134242870225,0.1283220609770774,-0.2666297450653631,,0.8977295554406366,1248.0,0.222980056663683,0.0699102769145303,-0.1731670234499389,,0.5693139333093641,989.0,,,,,,,,,,,,,,,,,,,,,,,,,validation: CAGR trails incumbent by >2 percentage points; development: CAGR not higher; development: drawdown not smaller,1.0,reports/momentum_refinement_20260929,False,False,-0.1346846787702325,0.0714192487580346,0.1106138822075342,0.6648245610882033,974.0,42.51398818860331,0.00065438874319,-0.1187595616423875,0.063826608962204,0.0872240810336392,0.7081907154631087,725.0,37.994290709092226,-0.0455951553053699,-0.0568331386319245,0.1142919287943724,0.1809575540116587,2240.0,-0.2666297450653631,0.1106138822075342,0.6850697336828265,1699.0,0.8288857293647178,1.128117744214892,107.7192416284652,-0.0159251171278449,-0.1187595616423875,,,,,,,,,,,,,,,,,,,,,,,,,,,,,,,,,,,,,,,
e79c3dc4688d9562,multi_horizon_refined,"{""blend"": ""medium_long"", ""daily_exit"": 0, ""family"": ""multi_horizon_refined"", ""market_window"": 200, ""min_turnover_thb"": 10000000, ""rank_buffer"": 0, ""rebalance"": 21, ""reserve"": 0.01, ""skip"": 21, ""top_n"": 15, ""trend"": 200, ""weighting"": ""equal""}",Rank-buffered or blended multi-horizon momentum,rejected_screen,0.7575219157639776,0.1519547997749475,-0.166633034961159,,1.049103151939082,591.0,0.4349868259775993,0.1288989151502308,-0.130960082244297,,0.9197711062293028,579.0,,,,,,,,,,,,,,,,,,,,,,,,,development: drawdown not smaller,1.0,reports/momentum_refinement_20260929,False,False,0.0017043037234591,0.0421133554145639,0.1603906038222783,0.6331543537360353,974.0,25.06896566138693,0.0242871275410601,-0.0187628515381834,0.0546262870186037,0.1081397415776862,0.8024918896772238,725.0,32.51758260527633,0.0133934829303306,-0.0146261974262825,0.15068420118386,0.1421635882321933,1173.0,-0.166633034961159,0.1603906038222783,0.7059841994684816,1699.0,1.0415611115580483,1.6631747439575473,84.62622074658809,0.0204671552616426,-0.0187628515381834,,,,,,,,,,,,,,,,,,,,,,,,,,,,,,,,,,,,,,,
10fdd3fc7a0ac47b,multi_horizon_refined,"{""blend"": ""medium_long"", ""daily_exit"": 0, ""family"": ""multi_horizon_refined"", ""market_window"": 200, ""min_turnover_thb"": 10000000, ""rank_buffer"": 0, ""rebalance"": 42, ""reserve"": 0.01, ""skip"": 21, ""top_n"": 15, ""trend"": 200, ""weighting"": ""equal""}",Rank-buffered or blended multi-horizon momentum,rejected_screen,0.5192482790984456,0.1106139381588093,-0.1766069998291303,,0.7845204561973225,346.0,0.3879558920761701,0.1163403175337032,-0.1342159571904078,,0.8196512387028294,301.0,,,,,,,,,,,,,,,,,,,,,,,,,development: CAGR not higher; development: drawdown not smaller,1.0,reports/momentum_refinement_20260929,False,False,-0.0349974575593969,0.0295995946140391,0.1949774418955222,0.6708648599421485,974.0,17.61985511878038,-0.017053734075078,-0.0287368164061547,0.0331870234981693,0.1029372506517473,0.7455501021318364,725.0,19.75535656775366,0.0008348853138029,-0.0178820723723933,0.1239564047689751,0.0830058795541237,651.0,-0.1766069998291303,0.1949774418955222,0.7033043316895963,1699.0,0.8585909196284112,1.2603174899333531,49.41120278238212,-0.0062606411532422,-0.0287368164061547,,,,,,,,,,,,,,,,,,,,,,,,,,,,,,,,,,,,,,,
8faf1673d281b3ed,multi_horizon_refined,"{""blend"": ""medium_long"", ""daily_exit"": 0, ""family"": ""multi_horizon_refined"", ""market_window"": 200, ""min_turnover_thb"": 10000000, ""rank_buffer"": 0, ""rebalance"": 10, ""reserve"": 0.01, ""skip"": 21, ""top_n"": 20, ""trend"": 200, ""weighting"": ""equal""}",Rank-buffered or blended multi-horizon momentum,rejected_screen,0.4508279275784583,0.0978492932805119,-0.237874948910309,,0.7940661217075146,1603.0,0.2161165218241676,0.0678907554457275,-0.1106864147158377,,0.5981938793434031,1309.0,,,,,,,,,,,,,,,,,,,,,,,,,discovery: CAGR trails incumbent by >2 percentage points; validation: CAGR trails incumbent by >2 percentage points; development: CAGR not higher; development: drawdown not smaller,1.0,reports/momentum_refinement_20260929,False,False,-0.1247043386517567,0.0661517711758349,0.0843631625401608,0.6449965040831008,974.0,39.37839822360555,-0.0298183789533754,-0.0900047654873335,0.0603875845972605,0.0653407338613904,0.7076977036777043,725.0,35.947130541854,-0.0476146767741727,0.0056474701021766,0.0955174727577941,0.1588656184768809,2917.0,-0.237874948910309,0.0843631625401608,0.6734932403256787,1699.0,0.7833270701420706,0.8901423133094208,94.56849721821592,-0.0346995731644232,-0.0900047654873335,,,,,,,,,,,,,,,,,,,,,,,,,,,,,,,,,,,,,,,
dd31f7136bd6827d,multi_horizon_refined,"{""blend"": ""medium_long"", ""daily_exit"": 0, ""family"": ""multi_horizon_refined"", ""market_window"": 200, ""min_turnover_thb"": 10000000, ""rank_buffer"": 0, ""rebalance"": 21, ""reserve"": 0.01, ""skip"": 21, ""top_n"": 20, ""trend"": 200, ""weighting"": ""equal""}",Rank-buffered or blended multi-horizon momentum,rejected_screen,0.6126710464473977,0.1273652103264684,-0.1385143748621926,,1.0017079569001963,751.0,0.3276871071025382,0.0998265251313441,-0.1197991239618946,,0.8017811551931439,766.0,,,,,,,,,,,,,,,,,,,,,,,,,development: CAGR not higher,1.0,reports/momentum_refinement_20260929,False,False,0.002407706847279,0.0373328545607151,0.1253403862383401,0.6197017283566467,974.0,22.223260051619196,-0.000302461907419,0.0093558085607828,0.0498828975084027,0.082593807960056,0.8023613519733119,725.0,29.693968395977553,-0.0156789070885561,-0.0034652391438801,0.1232689442087136,0.121129143312741,1523.0,-0.1385143748621926,0.1253403862383401,0.698220814518196,1699.0,0.9639841131767788,1.2506868892522838,72.1049725059474,-0.0069481017135037,0.0093558085607828,,,,,,,,,,,,,,,,,,,,,,,,,,,,,,,,,,,,,,,
a5fd2197cb733698,multi_horizon_refined,"{""blend"": ""medium_long"", ""daily_exit"": 0, ""family"": ""multi_horizon_refined"", ""market_window"": 200, ""min_turnover_thb"": 10000000, ""rank_buffer"": 0, ""rebalance"": 42, ""reserve"": 0.01, ""skip"": 21, ""top_n"": 20, ""trend"": 200, ""weighting"": ""equal""}",Rank-buffered or blended multi-horizon momentum,rejected_screen,0.3933283187965608,0.0867684909634192,-0.1752020516692182,,0.7001264242183053,441.0,0.3776105059238803,0.1135399998894515,-0.1322199905387726,,0.8826401226464282,389.0,,,,,,,,,,,,,,,,,,,,,,,,,discovery: CAGR trails incumbent by >2 percentage points; development: CAGR not higher; development: drawdown not smaller,1.0,reports/momentum_refinement_20260929,False,False,-0.050435263669389,0.027018901512218,0.154667101923471,0.6550651612417099,974.0,16.083636830893564,-0.0408991812704682,-0.0273318682462426,0.0296130372229301,0.085827598214767,0.7453736111613075,725.0,17.62785714800294,-0.0019654323304487,-0.0158861057207582,0.107113650499071,0.0700945869740795,833.0,-0.1752020516692182,0.154667101923471,0.6940737831644966,1699.0,0.8338045546963596,1.0342660611781105,41.72545209481492,-0.0231033954231463,-0.0273318682462426,,,,,,,,,,,,,,,,,,,,,,,,,,,,,,,,,,,,,,,
c7a903c5de345171,multi_horizon_refined,"{""blend"": ""medium_long"", ""daily_exit"": 0, ""family"": ""multi_horizon_refined"", ""market_window"": 200, ""min_turnover_thb"": 10000000, ""rank_buffer"": 0, ""rebalance"": 10, ""reserve"": 0.01, ""skip"": 21, ""top_n"": 25, ""trend"": 200, ""weighting"": ""equal""}",Rank-buffered or blended multi-horizon momentum,rejected_screen,0.348312250362337,0.0778517901770827,-0.2171561842848978,,0.7206160260364028,1903.0,0.2306425477356071,0.0721560077650327,-0.0909633365863027,,0.6645884185156083,1608.0,,,,,,,,,,,,,,,,,,,,,,,,,discovery: CAGR trails incumbent by >2 percentage points; validation: CAGR trails incumbent by >2 percentage points; development: CAGR not higher; development: drawdown not smaller,1.0,reports/momentum_refinement_20260929,False,False,-0.1135439350055373,0.0580018769856585,0.0684433857340818,0.6200882147751108,974.0,34.526981954675,-0.0498158820568046,-0.0692860008619222,0.0551169178195129,0.0551528389783626,0.7073443935329222,725.0,32.80964213317037,-0.0433494244548675,0.0253705482317116,0.0859591117786022,0.136196725590425,3515.0,-0.2171561842848978,0.0684433857340818,0.6590608304600947,1699.0,0.7741920039178956,0.7780108744302752,81.07430536962025,-0.0442579341436151,-0.0692860008619222,,,,,,,,,,,,,,,,,,,,,,,,,,,,,,,,,,,,,,,
37b794ac2a0a33df,multi_horizon_refined,"{""blend"": ""medium_long"", ""daily_exit"": 0, ""family"": ""multi_horizon_refined"", ""market_window"": 200, ""min_turnover_thb"": 10000000, ""rank_buffer"": 0, ""rebalance"": 21, ""reserve"": 0.01, ""skip"": 21, ""top_n"": 25, ""trend"": 200, ""weighting"": ""equal""}",Rank-buffered or blended multi-horizon momentum,rejected_screen,0.5378580117621734,0.1140111317746239,-0.1382510676993462,,1.0099870442234546,902.0,0.2859636269176442,0.0881002568652387,-0.1139732194254846,,0.7584090796624431,932.0,,,,,,,,,,,,,,,,,,,,,,,,,validation: CAGR trails incumbent by >2 percentage points; development: CAGR not higher,1.0,reports/momentum_refinement_20260929,False,False,-0.0113150931148914,0.0344488995195913,0.1024718968032421,0.5998827475475035,974.0,20.506517959159098,-0.0136565404592634,0.0096191157236292,0.0434635045367552,0.065417574038245,0.8021577970152383,725.0,25.872673692931254,-0.0274051753546615,0.0023606653925297,0.1092828370836966,0.1030653129858426,1838.0,-0.1382510676993462,0.1024718968032421,0.6866828684127616,1699.0,0.9428365911222144,1.0622453467833384,61.352052494697695,-0.0209342088385207,0.0096191157236292,,,,,,,,,,,,,,,,,,,,,,,,,,,,,,,,,,,,,,,
9a88ec07f27321b1,multi_horizon_refined,"{""blend"": ""medium_long"", ""daily_exit"": 0, ""family"": ""multi_horizon_refined"", ""market_window"": 200, ""min_turnover_thb"": 10000000, ""rank_buffer"": 0, ""rebalance"": 42, ""reserve"": 0.01, ""skip"": 21, ""top_n"": 25, ""trend"": 200, ""weighting"": ""equal""}",Rank-buffered or blended multi-horizon momentum,rejected_screen,0.3593075961164476,0.080050075087894,-0.1829161528598392,,0.7192869009316649,531.0,0.3114787572430881,0.0953006977358295,-0.1198828448731923,,0.8103666899031327,479.0,,,,,,,,,,,,,,,,,,,,,,,,,discovery: CAGR trails incumbent by >2 percentage points; validation: CAGR trails incumbent by >2 percentage points; development: CAGR not higher; development: drawdown not smaller,1.0,reports/momentum_refinement_20260929,False,False,-0.0713372782590877,0.0254539863576702,0.1283078596310416,0.636938117392671,974.0,15.152084265533832,-0.0476175971459933,-0.0350459694368636,0.026863517217351,0.0715161995115724,0.74528389103936,725.0,15.99114067346334,-0.0202047344840707,-0.0035489600551779,0.0939257370999933,0.0629232769292293,1011.0,-0.1829161528598392,0.1283078596310416,0.6835545118956294,1699.0,0.810716802447976,0.8710596111867654,37.45656106269978,-0.036291308822224,-0.0350459694368636,,,,,,,,,,,,,,,,,,,,,,,,,,,,,,,,,,,,,,,
9abb38b8b58b98aa,multi_horizon_refined,"{""blend"": ""medium_long"", ""daily_exit"": 0, ""family"": ""multi_horizon_refined"", ""market_window"": 200, ""min_turnover_thb"": 10000000, ""rank_buffer"": 0, ""rebalance"": 10, ""reserve"": 0.01, ""skip"": 21, ""top_n"": 30, ""trend"": 200, ""weighting"": ""equal""}",Rank-buffered or blended multi-horizon momentum,rejected_screen,0.3319926677333087,0.0745641451359691,-0.199619539278527,,0.7559159406650526,2168.0,0.1727906863784851,0.0549645325615062,-0.0879927364780078,,0.5409949993258021,1881.0,,,,,,,,,,,,,,,,,,,,,,,,,discovery: CAGR trails incumbent by >2 percentage points; validation: CAGR trails incumbent by >2 percentage points; development: CAGR not higher; development: drawdown not smaller,1.0,reports/momentum_refinement_20260929,False,False,-0.1069870501904797,0.0522287373821027,0.057686332622689,0.5982697184060397,974.0,31.090384774154852,-0.0531035270979183,-0.0517493558555515,0.0473026568919548,0.0459652151459596,0.704398956772512,725.0,28.158019460655332,-0.060540899658394,0.0283411483400065,0.0749793515872891,0.1177116640901232,4052.0,-0.199619539278527,0.057686332622689,0.6450295447567086,1699.0,0.7315322995392312,0.6562832034226886,70.07063759159665,-0.0552376943349282,-0.0517493558555515,,,,,,,,,,,,,,,,,,,,,,,,,,,,,,,,,,,,,,,
e9f93be77c957e23,multi_horizon_refined,"{""blend"": ""medium_long"", ""daily_exit"": 0, ""family"": ""multi_horizon_refined"", ""market_window"": 200, ""min_turnover_thb"": 10000000, ""rank_buffer"": 0, ""rebalance"": 21, ""reserve"": 0.01, ""skip"": 21, ""top_n"": 30, ""trend"": 200, ""weighting"": ""equal""}",Rank-buffered or blended multi-horizon momentum,rejected_screen,0.4452599554977783,0.0967908246847704,-0.1334002653860663,,0.9491434758361614,1033.0,0.2386846696036422,0.0745030330492479,-0.1041334402487895,,0.6866749679088539,1082.0,,,,,,,,,,,,,,,,,,,,,,,,,discovery: CAGR trails incumbent by >2 percentage points; validation: CAGR trails incumbent by >2 percentage points; development: CAGR not higher,1.0,reports/momentum_refinement_20260929,False,False,-0.0232014775535625,0.0313844491826248,0.0866323560604254,0.5782186922929006,974.0,18.682331795121623,-0.030876847549117,0.0144699180369092,0.0375500577401181,0.0550186644660248,0.7936430919135696,725.0,22.352555354555687,-0.0410023991706522,0.0122004445692248,0.0925456503317456,0.0867618631721299,2119.0,-0.1334002653860663,0.0866323560604254,0.6705566462688438,1699.0,0.871081290611796,0.854648112765078,51.647040402482254,-0.0376713955904717,0.0144699180369092,,,,,,,,,,,,,,,,,,,,,,,,,,,,,,,,,,,,,,,
c041182219b31a7c,multi_horizon_refined,"{""blend"": ""medium_long"", ""daily_exit"": 0, ""family"": ""multi_horizon_refined"", ""market_window"": 200, ""min_turnover_thb"": 10000000, ""rank_buffer"": 0, ""rebalance"": 42, ""reserve"": 0.01, ""skip"": 21, ""top_n"": 30, ""trend"": 200, ""weighting"": ""equal""}",Rank-buffered or blended multi-horizon momentum,rejected_screen,0.2650849761187934,0.0607611268382826,-0.1726891096278123,,0.6063012763477522,616.0,0.3159981633283675,0.0965663615838967,-0.1028421109997783,,0.8674002474230624,552.0,,,,,,,,,,,,,,,,,,,,,,,,,discovery: CAGR trails incumbent by >2 percentage points; development: CAGR not higher; development: drawdown not smaller,1.0,reports/momentum_refinement_20260929,False,False,-0.0728858639894567,0.0242324548409794,0.1096166135627751,0.6163793724511187,974.0,14.424938889802643,-0.0669065453956048,-0.0248189262048368,0.0243658577474658,0.0608104864954544,0.7344686671224882,725.0,14.5043501086171,-0.0189390706360035,0.013491773818236,0.0821501081375974,0.0556939466468468,1169.0,-0.1726891096278123,0.1096166135627751,0.6671006223698871,1699.0,0.7701158443390194,0.734942261517832,33.15313211908258,-0.0480669377846199,-0.0248189262048368,,,,,,,,,,,,,,,,,,,,,,,,,,,,,,,,,,,,,,,
f57178c2a5e94371,multi_horizon_refined,"{""blend"": ""slow"", ""daily_exit"": 0, ""family"": ""multi_horizon_refined"", ""market_window"": 200, ""min_turnover_thb"": 10000000, ""rank_buffer"": 0, ""rebalance"": 10, ""reserve"": 0.01, ""skip"": 21, ""top_n"": 10, ""trend"": 200, ""weighting"": ""equal""}",Rank-buffered or blended multi-horizon momentum,rejected_screen,0.7667654805322646,0.1534716728076426,-0.2858495997731477,,0.9239616630196712,880.0,0.095766459256974,0.0311780031871502,-0.2093226146375846,,0.2827648737718407,687.0,,,,,,,,,,,,,,,,,,,,,,,,,validation: CAGR trails incumbent by >2 percentage points; development: CAGR not higher; development: drawdown not smaller,1.0,reports/momentum_refinement_20260929,False,False,-0.1548271236402658,0.0873471101265232,0.159863296220781,0.6671098512735338,974.0,51.995422421884186,0.0258040005737552,-0.1379794163501722,0.0685897687801879,0.1296548126824238,0.7079278511590872,725.0,40.82967365925825,-0.08432742903275,-0.0929887298195701,0.1133693386321237,0.2186592187323915,1570.0,-0.2858495997731477,0.159863296220781,0.6862726449657486,1699.0,0.7410019765124645,1.1158515362503278,130.16204460526907,-0.0168477072900936,-0.1379794163501722,,,,,,,,,,,,,,,,,,,,,,,,,,,,,,,,,,,,,,,
71aaf3290d0addaf,multi_horizon_refined,"{""blend"": ""slow"", ""daily_exit"": 0, ""family"": ""multi_horizon_refined"", ""market_window"": 200, ""min_turnover_thb"": 10000000, ""rank_buffer"": 0, ""rebalance"": 21, ""reserve"": 0.01, ""skip"": 21, ""top_n"": 10, ""trend"": 200, ""weighting"": ""equal""}",Rank-buffered or blended multi-horizon momentum,rejected_screen,0.6555064725589479,0.1348035259855466,-0.1938412310562302,,0.8353288180718773,424.0,0.2215261223802829,0.0694831020799349,-0.2624192015907118,,0.5104551744664187,417.0,,,,,,,,,,,,,,,,,,,,,,,,,validation: CAGR trails incumbent by >2 percentage points; development: CAGR not higher; development: drawdown not smaller,1.0,reports/momentum_refinement_20260929,False,False,-0.1282386811779572,0.0504515664887835,0.2291795383293819,0.6390038445055614,974.0,30.03248198629893,0.0071358537516592,-0.0459710476332546,0.0598830688508527,0.150951247283858,0.8027152869858989,725.0,35.64680567346432,-0.0460223301399653,-0.1460853167726974,0.1165273829119959,0.1559678861181121,845.0,-0.2624192015907113,0.2291795383293819,0.7094428871126174,1699.0,0.7543560637108101,1.1580919340903866,92.84355385327228,-0.0136896630102214,-0.1145490181677357,,,,,,,,,,,,,,,,,,,,,,,,,,,,,,,,,,,,,,,
032fe19d9aa1a328,multi_horizon_refined,"{""blend"": ""slow"", ""daily_exit"": 0, ""family"": ""multi_horizon_refined"", ""market_window"": 200, ""min_turnover_thb"": 10000000, ""rank_buffer"": 0, ""rebalance"": 42, ""reserve"": 0.01, ""skip"": 21, ""top_n"": 10, ""trend"": 200, ""weighting"": ""equal""}",Rank-buffered or blended multi-horizon momentum,rejected_screen,0.4245579187952426,0.0928283797460465,-0.2245258313376257,,0.5948067666596093,250.0,0.3375571223078171,0.1025645560024506,-0.1805282309145827,,0.6874483115554009,217.0,,,,,,,,,,,,,,,,,,,,,,,,,discovery: CAGR trails incumbent by >2 percentage points; development: CAGR not higher; development: drawdown not smaller,1.0,reports/momentum_refinement_20260929,False,False,-0.1030884838577935,0.033048340749577,0.2991441081413068,0.6820973345744946,974.0,19.67280239870054,-0.0348392924878409,-0.0766556479146501,0.0398455855842128,0.1510825087061519,0.7459950815437459,725.0,23.719022313359645,-0.0129408762174496,-0.0641943460965682,0.103784209979074,0.0926081341778291,472.0,-0.2245258313376257,0.2991441081413068,0.7099519749726511,1699.0,0.667748378646828,0.9919540136822984,55.12717077077753,-0.0264328359431433,-0.0766556479146501,,,,,,,,,,,,,,,,,,,,,,,,,,,,,,,,,,,,,,,
6b6b92334be3e761,multi_horizon_refined,"{""blend"": ""slow"", ""daily_exit"": 0, ""family"": ""multi_horizon_refined"", ""market_window"": 200, ""min_turnover_thb"": 10000000, ""rank_buffer"": 0, ""rebalance"": 10, ""reserve"": 0.01, ""skip"": 21, ""top_n"": 15, ""trend"": 200, ""weighting"": ""equal""}",Rank-buffered or blended multi-horizon momentum,rejected_screen,0.6106023115206547,0.127002248191703,-0.2631379288454559,,0.8841947041985869,1277.0,0.1756218990489679,0.0558188185237182,-0.1547005433097268,,0.4787364067803609,1017.0,,,,,,,,,,,,,,,,,,,,,,,,,validation: CAGR trails incumbent by >2 percentage points; development: CAGR not higher; development: drawdown not smaller,1.0,reports/momentum_refinement_20260929,False,False,-0.1395944130531627,0.0790402240012796,0.1101792268572123,0.6649251413548442,974.0,47.05055300986941,-0.0006654240421843,-0.1152677454224804,0.0686393068073751,0.087716352308362,0.7083170009296026,725.0,40.85916233548134,-0.059686613696182,-0.0383666584917123,0.105890378291535,0.1953893484546453,2297.0,-0.2631379288454559,0.1101792268572123,0.6851821457680384,1699.0,0.7797069066343907,1.018631559684545,116.3101068245999,-0.0243266676306823,-0.1152677454224804,,,,,,,,,,,,,,,,,,,,,,,,,,,,,,,,,,,,,,,
404585f6a003a069,multi_horizon_refined,"{""blend"": ""slow"", ""daily_exit"": 0, ""family"": ""multi_horizon_refined"", ""market_window"": 200, ""min_turnover_thb"": 10000000, ""rank_buffer"": 0, ""rebalance"": 21, ""reserve"": 0.01, ""skip"": 21, ""top_n"": 15, ""trend"": 200, ""weighting"": ""equal""}",Rank-buffered or blended multi-horizon momentum,rejected_confirmation,0.7697515404246538,0.1539604159039784,-0.1465738553773237,,1.058634233780607,597.0,0.3953047684096491,0.1183211193120135,-0.1447054569202457,,0.8777405208531902,606.0,,,,,,,,,,,,,3.189165201170777,0.1586092478057406,-0.1465738553773237,,1.1252558383727709,1566.0,2.6827921532282364,0.1433702693708227,-0.1575278989277267,,1.0289660356834085,1566.0,recent_base: drawdown requirement failed; full_stress: drawdown requirement failed; delay: drawdown not smaller; exclude_DELTA: drawdown not smaller; exclude_THAI: drawdown not smaller; phase10: drawdown not smaller,1.0,reports/momentum_refinement_20260929,True,False,0.0181545772771091,0.0446307063226485,0.1606188609553582,0.6331999930649111,974.0,26.567478018125204,0.026292743670091,0.0012963280456518,0.0611852739695859,0.1030511111255153,0.8027729444371552,725.0,36.42197390891478,0.0028156870921132,-0.0283715721022312,0.1470752951536746,0.1582849236472357,1208.0,-0.1465738553773237,0.1606188609553582,0.706137567441567,1699.0,1.030611466383842,1.605427798476748,94.22282495817352,0.0168582492314572,0.0012963280456518,0.1896183431071405,0.0272718920260454,358.0,-0.0866917076996555,0.1581214878883903,0.540353054505935,671.0,1.3931660576129898,0.6078607910838885,16.23423538665719,0.0180885782604225,-3.786133148742099e-05,0.176914581562783,0.0439476246554616,358.0,-0.0869181362038783,0.1581882328296883,0.5400593241924756,671.0,1.3097734879980585,0.5613325382796401,15.981535566915737,0.0176683406210369,0.0023963578314459,0.2293398692489507,0.1606188609553582,0.6592002644121117,2370.0,136.5199531215851,0.0171649115040284,0.0012963280456518,0.3476912333040609,0.1604726989805807,0.6588166620600773,2370.0,126.43777348414882,0.0165200860383463,-0.0029470154364513,
b9b6ced43ef8acd0,multi_horizon_refined,"{""blend"": ""slow"", ""daily_exit"": 0, ""family"": ""multi_horizon_refined"", ""market_window"": 200, ""min_turnover_thb"": 10000000, ""rank_buffer"": 0, ""rebalance"": 42, ""reserve"": 0.01, ""skip"": 21, ""top_n"": 15, ""trend"": 200, ""weighting"": ""equal""}",Rank-buffered or blended multi-horizon momentum,rejected_screen,0.5090317279878707,0.1087356406113291,-0.1960530246448191,,0.7653578075938561,353.0,0.4041290300839326,0.1206904578652481,-0.1170507864906676,,0.8626783599518129,310.0,,,,,,,,,,,,,,,,,,,,,,,,,development: CAGR not higher; development: drawdown not smaller,1.0,reports/momentum_refinement_20260929,False,False,-0.0538477513005296,0.0312972181896892,0.1954390155870653,0.6709625995912,974.0,18.630405494189656,-0.0189320316225583,-0.0481828412218435,0.0358707789615842,0.1034354642500772,0.7457276406672425,725.0,21.352925151249643,0.0051850256453478,-0.0007169016726532,0.1245521358435313,0.0889744808207145,668.0,-0.1960530246448191,0.1954390155870653,0.7034437663989567,1699.0,0.8644561966223463,1.2686915877620226,52.96415311668227,-0.005664910078686,-0.0481828412218435,,,,,,,,,,,,,,,,,,,,,,,,,,,,,,,,,,,,,,,
31177131abd6fdad,multi_horizon_refined,"{""blend"": ""slow"", ""daily_exit"": 0, ""family"": ""multi_horizon_refined"", ""market_window"": 200, ""min_turnover_thb"": 10000000, ""rank_buffer"": 0, ""rebalance"": 10, ""reserve"": 0.01, ""skip"": 21, ""top_n"": 20, ""trend"": 200, ""weighting"": ""equal""}",Rank-buffered or blended multi-horizon momentum,rejected_screen,0.4426957704165404,0.0963023468326156,-0.2311756430899254,,0.7842969094958033,1618.0,0.2035878800802646,0.0641847246421956,-0.1014484948075253,,0.5692989700881902,1330.0,,,,,,,,,,,,,,,,,,,,,,,,,discovery: CAGR trails incumbent by >2 percentage points; validation: CAGR trails incumbent by >2 percentage points; development: CAGR not higher; development: drawdown not smaller,1.0,reports/momentum_refinement_20260929,False,False,-0.1188000239046253,0.0682392760786112,0.0842708896251837,0.6450341894614553,974.0,40.6210346321872,-0.0313653254012717,-0.0833054596669499,0.0630095970173332,0.0663117389902535,0.7077726991553008,725.0,37.50794512609872,-0.0513207075777046,0.014885390010489,0.094722481684542,0.1653364027782438,2952.0,-0.2311756430899254,0.0842708896251837,0.6735463520925157,1699.0,0.7758691873810675,0.8805907371342212,98.42038381942012,-0.0354945642376753,-0.0833054596669499,,,,,,,,,,,,,,,,,,,,,,,,,,,,,,,,,,,,,,,
0707a3eb10e1154a,multi_horizon_refined,"{""blend"": ""slow"", ""daily_exit"": 0, ""family"": ""multi_horizon_refined"", ""market_window"": 200, ""min_turnover_thb"": 10000000, ""rank_buffer"": 0, ""rebalance"": 21, ""reserve"": 0.01, ""skip"": 21, ""top_n"": 20, ""trend"": 200, ""weighting"": ""equal""}",Rank-buffered or blended multi-horizon momentum,rejected_screen,0.6030598579068924,0.1256759499914206,-0.1554322041603801,,0.9887456242493308,763.0,0.4440188647442153,0.1312793075183909,-0.1175259553524268,,1.0211339498951613,781.0,,,,,,,,,,,,,,,,,,,,,,,,,development: drawdown not smaller,1.0,reports/momentum_refinement_20260929,False,False,-0.0019153826140253,0.0394797977299238,0.1253403862383401,0.6197684211476422,974.0,23.50127848676936,-0.0019917222424667,-0.0075620207374046,0.0562422364649177,0.082163244885309,0.8025043188731356,725.0,33.47951453355421,0.0157738752984906,-0.0011920705344123,0.1358636840455966,0.1337138048568009,1551.0,-0.1554322041603801,0.1253403862383401,0.6983225920714808,1699.0,1.05002730100064,1.43281772076035,79.59628838430916,0.0056466381233792,-0.0075620207374046,,,,,,,,,,,,,,,,,,,,,,,,,,,,,,,,,,,,,,,
faa9b53d1a125fcf,multi_horizon_refined,"{""blend"": ""slow"", ""daily_exit"": 0, ""family"": ""multi_horizon_refined"", ""market_window"": 200, ""min_turnover_thb"": 10000000, ""rank_buffer"": 0, ""rebalance"": 42, ""reserve"": 0.01, ""skip"": 21, ""top_n"": 20, ""trend"": 200, ""weighting"": ""equal""}",Rank-buffered or blended multi-horizon momentum,rejected_screen,0.4032699678106142,0.0887085431218654,-0.2048851920371616,,0.713441544279674,448.0,0.4842900078863821,0.1417740631795443,-0.0998390444626523,,1.0599795001933154,397.0,,,,,,,,,,,,,,,,,,,,,,,,,discovery: CAGR trails incumbent by >2 percentage points; development: CAGR not higher; development: drawdown not smaller,1.0,reports/momentum_refinement_20260929,False,False,-0.0671100449143136,0.0284158675317891,0.154667101923471,0.6551435374077323,974.0,16.915213722119862,-0.0389591291120219,-0.057015008614186,0.0330426691649134,0.0867668698697855,0.7455079621665875,725.0,19.669426254487412,0.026268630959644,0.016494840355362,0.1201220096220898,0.077097931137895,849.0,-0.2048851920371616,0.154667101923471,0.6941808307742313,1699.0,0.9170666001957192,1.207049062497564,45.894357484311634,-0.0100950363001275,-0.057015008614186,,,,,,,,,,,,,,,,,,,,,,,,,,,,,,,,,,,,,,,
0f5cfa7e8fdac82f,multi_horizon_refined,"{""blend"": ""slow"", ""daily_exit"": 0, ""family"": ""multi_horizon_refined"", ""market_window"": 200, ""min_turnover_thb"": 10000000, ""rank_buffer"": 0, ""rebalance"": 10, ""reserve"": 0.01, ""skip"": 21, ""top_n"": 25, ""trend"": 200, ""weighting"": ""equal""}",Rank-buffered or blended multi-horizon momentum,rejected_screen,0.3678083413140458,0.0817405050631716,-0.2081880988682002,,0.7539879770475164,1926.0,0.19665433239398,0.0621227235116441,-0.103226281354362,,0.5806240346194078,1621.0,,,,,,,,,,,,,,,,,,,,,,,,,discovery: CAGR trails incumbent by >2 percentage points; validation: CAGR trails incumbent by >2 percentage points; development: CAGR not higher; development: drawdown not smaller,1.0,reports/momentum_refinement_20260929,False,False,-0.1066696849476753,0.0613510877850884,0.0684433857340818,0.6201370954628254,974.0,36.520678483891,-0.0459271671707157,-0.0603179154452246,0.0560987137598691,0.0548094681110776,0.7073786805484997,725.0,33.394079266545134,-0.0533827087082561,0.0131076034636523,0.0838652764197667,0.1419445688325181,3550.0,-0.2081880988682002,0.0684433857340818,0.659102381791842,1699.0,0.7569476364985669,0.7542238194954927,84.49584429580214,-0.0463517695024506,-0.0603179154452246,,,,,,,,,,,,,,,,,,,,,,,,,,,,,,,,,,,,,,,
13a88e86f435d66a,multi_horizon_refined,"{""blend"": ""slow"", ""daily_exit"": 0, ""family"": ""multi_horizon_refined"", ""market_window"": 200, ""min_turnover_thb"": 10000000, ""rank_buffer"": 0, ""rebalance"": 21, ""reserve"": 0.01, ""skip"": 21, ""top_n"": 25, ""trend"": 200, ""weighting"": ""equal""}",Rank-buffered or blended multi-horizon momentum,rejected_screen,0.5063066533036376,0.1082330309066896,-0.1510561263816623,,0.9573796122684252,908.0,0.284307211203807,0.0876295432115872,-0.11701431700705,,0.756690118851518,945.0,,,,,,,,,,,,,,,,,,,,,,,,,validation: CAGR trails incumbent by >2 percentage points; development: CAGR not higher; development: drawdown not smaller,1.0,reports/momentum_refinement_20260929,False,False,-0.0276145539192654,0.034997683143072,0.1024718968032422,0.5999069792146609,974.0,20.83319432291924,-0.0194346413271977,-0.0031859429586867,0.0456608770793144,0.0655757195832014,0.8022367461652599,725.0,27.180711399079996,-0.027875889008313,-0.0006804321890355,0.1057884349616387,0.1056580458595062,1857.0,-0.1510561263816623,0.1024718968032422,0.6867304512531689,1699.0,0.9136598690886308,1.0173332935473836,62.8954377400478,-0.0244286109605786,-0.0031859429586867,,,,,,,,,,,,,,,,,,,,,,,,,,,,,,,,,,,,,,,
e6885d8bb1eee30f,multi_horizon_refined,"{""blend"": ""slow"", ""daily_exit"": 0, ""family"": ""multi_horizon_refined"", ""market_window"": 200, ""min_turnover_thb"": 10000000, ""rank_buffer"": 0, ""rebalance"": 42, ""reserve"": 0.01, ""skip"": 21, ""top_n"": 25, ""trend"": 200, ""weighting"": ""equal""}",Rank-buffered or blended multi-horizon momentum,rejected_screen,0.3431741870732474,0.0768199374628826,-0.1871302551802106,,0.6890513704666893,532.0,0.3761813164360519,0.1131520458941042,-0.0979155940116811,,0.9381387744637564,484.0,,,,,,,,,,,,,,,,,,,,,,,,,discovery: CAGR trails incumbent by >2 percentage points; development: CAGR not higher; development: drawdown not smaller,1.0,reports/momentum_refinement_20260929,False,False,-0.0698595230894041,0.0254535095873254,0.1283078596310416,0.6369388345976967,974.0,15.151800456768528,-0.0508477347710047,-0.0392600717572351,0.0283486417041001,0.0715161995115724,0.7453488020361021,725.0,16.875195966486164,-0.002353386325796,0.0184182908063332,0.0996175945900483,0.0645715613522143,1017.0,-0.1871302551802106,0.1283078596310416,0.6835826181842737,1699.0,0.8488624829516902,0.9400667895391496,38.43774114662441,-0.030599451332169,-0.0392600717572351,,,,,,,,,,,,,,,,,,,,,,,,,,,,,,,,,,,,,,,
628d5f7712e9716a,multi_horizon_refined,"{""blend"": ""slow"", ""daily_exit"": 0, ""family"": ""multi_horizon_refined"", ""market_window"": 200, ""min_turnover_thb"": 10000000, ""rank_buffer"": 0, ""rebalance"": 10, ""reserve"": 0.01, ""skip"": 21, ""top_n"": 30, ""trend"": 200, ""weighting"": ""equal""}",Rank-buffered or blended multi-horizon momentum,rejected_screen,0.3054228214833907,0.0691463915380292,-0.2055941683182567,,0.7056266130210572,2181.0,0.1737606189539025,0.0552573527159423,-0.0890603257417775,,0.5473758284432342,1888.0,,,,,,,,,,,,,,,,,,,,,,,,,discovery: CAGR trails incumbent by >2 percentage points; validation: CAGR trails incumbent by >2 percentage points; development: CAGR not higher; development: drawdown not smaller,1.0,reports/momentum_refinement_20260929,False,False,-0.115933892862441,0.052834873953108,0.057686332622689,0.5982916744929095,974.0,31.451201829339897,-0.0585212806958581,-0.0577239848952811,0.0483644250088552,0.0459155105762764,0.7044167375605467,725.0,28.79006191371818,-0.0602480795039579,0.0272735590762368,0.0720071379550575,0.1184811533537673,4072.0,-0.2055941683182567,0.057686332622689,0.6450497190881074,1699.0,0.7076136166316195,0.6245870801962683,70.52869418046751,-0.0582099079671598,-0.0577239848952811,,,,,,,,,,,,,,,,,,,,,,,,,,,,,,,,,,,,,,,
3245ce8add8e8428,multi_horizon_refined,"{""blend"": ""slow"", ""daily_exit"": 0, ""family"": ""multi_horizon_refined"", ""market_window"": 200, ""min_turnover_thb"": 10000000, ""rank_buffer"": 0, ""rebalance"": 21, ""reserve"": 0.01, ""skip"": 21, ""top_n"": 30, ""trend"": 200, ""weighting"": ""equal""}",Rank-buffered or blended multi-horizon momentum,rejected_screen,0.4105366913220885,0.0901200961975345,-0.1379510584783109,,0.8902445849316585,1041.0,0.2240785026827301,0.0702327834480509,-0.1093285928012052,,0.652454287140621,1086.0,,,,,,,,,,,,,,,,,,,,,,,,,discovery: CAGR trails incumbent by >2 percentage points; validation: CAGR trails incumbent by >2 percentage points; development: CAGR not higher,1.0,reports/momentum_refinement_20260929,False,False,-0.0334017903843666,0.0314109571583917,0.0866323560604254,0.5782461385553691,974.0,18.698111291381483,-0.0375475760363528,0.0099191249446646,0.0377804311555251,0.0550186644660248,0.79366165915046,725.0,22.489690550345372,-0.0452726487718493,0.0070052920168092,0.0868961305931861,0.0857945390411989,2131.0,-0.1379510584783109,0.0866323560604254,0.6705803036592797,1699.0,0.8238172041022995,0.7887450634017314,51.07121795416331,-0.0433209153290312,0.0099191249446646,,,,,,,,,,,,,,,,,,,,,,,,,,,,,,,,,,,,,,,
093c379696b742e0,multi_horizon_refined,"{""blend"": ""slow"", ""daily_exit"": 0, ""family"": ""multi_horizon_refined"", ""market_window"": 200, ""min_turnover_thb"": 10000000, ""rank_buffer"": 0, ""rebalance"": 42, ""reserve"": 0.01, ""skip"": 21, ""top_n"": 30, ""trend"": 200, ""weighting"": ""equal""}",Rank-buffered or blended multi-horizon momentum,rejected_screen,0.2446472158995962,0.0564359382609125,-0.1765428025965029,,0.5707949634739461,619.0,0.3458408629169311,0.1048521992064317,-0.0983711455967423,,0.9273819979489704,554.0,,,,,,,,,,,,,,,,,,,,,,,,,discovery: CAGR trails incumbent by >2 percentage points; development: CAGR not higher; development: drawdown not smaller,1.0,reports/momentum_refinement_20260929,False,False,-0.0757875953069289,0.0238177736211446,0.1096166135627751,0.6163911233925556,974.0,14.17809013699904,-0.0712317339729748,-0.0286726191735273,0.0250069391059278,0.0608104864954544,0.7344885726441561,725.0,14.885968870723186,-0.0106532330134685,0.0179627392212721,0.0831020697888158,0.0556024098124179,1174.0,-0.1765428025965029,0.1096166135627751,0.6671158503766531,1699.0,0.7778199946386594,0.7456214643501107,33.09864266469309,-0.0471149761334015,-0.0286726191735273,,,,,,,,,,,,,,,,,,,,,,,,,,,,,,,,,,,,,,,
108ab70df7127096,multi_horizon_refined,"{""blend"": ""fast"", ""daily_exit"": 0, ""family"": ""multi_horizon_refined"", ""market_window"": 200, ""min_turnover_thb"": 10000000, ""rank_buffer"": 0, ""rebalance"": 10, ""reserve"": 0.01, ""skip"": 21, ""top_n"": 10, ""trend"": 200, ""weighting"": ""equal""}",Rank-buffered or blended multi-horizon momentum,rejected_screen,0.6407188507662958,0.1322521456259404,-0.2576185058375825,,0.8353519303499106,920.0,-0.0376181590543084,-0.0127898765117475,-0.2175973972326309,,-0.0120022010586314,733.0,,,,,,,,,,,,,,,,,,,,,,,,,validation: CAGR trails incumbent by >2 percentage points; development: CAGR not higher; development: drawdown not smaller,1.0,reports/momentum_refinement_20260929,False,False,-0.1591166521372247,0.1027955555907047,0.1603466453727403,0.6673171215434626,974.0,61.19147305833963,0.004584473392053,-0.1097483224146069,0.077552207157557,0.1301921619100567,0.7082500003198627,725.0,46.16477597330618,-0.1282953087316478,-0.1012635124146165,0.0808487161995996,0.2404083440459377,1656.0,-0.2576185058375825,0.1603466453727403,0.6865289065078873,1699.0,0.5700279291277421,0.7204337036027411,143.1087231656276,-0.0493683297226177,-0.1097483224146069,,,,,,,,,,,,,,,,,,,,,,,,,,,,,,,,,,,,,,,
830e5b3909e4760b,multi_horizon_refined,"{""blend"": ""fast"", ""daily_exit"": 0, ""family"": ""multi_horizon_refined"", ""market_window"": 200, ""min_turnover_thb"": 10000000, ""rank_buffer"": 0, ""rebalance"": 21, ""reserve"": 0.01, ""skip"": 21, ""top_n"": 10, ""trend"": 200, ""weighting"": ""equal""}",Rank-buffered or blended multi-horizon momentum,rejected_screen,0.7699964337645206,0.1540004713827594,-0.1670748525142963,,0.914729305119048,441.0,0.2550191364142016,0.0792391306711641,-0.2348893059503203,,0.5711674662299919,438.0,,,,,,,,,,,,,,,,,,,,,,,,,validation: CAGR trails incumbent by >2 percentage points; development: drawdown not smaller,1.0,reports/momentum_refinement_20260929,False,False,-0.0853978409417072,0.0592231398676006,0.2287837486298666,0.6392007873089769,974.0,35.2539674192515,0.0263327991488719,-0.0192046690913207,0.0707985821361826,0.1511210510048247,0.8033363409582406,725.0,42.14452177878606,-0.0362663015487361,-0.1185554211323058,0.1318383275078545,0.1938203548272579,885.0,-0.2348893059503198,0.2287837486298666,0.7098306122583141,1699.0,0.8265253966950195,1.373283166955566,115.37612645232336,0.0016212815856371,-0.0870191225273443,,,,,,,,,,,,,,,,,,,,,,,,,,,,,,,,,,,,,,,
c37b1b331429cff9,multi_horizon_refined,"{""blend"": ""fast"", ""daily_exit"": 0, ""family"": ""multi_horizon_refined"", ""market_window"": 200, ""min_turnover_thb"": 10000000, ""rank_buffer"": 0, ""rebalance"": 42, ""reserve"": 0.01, ""skip"": 21, ""top_n"": 10, ""trend"": 200, ""weighting"": ""equal""}",Rank-buffered or blended multi-horizon momentum,rejected_screen,0.3030513185336865,0.0686588246231478,-0.2717413984557778,,0.4623311694468709,268.0,0.3148877576683595,0.0962556593427199,-0.2030000418374369,,0.657598026216418,224.0,,,,,,,,,,,,,,,,,,,,,,,,,discovery: CAGR trails incumbent by >2 percentage points; development: CAGR not higher; development: drawdown not smaller,1.0,reports/momentum_refinement_20260929,False,False,-0.1613532250473288,0.0376911259958455,0.2783932369206282,0.6824799747304144,974.0,22.43652955285764,-0.0590088476107395,-0.1238712150328023,0.0408374352882608,0.1513390873864512,0.7462125334049842,725.0,24.30944418611872,-0.0192497728771803,-0.0866661570194224,0.0927350359076908,0.0963952662271473,499.0,-0.2717413984557778,0.2783932369206282,0.7102862306841567,1699.0,0.6011077631692923,0.8568928912617386,57.38155022748219,-0.0374820100145265,-0.1238712150328023,,,,,,,,,,,,,,,,,,,,,,,,,,,,,,,,,,,,,,,
45029c05f48c9d73,multi_horizon_refined,"{""blend"": ""fast"", ""daily_exit"": 0, ""family"": ""multi_horizon_refined"", ""market_window"": 200, ""min_turnover_thb"": 10000000, ""rank_buffer"": 0, ""rebalance"": 10, ""reserve"": 0.01, ""skip"": 21, ""top_n"": 15, ""trend"": 200, ""weighting"": ""equal""}",Rank-buffered or blended multi-horizon momentum,rejected_screen,0.4762333911511935,0.102640597539459,-0.2748061047315879,,0.7460337838248353,1317.0,0.0390039208425085,0.0129278634131022,-0.1865979665240481,,0.1660903320975706,1052.0,,,,,,,,,,,,,,,,,,,,,,,,,discovery: CAGR trails incumbent by >2 percentage points; validation: CAGR trails incumbent by >2 percentage points; development: CAGR not higher; development: drawdown not smaller,1.0,reports/momentum_refinement_20260929,False,False,-0.1835797774651481,0.087557276763524,0.1103952888229588,0.665056565108006,974.0,52.12052905739867,-0.0250270746944283,-0.1269359213086124,0.0700848211735677,0.0898888296795956,0.7075743862918917,725.0,41.71963877228871,-0.102577568806798,-0.0702640817060337,0.0735731897656817,0.1981599192280859,2376.0,-0.2748061047315879,0.1103952888229588,0.6849475479730448,1699.0,0.5793994111264732,0.6412222833560517,117.95935426399538,-0.0566438561565356,-0.1269359213086124,,,,,,,,,,,,,,,,,,,,,,,,,,,,,,,,,,,,,,,
e1f99177158f9a32,multi_horizon_refined,"{""blend"": ""fast"", ""daily_exit"": 0, ""family"": ""multi_horizon_refined"", ""market_window"": 200, ""min_turnover_thb"": 10000000, ""rank_buffer"": 0, ""rebalance"": 21, ""reserve"": 0.01, ""skip"": 21, ""top_n"": 15, ""trend"": 200, ""weighting"": ""equal""}",Rank-buffered or blended multi-horizon momentum,rejected_screen,0.7098740059660797,0.1440395304079835,-0.142628598845401,,1.0006197900877891,627.0,0.1994032400945351,0.0629411815187472,-0.1848249858015039,,0.5177578399397036,630.0,,,,,,,,,,,,,,,,,,,,,,,,,validation: CAGR trails incumbent by >2 percentage points; development: CAGR not higher; development: drawdown not smaller,1.0,reports/momentum_refinement_20260929,False,False,-0.050261820403587,0.052489583899955,0.1606188605632407,0.633413688198988,974.0,31.24565980115189,0.0163718581740961,0.0052415845775745,0.0613075797310617,0.1055407535572698,0.8029720528986409,725.0,36.49477929106601,-0.052564250701153,-0.0684911009834895,0.1169100278971588,0.1628385027374156,1263.0,-0.184824985801504,0.1606188605632407,0.706348495153082,1699.0,0.8491542772690188,1.16325872821304,96.9334500490598,-0.0133070180250585,-0.0369548023785285,,,,,,,,,,,,,,,,,,,,,,,,,,,,,,,,,,,,,,,
21843d07d02f8456,multi_horizon_refined,"{""blend"": ""fast"", ""daily_exit"": 0, ""family"": ""multi_horizon_refined"", ""market_window"": 200, ""min_turnover_thb"": 10000000, ""rank_buffer"": 0, ""rebalance"": 42, ""reserve"": 0.01, ""skip"": 21, ""top_n"": 15, ""trend"": 200, ""weighting"": ""equal""}",Rank-buffered or blended multi-horizon momentum,rejected_screen,0.4140445848919361,0.0907995517567747,-0.2208400255405624,,0.6525317093920346,370.0,0.3713278032289033,0.111832556775397,-0.1628955523136078,,0.8201189565750634,328.0,,,,,,,,,,,,,,,,,,,,,,,,,discovery: CAGR trails incumbent by >2 percentage points; development: CAGR not higher; development: drawdown not smaller,1.0,reports/momentum_refinement_20260929,False,False,-0.0928994370975758,0.0344740609893781,0.1954390155870653,0.6711874828234696,974.0,20.52149591605341,-0.0368681204771126,-0.0729698421175869,0.0398525545410302,0.1031417486471321,0.7460768014383989,725.0,23.72317074887208,-0.0036728754445032,-0.0465616674955934,0.1102874509422284,0.0950311717247194,705.0,-0.2208400255405624,0.1954390155870653,0.7037334608551604,1699.0,0.7796088909648821,1.075314659926267,56.56954088024255,-0.0199295949799889,-0.0729698421175869,,,,,,,,,,,,,,,,,,,,,,,,,,,,,,,,,,,,,,,
5356ebfb70c69eb3,multi_horizon_refined,"{""blend"": ""fast"", ""daily_exit"": 0, ""family"": ""multi_horizon_refined"", ""market_window"": 200, ""min_turnover_thb"": 10000000, ""rank_buffer"": 0, ""rebalance"": 10, ""reserve"": 0.01, ""skip"": 21, ""top_n"": 20, ""trend"": 200, ""weighting"": ""equal""}",Rank-buffered or blended multi-horizon momentum,rejected_screen,0.415930109766053,0.0911642436958108,-0.234088865750228,,0.7512158225933714,1671.0,0.0955150362648957,0.0310985676095241,-0.147529207983357,,0.3229738085106244,1391.0,,,,,,,,,,,,,,,,,,,,,,,,,discovery: CAGR trails incumbent by >2 percentage points; validation: CAGR trails incumbent by >2 percentage points; development: CAGR not higher; development: drawdown not smaller,1.0,reports/momentum_refinement_20260929,False,False,-0.1404532410067477,0.0768253442693578,0.0844303759544784,0.6451716482400387,974.0,45.73209373734023,-0.0365034285380765,-0.0862186823272525,0.0703385094162189,0.0677666189716926,0.7079856810470265,725.0,41.870652667551,-0.0844068646103761,-0.0311953231653425,0.0759824872427221,0.1827609321301521,3067.0,-0.234088865750228,0.0844303759544784,0.6737175682687163,1699.0,0.6535926060909798,0.6670996708865473,108.79274488371463,-0.0542345586794952,-0.0862186823272525,,,,,,,,,,,,,,,,,,,,,,,,,,,,,,,,,,,,,,,
85206e481a14baf1,multi_horizon_refined,"{""blend"": ""fast"", ""daily_exit"": 0, ""family"": ""multi_horizon_refined"", ""market_window"": 200, ""min_turnover_thb"": 10000000, ""rank_buffer"": 0, ""rebalance"": 21, ""reserve"": 0.01, ""skip"": 21, ""top_n"": 20, ""trend"": 200, ""weighting"": ""equal""}",Rank-buffered or blended multi-horizon momentum,rejected_screen,0.5975204651325381,0.124698898278452,-0.1430248106247978,,0.9841438750541152,801.0,0.2473026902166311,0.0770069207389472,-0.1259899648677844,,0.6597433237645132,817.0,,,,,,,,,,,,,,,,,,,,,,,,,validation: CAGR trails incumbent by >2 percentage points; development: CAGR not higher,1.0,reports/momentum_refinement_20260929,False,False,-0.0137164461274472,0.0465470313094651,0.1253403862383401,0.6199794156289097,974.0,27.708215554178913,-0.0029687739554353,0.0048453727981776,0.0571465133452367,0.079591426848194,0.8027298324237016,725.0,34.01780662255895,-0.038498511480953,-0.00965608004977,0.1116552269965924,0.1424470058196609,1627.0,-0.1430248106247978,0.1253403862383401,0.6985452690502486,1699.0,0.8963329780281419,1.0932224838339173,84.79493173382996,-0.0185618189256249,0.0048453727981776,,,,,,,,,,,,,,,,,,,,,,,,,,,,,,,,,,,,,,,
b2b84cef78f67700,multi_horizon_refined,"{""blend"": ""fast"", ""daily_exit"": 0, ""family"": ""multi_horizon_refined"", ""market_window"": 200, ""min_turnover_thb"": 10000000, ""rank_buffer"": 0, ""rebalance"": 42, ""reserve"": 0.01, ""skip"": 21, ""top_n"": 20, ""trend"": 200, ""weighting"": ""equal""}",Rank-buffered or blended multi-horizon momentum,rejected_screen,0.417770352312881,0.0915198266323673,-0.1826907839505336,,0.7329855495268011,470.0,0.3384884955999145,0.1028222334329305,-0.117420510634664,,0.8207732470614734,426.0,,,,,,,,,,,,,,,,,,,,,,,,,discovery: CAGR trails incumbent by >2 percentage points; development: CAGR not higher; development: drawdown not smaller,1.0,reports/momentum_refinement_20260929,False,False,-0.0598166509351126,0.0326355896089459,0.154667101923471,0.6553737757374548,974.0,19.42710257095422,-0.03614784560152,-0.034820600527558,0.0361679690735378,0.0799563769595598,0.7459212858948457,725.0,21.5298345577343,-0.0126831987869697,-0.0010866258166496,0.1052209955146628,0.0869034872751109,902.0,-0.1826907839505336,0.154667101923471,0.6944985888907464,1699.0,0.8255236557722032,1.0101199172522626,51.73134548193994,-0.0249960504075545,-0.034820600527558,,,,,,,,,,,,,,,,,,,,,,,,,,,,,,,,,,,,,,,
646ec6779eaa4b0a,multi_horizon_refined,"{""blend"": ""fast"", ""daily_exit"": 0, ""family"": ""multi_horizon_refined"", ""market_window"": 200, ""min_turnover_thb"": 10000000, ""rank_buffer"": 0, ""rebalance"": 10, ""reserve"": 0.01, ""skip"": 21, ""top_n"": 25, ""trend"": 200, ""weighting"": ""equal""}",Rank-buffered or blended multi-horizon momentum,rejected_screen,0.3580673329845869,0.0798027789622723,-0.2142144135565575,,0.7397356576828572,1972.0,0.0811946500543501,0.0265539938662411,-0.131304933986611,,0.2915243856867818,1699.0,,,,,,,,,,,,,,,,,,,,,,,,,discovery: CAGR trails incumbent by >2 percentage points; validation: CAGR trails incumbent by >2 percentage points; development: CAGR not higher; development: drawdown not smaller,1.0,reports/momentum_refinement_20260929,False,False,-0.1294335621370229,0.0675847599008428,0.0684433857340818,0.6202331616314204,974.0,40.231418477792026,-0.047864893271615,-0.066344230133582,0.0634455205405579,0.0537925113124788,0.7081419794956153,725.0,37.76743885978804,-0.0889514383536591,-0.0149710491685965,0.0671277139187764,0.1582978544754107,3674.0,-0.2142144135565575,0.0684433857340818,0.6594831725278668,1699.0,0.6293677054696453,0.5736787747938936,94.23052233788364,-0.0630893320034409,-0.066344230133582,,,,,,,,,,,,,,,,,,,,,,,,,,,,,,,,,,,,,,,
90c77fd5b264561e,multi_horizon_refined,"{""blend"": ""fast"", ""daily_exit"": 0, ""family"": ""multi_horizon_refined"", ""market_window"": 200, ""min_turnover_thb"": 10000000, ""rank_buffer"": 0, ""rebalance"": 21, ""reserve"": 0.01, ""skip"": 21, ""top_n"": 25, ""trend"": 200, ""weighting"": ""equal""}",Rank-buffered or blended multi-horizon momentum,rejected_screen,0.5268985217173237,0.1120142375504393,-0.1438616147499692,,0.998142503574316,952.0,0.2805468578507428,0.0865594419087147,-0.1085611076059556,,0.7642840215706986,990.0,,,,,,,,,,,,,,,,,,,,,,,,,validation: CAGR trails incumbent by >2 percentage points; development: CAGR not higher,1.0,reports/momentum_refinement_20260929,False,False,-0.0187319852322267,0.0416530471139381,0.1024718968032421,0.600105373391598,974.0,24.794956315220016,-0.015653434683448,0.0040085686730062,0.0526119793180929,0.0656965246378185,0.8025084528343382,725.0,31.318518553540653,-0.0289459903111855,0.0077727772120588,0.1074764920169843,0.1243473250371111,1946.0,-0.1438616147499692,0.1024718968032421,0.6869601318883967,1699.0,0.9410883364027468,1.0389233980190231,74.02067089535757,-0.0227405539052329,0.0040085686730062,,,,,,,,,,,,,,,,,,,,,,,,,,,,,,,,,,,,,,,
26759268bf9b6f90,multi_horizon_refined,"{""blend"": ""fast"", ""daily_exit"": 0, ""family"": ""multi_horizon_refined"", ""market_window"": 200, ""min_turnover_thb"": 10000000, ""rank_buffer"": 0, ""rebalance"": 42, ""reserve"": 0.01, ""skip"": 21, ""top_n"": 25, ""trend"": 200, ""weighting"": ""equal""}",Rank-buffered or blended multi-horizon momentum,rejected_screen,0.402852784796422,0.0886273397178694,-0.1648381625281471,,0.7886592037516263,567.0,0.341194705036365,0.1035702688895494,-0.114106265874196,,0.8658889686223549,517.0,,,,,,,,,,,,,,,,,,,,,,,,,discovery: CAGR trails incumbent by >2 percentage points; development: CAGR not higher; development: drawdown not smaller,1.0,reports/momentum_refinement_20260929,False,False,-0.0447717035947687,0.0311837434143201,0.1283078596310416,0.6372438224483862,974.0,18.562856964295595,-0.039040332516018,-0.0169679791051715,0.0330295314016581,0.0715161995115724,0.7457243574908488,725.0,19.661605691801952,-0.0119351633303508,0.0022276189438183,0.1024133214326201,0.078931749404933,1085.0,-0.1648381625281471,0.1283078596310416,0.6839177146608082,1699.0,0.8734084454382133,0.974752574840816,46.985980954183646,-0.0278037244895972,-0.0169679791051715,,,,,,,,,,,,,,,,,,,,,,,,,,,,,,,,,,,,,,,
d075b707d13436c0,multi_horizon_refined,"{""blend"": ""fast"", ""daily_exit"": 0, ""family"": ""multi_horizon_refined"", ""market_window"": 200, ""min_turnover_thb"": 10000000, ""rank_buffer"": 0, ""rebalance"": 10, ""reserve"": 0.01, ""skip"": 21, ""top_n"": 30, ""trend"": 200, ""weighting"": ""equal""}",Rank-buffered or blended multi-horizon momentum,rejected_screen,0.3551301980785946,0.0792164680138991,-0.2021930351617001,,0.8038186437955045,2228.0,0.0858034207392175,0.0280209275064873,-0.0965990969199349,,0.3114169859655143,1965.0,,,,,,,,,,,,,,,,,,,,,,,,,discovery: CAGR trails incumbent by >2 percentage points; validation: CAGR trails incumbent by >2 percentage points; development: CAGR not higher; development: drawdown not smaller,1.0,reports/momentum_refinement_20260929,False,False,-0.118739296217972,0.0600334243708144,0.057686332622689,0.5983773592312561,974.0,35.736308334314245,-0.0484512042199882,-0.0543228517387246,0.0548380836708691,0.0449142750601031,0.704593331581404,725.0,32.64365954572841,-0.0874845047134129,0.0197347878980794,0.0658006014429699,0.1374806445669787,4196.0,-0.2021930351617001,0.057686332622689,0.6451741967799419,1699.0,0.6590256003734477,0.5600714488580965,81.83858834869861,-0.0644164444792474,-0.0543228517387246,,,,,,,,,,,,,,,,,,,,,,,,,,,,,,,,,,,,,,,
0678258d11c89f80,multi_horizon_refined,"{""blend"": ""fast"", ""daily_exit"": 0, ""family"": ""multi_horizon_refined"", ""market_window"": 200, ""min_turnover_thb"": 10000000, ""rank_buffer"": 0, ""rebalance"": 21, ""reserve"": 0.01, ""skip"": 21, ""top_n"": 30, ""trend"": 200, ""weighting"": ""equal""}",Rank-buffered or blended multi-horizon momentum,rejected_screen,0.4852718407446199,0.1043302918979398,-0.127866198945055,,1.0299503326829698,1073.0,0.2322335195822831,0.0726211261321143,-0.1086926577329038,,0.6775227146164798,1141.0,,,,,,,,,,,,,,,,,,,,,,,,,discovery: CAGR trails incumbent by >2 percentage points; validation: CAGR trails incumbent by >2 percentage points; development: CAGR not higher,1.0,reports/momentum_refinement_20260929,False,False,-0.0142041691468752,0.036457960170973,0.0866323560604254,0.5783712159886782,974.0,21.702458581447132,-0.0233373803359475,0.0200039844779205,0.045426417688474,0.0550186644660248,0.79393561953919,725.0,27.041143930278007,-0.0428843060877859,0.0076412270851106,0.0960088922974216,0.1054880369752244,2218.0,-0.127866198945055,0.0866323560604254,0.6707689126656788,1699.0,0.910734482467164,0.8960673308715184,62.79423595167833,-0.0342081536247957,0.0200039844779205,,,,,,,,,,,,,,,,,,,,,,,,,,,,,,,,,,,,,,,
cba2a06710737d86,multi_horizon_refined,"{""blend"": ""fast"", ""daily_exit"": 0, ""family"": ""multi_horizon_refined"", ""market_window"": 200, ""min_turnover_thb"": 10000000, ""rank_buffer"": 0, ""rebalance"": 42, ""reserve"": 0.01, ""skip"": 21, ""top_n"": 30, ""trend"": 200, ""weighting"": ""equal""}",Rank-buffered or blended multi-horizon momentum,rejected_screen,0.3293245233017945,0.074023770681012,-0.1644467675463582,,0.7278847019388257,643.0,0.2899086320993169,0.0892197131591403,-0.1089314178906816,,0.7979500205456711,594.0,,,,,,,,,,,,,,,,,,,,,,,,,discovery: CAGR trails incumbent by >2 percentage points; validation: CAGR trails incumbent by >2 percentage points; development: CAGR not higher; development: drawdown not smaller,1.0,reports/momentum_refinement_20260929,False,False,-0.0600582857908822,0.0277172356947369,0.109616613562775,0.6165763909298058,974.0,16.49933668357456,-0.0536439015528753,-0.0165765841233827,0.0295300080297455,0.0608104864954544,0.7348702232523032,725.0,17.578432067233493,-0.0262857190607599,0.0074024669273328,0.0867353442547178,0.0679300494645364,1238.0,-0.1644467675463582,0.109616613562775,0.6673849188045068,1699.0,0.8066988844550512,0.7868992104078938,40.43696021461782,-0.0434817016674995,-0.0165765841233827,,,,,,,,,,,,,,,,,,,,,,,,,,,,,,,,,,,,,,,
6ceef8aaa289b46f,multi_horizon_refined,"{""blend"": ""medium"", ""daily_exit"": 0, ""family"": ""multi_horizon_refined"", ""market_window"": 200, ""min_turnover_thb"": 10000000, ""rank_buffer"": 0, ""rebalance"": 10, ""reserve"": 0.01, ""skip"": 21, ""top_n"": 10, ""trend"": 200, ""weighting"": ""equal""}",Rank-buffered or blended multi-horizon momentum,rejected_screen,0.7010011915384893,0.1425473784615623,-0.3253007751891394,,0.871219061232508,901.0,0.1312599691699179,0.0422725924632643,-0.2010819205560733,,0.3523037098966626,704.0,,,,,,,,,,,,,,,,,,,,,,,,,validation: CAGR trails incumbent by >2 percentage points; development: CAGR not higher; development: drawdown not smaller,1.0,reports/momentum_refinement_20260929,False,False,-0.1952496145465846,0.0962360043398402,0.1597978137756784,0.6672238949831694,974.0,57.286745841919256,0.0148797062276748,-0.1774305917661639,0.0764354466739139,0.1337998442706699,0.7080565132222032,725.0,45.49999802006903,-0.0732328397566359,-0.0847480357380588,0.1123980231417967,0.2372402903081658,1608.0,-0.3253007751891394,0.1597978137756784,0.6863922099085582,1699.0,0.7352940890720758,1.103003007725163,141.2228646396607,-0.0178190227804206,-0.1774305917661639,,,,,,,,,,,,,,,,,,,,,,,,,,,,,,,,,,,,,,,
d218d2a227b97079,multi_horizon_refined,"{""blend"": ""medium"", ""daily_exit"": 0, ""family"": ""multi_horizon_refined"", ""market_window"": 200, ""min_turnover_thb"": 10000000, ""rank_buffer"": 0, ""rebalance"": 21, ""reserve"": 0.01, ""skip"": 21, ""top_n"": 10, ""trend"": 200, ""weighting"": ""equal""}",Rank-buffered or blended multi-horizon momentum,rejected_screen,0.7647007570306441,0.1531333673723911,-0.1939400775024975,,0.917167559427998,427.0,0.278995108834702,0.0861172449973963,-0.2221757401666302,,0.6104423700934735,429.0,,,,,,,,,,,,,,,,,,,,,,,,,validation: CAGR trails incumbent by >2 percentage points; development: drawdown not smaller,1.0,reports/momentum_refinement_20260929,False,False,-0.0702792946536386,0.0528385365781234,0.2291097389860589,0.6390441469822199,974.0,31.453382093055193,0.0254656951385037,-0.046069894079522,0.0667641192366128,0.1509084649787676,0.8032295116715767,725.0,39.74291281422279,-0.0293881872225039,-0.1058418553486157,0.1342433080122338,0.178228267457147,860.0,-0.2221757401666306,0.2291097389860589,0.7096848104188933,1699.0,0.8431969149923955,1.4087005061361433,106.09456959172988,0.0040262620900164,-0.0743055567436551,,,,,,,,,,,,,,,,,,,,,,,,,,,,,,,,,,,,,,,
91ee3392932fbba4,multi_horizon_refined,"{""blend"": ""medium"", ""daily_exit"": 0, ""family"": ""multi_horizon_refined"", ""market_window"": 200, ""min_turnover_thb"": 10000000, ""rank_buffer"": 0, ""rebalance"": 42, ""reserve"": 0.01, ""skip"": 21, ""top_n"": 10, ""trend"": 200, ""weighting"": ""equal""}",Rank-buffered or blended multi-horizon momentum,rejected_screen,0.4636070846172893,0.1002671467842433,-0.2637538883869894,,0.6251241230660265,258.0,0.4482890291823955,0.1324012661126119,-0.1631010759636934,,0.8597719975431667,221.0,,,,,,,,,,,,,,,,,,,,,,,,,discovery: CAGR trails incumbent by >2 percentage points; development: CAGR not higher; development: drawdown not smaller,1.0,reports/momentum_refinement_20260929,False,False,-0.1192170996819509,0.0362552490779141,0.2718407532169188,0.6822862430864894,974.0,21.58179003387946,-0.0274005254496441,-0.1158837049640139,0.0419684405588495,0.1530432982852368,0.7461499859838598,725.0,24.982701683939247,0.0168958338927116,-0.0467671911456789,0.1268836512042803,0.1028690450331156,483.0,-0.2637538883869894,0.2718407532169188,0.7101201806218858,1699.0,0.7793684110302023,1.3017214200357126,61.235219378008026,-0.003333394717937,-0.1158837049640139,,,,,,,,,,,,,,,,,,,,,,,,,,,,,,,,,,,,,,,
add42b96569a9cde,multi_horizon_refined,"{""blend"": ""medium"", ""daily_exit"": 0, ""family"": ""multi_horizon_refined"", ""market_window"": 200, ""min_turnover_thb"": 10000000, ""rank_buffer"": 0, ""rebalance"": 10, ""reserve"": 0.01, ""skip"": 21, ""top_n"": 15, ""trend"": 200, ""weighting"": ""equal""}",Rank-buffered or blended multi-horizon momentum,rejected_screen,0.5340653331247287,0.1133212895616402,-0.2700656917898455,,0.8016689476717804,1277.0,0.1039429019924462,0.0337547284109234,-0.1810751871025102,,0.320673447078547,1032.0,,,,,,,,,,,,,,,,,,,,,,,,,validation: CAGR trails incumbent by >2 percentage points; development: CAGR not higher; development: drawdown not smaller,1.0,reports/momentum_refinement_20260929,False,False,-0.1641127155160591,0.0776075698977845,0.1101792268572123,0.6649222020909665,974.0,46.19773194701144,-0.0143463826722471,-0.1221955083668699,0.069469535553399,0.0898008598333579,0.7083881756746272,725.0,41.35337553032863,-0.0817507038089768,-0.0647413022844958,0.0882998387730282,0.1900988553248598,2313.0,-0.2700656917898455,0.1101792268572123,0.6852126747371572,1699.0,0.6688140854869239,0.8049293628350669,113.1608163133876,-0.0419172071491891,-0.1221955083668699,,,,,,,,,,,,,,,,,,,,,,,,,,,,,,,,,,,,,,,
50a0731c9373aa57,multi_horizon_refined,"{""blend"": ""medium"", ""daily_exit"": 0, ""family"": ""multi_horizon_refined"", ""market_window"": 200, ""min_turnover_thb"": 10000000, ""rank_buffer"": 0, ""rebalance"": 21, ""reserve"": 0.01, ""skip"": 21, ""top_n"": 15, ""trend"": 200, ""weighting"": ""equal""}",Rank-buffered or blended multi-horizon momentum,rejected_screen,0.8462216203631265,0.1662712427885098,-0.1294678558762267,,1.1274608477116197,597.0,0.347120399840185,0.1052047222686873,-0.1918076240044471,,0.788643386218364,612.0,,,,,,,,,,,,,,,,,,,,,,,,,development: drawdown not smaller,1.0,reports/momentum_refinement_20260929,False,False,-0.0259019791076934,0.0460378310077111,0.160618861069944,0.633209586226427,974.0,27.405102094000313,0.0386035705546223,0.0184023275467487,0.0609920501997846,0.1028529686209959,0.8028105348164221,725.0,36.30695291373573,-0.0103007099512129,-0.0754737391864327,0.1482525073959952,0.1642266005456307,1214.0,-0.1918076240044468,0.160618861069944,0.7061591326261464,1699.0,1.0324100138892396,1.624145568511528,97.75974792882356,0.0180354614737778,-0.0439374405814713,,,,,,,,,,,,,,,,,,,,,,,,,,,,,,,,,,,,,,,
bf0f19c6660c3b1f,multi_horizon_refined,"{""blend"": ""medium"", ""daily_exit"": 0, ""family"": ""multi_horizon_refined"", ""market_window"": 200, ""min_turnover_thb"": 10000000, ""rank_buffer"": 0, ""rebalance"": 42, ""reserve"": 0.01, ""skip"": 21, ""top_n"": 15, ""trend"": 200, ""weighting"": ""equal""}",Rank-buffered or blended multi-horizon momentum,rejected_screen,0.5032099193184938,0.1076610452336563,-0.2149919360722484,,0.7502619829588388,353.0,0.4163141347613961,0.1239459874670685,-0.1763934708108412,,0.8749304672757922,314.0,,,,,,,,,,,,,,,,,,,,,,,,,discovery: CAGR trails incumbent by >2 percentage points; development: CAGR not higher; development: drawdown not smaller,1.0,reports/momentum_refinement_20260929,False,False,-0.0720538986448469,0.0313862376451539,0.1954390155870653,0.6709633789998021,974.0,18.68339641952136,-0.020006627000231,-0.0671217526492728,0.0370177104747944,0.1029331990577196,0.7458129098977961,725.0,22.035663119706204,0.0084405552471682,-0.0600595859928267,0.1252848999266433,0.09096018356363,673.0,-0.2149919360722484,0.1954390155870653,0.7034868149832579,1699.0,0.8590465420766995,1.2790283780394094,54.14618939438658,-0.004932145995574,-0.0671217526492728,,,,,,,,,,,,,,,,,,,,,,,,,,,,,,,,,,,,,,,
324ae0218b2e3f2d,multi_horizon_refined,"{""blend"": ""medium"", ""daily_exit"": 0, ""family"": ""multi_horizon_refined"", ""market_window"": 200, ""min_turnover_thb"": 10000000, ""rank_buffer"": 0, ""rebalance"": 10, ""reserve"": 0.01, ""skip"": 21, ""top_n"": 20, ""trend"": 200, ""weighting"": ""equal""}",Rank-buffered or blended multi-horizon momentum,rejected_screen,0.4746220999933563,0.1023385610172229,-0.233082911857772,,0.8296967181215326,1619.0,0.1354535208884708,0.0435680651820604,-0.1225295371046494,,0.4127724281522388,1336.0,,,,,,,,,,,,,,,,,,,,,,,,,discovery: CAGR trails incumbent by >2 percentage points; validation: CAGR trails incumbent by >2 percentage points; development: CAGR not higher; development: drawdown not smaller,1.0,reports/momentum_refinement_20260929,False,False,-0.1262693634769593,0.0688748491936021,0.0841361015810635,0.6450384695490998,974.0,40.99937448276811,-0.0253291112166644,-0.0852127284347965,0.0617757546523126,0.0677248491689098,0.7077905654024472,725.0,36.77347142824732,-0.0719373670378398,-0.0061956522866349,0.0891604108800545,0.1662197994598827,2959.0,-0.233082911857772,0.0841361015810635,0.6735567355154929,1699.0,0.7391822043437882,0.814913378779897,98.94624647888725,-0.0410566350421628,-0.0852127284347965,,,,,,,,,,,,,,,,,,,,,,,,,,,,,,,,,,,,,,,
a86c363a4de219aa,multi_horizon_refined,"{""blend"": ""medium"", ""daily_exit"": 0, ""family"": ""multi_horizon_refined"", ""market_window"": 200, ""min_turnover_thb"": 10000000, ""rank_buffer"": 0, ""rebalance"": 21, ""reserve"": 0.01, ""skip"": 21, ""top_n"": 20, ""trend"": 200, ""weighting"": ""equal""}",Rank-buffered or blended multi-horizon momentum,rejected_screen,0.5979547631515931,0.1247755924424793,-0.147509362718482,,0.9737891696156578,766.0,0.2997437477674873,0.0920007115579737,-0.1323161804913579,,0.7603513808451374,795.0,,,,,,,,,,,,,,,,,,,,,,,,,validation: CAGR trails incumbent by >2 percentage points; development: CAGR not higher,1.0,reports/momentum_refinement_20260929,False,False,-0.0115078005304073,0.0400588589324609,0.1253403862383401,0.6197852311959303,974.0,23.84597829183936,-0.002892079791408,0.0003608207044935,0.0544851521838564,0.0787427390268985,0.8025785552301201,725.0,32.43356877424636,-0.0235047206619265,-0.0159822956733435,0.1183484246873165,0.1310419407322597,1568.0,-0.147509362718482,0.1253403862383401,0.6983639071022689,1699.0,0.9321703671544334,1.1827760809443562,78.00579840005936,-0.0118686212349008,0.0003608207044935,,,,,,,,,,,,,,,,,,,,,,,,,,,,,,,,,,,,,,,
54caf0d5ecc3d754,multi_horizon_refined,"{""blend"": ""medium"", ""daily_exit"": 0, ""family"": ""multi_horizon_refined"", ""market_window"": 200, ""min_turnover_thb"": 10000000, ""rank_buffer"": 0, ""rebalance"": 42, ""reserve"": 0.01, ""skip"": 21, ""top_n"": 20, ""trend"": 200, ""weighting"": ""equal""}",Rank-buffered or blended multi-horizon momentum,rejected_screen,0.4005745721913212,0.0881835731418252,-0.1862847145249743,,0.7058860441585093,452.0,0.4021660245114544,0.1201642427837361,-0.1199410741082636,,0.9259912430593096,409.0,,,,,,,,,,,,,,,,,,,,,,,,,discovery: CAGR trails incumbent by >2 percentage points; development: CAGR not higher; development: drawdown not smaller,1.0,reports/momentum_refinement_20260929,False,False,-0.0579140593722982,0.0294096413549706,0.154667101923471,0.6551848285173593,974.0,17.506780972064185,-0.0394840990920621,-0.0384145311019987,0.0339374897129711,0.0867668698697855,0.7456741557851932,725.0,20.202089239223262,0.0046588105638358,-0.0036071892902491,0.1107175176519179,0.0793260705420492,865.0,-0.1862847145249743,0.154667101923471,0.6942754178809933,1699.0,0.8547586966870239,1.0809311743103915,47.22070988871317,-0.0194995282702994,-0.0384145311019987,,,,,,,,,,,,,,,,,,,,,,,,,,,,,,,,,,,,,,,
df3dd0a80cea5ee1,multi_horizon_refined,"{""blend"": ""medium"", ""daily_exit"": 0, ""family"": ""multi_horizon_refined"", ""market_window"": 200, ""min_turnover_thb"": 10000000, ""rank_buffer"": 0, ""rebalance"": 10, ""reserve"": 0.01, ""skip"": 21, ""top_n"": 25, ""trend"": 200, ""weighting"": ""equal""}",Rank-buffered or blended multi-horizon momentum,rejected_screen,0.3843051330923164,0.08499867338032,-0.2054414790935567,,0.7810257881023762,1932.0,0.1702245967942595,0.0541890600946637,-0.099238238575232,,0.5183794138369214,1645.0,,,,,,,,,,,,,,,,,,,,,,,,,discovery: CAGR trails incumbent by >2 percentage points; validation: CAGR trails incumbent by >2 percentage points; development: CAGR not higher; development: drawdown not smaller,1.0,reports/momentum_refinement_20260929,False,False,-0.1055285921990405,0.0628923658417878,0.0684433857340817,0.620151715330781,974.0,37.438160510618395,-0.0426689988535673,-0.0575712956705811,0.0591547040496382,0.0530240515742498,0.7074493145645834,725.0,35.21322938843875,-0.0613163721252365,0.0170956462427823,0.082259749393758,0.1489917951035703,3580.0,-0.2054414790935567,0.0684433857340817,0.6591409041083895,1699.0,0.746015893585426,0.7361693691953584,88.69087154209792,-0.0479572965284593,-0.0575712956705811,,,,,,,,,,,,,,,,,,,,,,,,,,,,,,,,,,,,,,,
a86863b146bccb3b,multi_horizon_refined,"{""blend"": ""medium"", ""daily_exit"": 0, ""family"": ""multi_horizon_refined"", ""market_window"": 200, ""min_turnover_thb"": 10000000, ""rank_buffer"": 0, ""rebalance"": 21, ""reserve"": 0.01, ""skip"": 21, ""top_n"": 25, ""trend"": 200, ""weighting"": ""equal""}",Rank-buffered or blended multi-horizon momentum,rejected_screen,0.5575819874543038,0.1175782763980288,-0.139898213515545,,1.037488318125185,927.0,0.2948044987101672,0.0906058329223986,-0.1175769680863125,,0.7777639166625152,964.0,,,,,,,,,,,,,,,,,,,,,,,,,validation: CAGR trails incumbent by >2 percentage points; development: CAGR not higher,1.0,reports/momentum_refinement_20260929,False,False,-0.0098431760997661,0.0385591820639406,0.1024718968032422,0.5999977487017877,974.0,22.953260351176073,-0.0100893958358585,0.0079719699074305,0.0493203601235255,0.0655757195832014,0.802363967060432,725.0,29.359104782145117,-0.0248995992975016,-0.0012430832682981,0.1124018999150207,0.1175686790353762,1895.0,-0.139898213515545,0.1024718968032422,0.6868367753434438,1699.0,0.9666263783643402,1.1030541563801677,69.98552237357954,-0.0178151460071966,0.0079719699074305,,,,,,,,,,,,,,,,,,,,,,,,,,,,,,,,,,,,,,,
c077bf5174471e06,multi_horizon_refined,"{""blend"": ""medium"", ""daily_exit"": 0, ""family"": ""multi_horizon_refined"", ""market_window"": 200, ""min_turnover_thb"": 10000000, ""rank_buffer"": 0, ""rebalance"": 42, ""reserve"": 0.01, ""skip"": 21, ""top_n"": 25, ""trend"": 200, ""weighting"": ""equal""}",Rank-buffered or blended multi-horizon momentum,rejected_screen,0.3631982142499721,0.0808247304366962,-0.1736737236061817,,0.7255071479924505,544.0,0.3454890947858415,0.1047552451460913,-0.0974979736681543,,0.8698574176924868,498.0,,,,,,,,,,,,,,,,,,,,,,,,,discovery: CAGR trails incumbent by >2 percentage points; development: CAGR not higher; development: drawdown not smaller,1.0,reports/momentum_refinement_20260929,False,False,-0.0576245420231091,0.0275408453936165,0.1283078596310416,0.6370494585183496,974.0,16.394336206688806,-0.0468429417971911,-0.0258035401832061,0.0302492298146335,0.0715161995115724,0.7455031583930978,725.0,18.00656575667214,-0.0107501870738089,0.01883591114986,0.0983960440823144,0.0699613728928544,1043.0,-0.1736737236061817,0.1283078596310416,0.6837119034973841,1699.0,0.8400639517312386,0.9250760151544166,41.64615327867993,-0.0318210018399029,-0.0258035401832061,,,,,,,,,,,,,,,,,,,,,,,,,,,,,,,,,,,,,,,
cf0763e98738ba3c,multi_horizon_refined,"{""blend"": ""medium"", ""daily_exit"": 0, ""family"": ""multi_horizon_refined"", ""market_window"": 200, ""min_turnover_thb"": 10000000, ""rank_buffer"": 0, ""rebalance"": 10, ""reserve"": 0.01, ""skip"": 21, ""top_n"": 30, ""trend"": 200, ""weighting"": ""equal""}",Rank-buffered or blended multi-horizon momentum,rejected_screen,0.3413354647379525,0.0764499571941095,-0.1901353906217312,,0.7729768869377059,2182.0,0.1592538413617268,0.0508608983512977,-0.0884352709461352,,0.50955958046746,1925.0,,,,,,,,,,,,,,,,,,,,,,,,,discovery: CAGR trails incumbent by >2 percentage points; validation: CAGR trails incumbent by >2 percentage points; development: CAGR not higher; development: drawdown not smaller,1.0,reports/momentum_refinement_20260929,False,False,-0.0982142905104532,0.0543722506361932,0.057686332622689,0.598296305182188,974.0,32.3663614716312,-0.0512177150397779,-0.0422652071987557,0.0526846928030021,0.0459910397741677,0.7045047126293725,725.0,31.36180296624928,-0.0646445338686025,0.0278986138718791,0.0742679626105198,0.1279686114044717,4110.0,-0.1901353906217312,0.057686332622689,0.6450899146271631,1699.0,0.7279928324260397,0.648649027713891,76.17632680782887,-0.0559490833116975,-0.0422652071987557,,,,,,,,,,,,,,,,,,,,,,,,,,,,,,,,,,,,,,,
363ccdeb6f6c57ae,multi_horizon_refined,"{""blend"": ""medium"", ""daily_exit"": 0, ""family"": ""multi_horizon_refined"", ""market_window"": 200, ""min_turnover_thb"": 10000000, ""rank_buffer"": 0, ""rebalance"": 21, ""reserve"": 0.01, ""skip"": 21, ""top_n"": 30, ""trend"": 200, ""weighting"": ""equal""}",Rank-buffered or blended multi-horizon momentum,rejected_screen,0.4977550263479822,0.1066513425771791,-0.1335640987374005,,1.047470780916927,1053.0,0.2260457125468074,0.0708098811227895,-0.1090305979713952,,0.6584829708250293,1108.0,,,,,,,,,,,,,,,,,,,,,,,,,discovery: CAGR trails incumbent by >2 percentage points; validation: CAGR trails incumbent by >2 percentage points; development: CAGR not higher,1.0,reports/momentum_refinement_20260929,False,False,-0.0193781461231418,0.0343968985142048,0.0866323560604254,0.5782989862732644,974.0,20.47556313721343,-0.0210163296567083,0.014306084685575,0.0411930105391103,0.0550186644660248,0.793775733893816,725.0,24.52110872022757,-0.0446955510971107,0.0073032868466191,0.0965328151135005,0.0974383551761179,2165.0,-0.1335640987374005,0.0866323560604254,0.6706592782715003,1699.0,0.91091620834193,0.9024017567880572,58.00247346634799,-0.0336842308087168,0.014306084685575,,,,,,,,,,,,,,,,,,,,,,,,,,,,,,,,,,,,,,,
c4ef027df4db38fa,multi_horizon_refined,"{""blend"": ""medium"", ""daily_exit"": 0, ""family"": ""multi_horizon_refined"", ""market_window"": 200, ""min_turnover_thb"": 10000000, ""rank_buffer"": 0, ""rebalance"": 42, ""reserve"": 0.01, ""skip"": 21, ""top_n"": 30, ""trend"": 200, ""weighting"": ""equal""}",Rank-buffered or blended multi-horizon momentum,rejected_screen,0.3263595574820881,0.0734223275471528,-0.1664335428225883,,0.7248782817959979,623.0,0.2694244073674481,0.0833820046591544,-0.0967077756905364,,0.7570340880353044,571.0,,,,,,,,,,,,,,,,,,,,,,,,,discovery: CAGR trails incumbent by >2 percentage points; validation: CAGR trails incumbent by >2 percentage points; development: CAGR not higher; development: drawdown not smaller,1.0,reports/momentum_refinement_20260929,False,False,-0.0648817980064904,0.0254757529710786,0.109616613562775,0.6164340407810106,974.0,15.165041354294102,-0.0542453446867345,-0.0185633593996128,0.0263411335649662,0.0608104864954544,0.7346404656980074,725.0,15.680179513641432,-0.0321234275607458,0.0196261091274779,0.0838986073153398,0.0611912080756306,1195.0,-0.1664335428225883,0.109616613562775,0.6672052700350961,1699.0,0.7871319149997863,0.7546003292385519,36.425506325156626,-0.0463184386068775,-0.0185633593996128,,,,,,,,,,,,,,,,,,,,,,,,,,,,,,,,,,,,,,,
9dafafc6f1b78bc8,multi_horizon_refined,"{""blend"": ""downside_blend"", ""daily_exit"": 0, ""family"": ""multi_horizon_refined"", ""market_window"": 200, ""min_turnover_thb"": 10000000, ""rank_buffer"": 0, ""rebalance"": 10, ""reserve"": 0.01, ""skip"": 21, ""top_n"": 10, ""trend"": 200, ""weighting"": ""equal""}",Rank-buffered or blended multi-horizon momentum,rejected_screen,0.7129713039746328,0.1445590408774824,-0.2661028107611751,,0.8895921378825253,898.0,-0.0239290970723496,-0.0080978913506593,-0.2799242389517452,,0.0220980729995571,701.0,,,,,,,,,,,,,,,,,,,,,,,,,validation: CAGR trails incumbent by >2 percentage points; development: CAGR not higher; development: drawdown not smaller,1.0,reports/momentum_refinement_20260929,False,False,-0.1720450903990961,0.0940043361223875,0.1598632953545532,0.6672022548579561,974.0,55.95829282837523,0.0168913686435949,-0.1182326273381996,0.0710083718836337,0.1295907117057887,0.7080191583478248,725.0,42.269404061928505,-0.1236033235705595,-0.1635903541337308,0.0902260110518913,0.225846239898381,1602.0,-0.2799242389517455,0.1598632953545532,0.6863645806850172,1699.0,0.6175632456612405,0.827341581955003,134.4402880518966,-0.039991034870326,-0.13205405552877,,,,,,,,,,,,,,,,,,,,,,,,,,,,,,,,,,,,,,,
002495d81f3c0eba,multi_horizon_refined,"{""blend"": ""downside_blend"", ""daily_exit"": 0, ""family"": ""multi_horizon_refined"", ""market_window"": 200, ""min_turnover_thb"": 10000000, ""rank_buffer"": 0, ""rebalance"": 21, ""reserve"": 0.01, ""skip"": 21, ""top_n"": 10, ""trend"": 200, ""weighting"": ""equal""}",Rank-buffered or blended multi-horizon momentum,rejected_screen,0.7611390336967689,0.1525490805543934,-0.1745140704475257,,0.9353753510929664,424.0,0.083666941989293,0.0273414193001928,-0.2796692172161948,,0.2544704084691212,423.0,,,,,,,,,,,,,,,,,,,,,,,,,validation: CAGR trails incumbent by >2 percentage points; development: CAGR not higher; development: drawdown not smaller,1.0,reports/momentum_refinement_20260929,False,False,-0.1547713438625295,0.0507881745423575,0.2291097390914911,0.6390166380174052,974.0,30.232855849965834,0.024881408320506,-0.0266438870245502,0.0578019335020844,0.1529444637677736,0.8027824873842045,725.0,34.40796089177,-0.0881640129197074,-0.1633353323981804,0.1072447358529073,0.1595268314734244,852.0,-0.2796692172161951,0.2291097390914911,0.7094829909523621,1699.0,0.7097993612093675,1.035947585107574,94.96209981155098,-0.0229723100693099,-0.1317990337932195,,,,,,,,,,,,,,,,,,,,,,,,,,,,,,,,,,,,,,,
e5569de2ef3f9c23,multi_horizon_refined,"{""blend"": ""downside_blend"", ""daily_exit"": 0, ""family"": ""multi_horizon_refined"", ""market_window"": 200, ""min_turnover_thb"": 10000000, ""rank_buffer"": 0, ""rebalance"": 42, ""reserve"": 0.01, ""skip"": 21, ""top_n"": 10, ""trend"": 200, ""weighting"": ""equal""}",Rank-buffered or blended multi-horizon momentum,rejected_screen,0.5164294054731609,0.1100966400675198,-0.2398991678028522,,0.6903211920238326,256.0,0.2454713982112184,0.0764758193078487,-0.1868172528793901,,0.5447617450841342,224.0,,,,,,,,,,,,,,,,,,,,,,,,,validation: CAGR trails incumbent by >2 percentage points; development: CAGR not higher; development: drawdown not smaller,1.0,reports/momentum_refinement_20260929,False,False,-0.1138985462123818,0.0341745647987765,0.2717464838733132,0.6822537287797241,974.0,20.343213761995667,-0.0175710321663675,-0.0920289843798767,0.0405859881027492,0.1530193859250216,0.7461725079747222,725.0,24.159764332846745,-0.0390296129120515,-0.0704833680613756,0.1083474840897122,0.1012635494990451,485.0,-0.2398991678028522,0.2717464838733132,0.7101190643728721,1699.0,0.6943923341695007,1.0501405185881492,60.27951038695469,-0.0218695618325051,-0.0920289843798767,,,,,,,,,,,,,,,,,,,,,,,,,,,,,,,,,,,,,,,
fe4476052f4bc5a6,multi_horizon_refined,"{""blend"": ""downside_blend"", ""daily_exit"": 0, ""family"": ""multi_horizon_refined"", ""market_window"": 200, ""min_turnover_thb"": 10000000, ""rank_buffer"": 0, ""rebalance"": 10, ""reserve"": 0.01, ""skip"": 21, ""top_n"": 15, ""trend"": 200, ""weighting"": ""equal""}",Rank-buffered or blended multi-horizon momentum,rejected_screen,0.4929731503941688,0.1057639470995304,-0.2710849245356461,,0.7717839820112807,1283.0,0.1484425749880018,0.0475605881241605,-0.1539925178222851,,0.4236028798839625,1025.0,,,,,,,,,,,,,,,,,,,,,,,,,discovery: CAGR trails incumbent by >2 percentage points; validation: CAGR trails incumbent by >2 percentage points; development: CAGR not higher; development: drawdown not smaller,1.0,reports/momentum_refinement_20260929,False,False,-0.1631545369380581,0.0768822562823975,0.1101792268572124,0.6649354112547593,974.0,45.765971952138536,-0.021903725134357,-0.1232147411126706,0.0688345424223284,0.0897831272589042,0.7083561908520645,725.0,40.97538092882222,-0.0679448440957397,-0.0376586330042707,0.0902772500968298,0.185045059292845,2311.0,-0.2710849245356461,0.1101792268572124,0.6852047588698169,1699.0,0.6915732233783813,0.8279410207576723,110.15242531867663,-0.0399397958253875,-0.1232147411126706,,,,,,,,,,,,,,,,,,,,,,,,,,,,,,,,,,,,,,,
f2f143ade5089fd8,multi_horizon_refined,"{""blend"": ""downside_blend"", ""daily_exit"": 0, ""family"": ""multi_horizon_refined"", ""market_window"": 200, ""min_turnover_thb"": 10000000, ""rank_buffer"": 0, ""rebalance"": 21, ""reserve"": 0.01, ""skip"": 21, ""top_n"": 15, ""trend"": 200, ""weighting"": ""equal""}",Rank-buffered or blended multi-horizon momentum,rejected_screen,0.8048743881763376,0.1596632901107884,-0.134281671182702,,1.1026919515842537,606.0,0.2859949907487891,0.0881091658280515,-0.159866101329107,,0.6952555084216822,612.0,,,,,,,,,,,,,,,,,,,,,,,,,validation: CAGR trails incumbent by >2 percentage points; development: drawdown not smaller,1.0,reports/momentum_refinement_20260929,False,False,-0.005271553571876,0.0469917827656576,0.1606188609553582,0.6332695969949628,974.0,27.97296432267258,0.0319956178769009,0.0135885122402734,0.0588305329297589,0.1035963296469979,0.8028170059727292,725.0,35.0202589021721,-0.0273962663918487,-0.0435322165110926,0.1369414102564727,0.1584173753980061,1223.0,-0.1598661013291069,0.1606188609553582,0.7061962718788372,1699.0,0.9828741104888816,1.4489725893722851,94.30166997916903,0.0067243643342553,-0.0119959179061314,,,,,,,,,,,,,,,,,,,,,,,,,,,,,,,,,,,,,,,
929e8a1deae29732,multi_horizon_refined,"{""blend"": ""downside_blend"", ""daily_exit"": 0, ""family"": ""multi_horizon_refined"", ""market_window"": 200, ""min_turnover_thb"": 10000000, ""rank_buffer"": 0, ""rebalance"": 42, ""reserve"": 0.01, ""skip"": 21, ""top_n"": 15, ""trend"": 200, ""weighting"": ""equal""}",Rank-buffered or blended multi-horizon momentum,rejected_screen,0.537165184279897,0.1138852100836251,-0.1971655820301937,,0.8023928920989569,354.0,0.3856640479153803,0.1157211535291704,-0.1454273178280433,,0.8466661003481211,313.0,,,,,,,,,,,,,,,,,,,,,,,,,development: CAGR not higher; development: drawdown not smaller,1.0,reports/momentum_refinement_20260929,False,False,-0.0541165915879751,0.0316555129841159,0.1954390155870653,0.670986104561294,974.0,18.84368890059879,-0.0137824621502622,-0.0492953986072182,0.0362733750665457,0.1036553344910135,0.7457874485793544,725.0,21.592579955084084,0.0002157213092701,-0.0290934330100288,0.1253958529414605,0.0910706882589937,672.0,-0.1971655820301937,0.1954390155870653,0.703482762612756,1699.0,0.8795866213702038,1.2805970566399028,54.21196991427686,-0.0048211929807568,-0.0492953986072182,,,,,,,,,,,,,,,,,,,,,,,,,,,,,,,,,,,,,,,
34d87a72557ca9de,multi_horizon_refined,"{""blend"": ""downside_blend"", ""daily_exit"": 0, ""family"": ""multi_horizon_refined"", ""market_window"": 200, ""min_turnover_thb"": 10000000, ""rank_buffer"": 0, ""rebalance"": 10, ""reserve"": 0.01, ""skip"": 21, ""top_n"": 20, ""trend"": 200, ""weighting"": ""equal""}",Rank-buffered or blended multi-horizon momentum,rejected_screen,0.4779334549533003,0.1029590068587733,-0.2233200479945288,,0.8367116628509487,1627.0,0.1551983926556324,0.0496253144263862,-0.1269643917841294,,0.4663476002724259,1335.0,,,,,,,,,,,,,,,,,,,,,,,,,discovery: CAGR trails incumbent by >2 percentage points; validation: CAGR trails incumbent by >2 percentage points; development: CAGR not higher; development: drawdown not smaller,1.0,reports/momentum_refinement_20260929,False,False,-0.1135928292073884,0.0707272013940089,0.0842708896251838,0.6450578505263248,974.0,42.10203071254772,-0.024708665375114,-0.0754498645715533,0.06209153767403,0.067023306353307,0.7077880920333384,725.0,36.9614487017263,-0.0658801177935139,-0.010630506966115,0.0920740812863822,0.1687267210605059,2966.0,-0.2233200479945288,0.0842708896251838,0.6735664867401272,1699.0,0.7661414320776792,0.8490687255533715,100.43855054497648,-0.0381429646358351,-0.0754498645715533,,,,,,,,,,,,,,,,,,,,,,,,,,,,,,,,,,,,,,,
16e297f533556a11,multi_horizon_refined,"{""blend"": ""downside_blend"", ""daily_exit"": 0, ""family"": ""multi_horizon_refined"", ""market_window"": 200, ""min_turnover_thb"": 10000000, ""rank_buffer"": 0, ""rebalance"": 21, ""reserve"": 0.01, ""skip"": 21, ""top_n"": 20, ""trend"": 200, ""weighting"": ""equal""}",Rank-buffered or blended multi-horizon momentum,rejected_screen,0.5978899374333195,0.1247641456399826,-0.1420419503394454,,0.9932282706357264,775.0,0.3819366839298423,0.1147127153459954,-0.1184109559256025,,0.9204069998034288,786.0,,,,,,,,,,,,,,,,,,,,,,,,,development: CAGR not higher,1.0,reports/momentum_refinement_20260929,False,False,0.0038226702415825,0.0413713228518007,0.1253403862383401,0.6198338795036297,974.0,24.627253319721873,-0.0029035265939048,0.00582823308353,0.055206790701185,0.081409325500903,0.8025250606283213,725.0,32.863141080531584,-0.0007927168739048,-0.0020770711075881,0.1282114830802698,0.1335625758029066,1568.0,-0.1420419503394454,0.1253403862383401,0.6983689689140462,1699.0,1.0103164074655169,1.3207158588007937,79.50626573183321,-0.0020055628419475,0.00582823308353,,,,,,,,,,,,,,,,,,,,,,,,,,,,,,,,,,,,,,,
b5b95a3b5ae6addb,multi_horizon_refined,"{""blend"": ""downside_blend"", ""daily_exit"": 0, ""family"": ""multi_horizon_refined"", ""market_window"": 200, ""min_turnover_thb"": 10000000, ""rank_buffer"": 0, ""rebalance"": 42, ""reserve"": 0.01, ""skip"": 21, ""top_n"": 20, ""trend"": 200, ""weighting"": ""equal""}",Rank-buffered or blended multi-horizon momentum,rejected_screen,0.4132061921633301,0.0906372756151314,-0.1990539269270245,,0.7318364968823036,455.0,0.5315022870390318,0.1538395582038427,-0.1018742925574033,,1.1499581969530557,397.0,,,,,,,,,,,,,,,,,,,,,,,,,discovery: CAGR trails incumbent by >2 percentage points; development: CAGR not higher; development: drawdown not smaller,1.0,reports/momentum_refinement_20260929,False,False,-0.0551035394526966,0.0299405965162681,0.154667101923471,0.65521558387883,974.0,17.82284452423846,-0.0370303966187559,-0.0511837435040489,0.0333289766429921,0.0867668698697855,0.7455123478317628,725.0,19.839857517109447,0.0383341259839424,0.0144595922606111,0.1262972499735697,0.0793961026174157,856.0,-0.1990539269270245,0.154667101923471,0.6942240049179028,1699.0,0.9659158269815804,1.2933755304699217,47.26239812930276,-0.0039197959486476,-0.0511837435040489,,,,,,,,,,,,,,,,,,,,,,,,,,,,,,,,,,,,,,,
7aca5b505b2bfb42,multi_horizon_refined,"{""blend"": ""downside_blend"", ""daily_exit"": 0, ""family"": ""multi_horizon_refined"", ""market_window"": 200, ""min_turnover_thb"": 10000000, ""rank_buffer"": 0, ""rebalance"": 10, ""reserve"": 0.01, ""skip"": 21, ""top_n"": 25, ""trend"": 200, ""weighting"": ""equal""}",Rank-buffered or blended multi-horizon momentum,rejected_screen,0.3948166761194445,0.087059593464644,-0.2047089696460085,,0.8015938137600217,1927.0,0.2016121861267865,0.0635979691657373,-0.1129153191930326,,0.6008153854266836,1640.0,,,,,,,,,,,,,,,,,,,,,,,,,discovery: CAGR trails incumbent by >2 percentage points; validation: CAGR trails incumbent by >2 percentage points; development: CAGR not higher; development: drawdown not smaller,1.0,reports/momentum_refinement_20260929,False,False,-0.0995054345237734,0.0623917067675346,0.0684433857340818,0.6201402691133029,974.0,37.14013141706925,-0.0406080787692433,-0.0568387862230329,0.0586062837807929,0.0548094109349856,0.7074345544137568,725.0,34.886769320074414,-0.0519074630541629,0.0034185656249817,0.0875503976214768,0.1483254105651817,3570.0,-0.2047089696460085,0.0684433857340818,0.6591280457808393,1699.0,0.7934664690671953,0.7962730118707475,88.29419046680263,-0.0426666483007405,-0.0568387862230329,,,,,,,,,,,,,,,,,,,,,,,,,,,,,,,,,,,,,,,
92471b932cc2f490,multi_horizon_refined,"{""blend"": ""downside_blend"", ""daily_exit"": 0, ""family"": ""multi_horizon_refined"", ""market_window"": 200, ""min_turnover_thb"": 10000000, ""rank_buffer"": 0, ""rebalance"": 21, ""reserve"": 0.01, ""skip"": 21, ""top_n"": 25, ""trend"": 200, ""weighting"": ""equal""}",Rank-buffered or blended multi-horizon momentum,rejected_screen,0.5291019634039733,0.11241658010228,-0.1443721080261599,,1.0024902725353495,923.0,0.2866624257839392,0.0882987179586438,-0.1116026472965534,,0.7665461681618332,957.0,,,,,,,,,,,,,,,,,,,,,,,,,validation: CAGR trails incumbent by >2 percentage points; development: CAGR not higher,1.0,reports/momentum_refinement_20260929,False,False,-0.0182571315302478,0.037508287838706,0.1024718968032422,0.5999738571541112,974.0,22.327690837970163,-0.0152510921316073,0.0034980753968155,0.0472276850558818,0.0655329282779194,0.802306338733224,725.0,28.113390711281554,-0.0272067142612564,0.0047312375214609,0.1084618389951539,0.1117365011185985,1884.0,-0.1443721080261599,0.1024718968032422,0.6867984900283752,1699.0,0.9429186522331948,1.051617163429342,66.51378124804963,-0.0217552069270634,0.0034980753968155,,,,,,,,,,,,,,,,,,,,,,,,,,,,,,,,,,,,,,,
85160b6e296be762,multi_horizon_refined,"{""blend"": ""downside_blend"", ""daily_exit"": 0, ""family"": ""multi_horizon_refined"", ""market_window"": 200, ""min_turnover_thb"": 10000000, ""rank_buffer"": 0, ""rebalance"": 42, ""reserve"": 0.01, ""skip"": 21, ""top_n"": 25, ""trend"": 200, ""weighting"": ""equal""}",Rank-buffered or blended multi-horizon momentum,rejected_screen,0.3692217917591698,0.0820208154863568,-0.1770116016059875,,0.737327561068709,537.0,0.3636707000977863,0.1097445537111967,-0.1058338054176802,,0.9062139495943828,491.0,,,,,,,,,,,,,,,,,,,,,,,,,discovery: CAGR trails incumbent by >2 percentage points; development: CAGR not higher; development: drawdown not smaller,1.0,reports/momentum_refinement_20260929,False,False,-0.0581523197110988,0.0265868543168601,0.1283078596310416,0.6369899756710753,974.0,15.826450572569907,-0.0456468567475305,-0.0291414181830119,0.0292449314363485,0.0715161995115724,0.7454220876937312,725.0,17.408733517678776,-0.0057608785087035,0.0105000794003341,0.1012061443941305,0.0677515504196463,1029.0,-0.1770116016059875,0.1283078596310416,0.6836432088299452,1699.0,0.8626922104300146,0.9597108576896476,40.330704458388205,-0.0290109015280868,-0.0291414181830119,,,,,,,,,,,,,,,,,,,,,,,,,,,,,,,,,,,,,,,
498bd53e07f06832,multi_horizon_refined,"{""blend"": ""downside_blend"", ""daily_exit"": 0, ""family"": ""multi_horizon_refined"", ""market_window"": 200, ""min_turnover_thb"": 10000000, ""rank_buffer"": 0, ""rebalance"": 10, ""reserve"": 0.01, ""skip"": 21, ""top_n"": 30, ""trend"": 200, ""weighting"": ""equal""}",Rank-buffered or blended multi-horizon momentum,rejected_screen,0.2916567421432123,0.0663068531676911,-0.2086960076361393,,0.6841143444786576,2180.0,0.1339530986433796,0.0431049202075106,-0.0955876823966661,,0.4414840920963805,1913.0,,,,,,,,,,,,,,,,,,,,,,,,,discovery: CAGR trails incumbent by >2 percentage points; validation: CAGR trails incumbent by >2 percentage points; development: CAGR not higher; development: drawdown not smaller,1.0,reports/momentum_refinement_20260929,False,False,-0.1259418323518337,0.0522421823338881,0.057686332622689,0.5982887040445916,974.0,31.09838819804043,-0.0613608190661962,-0.0608258242131638,0.0501615532225274,0.0459155583954317,0.7044721046471583,725.0,29.85984476607383,-0.0724005120123896,0.0207462024213482,0.0651010377835474,0.1196573536077195,4096.0,-0.2086960076361393,0.057686332622689,0.6450716425242009,1699.0,0.6489527062683148,0.5529392520693817,71.22885505549114,-0.0651160081386699,-0.0608258242131638,,,,,,,,,,,,,,,,,,,,,,,,,,,,,,,,,,,,,,,
1425f82818146f37,multi_horizon_refined,"{""blend"": ""downside_blend"", ""daily_exit"": 0, ""family"": ""multi_horizon_refined"", ""market_window"": 200, ""min_turnover_thb"": 10000000, ""rank_buffer"": 0, ""rebalance"": 21, ""reserve"": 0.01, ""skip"": 21, ""top_n"": 30, ""trend"": 200, ""weighting"": ""equal""}",Rank-buffered or blended multi-horizon momentum,rejected_screen,0.4409404560273151,0.0959675838973741,-0.1329811906127791,,0.9497268563653406,1042.0,0.2291415612002476,0.0717168301418911,-0.1065603075683725,,0.664341970004579,1091.0,,,,,,,,,,,,,,,,,,,,,,,,,discovery: CAGR trails incumbent by >2 percentage points; validation: CAGR trails incumbent by >2 percentage points; development: CAGR not higher,1.0,reports/momentum_refinement_20260929,False,False,-0.0244604933807989,0.0319428710383721,0.0866323560604253,0.5782513426717767,974.0,19.01474554340859,-0.0317000883365132,0.0148889928101964,0.0383753513153721,0.0550186644660248,0.7936880548746231,725.0,22.84383077288656,-0.0437886020780091,0.0097735772496418,0.090867559731222,0.0883867725673298,2137.0,-0.1329811906127791,0.0866323560604253,0.6705945506924748,1699.0,0.8607129775896117,0.8348591345347545,52.614305951145795,-0.0393494861909953,0.0148889928101964,,,,,,,,,,,,,,,,,,,,,,,,,,,,,,,,,,,,,,,
98d593c2c0379071,multi_horizon_refined,"{""blend"": ""downside_blend"", ""daily_exit"": 0, ""family"": ""multi_horizon_refined"", ""market_window"": 200, ""min_turnover_thb"": 10000000, ""rank_buffer"": 0, ""rebalance"": 42, ""reserve"": 0.01, ""skip"": 21, ""top_n"": 30, ""trend"": 200, ""weighting"": ""equal""}",Rank-buffered or blended multi-horizon momentum,rejected_screen,0.2825200118415787,0.0644096725706548,-0.1730080720755396,,0.6452761703720924,618.0,0.3398708244509572,0.1032044545327963,-0.09825179023822,,0.9165657805166032,561.0,,,,,,,,,,,,,,,,,,,,,,,,,discovery: CAGR trails incumbent by >2 percentage points; development: CAGR not higher; development: drawdown not smaller,1.0,reports/momentum_refinement_20260929,False,False,-0.0682835279451207,0.0242524245671775,0.109616613562775,0.6163893850264169,974.0,14.436826339173512,-0.0632579996632325,-0.025137888652564,0.0257361005323967,0.0608104864954544,0.7345530070169943,725.0,15.320019365674591,-0.0123009776871039,0.0180820945797943,0.0870714066296607,0.0579787568802871,1180.0,-0.1730080720755396,0.109616613562775,0.6671423493476204,1699.0,0.8143503735321448,0.7907591212007183,34.51321916797854,-0.0431456392925566,-0.025137888652564,,,,,,,,,,,,,,,,,,,,,,,,,,,,,,,,,,,,,,,
2e6abb7f57719188,multi_horizon_refined,"{""blend"": ""flow_blend"", ""daily_exit"": 0, ""family"": ""multi_horizon_refined"", ""market_window"": 200, ""min_turnover_thb"": 10000000, ""rank_buffer"": 0, ""rebalance"": 10, ""reserve"": 0.01, ""skip"": 21, ""top_n"": 10, ""trend"": 200, ""weighting"": ""equal""}",Rank-buffered or blended multi-horizon momentum,rejected_screen,0.4771458783320672,0.1028115337407364,-0.2919839232027169,,0.6793180258289839,896.0,0.0818803791628695,0.0267725184785105,-0.2219697213824636,,0.2565969088762649,711.0,,,,,,,,,,,,,,,,,,,,,,,,,discovery: CAGR trails incumbent by >2 percentage points; validation: CAGR trails incumbent by >2 percentage points; development: CAGR not higher; development: drawdown not smaller,1.0,reports/momentum_refinement_20260929,False,False,-0.1919712867808081,0.0876142227832462,0.1611639647985439,0.6671811581663536,974.0,52.154427515474914,-0.0248561384931509,-0.1441137397797414,0.077827950226957,0.1330138206056048,0.7080951989229634,725.0,46.32891852310083,-0.0887329137413897,-0.1056358365644491,0.0823594989211506,0.2121614348893722,1611.0,-0.2919839232027169,0.1611639647985439,0.68638679186081,1699.0,0.5807869743695083,0.7372864142794902,126.29408589164368,-0.0478575470010667,-0.1441137397797414,,,,,,,,,,,,,,,,,,,,,,,,,,,,,,,,,,,,,,,
010efc34db8b5ac0,multi_horizon_refined,"{""blend"": ""flow_blend"", ""daily_exit"": 0, ""family"": ""multi_horizon_refined"", ""market_window"": 200, ""min_turnover_thb"": 10000000, ""rank_buffer"": 0, ""rebalance"": 21, ""reserve"": 0.01, ""skip"": 21, ""top_n"": 10, ""trend"": 200, ""weighting"": ""equal""}",Rank-buffered or blended multi-horizon momentum,rejected_screen,0.7394414605353623,0.148970425701969,-0.1738798030272664,,0.9003505728493213,427.0,0.2402877251201647,0.0749696603965719,-0.2310858091439412,,0.5492967402106909,420.0,,,,,,,,,,,,,,,,,,,,,,,,,validation: CAGR trails incumbent by >2 percentage points; development: CAGR not higher; development: drawdown not smaller,1.0,reports/momentum_refinement_20260929,False,False,-0.0855572792831544,0.0528636023250485,0.2270492130040341,0.6390462639942869,974.0,31.468303068663943,0.0213027534680816,-0.0260096196042909,0.0613787195543882,0.1543763505804961,0.8030898101364691,725.0,36.53712694469207,-0.0405357718233283,-0.1147519243259268,0.1278753923600293,0.1670944944097925,851.0,-0.2310858091439419,0.2270492130040341,0.7096264881205341,1699.0,0.8139823314351071,1.3158954834922558,99.46692922780674,-0.002341653562188,-0.0832156257209664,,,,,,,,,,,,,,,,,,,,,,,,,,,,,,,,,,,,,,,
96ee84a0e7287823,multi_horizon_refined,"{""blend"": ""flow_blend"", ""daily_exit"": 0, ""family"": ""multi_horizon_refined"", ""market_window"": 200, ""min_turnover_thb"": 10000000, ""rank_buffer"": 0, ""rebalance"": 42, ""reserve"": 0.01, ""skip"": 21, ""top_n"": 10, ""trend"": 200, ""weighting"": ""equal""}",Rank-buffered or blended multi-horizon momentum,rejected_screen,0.4172649752945481,0.0914222090445957,-0.2536516393612688,,0.5806780364270415,256.0,0.4630237668212391,0.1362559346204919,-0.1716678458880312,,0.8903146127825695,216.0,,,,,,,,,,,,,,,,,,,,,,,,,discovery: CAGR trails incumbent by >2 percentage points; development: CAGR not higher; development: drawdown not smaller,1.0,reports/momentum_refinement_20260929,False,False,-0.1128745717329391,0.0354439552110849,0.2714027286553285,0.6822393532579409,974.0,21.09884827137626,-0.0362454631892916,-0.1057814559382932,0.0399570859542515,0.1518775324963179,0.745995852099695,725.0,23.78539553202662,0.0207505024005916,-0.0553339610700167,0.1231239301275715,0.0971234325881914,477.0,-0.2536516393612688,0.2714027286553285,0.7100359324717379,1699.0,0.7638302097787831,1.2486598903602282,57.815008386327406,-0.0070931157946458,-0.1057814559382932,,,,,,,,,,,,,,,,,,,,,,,,,,,,,,,,,,,,,,,
c9d03a61e830c780,multi_horizon_refined,"{""blend"": ""flow_blend"", ""daily_exit"": 0, ""family"": ""multi_horizon_refined"", ""market_window"": 200, ""min_turnover_thb"": 10000000, ""rank_buffer"": 0, ""rebalance"": 10, ""reserve"": 0.01, ""skip"": 21, ""top_n"": 15, ""trend"": 200, ""weighting"": ""equal""}",Rank-buffered or blended multi-horizon momentum,rejected_screen,0.5552120097478765,0.1171514533966227,-0.2611623222285242,,0.8397014617834785,1269.0,0.0903841001116618,0.0294748271320881,-0.15137647818588,,0.2933231962725058,1030.0,,,,,,,,,,,,,,,,,,,,,,,,,validation: CAGR trails incumbent by >2 percentage points; development: CAGR not higher; development: drawdown not smaller,1.0,reports/momentum_refinement_20260929,False,False,-0.153991861210092,0.075862666743607,0.1102119875498793,0.664893445920216,974.0,45.15903729008104,-0.0105162188372647,-0.1132921388055486,0.067823864242308,0.0903978974240551,0.7074681247629973,725.0,40.37375096274064,-0.0860306050878121,-0.0350425933678656,0.089517323517674,0.1878987879551589,2303.0,-0.2611623222285242,0.1102119875498793,0.684803112115858,1699.0,0.6884966170245912,0.8190679963499441,111.8511744479785,-0.0406997224045433,-0.1132921388055486,,,,,,,,,,,,,,,,,,,,,,,,,,,,,,,,,,,,,,,
18f0c8fe145276e0,multi_horizon_refined,"{""blend"": ""flow_blend"", ""daily_exit"": 0, ""family"": ""multi_horizon_refined"", ""market_window"": 200, ""min_turnover_thb"": 10000000, ""rank_buffer"": 0, ""rebalance"": 21, ""reserve"": 0.01, ""skip"": 21, ""top_n"": 15, ""trend"": 200, ""weighting"": ""equal""}",Rank-buffered or blended multi-horizon momentum,rejected_screen,0.7703335754802836,0.1540556084870621,-0.1513944665155961,,1.0551232383561575,603.0,0.3150858075074143,0.0963110883708442,-0.120429928495804,,0.7557727234619845,604.0,,,,,,,,,,,,,,,,,,,,,,,,,development: drawdown not smaller,1.0,reports/momentum_refinement_20260929,False,False,0.0037072038613007,0.0454415023396318,0.1606188563331987,0.6332502941464858,974.0,27.050123423794183,0.0263879362531747,-0.0035242830926206,0.0570995534989983,0.1061036171158094,0.8027288529439387,725.0,33.98985266920551,-0.019194343849056,-0.0040960436777895,0.1374485328761387,0.1514252473507176,1212.0,-0.1513944665155961,0.1606188563331987,0.706146799548578,1699.0,0.979946796652434,1.4566059812674514,90.13944124693,0.0072314869539213,-0.0035242830926206,,,,,,,,,,,,,,,,,,,,,,,,,,,,,,,,,,,,,,,
8f919e798cb7c945,multi_horizon_refined,"{""blend"": ""flow_blend"", ""daily_exit"": 0, ""family"": ""multi_horizon_refined"", ""market_window"": 200, ""min_turnover_thb"": 10000000, ""rank_buffer"": 0, ""rebalance"": 42, ""reserve"": 0.01, ""skip"": 21, ""top_n"": 15, ""trend"": 200, ""weighting"": ""equal""}",Rank-buffered or blended multi-horizon momentum,rejected_screen,0.4211894014836901,0.0921795593300744,-0.2276619692146161,,0.6594352156076846,358.0,0.3209865853932565,0.0979600258658317,-0.1585560475940359,,0.7317723089354282,317.0,,,,,,,,,,,,,,,,,,,,,,,,,discovery: CAGR trails incumbent by >2 percentage points; development: CAGR not higher; development: drawdown not smaller,1.0,reports/momentum_refinement_20260929,False,False,-0.1048142245900884,0.0316402152532763,0.1953913151962674,0.6710321841818376,974.0,18.83458256638868,-0.0354881129038129,-0.0797917857916405,0.0359993984011891,0.1047583319875397,0.7458640754815221,725.0,21.429488898856544,-0.0175454063540685,-0.0422221627760215,0.1051946071237694,0.0863219060279528,681.0,-0.2276619692146161,0.1953913151962674,0.703545737879838,1699.0,0.7476576060280495,1.0097850024348132,51.38514556101721,-0.0250224387984479,-0.0797917857916405,,,,,,,,,,,,,,,,,,,,,,,,,,,,,,,,,,,,,,,
c2f691481c4de687,multi_horizon_refined,"{""blend"": ""flow_blend"", ""daily_exit"": 0, ""family"": ""multi_horizon_refined"", ""market_window"": 200, ""min_turnover_thb"": 10000000, ""rank_buffer"": 0, ""rebalance"": 10, ""reserve"": 0.01, ""skip"": 21, ""top_n"": 20, ""trend"": 200, ""weighting"": ""equal""}",Rank-buffered or blended multi-horizon momentum,rejected_screen,0.523542704922253,0.1114006379018763,-0.2321502208584349,,0.89632909985832,1620.0,0.1894825070577219,0.0599814923451387,-0.0870885441437863,,0.5499944049712792,1336.0,,,,,,,,,,,,,,,,,,,,,,,,,validation: CAGR trails incumbent by >2 percentage points; development: CAGR not higher; development: drawdown not smaller,1.0,reports/momentum_refinement_20260929,False,False,-0.1130458439859999,0.0714774953096599,0.0842708896251837,0.6450428636244779,974.0,42.54866081889397,-0.016267034332011,-0.0842800374354594,0.0627953194033988,0.0677394576314748,0.7071111185485728,725.0,37.38039133484068,-0.0555239398747615,0.0292453406742281,0.1014512393716768,0.1736458271331903,2960.0,-0.2321502208584349,0.0842708896251837,0.6732688907918044,1699.0,0.8351205355641704,0.9627568328885534,103.3667641723854,-0.0287658065505405,-0.0842800374354594,,,,,,,,,,,,,,,,,,,,,,,,,,,,,,,,,,,,,,,
4502ecf920d28023,multi_horizon_refined,"{""blend"": ""flow_blend"", ""daily_exit"": 0, ""family"": ""multi_horizon_refined"", ""market_window"": 200, ""min_turnover_thb"": 10000000, ""rank_buffer"": 0, ""rebalance"": 21, ""reserve"": 0.01, ""skip"": 21, ""top_n"": 20, ""trend"": 200, ""weighting"": ""equal""}",Rank-buffered or blended multi-horizon momentum,rejected_screen,0.6268537784155415,0.1298442409574234,-0.1501358995820177,,1.0117597303008243,773.0,0.3204894639149722,0.0978212971805065,-0.117416446155072,,0.8051382095826032,784.0,,,,,,,,,,,,,,,,,,,,,,,,,development: CAGR not higher; development: drawdown not smaller,1.0,reports/momentum_refinement_20260929,False,False,-0.0091927172516887,0.0419107831726566,0.1254908666089969,0.6198242258168839,974.0,24.948379768234215,0.0021765687235359,-0.0022657161590422,0.0527738730730499,0.0826104776569624,0.8024894431419068,725.0,31.414889620245223,-0.0176841350393937,-0.0010825613370576,0.1232900448295708,0.1313281581683639,1564.0,-0.1501358995820177,0.1254908666089969,0.6983481261276454,1699.0,0.9701288972937876,1.2509819629929906,78.1761760630775,-0.0069270010926465,-0.0022657161590422,,,,,,,,,,,,,,,,,,,,,,,,,,,,,,,,,,,,,,,
fb9de40018208a95,multi_horizon_refined,"{""blend"": ""flow_blend"", ""daily_exit"": 0, ""family"": ""multi_horizon_refined"", ""market_window"": 200, ""min_turnover_thb"": 10000000, ""rank_buffer"": 0, ""rebalance"": 42, ""reserve"": 0.01, ""skip"": 21, ""top_n"": 20, ""trend"": 200, ""weighting"": ""equal""}",Rank-buffered or blended multi-horizon momentum,rejected_screen,0.455447749724662,0.0987252115405508,-0.1769047076975332,,0.7772555880565561,451.0,0.3348510989477915,0.1018152199620228,-0.108428367272393,,0.8172239472838947,403.0,,,,,,,,,,,,,,,,,,,,,,,,,discovery: CAGR trails incumbent by >2 percentage points; development: CAGR not higher; development: drawdown not smaller,1.0,reports/momentum_refinement_20260929,False,False,-0.050265901345963,0.0296247312774362,0.154667101923471,0.6551857334725217,974.0,17.634818309087574,-0.0289424606933366,-0.0290345242745576,0.0311214349894317,0.0802452212976137,0.7455693901308471,725.0,18.525766408376548,-0.0136902122578774,0.0079055175456214,0.1089856688508119,0.0773085727498339,859.0,-0.1769047076975332,0.154667101923471,0.6942347327371968,1699.0,0.8489763760221181,1.0583929390259956,46.019746859833326,-0.0212313770714054,-0.0290345242745576,,,,,,,,,,,,,,,,,,,,,,,,,,,,,,,,,,,,,,,
1b2c063d2d2f63e5,multi_horizon_refined,"{""blend"": ""flow_blend"", ""daily_exit"": 0, ""family"": ""multi_horizon_refined"", ""market_window"": 200, ""min_turnover_thb"": 10000000, ""rank_buffer"": 0, ""rebalance"": 10, ""reserve"": 0.01, ""skip"": 21, ""top_n"": 25, ""trend"": 200, ""weighting"": ""equal""}",Rank-buffered or blended multi-horizon momentum,rejected_screen,0.3717674917883933,0.0825251232615917,-0.2124383836629598,,0.757778819237794,1920.0,0.2139894572464467,0.0672633531327311,-0.0917782820426222,,0.6339699527501241,1626.0,,,,,,,,,,,,,,,,,,,,,,,,,discovery: CAGR trails incumbent by >2 percentage points; validation: CAGR trails incumbent by >2 percentage points; development: CAGR not higher; development: drawdown not smaller,1.0,reports/momentum_refinement_20260929,False,False,-0.1082340407327191,0.0607034388699721,0.0684433857340818,0.6201245939402574,974.0,36.13515022916374,-0.0451425489722956,-0.0645682002399843,0.0575786198394415,0.0548698784736929,0.7073947777257246,725.0,34.27502817991639,-0.0482420790871691,0.0245556027753921,0.0865512054294825,0.1437059332357322,3549.0,-0.2124383836629598,0.0684433857340818,0.6591020839538766,1699.0,0.7832543808893073,0.784787271907798,85.54433789852509,-0.0436658404927348,-0.0645682002399843,,,,,,,,,,,,,,,,,,,,,,,,,,,,,,,,,,,,,,,
7bd1388b126e5eb7,multi_horizon_refined,"{""blend"": ""flow_blend"", ""daily_exit"": 0, ""family"": ""multi_horizon_refined"", ""market_window"": 200, ""min_turnover_thb"": 10000000, ""rank_buffer"": 0, ""rebalance"": 21, ""reserve"": 0.01, ""skip"": 21, ""top_n"": 25, ""trend"": 200, ""weighting"": ""equal""}",Rank-buffered or blended multi-horizon momentum,rejected_screen,0.5749546961213157,0.1206922646663897,-0.1317142334749056,,1.0599153237817265,916.0,0.2826080938074813,0.0871462755575984,-0.1108453785175468,,0.7540003410313066,945.0,,,,,,,,,,,,,,,,,,,,,,,,,validation: CAGR trails incumbent by >2 percentage points; development: CAGR not higher,1.0,reports/momentum_refinement_20260929,False,False,-0.0013997340866391,0.0370802762418595,0.1024718968032421,0.5999439451181771,974.0,22.072906864610747,-0.0069754075674977,0.0161559499480699,0.0453872888187834,0.0661309785553307,0.8022379178962353,725.0,27.017851549963385,-0.0283591566623018,0.0054885063004675,0.1126613618875083,0.1105117915509124,1865.0,-0.1317142334749056,0.1024718968032421,0.6867521454230932,1699.0,0.969090548904202,1.1064798213645757,65.78474406268973,-0.017555684034709,0.0161559499480699,,,,,,,,,,,,,,,,,,,,,,,,,,,,,,,,,,,,,,,
0be5268e9b748b0f,multi_horizon_refined,"{""blend"": ""flow_blend"", ""daily_exit"": 0, ""family"": ""multi_horizon_refined"", ""market_window"": 200, ""min_turnover_thb"": 10000000, ""rank_buffer"": 0, ""rebalance"": 42, ""reserve"": 0.01, ""skip"": 21, ""top_n"": 25, ""trend"": 200, ""weighting"": ""equal""}",Rank-buffered or blended multi-horizon momentum,rejected_screen,0.3640388502832981,0.0809918906148681,-0.1584635048926229,,0.7225941906756453,539.0,0.4198213918780964,0.1248795811860679,-0.0980724823974056,,1.0221493215870825,488.0,,,,,,,,,,,,,,,,,,,,,,,,,discovery: CAGR trails incumbent by >2 percentage points; development: CAGR not higher; development: drawdown not smaller,1.0,reports/momentum_refinement_20260929,False,False,-0.0338204233800669,0.0267048138876642,0.1283078596310416,0.6370006198529493,974.0,15.896668782465746,-0.0466757816190193,-0.0105933214696474,0.0294327890205327,0.0715161995115724,0.7453969400801423,725.0,17.520560164612604,0.0093741489661676,0.0182614024206088,0.1069899440117978,0.0679828057262919,1028.0,-0.1584635048926229,0.1283078596310416,0.6836385837352278,1699.0,0.9041193030892488,1.0326802825152377,40.4683646206869,-0.0232271019104195,-0.0105933214696474,,,,,,,,,,,,,,,,,,,,,,,,,,,,,,,,,,,,,,,
585fe749144c03cf,multi_horizon_refined,"{""blend"": ""flow_blend"", ""daily_exit"": 0, ""family"": ""multi_horizon_refined"", ""market_window"": 200, ""min_turnover_thb"": 10000000, ""rank_buffer"": 0, ""rebalance"": 10, ""reserve"": 0.01, ""skip"": 21, ""top_n"": 30, ""trend"": 200, ""weighting"": ""equal""}",Rank-buffered or blended multi-horizon momentum,rejected_screen,0.3448752882804184,0.0771618884276965,-0.1945827520151977,,0.7755777895426147,2193.0,0.1505544147897102,0.0482068776237931,-0.1102125353660389,,0.4878541786733934,1911.0,,,,,,,,,,,,,,,,,,,,,,,,,discovery: CAGR trails incumbent by >2 percentage points; validation: CAGR trails incumbent by >2 percentage points; development: CAGR not higher; development: drawdown not smaller,1.0,reports/momentum_refinement_20260929,False,False,-0.1034152483258706,0.0554969835502219,0.057686332622689,0.5983144921566229,974.0,33.03588520163223,-0.0505057838061908,-0.0467125685922221,0.0511481757792866,0.0459740203764217,0.7044680988145812,725.0,30.447155056424,-0.0672985545961071,0.0061213494519755,0.0735143661885688,0.1270968280142379,4107.0,-0.1945827520151977,0.057686332622689,0.64508471831044,1699.0,0.7205551545443903,0.6405948094728762,75.65737723331024,-0.0567026797336485,-0.0467125685922221,,,,,,,,,,,,,,,,,,,,,,,,,,,,,,,,,,,,,,,
f9228cc539654dc1,multi_horizon_refined,"{""blend"": ""flow_blend"", ""daily_exit"": 0, ""family"": ""multi_horizon_refined"", ""market_window"": 200, ""min_turnover_thb"": 10000000, ""rank_buffer"": 0, ""rebalance"": 21, ""reserve"": 0.01, ""skip"": 21, ""top_n"": 30, ""trend"": 200, ""weighting"": ""equal""}",Rank-buffered or blended multi-horizon momentum,rejected_screen,0.4936815495027107,0.1058955423186427,-0.125419887879153,,1.0374586798064356,1053.0,0.2591557719692501,0.0804320225366781,-0.106145097022709,,0.7358854175847444,1093.0,,,,,,,,,,,,,,,,,,,,,,,,,discovery: CAGR trails incumbent by >2 percentage points; validation: CAGR trails incumbent by >2 percentage points; development: CAGR not higher,1.0,reports/momentum_refinement_20260929,False,False,-0.0074684664088405,0.034367129177412,0.0866323560604254,0.5782974590094205,974.0,20.457842239069063,-0.0217721299152446,0.0224502955438224,0.0394222698871926,0.0550186644660248,0.7936969951978224,725.0,23.467033684857796,-0.0350734096832221,0.0101887877953054,0.1002982839695543,0.0944970221049917,2150.0,-0.125419887879153,0.0866323560604254,0.6706248032218185,1699.0,0.9406299025824912,0.9484634643135446,56.25157575152792,-0.029918761952663,0.0224502955438224,,,,,,,,,,,,,,,,,,,,,,,,,,,,,,,,,,,,,,,
7ad1c2bb4ce65ce2,multi_horizon_refined,"{""blend"": ""flow_blend"", ""daily_exit"": 0, ""family"": ""multi_horizon_refined"", ""market_window"": 200, ""min_turnover_thb"": 10000000, ""rank_buffer"": 0, ""rebalance"": 42, ""reserve"": 0.01, ""skip"": 21, ""top_n"": 30, ""trend"": 200, ""weighting"": ""equal""}",Rank-buffered or blended multi-horizon momentum,rejected_screen,0.3272830996679663,0.0736097759319651,-0.1607932510770787,,0.7235050305941398,623.0,0.3387294439426203,0.1028888757637034,-0.0961311505420499,,0.9111346067983892,562.0,,,,,,,,,,,,,,,,,,,,,,,,,discovery: CAGR trails incumbent by >2 percentage points; development: CAGR not higher; development: drawdown not smaller,1.0,reports/momentum_refinement_20260929,False,False,-0.0508449849466616,0.0255673906973502,0.1096166135627751,0.6164315154896496,974.0,15.219590866926731,-0.0540578963019222,-0.0129230676541032,0.0258716965645173,0.0608104864954544,0.7345635117582449,725.0,15.40073609412305,-0.0126165564561968,0.0202027342759645,0.0922951286296589,0.0606584113798918,1186.0,-0.1607932510770787,0.1096166135627751,0.6671709846634304,1699.0,0.8545631578552897,0.8516822625800553,36.108346556278285,-0.0379219172925584,-0.0129230676541032,,,,,,,,,,,,,,,,,,,,,,,,,,,,,,,,,,,,,,,
d41e84eb4b929b78,multi_horizon_refined,"{""blend"": ""quality_blend"", ""daily_exit"": 0, ""family"": ""multi_horizon_refined"", ""market_window"": 200, ""min_turnover_thb"": 10000000, ""rank_buffer"": 0, ""rebalance"": 10, ""reserve"": 0.01, ""skip"": 21, ""top_n"": 10, ""trend"": 200, ""weighting"": ""equal""}",Rank-buffered or blended multi-horizon momentum,rejected_screen,0.6388812038434981,0.1319338855327376,-0.2946185427932366,,0.8317512343658193,884.0,0.1355303945103259,0.0435917833055374,-0.1881295820361576,,0.3624417840080677,690.0,,,,,,,,,,,,,,,,,,,,,,,,,validation: CAGR trails incumbent by >2 percentage points; development: CAGR not higher; development: drawdown not smaller,1.0,reports/momentum_refinement_20260929,False,False,-0.1703643861948017,0.0890733387015147,0.1603450365787558,0.6671185938912136,974.0,53.023000596175216,0.0042662132988502,-0.1467483593702611,0.0709449200526661,0.1339304919891463,0.707950356566926,725.0,42.23163286663862,-0.0719136489143628,-0.0717956972181431,0.1066010190976767,0.2147134384441061,1577.0,-0.2946185427932366,0.1603450365787558,0.686287135240105,1699.0,0.7129681742480276,1.027701597279615,127.8132260516139,-0.0236160268245406,-0.1467483593702611,,,,,,,,,,,,,,,,,,,,,,,,,,,,,,,,,,,,,,,
1b0f8335c2339ff2,multi_horizon_refined,"{""blend"": ""quality_blend"", ""daily_exit"": 0, ""family"": ""multi_horizon_refined"", ""market_window"": 200, ""min_turnover_thb"": 10000000, ""rank_buffer"": 0, ""rebalance"": 21, ""reserve"": 0.01, ""skip"": 21, ""top_n"": 10, ""trend"": 200, ""weighting"": ""equal""}",Rank-buffered or blended multi-horizon momentum,rejected_screen,0.75659453525654,0.1518022866016652,-0.1626902104853128,,0.9242055511985776,418.0,0.2370309147061058,0.074021227229744,-0.2047730322564793,,0.5447321628609558,416.0,,,,,,,,,,,,,,,,,,,,,,,,,validation: CAGR trails incumbent by >2 percentage points; development: CAGR not higher; development: drawdown not smaller,1.0,reports/momentum_refinement_20260929,False,False,-0.0587166094673419,0.0472484530361615,0.2288113801762716,0.6389397405195811,974.0,28.1257533401759,0.0241346143677778,-0.0148200270623373,0.0589461267941567,0.1502578946576815,0.8029980400710823,725.0,35.089068869668885,-0.0414842049901562,-0.0884391474384649,0.1284032852883789,0.1581084464400507,839.0,-0.204773032256479,0.2288113801762716,0.7095310910014103,1699.0,0.8234005546032979,1.3234706290757958,94.11777274840806,-0.0018137606338384,-0.0569028488335034,,,,,,,,,,,,,,,,,,,,,,,,,,,,,,,,,,,,,,,
036f42f0f583ac2d,multi_horizon_refined,"{""blend"": ""quality_blend"", ""daily_exit"": 0, ""family"": ""multi_horizon_refined"", ""market_window"": 200, ""min_turnover_thb"": 10000000, ""rank_buffer"": 0, ""rebalance"": 42, ""reserve"": 0.01, ""skip"": 21, ""top_n"": 10, ""trend"": 200, ""weighting"": ""equal""}",Rank-buffered or blended multi-horizon momentum,rejected_screen,0.4628924447157794,0.1001323532073827,-0.2678777450265385,,0.6308858619663568,257.0,0.4657285824648265,0.1369607206515644,-0.1713007502730379,,0.9033981614260014,213.0,,,,,,,,,,,,,,,,,,,,,,,,,discovery: CAGR trails incumbent by >2 percentage points; development: CAGR not higher; development: drawdown not smaller,1.0,reports/momentum_refinement_20260929,False,False,-0.1216952747352571,0.0350808555905018,0.2713170392058449,0.6822631737949021,974.0,20.882704679148656,-0.0275353190265046,-0.1200075616035629,0.0379661720227092,0.1537698388084195,0.7459023070242734,725.0,22.600257171682387,0.0214552884316641,-0.0549668654550234,0.1285293327905232,0.0955854693714892,475.0,-0.2678777450265385,0.2713170392058449,0.7100094712872613,1699.0,0.7995411269682012,1.3252825186472084,56.89949959610049,-0.0016877131316941,-0.1200075616035629,,,,,,,,,,,,,,,,,,,,,,,,,,,,,,,,,,,,,,,
e3252b11da498c19,multi_horizon_refined,"{""blend"": ""quality_blend"", ""daily_exit"": 0, ""family"": ""multi_horizon_refined"", ""market_window"": 200, ""min_turnover_thb"": 10000000, ""rank_buffer"": 0, ""rebalance"": 10, ""reserve"": 0.01, ""skip"": 21, ""top_n"": 15, ""trend"": 200, ""weighting"": ""equal""}",Rank-buffered or blended multi-horizon momentum,rejected_screen,0.4466511885858479,0.0970555832710411,-0.2694641010639929,,0.7224288217522726,1273.0,0.1016089305931191,0.0330204969638641,-0.1528376328811592,,0.3158693130779614,1006.0,,,,,,,,,,,,,,,,,,,,,,,,,discovery: CAGR trails incumbent by >2 percentage points; validation: CAGR trails incumbent by >2 percentage points; development: CAGR not higher; development: drawdown not smaller,1.0,reports/momentum_refinement_20260929,False,False,-0.1724831162944516,0.0737848910033125,0.1099997573600777,0.6648983457888359,974.0,43.92219239437622,-0.0306120889628462,-0.1215939176410173,0.0616782219199021,0.0897144262116539,0.7082600900021845,725.0,36.71541277451167,-0.0824849352560361,-0.0365037480631448,0.079327847268783,0.1681368380851168,2283.0,-0.2694641010639929,0.1099997573600777,0.6851438985422629,1699.0,0.6209758280155873,0.7036101381321178,100.08740882499964,-0.0508891986534343,-0.1215939176410173,,,,,,,,,,,,,,,,,,,,,,,,,,,,,,,,,,,,,,,
45108768d3f205a4,multi_horizon_refined,"{""blend"": ""quality_blend"", ""daily_exit"": 0, ""family"": ""multi_horizon_refined"", ""market_window"": 200, ""min_turnover_thb"": 10000000, ""rank_buffer"": 0, ""rebalance"": 21, ""reserve"": 0.01, ""skip"": 21, ""top_n"": 15, ""trend"": 200, ""weighting"": ""equal""}",Rank-buffered or blended multi-horizon momentum,rejected_screen,0.7378496469471967,0.1487065684642277,-0.1363797833746847,,1.0388540296264266,596.0,0.3287888859912107,0.1001328375193448,-0.1527796357284979,,0.773846035290523,589.0,,,,,,,,,,,,,,,,,,,,,,,,,development: drawdown not smaller,1.0,reports/momentum_refinement_20260929,False,False,0.0009983714229474,0.0439424388508702,0.1606188609553582,0.6331829725639627,974.0,26.157770611863945,0.0210388962303402,0.0114904000482908,0.0518557406932073,0.1025132810471234,0.8025646514199959,725.0,30.868349719154324,-0.0153725947005554,-0.0364457509104835,0.1361248696506869,0.1383399221145704,1190.0,-0.1527796357284976,0.1606188609553582,0.706037830601865,1699.0,0.9762954480153788,1.436724426920911,82.35009352614468,0.0059078237284695,-0.004909452305522,,,,,,,,,,,,,,,,,,,,,,,,,,,,,,,,,,,,,,,
710f8ce6b5693e12,multi_horizon_refined,"{""blend"": ""quality_blend"", ""daily_exit"": 0, ""family"": ""multi_horizon_refined"", ""market_window"": 200, ""min_turnover_thb"": 10000000, ""rank_buffer"": 0, ""rebalance"": 42, ""reserve"": 0.01, ""skip"": 21, ""top_n"": 15, ""trend"": 200, ""weighting"": ""equal""}",Rank-buffered or blended multi-horizon momentum,rejected_screen,0.4131137914582963,0.0906193864704598,-0.1964618244323104,,0.6568098803255888,352.0,0.3783894447710443,0.1137513305566304,-0.1607000079996731,,0.8478299096526618,307.0,,,,,,,,,,,,,,,,,,,,,,,,,discovery: CAGR trails incumbent by >2 percentage points; development: CAGR not higher; development: drawdown not smaller,1.0,reports/momentum_refinement_20260929,False,False,-0.067761713928042,0.0301138536189929,0.1954390155870653,0.670927647339301,974.0,17.925979891060734,-0.0370482857634275,-0.0485916410093348,0.0332555728906051,0.1030370120241015,0.7456648224762467,725.0,19.796162206443903,-0.0017541016632698,-0.0443661231816586,0.1110469730035101,0.0803327183640798,665.0,-0.1964618244323104,0.1954390155870653,0.7034008665636726,1699.0,0.7934425666336863,1.0852425451418188,47.819940689374256,-0.0191700729187072,-0.0485916410093348,,,,,,,,,,,,,,,,,,,,,,,,,,,,,,,,,,,,,,,
857d28b3661e09b4,multi_horizon_refined,"{""blend"": ""quality_blend"", ""daily_exit"": 0, ""family"": ""multi_horizon_refined"", ""market_window"": 200, ""min_turnover_thb"": 10000000, ""rank_buffer"": 0, ""rebalance"": 10, ""reserve"": 0.01, ""skip"": 21, ""top_n"": 20, ""trend"": 200, ""weighting"": ""equal""}",Rank-buffered or blended multi-horizon momentum,rejected_screen,0.4620738395750159,0.0999778893392449,-0.222671209202328,,0.8236317369555943,1621.0,0.1683630187436682,0.053625783801291,-0.1024507509746558,,0.5023550574409615,1312.0,,,,,,,,,,,,,,,,,,,,,,,,,discovery: CAGR trails incumbent by >2 percentage points; validation: CAGR trails incumbent by >2 percentage points; development: CAGR not higher; development: drawdown not smaller,1.0,reports/momentum_refinement_20260929,False,False,-0.112727779865988,0.0694183457877316,0.0841361015810635,0.6450386756985126,974.0,41.322903617912786,-0.0276897828946425,-0.0748010257793525,0.0584149433303768,0.0668243435552625,0.7070188148516177,725.0,34.77286941507045,-0.0618796484186092,0.0138831338433585,0.0922902918355819,0.160608416870271,2937.0,-0.222671209202328,0.0841361015810635,0.67322752922938,1699.0,0.7749362639962841,0.8516250412524691,95.60593896676646,-0.0379267540866354,-0.0748010257793525,,,,,,,,,,,,,,,,,,,,,,,,,,,,,,,,,,,,,,,
307a8734995da4c4,multi_horizon_refined,"{""blend"": ""quality_blend"", ""daily_exit"": 0, ""family"": ""multi_horizon_refined"", ""market_window"": 200, ""min_turnover_thb"": 10000000, ""rank_buffer"": 0, ""rebalance"": 21, ""reserve"": 0.01, ""skip"": 21, ""top_n"": 20, ""trend"": 200, ""weighting"": ""equal""}",Rank-buffered or blended multi-horizon momentum,rejected_screen,0.6541959268286455,0.1345781022508434,-0.1297811085570761,,1.050203344235446,761.0,0.2987572758794015,0.0917224067297475,-0.1182801822773287,,0.768184419899543,764.0,,,,,,,,,,,,,,,,,,,,,,,,,validation: CAGR trails incumbent by >2 percentage points; development: CAGR not higher,1.0,reports/momentum_refinement_20260929,False,False,0.0112052101808669,0.0399969517589626,0.125490866608997,0.6197559086004691,974.0,23.80912659025102,0.006910430016956,0.0180890748658993,0.0474254499513227,0.0824868008313174,0.8023437528119367,725.0,28.231114918342023,-0.0237830254901527,-0.0019462974593142,0.1233331812371849,0.1214179341813149,1531.0,-0.1297811085570761,0.125490866608997,0.698244310158915,1699.0,0.9777272106427172,1.2515852910843257,72.27688206519137,-0.0068838646850324,0.0180890748658993,,,,,,,,,,,,,,,,,,,,,,,,,,,,,,,,,,,,,,,
b5d2fad3786a0a6a,multi_horizon_refined,"{""blend"": ""quality_blend"", ""daily_exit"": 0, ""family"": ""multi_horizon_refined"", ""market_window"": 200, ""min_turnover_thb"": 10000000, ""rank_buffer"": 0, ""rebalance"": 42, ""reserve"": 0.01, ""skip"": 21, ""top_n"": 20, ""trend"": 200, ""weighting"": ""equal""}",Rank-buffered or blended multi-horizon momentum,rejected_screen,0.4168130422549145,0.0913348924973558,-0.1821009660579423,,0.7332128915277557,450.0,0.3896444786519599,0.1167960712262103,-0.1197720058329824,,0.917283298550436,397.0,,,,,,,,,,,,,,,,,,,,,,,,,discovery: CAGR trails incumbent by >2 percentage points; development: CAGR not higher; development: drawdown not smaller,1.0,reports/momentum_refinement_20260929,False,False,-0.0533232426236194,0.0292663384507204,0.154667101923471,0.6551584627922943,974.0,17.421476546651846,-0.0363327797365315,-0.0342307826349668,0.030870526756865,0.0867668698697855,0.7454880289745877,725.0,18.37640737952558,0.0012906390063101,-0.0034381210149679,0.1111245859335647,0.0751571054228302,851.0,-0.1821009660579423,0.154667101923471,0.6941808786501856,1699.0,0.8667467494307802,1.0862593287585467,44.73903531331046,-0.0190924599886526,-0.0342307826349668,,,,,,,,,,,,,,,,,,,,,,,,,,,,,,,,,,,,,,,
be4701595b92e630,multi_horizon_refined,"{""blend"": ""quality_blend"", ""daily_exit"": 0, ""family"": ""multi_horizon_refined"", ""market_window"": 200, ""min_turnover_thb"": 10000000, ""rank_buffer"": 0, ""rebalance"": 10, ""reserve"": 0.01, ""skip"": 21, ""top_n"": 25, ""trend"": 200, ""weighting"": ""equal""}",Rank-buffered or blended multi-horizon momentum,rejected_screen,0.4121550372957121,0.0904337161062085,-0.2126480472463124,,0.8261945829278586,1913.0,0.133224916195767,0.0428800007165157,-0.1090803655814107,,0.4277576465153515,1627.0,,,,,,,,,,,,,,,,,,,,,,,,,discovery: CAGR trails incumbent by >2 percentage points; validation: CAGR trails incumbent by >2 percentage points; development: CAGR not higher; development: drawdown not smaller,1.0,reports/momentum_refinement_20260929,False,False,-0.1146269524166179,0.0612978385394049,0.0684433857340818,0.6201111089015415,974.0,36.48898061753972,-0.0372339561276788,-0.0647778638233369,0.0548709626594209,0.0535999125421418,0.7073883351839534,725.0,32.66323153724685,-0.0726254315033845,0.0072535192366036,0.0803679573289364,0.1426461443257038,3543.0,-0.2126480472463124,0.0684433857340818,0.6590916041526138,1699.0,0.7338884219620676,0.7151003236957432,84.91347361491978,-0.0498490885932809,-0.0647778638233369,,,,,,,,,,,,,,,,,,,,,,,,,,,,,,,,,,,,,,,
8f84b92cd7504d2d,multi_horizon_refined,"{""blend"": ""quality_blend"", ""daily_exit"": 0, ""family"": ""multi_horizon_refined"", ""market_window"": 200, ""min_turnover_thb"": 10000000, ""rank_buffer"": 0, ""rebalance"": 21, ""reserve"": 0.01, ""skip"": 21, ""top_n"": 25, ""trend"": 200, ""weighting"": ""equal""}",Rank-buffered or blended multi-horizon momentum,rejected_screen,0.5595759454974834,0.1179370031429007,-0.144267079619903,,1.044386603258936,913.0,0.2718289920115402,0.0840705033697124,-0.1066543018140246,,0.7361218655805047,950.0,,,,,,,,,,,,,,,,,,,,,,,,,validation: CAGR trails incumbent by >2 percentage points; development: CAGR not higher,1.0,reports/momentum_refinement_20260929,False,False,-0.0168587782733135,0.0364487301679867,0.1024718968032421,0.5999312385711599,974.0,21.696964205004303,-0.0097306690909866,0.0036031038030724,0.0456095406844576,0.0655422739912584,0.8022719483986934,725.0,27.150152202189197,-0.0314349288501878,0.0096795830039897,0.1097551638458314,0.1095244843798759,1867.0,-0.144267079619903,0.1024718968032421,0.6867593805655505,1699.0,0.9531687382523224,1.0683811728614223,65.19702623958324,-0.0204618820763859,0.0036031038030724,,,,,,,,,,,,,,,,,,,,,,,,,,,,,,,,,,,,,,,
bf4a36ac51c49bed,multi_horizon_refined,"{""blend"": ""quality_blend"", ""daily_exit"": 0, ""family"": ""multi_horizon_refined"", ""market_window"": 200, ""min_turnover_thb"": 10000000, ""rank_buffer"": 0, ""rebalance"": 42, ""reserve"": 0.01, ""skip"": 21, ""top_n"": 25, ""trend"": 200, ""weighting"": ""equal""}",Rank-buffered or blended multi-horizon momentum,rejected_screen,0.353999141001365,0.0789904324725707,-0.1784882427240955,,0.7101274553558042,546.0,0.3452598725932954,0.104692058041097,-0.0971888837468112,,0.8763698885534593,491.0,,,,,,,,,,,,,,,,,,,,,,,,,discovery: CAGR trails incumbent by >2 percentage points; development: CAGR not higher; development: drawdown not smaller,1.0,reports/momentum_refinement_20260929,False,False,-0.0635310349404794,0.0277399189993464,0.1283078596310416,0.6370623658191588,974.0,16.51283945434043,-0.0486772397613166,-0.03061805930112,0.0289955849308454,0.0715161995115724,0.7454215822262458,725.0,17.26030414360701,-0.0108133741788032,0.0191450010712032,0.097304070282858,0.0680926211014538,1038.0,-0.1784882427240955,0.1283078596310416,0.6836844929844167,1699.0,0.8342270909039814,0.911759509464222,40.53373480650862,-0.0329129756393593,-0.03061805930112,,,,,,,,,,,,,,,,,,,,,,,,,,,,,,,,,,,,,,,
41ecb18abfb6df0f,multi_horizon_refined,"{""blend"": ""quality_blend"", ""daily_exit"": 0, ""family"": ""multi_horizon_refined"", ""market_window"": 200, ""min_turnover_thb"": 10000000, ""rank_buffer"": 0, ""rebalance"": 10, ""reserve"": 0.01, ""skip"": 21, ""top_n"": 30, ""trend"": 200, ""weighting"": ""equal""}",Rank-buffered or blended multi-horizon momentum,rejected_screen,0.3468635083230555,0.0775611448503204,-0.1998930533379215,,0.7804037690795455,2180.0,0.104249999212409,0.0338512596739442,-0.1197344754537917,,0.3626972975194011,1909.0,,,,,,,,,,,,,,,,,,,,,,,,,discovery: CAGR trails incumbent by >2 percentage points; validation: CAGR trails incumbent by >2 percentage points; development: CAGR not higher; development: drawdown not smaller,1.0,reports/momentum_refinement_20260929,False,False,-0.1147997571199851,0.0541022892870215,0.057686332622689,0.5982919630128518,974.0,32.205660626835886,-0.050106527383567,-0.0520228699149459,0.0489235360874883,0.0459155938879046,0.7044586593282142,725.0,29.122885938144133,-0.081654172545956,-0.0034005906357773,0.0674401587171782,0.1226307221145441,4092.0,-0.1998930533379215,0.057686332622689,0.6450677719805805,1699.0,0.6690227068879125,0.5768971208423819,72.9988226171464,-0.0627768872050391,-0.0520228699149459,,,,,,,,,,,,,,,,,,,,,,,,,,,,,,,,,,,,,,,
2ece4468cad0d6e5,multi_horizon_refined,"{""blend"": ""quality_blend"", ""daily_exit"": 0, ""family"": ""multi_horizon_refined"", ""market_window"": 200, ""min_turnover_thb"": 10000000, ""rank_buffer"": 0, ""rebalance"": 21, ""reserve"": 0.01, ""skip"": 21, ""top_n"": 30, ""trend"": 200, ""weighting"": ""equal""}",Rank-buffered or blended multi-horizon momentum,rejected_screen,0.4787912542465684,0.1031195621527625,-0.1323681813692737,,1.0143893646346187,1048.0,0.1819345114255983,0.0577186681799719,-0.1154637049339795,,0.5553543132048863,1094.0,,,,,,,,,,,,,,,,,,,,,,,,,discovery: CAGR trails incumbent by >2 percentage points; validation: CAGR trails incumbent by >2 percentage points; development: CAGR not higher,1.0,reports/momentum_refinement_20260929,False,False,-0.0259142286453846,0.0335409224369265,0.0866323560604254,0.5782767476910007,974.0,19.96602323764897,-0.0245481100811248,0.0155020020537017,0.0379256320705946,0.0550186644660248,0.7936928110507446,725.0,22.57612481135465,-0.0577867640399283,0.0008701798840349,0.0888008152231309,0.0907785247278391,2146.0,-0.1323681813692737,0.0866323560604254,0.6706111444044132,1699.0,0.8482470282227239,0.8107357534270627,54.03805269827914,-0.0414162306990864,0.0155020020537017,,,,,,,,,,,,,,,,,,,,,,,,,,,,,,,,,,,,,,,
e491d0be33860d5b,multi_horizon_refined,"{""blend"": ""quality_blend"", ""daily_exit"": 0, ""family"": ""multi_horizon_refined"", ""market_window"": 200, ""min_turnover_thb"": 10000000, ""rank_buffer"": 0, ""rebalance"": 42, ""reserve"": 0.01, ""skip"": 21, ""top_n"": 30, ""trend"": 200, ""weighting"": ""equal""}",Rank-buffered or blended multi-horizon momentum,rejected_screen,0.2990690701493452,0.0678386005711502,-0.1574441364938835,,0.6724898509819549,622.0,0.239262979495487,0.0746714173117721,-0.1174887315051618,,0.6869188268711222,563.0,,,,,,,,,,,,,,,,,,,,,,,,,discovery: CAGR trails incumbent by >2 percentage points; validation: CAGR trails incumbent by >2 percentage points; development: CAGR not higher; development: drawdown not smaller,1.0,reports/momentum_refinement_20260929,False,False,-0.0628338364820355,0.025162288464372,0.1096166135627751,0.6164226313957507,974.0,14.978444231425724,-0.0598290716627372,-0.009573953070908,0.0248343182040012,0.0608104864954544,0.7345442767098167,725.0,14.783212217394642,-0.0408340149081281,-0.0011548466871473,0.0769571625110898,0.0581030166158845,1186.0,-0.1574441364938835,0.1096166135627751,0.6671576835938132,1699.0,0.7272812675765893,0.6776671679201245,34.587187699199085,-0.0532598834111275,-0.009573953070908,,,,,,,,,,,,,,,,,,,,,,,,,,,,,,,,,,,,,,,
053862022b20acf7,multi_horizon_refined,"{""blend"": ""equal"", ""daily_exit"": 0, ""family"": ""multi_horizon_refined"", ""market_window"": 100, ""min_turnover_thb"": 10000000, ""rank_buffer"": 0, ""rebalance"": 21, ""reserve"": 0.01, ""skip"": 21, ""top_n"": 15, ""trend"": 100, ""weighting"": ""equal""}",Rank-buffered or blended multi-horizon momentum,rejected_screen,0.6916711081221212,0.1409720243332171,-0.1461326692272936,,1.0608103378824918,651.0,0.125152648066563,0.0403801992668844,-0.1856042791761022,,0.3784043625796653,539.0,,,,,,,,,,,,,,,,,,,,,,,,,validation: CAGR trails incumbent by >2 percentage points; development: CAGR not higher; development: drawdown not smaller,1.0,reports/momentum_refinement_20260929,False,False,-0.0626164149838537,0.0589427046142542,0.1644138605952488,0.6347769055989245,974.0,35.0870317365642,0.0133043520993296,0.0017375141956819,0.0523896255590425,0.1038647764361736,0.6594223128561608,725.0,31.18615724688525,-0.0751252329530158,-0.0692703943580878,0.1053347266914894,0.1532733235976466,1199.0,-0.1856042791761013,0.1644138605952488,0.6458838574023632,1699.0,0.8301499516877253,1.011563911900617,91.23955211479654,-0.0248823192307279,-0.0377340957531258,,,,,,,,,,,,,,,,,,,,,,,,,,,,,,,,,,,,,,,
673647c27dc325b5,multi_horizon_refined,"{""blend"": ""equal"", ""daily_exit"": 0, ""family"": ""multi_horizon_refined"", ""market_window"": 100, ""min_turnover_thb"": 10000000, ""rank_buffer"": 0, ""rebalance"": 21, ""reserve"": 0.01, ""skip"": 21, ""top_n"": 20, ""trend"": 100, ""weighting"": ""equal""}",Rank-buffered or blended multi-horizon momentum,rejected_screen,0.670576937087366,0.1373862008133142,-0.1179895949347612,,1.1679642733877031,820.0,0.1508487477665123,0.0482968902008731,-0.1299739600471845,,0.4720147292735835,697.0,,,,,,,,,,,,,,,,,,,,,,,,,validation: CAGR trails incumbent by >2 percentage points; development: CAGR not higher,1.0,reports/momentum_refinement_20260929,False,False,-0.0072271019377694,0.0535798686027919,0.1271826387603959,0.6106096111383603,974.0,31.894677422937065,0.0097185285794267,0.0298805884882142,0.0477341958321899,0.0794820087254273,0.6578924574542807,725.0,28.41490316815879,-0.0672085420190271,-0.0136400752291701,0.105093720608657,0.1370021309106745,1525.0,-0.1299739600471846,0.1271826387603959,0.6312636270911884,1699.0,0.9203071569881474,1.008505016888721,81.5537418362251,-0.0251233253135603,0.0178962233757908,,,,,,,,,,,,,,,,,,,,,,,,,,,,,,,,,,,,,,,
7055a209089c760e,multi_horizon_refined,"{""blend"": ""equal"", ""daily_exit"": 0, ""family"": ""multi_horizon_refined"", ""market_window"": 100, ""min_turnover_thb"": 10000000, ""rank_buffer"": 0, ""rebalance"": 21, ""reserve"": 0.01, ""skip"": 21, ""top_n"": 25, ""trend"": 100, ""weighting"": ""equal""}",Rank-buffered or blended multi-horizon momentum,rejected_screen,0.498282096376532,0.1067490235468406,-0.1109221685487719,,1.0333461935535186,964.0,0.0997553797930412,0.03243666188726,-0.1536533598219247,,0.3529281877273137,841.0,,,,,,,,,,,,,,,,,,,,,,,,,discovery: CAGR trails incumbent by >2 percentage points; validation: CAGR trails incumbent by >2 percentage points; development: CAGR not higher; development: drawdown not smaller,1.0,reports/momentum_refinement_20260929,False,False,-0.0563452233085801,0.0456670722374047,0.103659512435499,0.5849469825500798,974.0,27.184399212694064,-0.0209186486870467,0.0369480148742036,0.0432074747566834,0.0655639473138646,0.6524612616021311,725.0,25.720265942427176,-0.0830687703326402,-0.0373194750039103,0.0796549990125863,0.1128372266611494,1813.0,-0.1536533598219246,0.103659512435499,0.6141450403909324,1699.0,0.7797615808952049,0.7072170806408058,67.16901402532858,-0.050562046909631,-0.005783176398949,,,,,,,,,,,,,,,,,,,,,,,,,,,,,,,,,,,,,,,
1b5326087e779fd2,multi_horizon_refined,"{""blend"": ""equal"", ""daily_exit"": 0, ""family"": ""multi_horizon_refined"", ""market_window"": 100, ""min_turnover_thb"": 10000000, ""rank_buffer"": 0, ""rebalance"": 21, ""reserve"": 0.01, ""skip"": 21, ""top_n"": 15, ""trend"": 150, ""weighting"": ""equal""}",Rank-buffered or blended multi-horizon momentum,rejected_screen,0.769431890717877,0.1539081268052133,-0.1531432685164155,,1.152284694301633,637.0,0.2425587022976172,0.0756300252133075,-0.1578604399215981,,0.633708771545063,545.0,,,,,,,,,,,,,,,,,,,,,,,,,validation: CAGR trails incumbent by >2 percentage points; development: CAGR not higher; development: drawdown not smaller,1.0,reports/momentum_refinement_20260929,False,False,-0.0120876430205292,0.0567333726354781,0.1607987412512559,0.6264839998125314,974.0,33.771874894623586,0.0262404545713259,-0.00527308509344,0.0586925127931243,0.103864776464286,0.6595095127835917,725.0,34.93809916847689,-0.0398754070065927,-0.0415265551035837,0.1281196594003106,0.1659975237334568,1188.0,-0.157860439921598,0.1607987412512559,0.6411573974684064,1699.0,0.983898535902929,1.3193980266602383,98.8139316229876,-0.0020973865219067,-0.0099902564986225,,,,,,,,,,,,,,,,,,,,,,,,,,,,,,,,,,,,,,,
edd2692b639c9205,multi_horizon_refined,"{""blend"": ""equal"", ""daily_exit"": 0, ""family"": ""multi_horizon_refined"", ""market_window"": 100, ""min_turnover_thb"": 10000000, ""rank_buffer"": 0, ""rebalance"": 21, ""reserve"": 0.01, ""skip"": 21, ""top_n"": 20, ""trend"": 150, ""weighting"": ""equal""}",Rank-buffered or blended multi-horizon momentum,rejected_screen,0.7027251973391488,0.1428377622485819,-0.1265940732437319,,1.1999076974344876,797.0,0.2838895308911502,0.0875107848143574,-0.1056397764012022,,0.7697555275226013,701.0,,,,,,,,,,,,,,,,,,,,,,,,,validation: CAGR trails incumbent by >2 percentage points; development: CAGR not higher,1.0,reports/momentum_refinement_20260929,False,False,0.0176001824037113,0.0508271252307295,0.1255531298291212,0.6041234143925583,974.0,30.256042163658293,0.0151700900146944,0.0212761101792435,0.0528029595452412,0.0794820087447129,0.6593204840403294,725.0,31.43220402716903,-0.0279946474055428,0.0106941084168121,0.1265411181466851,0.1452157477911819,1507.0,-0.1265940732437319,0.1255531298291212,0.6282597678397644,1699.0,1.0647219638283365,1.2968432023908174,86.4430905358545,-0.0036759277755322,0.0212761101792435,,,,,,,,,,,,,,,,,,,,,,,,,,,,,,,,,,,,,,,
47bb458bdee54ed7,multi_horizon_refined,"{""blend"": ""equal"", ""daily_exit"": 0, ""family"": ""multi_horizon_refined"", ""market_window"": 100, ""min_turnover_thb"": 10000000, ""rank_buffer"": 0, ""rebalance"": 21, ""reserve"": 0.01, ""skip"": 21, ""top_n"": 25, ""trend"": 150, ""weighting"": ""equal""}",Rank-buffered or blended multi-horizon momentum,rejected_screen,0.5619601293175875,0.118365483437087,-0.1166227870694651,,1.134568920751451,943.0,0.2003681266468358,0.0632281707429032,-0.1188591487555805,,0.6093083465781337,839.0,,,,,,,,,,,,,,,,,,,,,,,,,validation: CAGR trails incumbent by >2 percentage points; development: CAGR not higher,1.0,reports/momentum_refinement_20260929,False,False,-0.0004332531910552,0.0447146876951337,0.1026140754761008,0.5780550535246226,974.0,26.617469906026383,-0.0093021887968003,0.0312473963535103,0.0455051992951119,0.0655473686888853,0.6558621656263154,725.0,27.088040535217555,-0.052277261476997,-0.0025252639375661,0.1007727580637674,0.1182465437839059,1789.0,-0.1188591487555807,0.1026140754761008,0.6117493937545513,1699.0,0.9481204129452976,0.9543347583937304,70.38903731406987,-0.0294442878584499,0.0290110346673947,,,,,,,,,,,,,,,,,,,,,,,,,,,,,,,,,,,,,,,
2a5a7e3fc329633d,multi_horizon_refined,"{""blend"": ""equal"", ""daily_exit"": 0, ""family"": ""multi_horizon_refined"", ""market_window"": 100, ""min_turnover_thb"": 10000000, ""rank_buffer"": 0, ""rebalance"": 21, ""reserve"": 0.01, ""skip"": 21, ""top_n"": 15, ""trend"": 200, ""weighting"": ""equal""}",Rank-buffered or blended multi-horizon momentum,rejected_screen,0.8070786648802724,0.1600184151636876,-0.146924672184701,,1.1926342394598808,637.0,0.2509629150615395,0.078066889118332,-0.1559241793310866,,0.6538006828806328,545.0,,,,,,,,,,,,,,,,,,,,,,,,,validation: CAGR trails incumbent by >2 percentage points; development: drawdown not smaller,1.0,reports/momentum_refinement_20260929,False,False,-0.0056124212759214,0.0569334094932094,0.1607987412512559,0.6292700196462309,974.0,33.89095154069255,0.0323507429298002,0.0009455112382744,0.0592883851588868,0.1038647764649151,0.6595193159569144,725.0,35.29280621399297,-0.0374385431015682,-0.0395902945130721,0.1326586205544069,0.1693755726625758,1187.0,-0.1559241793310865,0.1607987412512559,0.6427558689319202,1699.0,1.0162650783570946,1.3853128679696116,100.82479472740984,0.0024415746321895,-0.0080539959081109,,,,,,,,,,,,,,,,,,,,,,,,,,,,,,,,,,,,,,,
2e89f5a220a3a32d,multi_horizon_refined,"{""blend"": ""equal"", ""daily_exit"": 0, ""family"": ""multi_horizon_refined"", ""market_window"": 100, ""min_turnover_thb"": 10000000, ""rank_buffer"": 0, ""rebalance"": 21, ""reserve"": 0.01, ""skip"": 21, ""top_n"": 20, ""trend"": 200, ""weighting"": ""equal""}",Rank-buffered or blended multi-horizon momentum,rejected_screen,0.7484968411100938,0.1504680037399117,-0.1201946234465569,,1.254252954607596,798.0,0.3048382190087799,0.0934357419178275,-0.094695808972268,,0.8213566504548784,702.0,,,,,,,,,,,,,,,,,,,,,,,,,validation: CAGR trails incumbent by >2 percentage points,1.0,reports/momentum_refinement_20260929,False,False,0.0309768547905749,0.0510413948697556,0.1255531298291212,0.6072869268948493,974.0,30.38359120766454,0.0228003315060243,0.0276755599764185,0.0541934209249811,0.079482008354722,0.6593384702883217,725.0,32.25990887849347,-0.0220696903020727,0.0216380758457463,0.1335183407363738,0.1500692554362604,1507.0,-0.1201946234465569,0.1255531298291212,0.6300762589144324,1699.0,1.119258451074221,1.3979768008697475,89.33225515581907,0.0033012948141564,0.0276755599764185,,,,,,,,,,,,,,,,,,,,,,,,,,,,,,,,,,,,,,,
06c44d21d6477d10,multi_horizon_refined,"{""blend"": ""equal"", ""daily_exit"": 0, ""family"": ""multi_horizon_refined"", ""market_window"": 100, ""min_turnover_thb"": 10000000, ""rank_buffer"": 0, ""rebalance"": 21, ""reserve"": 0.01, ""skip"": 21, ""top_n"": 25, ""trend"": 200, ""weighting"": ""equal""}",Rank-buffered or blended multi-horizon momentum,rejected_screen,0.6275909939396875,0.1299726571159964,-0.1010663598911759,,1.222646449762264,953.0,0.1807177133736788,0.0573529848574108,-0.1493322432509287,,0.5591493865125239,847.0,,,,,,,,,,,,,,,,,,,,,,,,,validation: CAGR trails incumbent by >2 percentage points; development: CAGR not higher; development: drawdown not smaller,1.0,reports/momentum_refinement_20260929,False,False,-0.0269358038094371,0.046005613238057,0.1026140754761008,0.5857287682931032,974.0,27.385923708588056,0.002304984882109,0.0468038235317995,0.0466365741517762,0.0656965246378185,0.6591395744268302,725.0,27.761518037845253,-0.0581524473624894,-0.0329983584329143,0.1047433019407337,0.1240157648107571,1804.0,-0.1493322432509291,0.1026140754761008,0.6175404231212376,1699.0,0.9764056816263188,1.0040645462694062,73.82330186960958,-0.0254737439814836,-0.0014620598279535,,,,,,,,,,,,,,,,,,,,,,,,,,,,,,,,,,,,,,,
cd60a23fd733a03b,multi_horizon_refined,"{""blend"": ""equal"", ""daily_exit"": 0, ""family"": ""multi_horizon_refined"", ""market_window"": 100, ""min_turnover_thb"": 10000000, ""rank_buffer"": 0, ""rebalance"": 21, ""reserve"": 0.01, ""skip"": 21, ""top_n"": 15, ""trend"": 250, ""weighting"": ""equal""}",Rank-buffered or blended multi-horizon momentum,rejected_screen,0.8124450691925638,0.1608816273154971,-0.149781009102533,,1.1894356480052737,642.0,0.2242218733730001,0.070274863259991,-0.1739674533858458,,0.5955680996147138,545.0,,,,,,,,,,,,,,,,,,,,,,,,,validation: CAGR trails incumbent by >2 percentage points; development: CAGR not higher; development: drawdown not smaller,1.0,reports/momentum_refinement_20260929,False,False,-0.0266774053964012,0.057607613919774,0.1607987412512559,0.6320684125378291,974.0,34.292287588412414,0.0332139550816097,-0.0019108256795574,0.0587285205964869,0.1038647764649151,0.6595185965102771,725.0,34.9595336606268,-0.0452305689599092,-0.0576335685678314,0.1296369104886867,0.1693129821952994,1192.0,-0.1739674533858461,0.1607987412512559,0.6443598201253307,1699.0,0.9906418513756824,1.341255686916167,100.7875362791234,-0.0005801354335306,-0.0260972699628706,,,,,,,,,,,,,,,,,,,,,,,,,,,,,,,,,,,,,,,
6d1d12ee811d0510,multi_horizon_refined,"{""blend"": ""equal"", ""daily_exit"": 0, ""family"": ""multi_horizon_refined"", ""market_window"": 100, ""min_turnover_thb"": 10000000, ""rank_buffer"": 0, ""rebalance"": 21, ""reserve"": 0.01, ""skip"": 21, ""top_n"": 20, ""trend"": 250, ""weighting"": ""equal""}",Rank-buffered or blended multi-horizon momentum,rejected_screen,0.7002190241339412,0.1424155609893618,-0.1266065408258615,,1.1929701819281862,801.0,0.2754432359934085,0.0851037360448605,-0.1078918185649718,,0.7522222162112312,704.0,,,,,,,,,,,,,,,,,,,,,,,,,validation: CAGR trails incumbent by >2 percentage points; development: CAGR not higher,1.0,reports/momentum_refinement_20260929,False,False,0.0163462474253039,0.0505497947581016,0.1255531298291212,0.6093860829455702,974.0,30.090954674743497,0.0147478887554743,0.0212636425971139,0.0538079242451005,0.079482008354722,0.6593488693972719,725.0,32.03043290975684,-0.0304016961750397,0.0084420662530425,0.1252996507504074,0.1461545045073764,1512.0,-0.1266065408258615,0.1255531298291212,0.6312840972589826,1699.0,1.0546186820954542,1.2792368752002623,87.00190755841204,-0.00491739517181,0.0212636425971139,,,,,,,,,,,,,,,,,,,,,,,,,,,,,,,,,,,,,,,
2201c6c9553cb3d6,multi_horizon_refined,"{""blend"": ""equal"", ""daily_exit"": 0, ""family"": ""multi_horizon_refined"", ""market_window"": 100, ""min_turnover_thb"": 10000000, ""rank_buffer"": 0, ""rebalance"": 21, ""reserve"": 0.01, ""skip"": 21, ""top_n"": 25, ""trend"": 250, ""weighting"": ""equal""}",Rank-buffered or blended multi-horizon momentum,rejected_screen,0.570004293880338,0.1198075573853858,-0.1078182853233363,,1.1354278730821727,958.0,0.2102465986434598,0.0661575782989607,-0.1313902044313876,,0.6290656121405288,855.0,,,,,,,,,,,,,,,,,,,,,,,,,validation: CAGR trails incumbent by >2 percentage points; development: CAGR not higher,1.0,reports/momentum_refinement_20260929,False,False,-0.0107901437963007,0.0455688135072327,0.1026140754761008,0.5882661555428459,974.0,27.12590839170949,-0.0078601148485015,0.0400518980996391,0.0484764037447599,0.065709254665567,0.6591962000881729,725.0,28.856719890922037,-0.0493478539209395,-0.0150563196133731,0.1029469231343289,0.1238651520481623,1817.0,-0.1313902044313878,0.1026140754761008,0.6190196478993932,1699.0,0.9575870500472612,0.9814328370321485,73.7336460790299,-0.0272701227878884,0.0164799789915877,,,,,,,,,,,,,,,,,,,,,,,,,,,,,,,,,,,,,,,
8ff3b4f8b636ae3d,multi_horizon_refined,"{""blend"": ""equal"", ""daily_exit"": 0, ""family"": ""multi_horizon_refined"", ""market_window"": 150, ""min_turnover_thb"": 10000000, ""rank_buffer"": 0, ""rebalance"": 21, ""reserve"": 0.01, ""skip"": 21, ""top_n"": 15, ""trend"": 100, ""weighting"": ""equal""}",Rank-buffered or blended multi-horizon momentum,rejected_screen,0.5460295394583194,0.1154931134337511,-0.1559749854050887,,0.8388898035153759,661.0,0.1361282384751165,0.0437762020819616,-0.1775864404639767,,0.3951530532899954,570.0,,,,,,,,,,,,,,,,,,,,,,,,,validation: CAGR trails incumbent by >2 percentage points; development: CAGR not higher; development: drawdown not smaller,1.0,reports/momentum_refinement_20260929,False,False,-0.0672566249589575,0.0553382207967116,0.164234112790191,0.6545641223983781,974.0,32.94137793720559,-0.0121745588001362,-0.0081048019821131,0.0531189830278383,0.1038647764361736,0.7189981436878391,725.0,31.620324440644307,-0.0717292301379386,-0.0612525556459623,0.0926766780042602,0.1427320785981542,1240.0,-0.1775864404639759,0.164234112790191,0.6826490673448373,1699.0,0.7099276213100134,0.8562009297428326,84.9646280124735,-0.0375403679179571,-0.0297162570410004,,,,,,,,,,,,,,,,,,,,,,,,,,,,,,,,,,,,,,,
5674be69be0672c1,multi_horizon_refined,"{""blend"": ""equal"", ""daily_exit"": 0, ""family"": ""multi_horizon_refined"", ""market_window"": 150, ""min_turnover_thb"": 10000000, ""rank_buffer"": 0, ""rebalance"": 21, ""reserve"": 0.01, ""skip"": 21, ""top_n"": 20, ""trend"": 100, ""weighting"": ""equal""}",Rank-buffered or blended multi-horizon momentum,rejected_screen,0.4761557033001113,0.1026260406201957,-0.1464717232867768,,0.8496461990909923,839.0,0.1778099914828022,0.0564781145209187,-0.1204185533869171,,0.5277814805579549,732.0,,,,,,,,,,,,,,,,,,,,,,,,,discovery: CAGR trails incumbent by >2 percentage points; validation: CAGR trails incumbent by >2 percentage points; development: CAGR not higher,1.0,reports/momentum_refinement_20260929,False,False,-0.0395419039183531,0.0499417423732441,0.1270752130017262,0.6338294534756433,974.0,29.72899718628739,-0.0250416316136916,0.0013984601361987,0.0480881850159653,0.0794820087254273,0.7111870918080353,725.0,28.62562355852454,-0.0590273176989815,-0.0040846685689026,0.0892766818676655,0.1241977430519816,1579.0,-0.1464717232867768,0.1270752130017262,0.6673166175874113,1699.0,0.7625940448949031,0.8162659297006161,73.93162869931642,-0.0409403640545518,0.0013984601361987,,,,,,,,,,,,,,,,,,,,,,,,,,,,,,,,,,,,,,,
fb717d6ecf148eea,multi_horizon_refined,"{""blend"": ""equal"", ""daily_exit"": 0, ""family"": ""multi_horizon_refined"", ""market_window"": 150, ""min_turnover_thb"": 10000000, ""rank_buffer"": 0, ""rebalance"": 21, ""reserve"": 0.01, ""skip"": 21, ""top_n"": 25, ""trend"": 100, ""weighting"": ""equal""}",Rank-buffered or blended multi-horizon momentum,rejected_screen,0.3647140716040811,0.0811261022545519,-0.1346976249997713,,0.7662681549679955,997.0,0.1231396293613078,0.0397549574332576,-0.1356573750612841,,0.4108815343440951,882.0,,,,,,,,,,,,,,,,,,,,,,,,,discovery: CAGR trails incumbent by >2 percentage points; validation: CAGR trails incumbent by >2 percentage points; development: CAGR not higher,1.0,reports/momentum_refinement_20260929,False,False,-0.0494856229983179,0.0443780639603349,0.1035883101244682,0.6103395149735126,974.0,26.417086707741507,-0.0465415699793354,0.0131725584232041,0.043613595195468,0.0655639473138646,0.7008700649599408,725.0,25.96201868889101,-0.0757504747866426,-0.0193234902432697,0.0685186145622085,0.1061323351489842,1887.0,-0.1356573750612846,0.1035883101244682,0.6493588383973877,1699.0,0.6568884190267271,0.5880491448053513,63.17776959877624,-0.0616984313600088,0.0122128083616909,,,,,,,,,,,,,,,,,,,,,,,,,,,,,,,,,,,,,,,
17ffab61415fee3f,multi_horizon_refined,"{""blend"": ""equal"", ""daily_exit"": 0, ""family"": ""multi_horizon_refined"", ""market_window"": 150, ""min_turnover_thb"": 10000000, ""rank_buffer"": 0, ""rebalance"": 21, ""reserve"": 0.01, ""skip"": 21, ""top_n"": 15, ""trend"": 150, ""weighting"": ""equal""}",Rank-buffered or blended multi-horizon momentum,rejected_screen,0.6678876177091275,0.136926606394302,-0.1651627444140886,,0.964806594698794,657.0,0.232968724799613,0.0728359275738956,-0.156229355797005,,0.5951895807508193,573.0,,,,,,,,,,,,,,,,,,,,,,,,,validation: CAGR trails incumbent by >2 percentage points; development: CAGR not higher; development: drawdown not smaller,1.0,reports/momentum_refinement_20260929,False,False,-0.0301540187034087,0.0546922890923336,0.1606188610699441,0.654708428026363,974.0,32.556871892573135,0.0092589341604145,-0.017292560991113,0.0585738662106405,0.103864776464286,0.7190927381406151,725.0,34.86747199871455,-0.0426695046460046,-0.0398954709789906,0.1173555882099217,0.1574700586631912,1236.0,-0.1651627444140886,0.1606188610699441,0.6827626355338573,1699.0,0.8614946960386487,1.1692884091344014,93.737757404126,-0.0128614577122956,-0.017292560991113,,,,,,,,,,,,,,,,,,,,,,,,,,,,,,,,,,,,,,,
6f389d8431e547f6,multi_horizon_refined,"{""blend"": ""equal"", ""daily_exit"": 0, ""family"": ""multi_horizon_refined"", ""market_window"": 150, ""min_turnover_thb"": 10000000, ""rank_buffer"": 0, ""rebalance"": 21, ""reserve"": 0.01, ""skip"": 21, ""top_n"": 20, ""trend"": 150, ""weighting"": ""equal""}",Rank-buffered or blended multi-horizon momentum,rejected_screen,0.5552173956842545,0.1171524239333143,-0.1543876955793364,,0.9367955928841368,822.0,0.3026745329603799,0.092826721967093,-0.0899878024283459,,0.7894032164930205,738.0,,,,,,,,,,,,,,,,,,,,,,,,,validation: CAGR trails incumbent by >2 percentage points; development: CAGR not higher; development: drawdown not smaller,1.0,reports/momentum_refinement_20260929,False,False,-0.0224226632833225,0.0473915472347745,0.1253403861655645,0.6357888376845308,974.0,28.210933528647267,-0.010515248300573,-0.0065175121563608,0.0530074155864828,0.0794820087447129,0.7182917792440153,725.0,31.553911296197903,-0.0226787102528072,0.0263460823896685,0.1143118947952557,0.1339284007473036,1569.0,-0.1543876955793364,0.1253403861655645,0.6715761902341263,1699.0,0.9240139400997568,1.1283838722501147,79.72403163718293,-0.0159051511269616,-0.0065175121563608,,,,,,,,,,,,,,,,,,,,,,,,,,,,,,,,,,,,,,,
cc6febf5c537c2b9,multi_horizon_refined,"{""blend"": ""equal"", ""daily_exit"": 0, ""family"": ""multi_horizon_refined"", ""market_window"": 150, ""min_turnover_thb"": 10000000, ""rank_buffer"": 0, ""rebalance"": 21, ""reserve"": 0.01, ""skip"": 21, ""top_n"": 25, ""trend"": 150, ""weighting"": ""equal""}",Rank-buffered or blended multi-horizon momentum,rejected_screen,0.4469688530010192,0.0971160096407386,-0.14734145514948,,0.887112193516051,980.0,0.2288588624095908,0.0716340746914652,-0.1002758986480436,,0.6640102761416891,884.0,,,,,,,,,,,,,,,,,,,,,,,,,discovery: CAGR trails incumbent by >2 percentage points; validation: CAGR trails incumbent by >2 percentage points; development: CAGR not higher,1.0,reports/momentum_refinement_20260929,False,False,-0.0372546142193671,0.0424489116566427,0.1024718967607882,0.6119043517199249,974.0,25.268713409514096,-0.0305516625931487,0.0005287282734954,0.0455306242713686,0.0655473686888853,0.7144745140484745,725.0,27.10317535053794,-0.043871357528435,0.0160579861699707,0.0924337034293547,0.1106014244910086,1871.0,-0.14734145514948,0.1024718967607882,0.6561649268144654,1699.0,0.8371502110279049,0.8533223048824432,65.83810017918246,-0.0377833424928626,0.0005287282734954,,,,,,,,,,,,,,,,,,,,,,,,,,,,,,,,,,,,,,,
69b7bd35fc6d3f74,multi_horizon_refined,"{""blend"": ""equal"", ""daily_exit"": 0, ""family"": ""multi_horizon_refined"", ""market_window"": 150, ""min_turnover_thb"": 10000000, ""rank_buffer"": 0, ""rebalance"": 21, ""reserve"": 0.01, ""skip"": 21, ""top_n"": 15, ""trend"": 200, ""weighting"": ""equal""}",Rank-buffered or blended multi-horizon momentum,rejected_screen,0.6817553748199183,0.1392906342397903,-0.1644902477525578,,0.981877529795498,652.0,0.247239127479433,0.0769884952973067,-0.1525794462181038,,0.6261586246076406,572.0,,,,,,,,,,,,,,,,,,,,,,,,,validation: CAGR trails incumbent by >2 percentage points; development: CAGR not higher; development: drawdown not smaller,1.0,reports/momentum_refinement_20260929,False,False,-0.0262721743538404,0.0537615580367518,0.1606188609553582,0.654675453978766,974.0,32.002832333324534,0.0116229620059029,-0.0166200643295822,0.0591179735757142,0.1038647764649151,0.7190945904011754,725.0,35.19136470963405,-0.0385169369225935,-0.0362455614000893,0.1205649358979592,0.158096332920726,1229.0,-0.1644902477525578,0.1606188609553582,0.6827416490999575,1699.0,0.8844911639976081,1.213146833616055,94.11056189102094,-0.0096521100242581,-0.0166200643295822,,,,,,,,,,,,,,,,,,,,,,,,,,,,,,,,,,,,,,,
43a2ab46cd69f9a2,multi_horizon_refined,"{""blend"": ""equal"", ""daily_exit"": 0, ""family"": ""multi_horizon_refined"", ""market_window"": 150, ""min_turnover_thb"": 10000000, ""rank_buffer"": 0, ""rebalance"": 21, ""reserve"": 0.01, ""skip"": 21, ""top_n"": 20, ""trend"": 200, ""weighting"": ""equal""}",Rank-buffered or blended multi-horizon momentum,rejected_screen,0.5635328778172368,0.1186478662159991,-0.1533011609445308,,0.9497846035089216,820.0,0.3670979594587276,0.1106800878311347,-0.0896240084086882,,0.9264223946685516,741.0,,,,,,,,,,,,,,,,,,,,,,,,,development: CAGR not higher; development: drawdown not smaller,1.0,reports/momentum_refinement_20260929,False,False,-0.0126834818342176,0.0470668630399602,0.1253403862383401,0.6357789825803511,974.0,28.01765762245387,-0.0090198060178883,-0.0054309775215553,0.0563091957559236,0.079482008354722,0.7183326999470325,725.0,33.519373626956124,-0.0048253443887655,0.0267098764093262,0.122964541609555,0.1390873512333675,1568.0,-0.1533011609445308,0.1253403862383401,0.6715832530954604,1699.0,0.989047674642286,1.246433770751414,82.7950182947601,-0.0072525043126623,-0.0054309775215553,,,,,,,,,,,,,,,,,,,,,,,,,,,,,,,,,,,,,,,
09c8a73f631bee0b,multi_horizon_refined,"{""blend"": ""equal"", ""daily_exit"": 0, ""family"": ""multi_horizon_refined"", ""market_window"": 150, ""min_turnover_thb"": 10000000, ""rank_buffer"": 0, ""rebalance"": 21, ""reserve"": 0.01, ""skip"": 21, ""top_n"": 25, ""trend"": 200, ""weighting"": ""equal""}",Rank-buffered or blended multi-horizon momentum,rejected_screen,0.473898760631495,0.1022028906436156,-0.1399235519083843,,0.9272581294603216,982.0,0.251820864579386,0.0783150454907668,-0.1221496896792738,,0.7163886507505445,890.0,,,,,,,,,,,,,,,,,,,,,,,,,discovery: CAGR trails incumbent by >2 percentage points; validation: CAGR trails incumbent by >2 percentage points; development: CAGR not higher,1.0,reports/momentum_refinement_20260929,False,False,-0.0239623528844229,0.0431808399945954,0.1024718968032421,0.6127349934739702,974.0,25.70441097362666,-0.0254647815902717,0.0079466315145911,0.0476619407237237,0.0656965246378185,0.7177497504509743,725.0,28.371891614812625,-0.0371903867291334,-0.0058158048612594,0.0983080615232032,0.1153967218956369,1876.0,-0.1399235519083843,0.1024718968032421,0.6580320510962357,1699.0,0.8825759536108277,0.9240001418486572,68.69261378393773,-0.0319089843990141,0.0079466315145911,,,,,,,,,,,,,,,,,,,,,,,,,,,,,,,,,,,,,,,
a57efafdbdb282f6,multi_horizon_refined,"{""blend"": ""equal"", ""daily_exit"": 0, ""family"": ""multi_horizon_refined"", ""market_window"": 150, ""min_turnover_thb"": 10000000, ""rank_buffer"": 0, ""rebalance"": 21, ""reserve"": 0.01, ""skip"": 21, ""top_n"": 15, ""trend"": 250, ""weighting"": ""equal""}",Rank-buffered or blended multi-horizon momentum,rejected_screen,0.6872883019205016,0.1402297540532506,-0.1735832788417673,,0.9819151869871948,657.0,0.2205773365053578,0.0692041608038487,-0.1690268652952422,,0.5703320876383787,572.0,,,,,,,,,,,,,,,,,,,,,,,,,validation: CAGR trails incumbent by >2 percentage points; development: CAGR not higher; development: drawdown not smaller,1.0,reports/momentum_refinement_20260929,False,False,-0.0383035619766856,0.0544099423858619,0.1606188609553583,0.6574735092048704,974.0,32.388798372439965,0.0125620818193632,-0.0257130954187918,0.0585256348077395,0.1038647764649151,0.7190938794930659,725.0,34.8387611213403,-0.0463012714160515,-0.0526929804772278,0.1176265793643236,0.1580334500877629,1234.0,-0.1735832788417673,0.1606188609553583,0.6843454103606087,1699.0,0.8619814996095891,1.172962716627461,94.07312940518068,-0.0125904665578937,-0.0257130954187918,,,,,,,,,,,,,,,,,,,,,,,,,,,,,,,,,,,,,,,
07836b3470db39af,multi_horizon_refined,"{""blend"": ""equal"", ""daily_exit"": 0, ""family"": ""multi_horizon_refined"", ""market_window"": 150, ""min_turnover_thb"": 10000000, ""rank_buffer"": 0, ""rebalance"": 21, ""reserve"": 0.01, ""skip"": 21, ""top_n"": 20, ""trend"": 250, ""weighting"": ""equal""}",Rank-buffered or blended multi-horizon momentum,rejected_screen,0.5422240796837641,0.1148036902333458,-0.1541692944912376,,0.922942116492865,822.0,0.3362951677576205,0.1022152284203914,-0.0832448909118025,,0.8589949055836629,743.0,,,,,,,,,,,,,,,,,,,,,,,,,development: CAGR not higher; development: drawdown not smaller,1.0,reports/momentum_refinement_20260929,False,False,-0.0194113968472146,0.0471011399566567,0.12534038623834,0.636826789364307,974.0,28.03806176359113,-0.0128639820005416,-0.006299111068262,0.0558802013461255,0.079482008354722,0.7183432412984364,725.0,33.26400461106348,-0.0132902037995088,0.0330889939062118,0.1171047601432648,0.1371721935529985,1572.0,-0.1541692944912376,0.12534038623834,0.6721884363134363,1699.0,0.9455306634561448,1.1658922330373276,81.6549756253339,-0.0131122857789525,-0.006299111068262,,,,,,,,,,,,,,,,,,,,,,,,,,,,,,,,,,,,,,,
284075d2e2d966b0,multi_horizon_refined,"{""blend"": ""equal"", ""daily_exit"": 0, ""family"": ""multi_horizon_refined"", ""market_window"": 150, ""min_turnover_thb"": 10000000, ""rank_buffer"": 0, ""rebalance"": 21, ""reserve"": 0.01, ""skip"": 21, ""top_n"": 25, ""trend"": 250, ""weighting"": ""equal""}",Rank-buffered or blended multi-horizon momentum,rejected_screen,0.4296384825041828,0.0938047920852604,-0.1471847524215178,,0.860780026851409,985.0,0.2812890850250116,0.0867708261485711,-0.0997459582722068,,0.7792301792994715,901.0,,,,,,,,,,,,,,,,,,,,,,,,,discovery: CAGR trails incumbent by >2 percentage points; validation: CAGR trails incumbent by >2 percentage points; development: CAGR not higher,1.0,reports/momentum_refinement_20260929,False,False,-0.0323652312055438,0.0428654656792896,0.1024718968030409,0.6144241113374116,974.0,25.516676992255313,-0.0338628801486269,0.0006854310014576,0.0500128748574539,0.065709254665567,0.7178220863881676,725.0,29.771340471131555,-0.0287346060713291,0.0165879265458075,0.0971663837152159,0.1164483743243382,1890.0,-0.1471847524215178,0.1024718968030409,0.6590316847034028,1699.0,0.8718666849343061,0.910086052481927,69.31863463559634,-0.0330506622070014,0.0006854310014576,,,,,,,,,,,,,,,,,,,,,,,,,,,,,,,,,,,,,,,
1bdb3e0ecd32bafa,multi_horizon_refined,"{""blend"": ""equal"", ""daily_exit"": 0, ""family"": ""multi_horizon_refined"", ""market_window"": 250, ""min_turnover_thb"": 10000000, ""rank_buffer"": 0, ""rebalance"": 21, ""reserve"": 0.01, ""skip"": 21, ""top_n"": 15, ""trend"": 100, ""weighting"": ""equal""}",Rank-buffered or blended multi-horizon momentum,rejected_screen,0.3933978116185883,0.0867820879997778,-0.1387520692970093,,0.6657813040589303,661.0,0.1468459562482955,0.0470714482487133,-0.1780978460922224,,0.4086078748568656,621.0,,,,,,,,,,,,,,,,,,,,,,,,,discovery: CAGR trails incumbent by >2 percentage points; validation: CAGR trails incumbent by >2 percentage points; development: CAGR not higher; development: drawdown not smaller,1.0,reports/momentum_refinement_20260929,False,False,-0.0824633961023653,0.0543915390958986,0.1644138605952488,0.6602815986430662,974.0,32.37784338109333,-0.0408855842341095,0.0091181141259661,0.0556383917539519,0.1038647764361736,0.8028321737065431,725.0,33.120061761981034,-0.0684339839711869,-0.061763961274208,0.0779813124890991,0.1368740010923387,1291.0,-0.1780978460922225,0.1644138605952488,0.7217012324120873,1699.0,0.6104466103261489,0.6888328525509502,81.47746954719845,-0.0522357334331182,-0.030227662669247,,,,,,,,,,,,,,,,,,,,,,,,,,,,,,,,,,,,,,,
c8fd61b172422d14,multi_horizon_refined,"{""blend"": ""equal"", ""daily_exit"": 0, ""family"": ""multi_horizon_refined"", ""market_window"": 250, ""min_turnover_thb"": 10000000, ""rank_buffer"": 0, ""rebalance"": 21, ""reserve"": 0.01, ""skip"": 21, ""top_n"": 20, ""trend"": 100, ""weighting"": ""equal""}",Rank-buffered or blended multi-horizon momentum,rejected_screen,0.3292472331692189,0.0740081051458001,-0.1628089336409279,,0.6395959870910294,855.0,0.1718528739142291,0.0546812563770824,-0.1204185533869171,,0.4972698726492388,794.0,,,,,,,,,,,,,,,,,,,,,,,,,discovery: CAGR trails incumbent by >2 percentage points; validation: CAGR trails incumbent by >2 percentage points; development: CAGR not higher; development: drawdown not smaller,1.0,reports/momentum_refinement_20260929,False,False,-0.0728925321671144,0.0500833817310566,0.1271826387603959,0.647689545637622,974.0,29.813311346542463,-0.0536595670880872,-0.0149387502179524,0.0491482466352542,0.0794820087254273,0.7954959380991049,725.0,29.256650178733427,-0.0608241758428178,-0.0040846685689026,0.0722632639730553,0.1184245629092427,1657.0,-0.1628089336409279,0.1271826387603959,0.7112391301340245,1699.0,0.6260656863530492,0.6272978261939859,70.49500738689369,-0.057953781949162,-0.0149387502179524,,,,,,,,,,,,,,,,,,,,,,,,,,,,,,,,,,,,,,,
a288625f7d901506,multi_horizon_refined,"{""blend"": ""equal"", ""daily_exit"": 0, ""family"": ""multi_horizon_refined"", ""market_window"": 250, ""min_turnover_thb"": 10000000, ""rank_buffer"": 0, ""rebalance"": 21, ""reserve"": 0.01, ""skip"": 21, ""top_n"": 25, ""trend"": 100, ""weighting"": ""equal""}",Rank-buffered or blended multi-horizon momentum,rejected_screen,0.2578548107006511,0.0592370502243406,-0.1497108169921169,,0.5814395204283179,1003.0,0.127511646305958,0.0411119571170959,-0.1322927706047889,,0.4107967726787147,949.0,,,,,,,,,,,,,,,,,,,,,,,,,discovery: CAGR trails incumbent by >2 percentage points; validation: CAGR trails incumbent by >2 percentage points; development: CAGR not higher; development: drawdown not smaller,1.0,reports/momentum_refinement_20260929,False,False,-0.0753587682334797,0.0430019030411787,0.103659512435499,0.6212629988961318,974.0,25.597894542043427,-0.0684306220095467,-0.0018406335691414,0.0436490941329996,0.0655639473138646,0.7808703398389603,725.0,25.98315026668233,-0.0743934751028043,-0.0159588857867745,0.056698911257879,0.0999688972404742,1960.0,-0.1497108169921169,0.103659512435499,0.6897591555426428,1699.0,0.5493462033817498,0.4694357907299864,59.50883816922091,-0.0735181346643383,-0.0018406335691414,,,,,,,,,,,,,,,,,,,,,,,,,,,,,,,,,,,,,,,
e6f9e7062a97eb36,multi_horizon_refined,"{""blend"": ""equal"", ""daily_exit"": 0, ""family"": ""multi_horizon_refined"", ""market_window"": 250, ""min_turnover_thb"": 10000000, ""rank_buffer"": 0, ""rebalance"": 21, ""reserve"": 0.01, ""skip"": 21, ""top_n"": 15, ""trend"": 150, ""weighting"": ""equal""}",Rank-buffered or blended multi-horizon momentum,rejected_screen,0.4710208026063798,0.1016626029410772,-0.1476715623194817,,0.7592777123442181,658.0,0.2277813003339821,0.0713185199804222,-0.1749369997831326,,0.5668688770230783,624.0,,,,,,,,,,,,,,,,,,,,,,,,,discovery: CAGR trails incumbent by >2 percentage points; validation: CAGR trails incumbent by >2 percentage points; development: CAGR not higher; development: drawdown not smaller,1.0,reports/momentum_refinement_20260929,False,False,-0.0605114761915893,0.0541844279747912,0.1607987412512559,0.6602778041463253,974.0,32.254555613305136,-0.0260050692928102,0.0001986211034937,0.0610099376098992,0.103864776464286,0.8029212249594984,725.0,36.31760081546479,-0.044186912239478,-0.0586031149651181,0.0967723860907845,0.1486176449446223,1288.0,-0.174936999783132,0.1607987412512559,0.7217275309284695,1699.0,0.7271880077083019,0.9053042958879272,88.46814985690958,-0.0334446598314328,-0.0270668163601565,,,,,,,,,,,,,,,,,,,,,,,,,,,,,,,,,,,,,,,
a8feca1e674ab5cb,multi_horizon_refined,"{""blend"": ""equal"", ""daily_exit"": 0, ""family"": ""multi_horizon_refined"", ""market_window"": 250, ""min_turnover_thb"": 10000000, ""rank_buffer"": 0, ""rebalance"": 21, ""reserve"": 0.01, ""skip"": 21, ""top_n"": 20, ""trend"": 150, ""weighting"": ""equal""}",Rank-buffered or blended multi-horizon momentum,rejected_screen,0.3975301295116036,0.087589709837752,-0.1458494443567332,,0.7255986640423208,844.0,0.286169117864973,0.0881586243800989,-0.1171404922174783,,0.7280374860974262,802.0,,,,,,,,,,,,,,,,,,,,,,,,,discovery: CAGR trails incumbent by >2 percentage points; validation: CAGR trails incumbent by >2 percentage points; development: CAGR not higher,1.0,reports/momentum_refinement_20260929,False,False,-0.032814776208653,0.0485047198214126,0.1255531298291212,0.6549189304197528,974.0,28.87357570177546,-0.0400779623961353,0.0020207390662423,0.0544189684587071,0.0794820087447129,0.802612349441106,725.0,32.39417135466822,-0.0273468078398013,-0.0008066073994639,0.095381530647322,0.1283480190756946,1655.0,-0.1458494443567332,0.1255531298291212,0.7185254741529196,1699.0,0.7763274931655187,0.8885060706332666,76.40217815089862,-0.0348355152748953,0.0020207390662423,,,,,,,,,,,,,,,,,,,,,,,,,,,,,,,,,,,,,,,
daa387fe296b9983,multi_horizon_refined,"{""blend"": ""equal"", ""daily_exit"": 0, ""family"": ""multi_horizon_refined"", ""market_window"": 250, ""min_turnover_thb"": 10000000, ""rank_buffer"": 0, ""rebalance"": 21, ""reserve"": 0.01, ""skip"": 21, ""top_n"": 25, ""trend"": 150, ""weighting"": ""equal""}",Rank-buffered or blended multi-horizon momentum,rejected_screen,0.2890858539415808,0.0657740446432264,-0.1552326626311628,,0.6194860529303133,1012.0,0.2110317135350332,0.0663897175171086,-0.116187625606748,,0.5992747589880167,961.0,,,,,,,,,,,,,,,,,,,,,,,,,discovery: CAGR trails incumbent by >2 percentage points; validation: CAGR trails incumbent by >2 percentage points; development: CAGR not higher; development: drawdown not smaller,1.0,reports/momentum_refinement_20260929,False,False,-0.065321613265355,0.0420323277895443,0.1026140754761008,0.6399626195547011,974.0,25.020732061160963,-0.0618936275906609,-0.0073624792081873,0.0464615037645312,0.0655473686888853,0.7979772145326852,725.0,27.657303270749033,-0.0491157147027916,0.0001462592112664,0.0722579118650497,0.1040031449223937,1980.0,-0.1552326626311628,0.1026140754761008,0.7078832252851073,1699.0,0.6574641394134815,0.6272411417858115,61.910319020414136,-0.0579591340571676,-0.0073624792081873,,,,,,,,,,,,,,,,,,,,,,,,,,,,,,,,,,,,,,,
df0b1d6d247c3808,multi_horizon_refined,"{""blend"": ""equal"", ""daily_exit"": 0, ""family"": ""multi_horizon_refined"", ""market_window"": 250, ""min_turnover_thb"": 10000000, ""rank_buffer"": 0, ""rebalance"": 21, ""reserve"": 0.01, ""skip"": 21, ""top_n"": 15, ""trend"": 200, ""weighting"": ""equal""}",Rank-buffered or blended multi-horizon momentum,rejected_screen,0.489291288725779,0.105079234511008,-0.1408942733051873,,0.7815673528827228,652.0,0.2913872764597383,0.0896387153776245,-0.1742657875069075,,0.6915777071584629,623.0,,,,,,,,,,,,,,,,,,,,,,,,,discovery: CAGR trails incumbent by >2 percentage points; validation: CAGR trails incumbent by >2 percentage points; development: CAGR not higher; development: drawdown not smaller,1.0,reports/momentum_refinement_20260929,False,False,-0.0498816553238979,0.0531551742310615,0.1607987412512559,0.6602371543700841,974.0,31.64186810587629,-0.0225884377228793,0.0069759101177881,0.0623140215253671,0.1038647764649151,0.8029296899483955,725.0,37.093887448876224,-0.0258667168422757,-0.0579319026888931,0.1067309946822514,0.1505782678824575,1280.0,-0.1742657875069075,0.1607987412512559,0.7217049627311294,1699.0,0.7928254998371893,1.029364270336978,89.63525679055748,-0.0234860512399659,-0.026395604083932,,,,,,,,,,,,,,,,,,,,,,,,,,,,,,,,,,,,,,,
53e4277cacea0aa8,multi_horizon_refined,"{""blend"": ""equal"", ""daily_exit"": 0, ""family"": ""multi_horizon_refined"", ""market_window"": 250, ""min_turnover_thb"": 10000000, ""rank_buffer"": 0, ""rebalance"": 21, ""reserve"": 0.01, ""skip"": 21, ""top_n"": 20, ""trend"": 200, ""weighting"": ""equal""}",Rank-buffered or blended multi-horizon momentum,rejected_screen,0.3835243917445701,0.084845132093748,-0.1529447902132719,,0.7016879307222738,838.0,0.3848661434074891,0.1155054322199002,-0.1163338848180144,,0.9239602070488152,804.0,,,,,,,,,,,,,,,,,,,,,,,,,discovery: CAGR trails incumbent by >2 percentage points; development: CAGR not higher; development: drawdown not smaller,1.0,reports/momentum_refinement_20260929,False,False,-0.0297803123649912,0.0471493972851759,0.1255531298291212,0.6548843821975167,974.0,28.066788073799614,-0.0428225401401394,-0.0050746067902963,0.0581752334020703,0.079482008354722,0.8026528890754147,725.0,34.630176440306165,0.0,0.0,0.1055113403475225,0.1312968464371731,1649.0,-0.1529447902132719,0.1255531298291212,0.7185182101124549,1699.0,0.8459402572561032,1.0138080592061889,78.15753701837795,-0.0247057055746948,-0.0050746067902963,,,,,,,,,,,,,,,,,,,,,,,,,,,,,,,,,,,,,,,
1313906323186262,multi_horizon_refined,"{""blend"": ""equal"", ""daily_exit"": 0, ""family"": ""multi_horizon_refined"", ""market_window"": 250, ""min_turnover_thb"": 10000000, ""rank_buffer"": 0, ""rebalance"": 21, ""reserve"": 0.01, ""skip"": 21, ""top_n"": 25, ""trend"": 200, ""weighting"": ""equal""}",Rank-buffered or blended multi-horizon momentum,rejected_screen,0.3082577096888528,0.069728357784625,-0.1452492703436108,,0.6460400584091486,1013.0,0.2648077332581109,0.0820576915635624,-0.119312408404654,,0.719586694699416,966.0,,,,,,,,,,,,,,,,,,,,,,,,,discovery: CAGR trails incumbent by >2 percentage points; validation: CAGR trails incumbent by >2 percentage points; development: CAGR not higher,1.0,reports/momentum_refinement_20260929,False,False,-0.0462836372156562,0.0427971456174369,0.1026140754761008,0.6407897484670967,974.0,25.47600786799032,-0.0579393144492623,0.0026209130793647,0.0486721326825849,0.0656965246378185,0.8023659850538255,725.0,28.973232146309257,-0.0334477406563378,-0.0029785235866396,0.0813124956271964,0.108278845370626,1983.0,-0.1452492703436108,0.1026140754761008,0.7102234969258531,1699.0,0.7249135506519074,0.7255921774868532,64.45553031170074,-0.0489045502950209,0.0026209130793647,,,,,,,,,,,,,,,,,,,,,,,,,,,,,,,,,,,,,,,
c952ffd3d6fd272e,multi_horizon_refined,"{""blend"": ""equal"", ""daily_exit"": 0, ""family"": ""multi_horizon_refined"", ""market_window"": 250, ""min_turnover_thb"": 10000000, ""rank_buffer"": 0, ""rebalance"": 21, ""reserve"": 0.01, ""skip"": 21, ""top_n"": 15, ""trend"": 250, ""weighting"": ""equal""}",Rank-buffered or blended multi-horizon momentum,rejected_screen,0.4796101333006173,0.1032727676201574,-0.1549244020774323,,0.7626359559309063,656.0,0.2722806499363148,0.0841997289680376,-0.1902816641983054,,0.6539917383781608,622.0,,,,,,,,,,,,,,,,,,,,,,,,,discovery: CAGR trails incumbent by >2 percentage points; validation: CAGR trails incumbent by >2 percentage points; development: CAGR not higher; development: drawdown not smaller,1.0,reports/momentum_refinement_20260929,False,False,-0.0692904356671949,0.0538265215074676,0.1607987412512559,0.6602669309879253,974.0,32.0415033677407,-0.0243949046137299,-0.0070542186544567,0.0614504349109406,0.1038647764649151,0.8029205069319323,725.0,36.57981719801217,-0.0313057032518626,-0.0739477793802909,0.1033380910303523,0.1492680446249288,1283.0,-0.1902816641983054,0.1607987412512559,0.7217181144314484,1699.0,0.7660990579008157,0.9863422326103064,88.85531556933675,-0.026878954891865,-0.0424114807753298,,,,,,,,,,,,,,,,,,,,,,,,,,,,,,,,,,,,,,,
83856973163ab43f,multi_horizon_refined,"{""blend"": ""equal"", ""daily_exit"": 0, ""family"": ""multi_horizon_refined"", ""market_window"": 250, ""min_turnover_thb"": 10000000, ""rank_buffer"": 0, ""rebalance"": 21, ""reserve"": 0.01, ""skip"": 21, ""top_n"": 20, ""trend"": 250, ""weighting"": ""equal""}",Rank-buffered or blended multi-horizon momentum,rejected_screen,0.3464910709398936,0.0774863889561281,-0.1648238525348738,,0.6454747812650046,835.0,0.3696832372508101,0.1113847570652104,-0.1135943319093167,,0.8907002275800289,806.0,,,,,,,,,,,,,,,,,,,,,,,,,discovery: CAGR trails incumbent by >2 percentage points; development: CAGR not higher; development: drawdown not smaller,1.0,reports/momentum_refinement_20260929,False,False,-0.0476872087397641,0.0462219922783074,0.1255531298291212,0.6538271458144101,974.0,27.514728423303428,-0.0501812832777592,-0.0169536691118983,0.0578829124459656,0.079482008354722,0.8026662693664461,725.0,34.45616551340299,-0.0041206751546898,0.0027395529086976,0.0994835062943515,0.1277033335253532,1648.0,-0.1648238525348738,0.1255531298291212,0.7179178289905316,1699.0,0.7996464768236722,0.9384163972984044,76.01841390877627,-0.0307335396278658,-0.0169536691118983,,,,,,,,,,,,,,,,,,,,,,,,,,,,,,,,,,,,,,,
991a48cb7c269c43,multi_horizon_refined,"{""blend"": ""equal"", ""daily_exit"": 0, ""family"": ""multi_horizon_refined"", ""market_window"": 250, ""min_turnover_thb"": 10000000, ""rank_buffer"": 0, ""rebalance"": 21, ""reserve"": 0.01, ""skip"": 21, ""top_n"": 25, ""trend"": 250, ""weighting"": ""equal""}",Rank-buffered or blended multi-horizon momentum,rejected_screen,0.2728724565702778,0.062395400478308,-0.150529603339921,,0.5837662028943452,1013.0,0.2935452034259522,0.0902496337803522,-0.1099073642230803,,0.7774037330180796,976.0,,,,,,,,,,,,,,,,,,,,,,,,,discovery: CAGR trails incumbent by >2 percentage points; validation: CAGR trails incumbent by >2 percentage points; development: CAGR not higher; development: drawdown not smaller,1.0,reports/momentum_refinement_20260929,False,False,-0.0523368195645806,0.0422999909380244,0.1026140754761008,0.6408045125113923,974.0,25.180064847922168,-0.0652722717555793,-0.0026594199169455,0.0509237432494453,0.065709254665567,0.8024343810103554,725.0,30.313556312545597,-0.025255798439548,0.006426520594934,0.0805396462745822,0.1090268288912748,1993.0,-0.150529603339921,0.1026140754761008,0.7102615789505683,1699.0,0.7151223758452459,0.7170033557436879,64.9007851010625,-0.0496773996476351,-0.0026594199169455,,,,,,,,,,,,,,,,,,,,,,,,,,,,,,,,,,,,,,,
f1026522188f1800,multi_horizon_refined,"{""blend"": ""equal"", ""daily_exit"": 0, ""family"": ""multi_horizon_refined"", ""market_window"": 200, ""min_turnover_thb"": 10000000, ""rank_buffer"": 0, ""rebalance"": 10, ""reserve"": 0.01, ""skip"": 21, ""top_n"": 15, ""trend"": 200, ""weighting"": ""inverse_vol""}",Rank-buffered or blended multi-horizon momentum,rejected_screen,0.4286952711730505,0.0936237169559464,-0.2555422839574821,,0.7243737226418916,1281.0,0.1315901788707896,0.0423747164955883,-0.1618908333359814,,0.3986463034833375,1048.0,,,,,,,,,,,,,,,,,,,,,,,,,discovery: CAGR trails incumbent by >2 percentage points; validation: CAGR trails incumbent by >2 percentage points; development: CAGR not higher; development: drawdown not smaller,1.0,reports/momentum_refinement_20260929,False,False,-0.1588912503025402,0.0864304175703921,0.1095521894151484,0.6597511220909518,974.0,51.449739609734,-0.034043955277941,-0.1076721005345066,0.0807198647193077,0.1138510517435969,0.7007301801822,725.0,48.0503986661752,-0.0731307157243119,-0.0455569485179669,0.0789978961541837,0.2071030012161559,2334.0,-0.2555422839574821,0.1138510517435969,0.6789819519275975,1699.0,0.6440241661833239,0.6999789464021664,123.28293423189236,-0.0512191497680336,-0.1076721005345066,,,,,,,,,,,,,,,,,,,,,,,,,,,,,,,,,,,,,,,
4fd9a34dc5d9e76a,multi_horizon_refined,"{""blend"": ""equal"", ""daily_exit"": 0, ""family"": ""multi_horizon_refined"", ""market_window"": 200, ""min_turnover_thb"": 10000000, ""rank_buffer"": 0, ""rebalance"": 21, ""reserve"": 0.01, ""skip"": 21, ""top_n"": 15, ""trend"": 200, ""weighting"": ""inverse_vol""}",Rank-buffered or blended multi-horizon momentum,rejected_screen,0.6350159459218725,0.1312635921434541,-0.1341321488958167,,0.9830525302213922,610.0,0.2672286694068131,0.0827525473365697,-0.1722107405800748,,0.66498648705665,623.0,,,,,,,,,,,,,,,,,,,,,,,,,validation: CAGR trails incumbent by >2 percentage points; development: CAGR not higher; development: drawdown not smaller,1.0,reports/momentum_refinement_20260929,False,False,-0.0381244127693636,0.0511666218175507,0.1116635655749012,0.6286326816572958,974.0,30.458135494702532,0.0035959199095667,0.0137380345271588,0.0668808176817908,0.1229670317309146,0.7962592995126284,725.0,39.81238030941774,-0.0327528848833305,-0.0558768557620603,0.1164331903099531,0.1647266600755841,1238.0,-0.1722107405800749,0.1229670317333911,0.7007365397407173,1699.0,0.887010082128875,1.1568216892359309,98.05742012952214,-0.0137838556122642,-0.0243405571570993,,,,,,,,,,,,,,,,,,,,,,,,,,,,,,,,,,,,,,,
ff925911a568d70a,multi_horizon_refined,"{""blend"": ""equal"", ""daily_exit"": 0, ""family"": ""multi_horizon_refined"", ""market_window"": 200, ""min_turnover_thb"": 10000000, ""rank_buffer"": 0, ""rebalance"": 42, ""reserve"": 0.01, ""skip"": 21, ""top_n"": 15, ""trend"": 200, ""weighting"": ""inverse_vol""}",Rank-buffered or blended multi-horizon momentum,rejected_screen,0.3445867284453185,0.0771039057052391,-0.2223433012390152,,0.6031517095522211,361.0,0.4100900394269793,0.1222854127687149,-0.15962087842197,,0.8992763215912373,318.0,,,,,,,,,,,,,,,,,,,,,,,,,discovery: CAGR trails incumbent by >2 percentage points; development: CAGR not higher; development: drawdown not smaller,1.0,reports/momentum_refinement_20260929,False,False,-0.0998114411767961,0.0328636313892287,0.1444641136407334,0.6664934402081127,974.0,19.562849806077015,-0.0505637665286482,-0.0744731178160397,0.0394676807840489,0.123018330883036,0.7413091552222459,725.0,23.49406558964754,0.0067799805488146,-0.0432869936039556,0.1048787225614609,0.0893329019606104,685.0,-0.2223433012390152,0.1444641136407334,0.6990100040051156,1699.0,0.7815635573470531,1.0057795848186313,53.17751173320464,-0.0253383233607564,-0.0744731178160397,,,,,,,,,,,,,,,,,,,,,,,,,,,,,,,,,,,,,,,
da7d50ce13463b50,multi_horizon_refined,"{""blend"": ""equal"", ""daily_exit"": 0, ""family"": ""multi_horizon_refined"", ""market_window"": 200, ""min_turnover_thb"": 10000000, ""rank_buffer"": 0, ""rebalance"": 10, ""reserve"": 0.01, ""skip"": 21, ""top_n"": 20, ""trend"": 200, ""weighting"": ""inverse_vol""}",Rank-buffered or blended multi-horizon momentum,rejected_screen,0.3648034734826471,0.0811438686580408,-0.2173276111332458,,0.7246282119010083,1635.0,0.1276076200444835,0.0411417064931487,-0.1370549815084918,,0.4129904590712272,1351.0,,,,,,,,,,,,,,,,,,,,,,,,,discovery: CAGR trails incumbent by >2 percentage points; validation: CAGR trails incumbent by >2 percentage points; development: CAGR not higher; development: drawdown not smaller,1.0,reports/momentum_refinement_20260929,False,False,-0.1254929610019136,0.0767575650520068,0.0809365443686835,0.6375003658729244,974.0,45.691746563489986,-0.0465238035758466,-0.0694574277102703,0.070306263713369,0.0833896355221143,0.6967802222308791,725.0,41.85145765424668,-0.0743637257267515,-0.0207210966904773,0.074181512630574,0.1785476201879886,2990.0,-0.2173276111332458,0.0833896355221143,0.6645170314225705,1699.0,0.6716674774087151,0.6477233589284612,106.2846718185538,-0.0560355332916433,-0.0694574277102703,,,,,,,,,,,,,,,,,,,,,,,,,,,,,,,,,,,,,,,
9db76b8e25b24f29,multi_horizon_refined,"{""blend"": ""equal"", ""daily_exit"": 0, ""family"": ""multi_horizon_refined"", ""market_window"": 200, ""min_turnover_thb"": 10000000, ""rank_buffer"": 0, ""rebalance"": 21, ""reserve"": 0.01, ""skip"": 21, ""top_n"": 20, ""trend"": 200, ""weighting"": ""inverse_vol""}",Rank-buffered or blended multi-horizon momentum,rejected_screen,0.5049070748194087,0.1079746294209813,-0.1384023701951694,,0.9247872460607994,774.0,0.3573672869902946,0.1080198337506224,-0.1113600351219538,,0.9184890786964136,804.0,,,,,,,,,,,,,,,,,,,,,,,,,development: CAGR not higher,1.0,reports/momentum_refinement_20260929,False,False,-0.0069341422965416,0.045226506982319,0.0841192900102789,0.6134477675285247,974.0,26.922142378902944,-0.019693042812906,0.009467813227806,0.0623474741042592,0.0870918380175484,0.7909432037854601,725.0,37.11380088354023,-0.0074855984692778,0.0049738496960606,0.1138150903978696,0.1426468207483932,1585.0,-0.1384023701951694,0.0870918380169729,0.689767060268428,1699.0,0.962880314633541,1.121770401229885,84.9138762714407,-0.0164019555243477,0.009467813227806,,,,,,,,,,,,,,,,,,,,,,,,,,,,,,,,,,,,,,,
9beb17b2fe05b647,multi_horizon_refined,"{""blend"": ""equal"", ""daily_exit"": 0, ""family"": ""multi_horizon_refined"", ""market_window"": 200, ""min_turnover_thb"": 10000000, ""rank_buffer"": 0, ""rebalance"": 42, ""reserve"": 0.01, ""skip"": 21, ""top_n"": 20, ""trend"": 200, ""weighting"": ""inverse_vol""}",Rank-buffered or blended multi-horizon momentum,rejected_screen,0.3676300127961149,0.0817051241772184,-0.1633691649793224,,0.7124724464737995,455.0,0.4256690913503937,0.1264327745781768,-0.1004562646393525,,1.0230380490054127,413.0,,,,,,,,,,,,,,,,,,,,,,,,,discovery: CAGR trails incumbent by >2 percentage points; development: CAGR not higher; development: drawdown not smaller,1.0,reports/momentum_refinement_20260929,False,False,-0.0376191339929907,0.031441525983679,0.110965917325654,0.6478071346983693,974.0,18.716308103862787,-0.0459625480566689,-0.0154989815563468,0.0363525710154637,0.0874730893450988,0.7326566225996516,725.0,21.63972320701457,0.0109273423582765,0.0158776201786619,0.1080968934855735,0.0834854964021738,872.0,-0.1633691649793224,0.110965917325654,0.684493356038332,1699.0,0.8975105845563429,1.0469078695112652,49.696705995698515,-0.0221201524366438,-0.0154989815563468,,,,,,,,,,,,,,,,,,,,,,,,,,,,,,,,,,,,,,,
2b8afd5f6202043b,multi_horizon_refined,"{""blend"": ""equal"", ""daily_exit"": 0, ""family"": ""multi_horizon_refined"", ""market_window"": 200, ""min_turnover_thb"": 10000000, ""rank_buffer"": 0, ""rebalance"": 10, ""reserve"": 0.01, ""skip"": 21, ""top_n"": 25, ""trend"": 200, ""weighting"": ""inverse_vol""}",Rank-buffered or blended multi-horizon momentum,rejected_screen,0.2682639989815079,0.0614291815360694,-0.18812632080331,,0.6312629187111799,1944.0,0.1001270268776211,0.0325537763800152,-0.1395651339338964,,0.3551416812909451,1649.0,,,,,,,,,,,,,,,,,,,,,,,,,discovery: CAGR trails incumbent by >2 percentage points; validation: CAGR trails incumbent by >2 percentage points; development: CAGR not higher; development: drawdown not smaller,1.0,reports/momentum_refinement_20260929,False,False,-0.1126893869733043,0.0689463827636024,0.0664729861125872,0.6108154041372501,974.0,41.04195652336592,-0.0662384906978179,-0.0402561373803345,0.0620885388233789,0.0659210972388902,0.6917690292271015,725.0,36.95966356531876,-0.082951655839885,-0.023231249115882,0.0577837963292475,0.151139754820653,3596.0,-0.18812632080331,0.0664729861125872,0.647080859013604,1699.0,0.5859446772742914,0.4799965666725079,89.96949510128758,-0.0724332495929698,-0.0402561373803345,,,,,,,,,,,,,,,,,,,,,,,,,,,,,,,,,,,,,,,
e1d1d4df56211c3d,multi_horizon_refined,"{""blend"": ""equal"", ""daily_exit"": 0, ""family"": ""multi_horizon_refined"", ""market_window"": 200, ""min_turnover_thb"": 10000000, ""rank_buffer"": 0, ""rebalance"": 21, ""reserve"": 0.01, ""skip"": 21, ""top_n"": 25, ""trend"": 200, ""weighting"": ""inverse_vol""}",Rank-buffered or blended multi-horizon momentum,rejected_screen,0.4166463872318373,0.0913026883438434,-0.1256304658419343,,0.8971828285192165,934.0,0.2304935260753458,0.0721124210386181,-0.1092986549434017,,0.6865471980406864,966.0,,,,,,,,,,,,,,,,,,,,,,,,,discovery: CAGR trails incumbent by >2 percentage points; validation: CAGR trails incumbent by >2 percentage points; development: CAGR not higher,1.0,reports/momentum_refinement_20260929,False,False,-0.0201072669740305,0.0417056363264757,0.0673407447373753,0.5900991887361867,974.0,24.826261281311847,-0.0363649838900439,0.0222397175810411,0.0510998118286265,0.068337885945962,0.7800720719325315,725.0,30.41836527687754,-0.0433930111812821,0.0070352298746126,0.0878700613671457,0.1157700538188524,1904.0,-0.1256304658419343,0.068337885945962,0.6716481517227578,1699.0,0.8424659038759704,0.7999608985616999,68.91484839505475,-0.0423469845550716,0.0222397175810411,,,,,,,,,,,,,,,,,,,,,,,,,,,,,,,,,,,,,,,
f204931e28c3f87f,multi_horizon_refined,"{""blend"": ""equal"", ""daily_exit"": 0, ""family"": ""multi_horizon_refined"", ""market_window"": 200, ""min_turnover_thb"": 10000000, ""rank_buffer"": 0, ""rebalance"": 42, ""reserve"": 0.01, ""skip"": 21, ""top_n"": 25, ""trend"": 200, ""weighting"": ""inverse_vol""}",Rank-buffered or blended multi-horizon momentum,rejected_screen,0.2734430768096636,0.0625148554972077,-0.1591748667721766,,0.6281806405071847,552.0,0.3164359728867771,0.0966888170628776,-0.0957351706357337,,0.8606816942012174,502.0,,,,,,,,,,,,,,,,,,,,,,,,,discovery: CAGR trails incumbent by >2 percentage points; development: CAGR not higher; development: drawdown not smaller,1.0,reports/momentum_refinement_20260929,False,False,-0.0584264334793441,0.0296204640569375,0.0912202292483276,0.6247470620280305,974.0,17.63227814568578,-0.0651528167366797,-0.011304683349201,0.0316536379893653,0.0695042544028886,0.7243632775555492,725.0,18.842572765858275,-0.0188166151570225,0.0205987141822806,0.0830952957920743,0.0709652428890457,1055.0,-0.1591748667721766,0.0912202292483276,0.6676359490666185,1699.0,0.7794816762323347,0.7455452744924596,42.24373051315299,-0.047121750130143,-0.011304683349201,,,,,,,,,,,,,,,,,,,,,,,,,,,,,,,,,,,,,,,
c3688197480cd6e2,multi_horizon_refined,"{""blend"": ""equal"", ""daily_exit"": 0, ""family"": ""multi_horizon_refined"", ""market_window"": 200, ""min_turnover_thb"": 10000000, ""rank_buffer"": 0, ""rebalance"": 10, ""reserve"": 0.01, ""skip"": 21, ""top_n"": 15, ""trend"": 200, ""weighting"": ""inverse_downside""}",Rank-buffered or blended multi-horizon momentum,rejected_screen,0.4831500625053633,0.1039343290884389,-0.2539598557019938,,0.7841912743526502,1281.0,0.1360634494343953,0.0437562195212293,-0.1712269278527499,,0.4087420552966162,1048.0,,,,,,,,,,,,,,,,,,,,,,,,,discovery: CAGR trails incumbent by >2 percentage points; validation: CAGR trails incumbent by >2 percentage points; development: CAGR not higher; development: drawdown not smaller,1.0,reports/momentum_refinement_20260929,False,False,-0.1500328461487963,0.0858928754955049,0.1121788798163832,0.6580395169488582,974.0,51.12975504226738,-0.0237333431454485,-0.1060896722790183,0.079079087065664,0.1205063080622734,0.6984969214896215,725.0,47.07368716332164,-0.0717492126986709,-0.0548930430347355,0.0862738720524394,0.2092643619581004,2334.0,-0.2539598557019938,0.1205063080622734,0.6770093444631652,1699.0,0.6891300470293916,0.7816104954719194,124.5695350664328,-0.0439431738697779,-0.1060896722790183,,,,,,,,,,,,,,,,,,,,,,,,,,,,,,,,,,,,,,,
1c7b93a3c6b53f41,multi_horizon_refined,"{""blend"": ""equal"", ""daily_exit"": 0, ""family"": ""multi_horizon_refined"", ""market_window"": 200, ""min_turnover_thb"": 10000000, ""rank_buffer"": 0, ""rebalance"": 21, ""reserve"": 0.01, ""skip"": 21, ""top_n"": 15, ""trend"": 200, ""weighting"": ""inverse_downside""}",Rank-buffered or blended multi-horizon momentum,rejected_screen,0.6694942051109631,0.1372012327517879,-0.1342211919361484,,1.0043888333215514,610.0,0.2487353551219888,0.0774220534680081,-0.1784830397533563,,0.6274161025227826,623.0,,,,,,,,,,,,,,,,,,,,,,,,,validation: CAGR trails incumbent by >2 percentage points; development: CAGR not higher; development: drawdown not smaller,1.0,reports/momentum_refinement_20260929,False,False,-0.0424346566825447,0.0505392571502163,0.1230806244486417,0.6282613978877583,974.0,30.084681915718992,0.0095335605179005,0.013648991486827,0.0653189700089568,0.1281819150746361,0.7938003868998507,725.0,38.88265373472044,-0.0380833787518921,-0.0621491549353419,0.1183952455700534,0.1645304938071325,1238.0,-0.1784830397533563,0.1281819150763442,0.6994774478771223,1699.0,0.8897220378428646,1.1834139119370972,97.9406475427898,-0.0118218003521639,-0.0306128563303808,,,,,,,,,,,,,,,,,,,,,,,,,,,,,,,,,,,,,,,
a743e448a1d5484d,multi_horizon_refined,"{""blend"": ""equal"", ""daily_exit"": 0, ""family"": ""multi_horizon_refined"", ""market_window"": 200, ""min_turnover_thb"": 10000000, ""rank_buffer"": 0, ""rebalance"": 42, ""reserve"": 0.01, ""skip"": 21, ""top_n"": 15, ""trend"": 200, ""weighting"": ""inverse_downside""}",Rank-buffered or blended multi-horizon momentum,rejected_screen,0.3668764440710041,0.0815555758246575,-0.2271648075949462,,0.6210177706460809,361.0,0.4240323101784207,0.1259984602296757,-0.1510445945977313,,0.9261544208732316,318.0,,,,,,,,,,,,,,,,,,,,,,,,,discovery: CAGR trails incumbent by >2 percentage points; development: CAGR not higher; development: drawdown not smaller,1.0,reports/momentum_refinement_20260929,False,False,-0.0990283086193271,0.0330736754286754,0.1684935555452154,0.6660306331773009,974.0,19.687883462512932,-0.0461120964092298,-0.0792946241719707,0.0395896520827316,0.1282572083711868,0.7365230056247254,725.0,23.566671874951883,0.0104930280097754,-0.0347107097797169,0.110483361474861,0.0912464631964329,685.0,-0.2271648075949462,0.1684935555452154,0.6967040967855577,1699.0,0.807480492538681,1.0778715673656096,54.31660408145301,-0.0197336844473563,-0.0792946241719707,,,,,,,,,,,,,,,,,,,,,,,,,,,,,,,,,,,,,,,
0252ba65a9460fa4,multi_horizon_refined,"{""blend"": ""equal"", ""daily_exit"": 0, ""family"": ""multi_horizon_refined"", ""market_window"": 200, ""min_turnover_thb"": 10000000, ""rank_buffer"": 0, ""rebalance"": 10, ""reserve"": 0.01, ""skip"": 21, ""top_n"": 20, ""trend"": 200, ""weighting"": ""inverse_downside""}",Rank-buffered or blended multi-horizon momentum,rejected_screen,0.3926639979661852,0.0866384836242706,-0.2183601632535277,,0.757321114352819,1635.0,0.1160540783916292,0.0375482514691176,-0.1486776441588821,,0.3816654633686732,1351.0,,,,,,,,,,,,,,,,,,,,,,,,,discovery: CAGR trails incumbent by >2 percentage points; validation: CAGR trails incumbent by >2 percentage points; development: CAGR not higher; development: drawdown not smaller,1.0,reports/momentum_refinement_20260929,False,False,-0.1244195499529124,0.0757578636304705,0.0828600130837388,0.636750881924511,974.0,45.09665077115934,-0.0410291886096167,-0.0704899798305521,0.0680243859909457,0.0896339855555649,0.6961245927373797,725.0,40.49311625153032,-0.0779571807507826,-0.0323437593408677,0.076287475799857,0.1764718108767812,2990.0,-0.2183601632535277,0.0896339855555649,0.6637843821607293,1699.0,0.681404010720106,0.6704002301434566,105.04899748602966,-0.0539295701223603,-0.0704899798305521,,,,,,,,,,,,,,,,,,,,,,,,,,,,,,,,,,,,,,,
567fd3cf2d36d5fb,multi_horizon_refined,"{""blend"": ""equal"", ""daily_exit"": 0, ""family"": ""multi_horizon_refined"", ""market_window"": 200, ""min_turnover_thb"": 10000000, ""rank_buffer"": 0, ""rebalance"": 21, ""reserve"": 0.01, ""skip"": 21, ""top_n"": 20, ""trend"": 200, ""weighting"": ""inverse_downside""}",Rank-buffered or blended multi-horizon momentum,rejected_screen,0.5337025520329102,0.1132552371582402,-0.1367187131386495,,0.9483839250259714,774.0,0.3192633373670586,0.0974789810803482,-0.1108369026582422,,0.835860242670437,804.0,,,,,,,,,,,,,,,,,,,,,,,,,development: CAGR not higher,1.0,reports/momentum_refinement_20260929,False,False,-0.0060292312761206,0.044835473497619,0.0913064944046218,0.6140379508091914,974.0,26.689370496826605,-0.0144124350756471,0.0111514702843259,0.0602359768401604,0.0976401543034924,0.7897752494741429,725.0,35.85688245738462,-0.018026451139552,0.0054969821597722,0.1130363443617707,0.1411872352409652,1585.0,-0.1367187131386495,0.097640154303455,0.6896062849985292,1699.0,0.94517902763987,1.111439144868685,84.0450236567446,-0.0171807015604466,0.0111514702843259,,,,,,,,,,,,,,,,,,,,,,,,,,,,,,,,,,,,,,,
426edf14c6ab0a38,multi_horizon_refined,"{""blend"": ""equal"", ""daily_exit"": 0, ""family"": ""multi_horizon_refined"", ""market_window"": 200, ""min_turnover_thb"": 10000000, ""rank_buffer"": 0, ""rebalance"": 42, ""reserve"": 0.01, ""skip"": 21, ""top_n"": 20, ""trend"": 200, ""weighting"": ""inverse_downside""}",Rank-buffered or blended multi-horizon momentum,rejected_screen,0.378708659204374,0.0838966281403521,-0.1688143691079019,,0.7142013579751729,455.0,0.4214343866826895,0.1253084286176535,-0.0990331138422949,,1.0181981977903356,413.0,,,,,,,,,,,,,,,,,,,,,,,,,discovery: CAGR trails incumbent by >2 percentage points; development: CAGR not higher; development: drawdown not smaller,1.0,reports/momentum_refinement_20260929,False,False,-0.0411434528218428,0.031407908916149,0.1319066384604547,0.647475930415534,974.0,18.6962967534669,-0.0437710440935352,-0.0209441856849263,0.0362782601059828,0.0976339629547457,0.7317879439288315,725.0,21.59548788974516,0.0098029963977532,0.0173007709757194,0.1100177787853009,0.0842128232334921,872.0,-0.1688143691079019,0.1319066384604547,0.6839377018728657,1699.0,0.8998361171097006,1.0717994689618051,50.129664404721794,-0.0201992671369164,-0.0209441856849263,,,,,,,,,,,,,,,,,,,,,,,,,,,,,,,,,,,,,,,
03d1671b92344a13,multi_horizon_refined,"{""blend"": ""equal"", ""daily_exit"": 0, ""family"": ""multi_horizon_refined"", ""market_window"": 200, ""min_turnover_thb"": 10000000, ""rank_buffer"": 0, ""rebalance"": 10, ""reserve"": 0.01, ""skip"": 21, ""top_n"": 25, ""trend"": 200, ""weighting"": ""inverse_downside""}",Rank-buffered or blended multi-horizon momentum,rejected_screen,0.2890734552101903,0.0657714731169729,-0.1882665320816375,,0.6616483004141994,1944.0,0.0955114232101035,0.031097425998396,-0.1463978491580346,,0.3413360507765636,1649.0,,,,,,,,,,,,,,,,,,,,,,,,,discovery: CAGR trails incumbent by >2 percentage points; validation: CAGR trails incumbent by >2 percentage points; development: CAGR not higher; development: drawdown not smaller,1.0,reports/momentum_refinement_20260929,False,False,-0.1103598889346024,0.0681619948807517,0.0684097962121602,0.6103664855563221,974.0,40.575031180874895,-0.0618961991169144,-0.040396348658662,0.0607185399983338,0.071534284306605,0.6923988397386465,725.0,36.14413953112323,-0.0844080062215042,-0.0300639643400202,0.0602535056462769,0.1501289719306979,3596.0,-0.1882665320816375,0.071534284306605,0.6470753401971818,1699.0,0.6021090869237155,0.5042806447124879,89.3678028041538,-0.0699635402759404,-0.040396348658662,,,,,,,,,,,,,,,,,,,,,,,,,,,,,,,,,,,,,,,
683024dd60951f74,multi_horizon_refined,"{""blend"": ""equal"", ""daily_exit"": 0, ""family"": ""multi_horizon_refined"", ""market_window"": 200, ""min_turnover_thb"": 10000000, ""rank_buffer"": 0, ""rebalance"": 21, ""reserve"": 0.01, ""skip"": 21, ""top_n"": 25, ""trend"": 200, ""weighting"": ""inverse_downside""}",Rank-buffered or blended multi-horizon momentum,rejected_screen,0.4337998826161344,0.0946026194867861,-0.125443181110077,,0.9088085533373224,934.0,0.2040051210902451,0.0643085579668205,-0.1194514862690468,,0.6173702041869088,966.0,,,,,,,,,,,,,,,,,,,,,,,,,discovery: CAGR trails incumbent by >2 percentage points; validation: CAGR trails incumbent by >2 percentage points; development: CAGR not higher,1.0,reports/momentum_refinement_20260929,False,False,-0.0208683913871385,0.0411713168423868,0.0733143610600968,0.591581600374321,974.0,24.5081950368396,-0.0330650527471012,0.0224270023128985,0.0496476557233787,0.0780887441331161,0.7812979280664757,725.0,29.553935188629524,-0.0511968742530797,-0.0031176014510324,0.0869216522221802,0.1143069061502101,1904.0,-0.125443181110077,0.0780887441321283,0.6730224408879316,1699.0,0.8230113199475013,0.7890382059728609,68.04387532008465,-0.0432953937000371,0.0224270023128985,,,,,,,,,,,,,,,,,,,,,,,,,,,,,,,,,,,,,,,
ba98c33938f79141,multi_horizon_refined,"{""blend"": ""equal"", ""daily_exit"": 0, ""family"": ""multi_horizon_refined"", ""market_window"": 200, ""min_turnover_thb"": 10000000, ""rank_buffer"": 0, ""rebalance"": 42, ""reserve"": 0.01, ""skip"": 21, ""top_n"": 25, ""trend"": 200, ""weighting"": ""inverse_downside""}",Rank-buffered or blended multi-horizon momentum,rejected_screen,0.2829300091863644,0.0644950223806546,-0.1657089200836823,,0.6309099664213249,552.0,0.3153653234397593,0.0963893082166806,-0.0951972711375362,,0.8580596961045646,502.0,,,,,,,,,,,,,,,,,,,,,,,,,discovery: CAGR trails incumbent by >2 percentage points; development: CAGR not higher; development: drawdown not smaller,1.0,reports/momentum_refinement_20260929,False,False,-0.063018564914043,0.0295568290179492,0.1090178896085513,0.626971739577572,974.0,17.594397891510972,-0.0631726498532327,-0.0178387366607067,0.0316241048866663,0.078109536260045,0.7254312846841997,725.0,18.82499249161639,-0.0191161240032196,0.0211366136804781,0.0850372176688811,0.071545238133428,1055.0,-0.1657089200836823,0.1090178896085513,0.6693750335312776,1699.0,0.7839743199340754,0.7675038531878209,42.58898632860767,-0.0451798282533362,-0.0178387366607067,,,,,,,,,,,,,,,,,,,,,,,,,,,,,,,,,,,,,,,
2e4b28ac42e621e0,multi_horizon_refined,"{""blend"": ""equal"", ""daily_exit"": 1, ""family"": ""multi_horizon_refined"", ""market_window"": 150, ""min_turnover_thb"": 10000000, ""rank_buffer"": 0, ""rebalance"": 21, ""reserve"": 0.01, ""skip"": 21, ""top_n"": 15, ""trend"": 200, ""weighting"": ""equal""}",Rank-buffered or blended multi-horizon momentum,rejected_screen,0.5435362325515669,0.1150415526582451,-0.171279080334981,,0.8771795594494353,669.0,0.1075649194582692,0.0348921202039924,-0.2324506807412214,,0.3505489559042747,604.0,,,,,,,,,,,,,,,,,,,,,,,,,validation: CAGR trails incumbent by >2 percentage points; development: CAGR not higher; development: drawdown not smaller,1.0,reports/momentum_refinement_20260929,False,False,-0.1265969885680123,0.0568061579233245,0.1606188609553582,0.5368291899281238,974.0,33.81520204971994,-0.0126261195756423,-0.0234088969120055,0.0638479995847827,0.1038647764649151,0.5829849399431538,725.0,38.00702398046472,-0.0806133120159078,-0.116116795923207,0.0882005546724511,0.160269248110294,1278.0,-0.2324506807412216,0.1606188609553582,0.5571020035629409,1699.0,0.7208585843324377,0.8037805414166277,95.40404078236443,-0.0420164912497662,-0.0845804973182461,,,,,,,,,,,,,,,,,,,,,,,,,,,,,,,,,,,,,,,
c19f3244dec9829c,multi_horizon_refined,"{""blend"": ""equal"", ""daily_exit"": 1, ""family"": ""multi_horizon_refined"", ""market_window"": 150, ""min_turnover_thb"": 10000000, ""rank_buffer"": 0, ""rebalance"": 21, ""reserve"": 0.01, ""skip"": 21, ""top_n"": 20, ""trend"": 200, ""weighting"": ""equal""}",Rank-buffered or blended multi-horizon momentum,rejected_screen,0.4524068116356674,0.0981488844116809,-0.1530549103187333,,0.8524428632347973,848.0,0.1942827475842914,0.0614156052187635,-0.1646093614931665,,0.6081866502689343,794.0,,,,,,,,,,,,,,,,,,,,,,,,,discovery: CAGR trails incumbent by >2 percentage points; validation: CAGR trails incumbent by >2 percentage points; development: CAGR not higher; development: drawdown not smaller,1.0,reports/momentum_refinement_20260929,False,False,-0.0571032889671959,0.0517505590989565,0.1253403862383401,0.5226297041305019,974.0,30.805737900444395,-0.0295187878222065,-0.0051847268957577,0.0636972467201155,0.079482008354722,0.5829333589686968,725.0,37.91728479083016,-0.0540898270011367,-0.048275476675152,0.0898529350252124,0.1485081105472093,1649.0,-0.1646093614931665,0.1253403862383401,0.5489393923424017,1699.0,0.8074741432801993,0.8229820897503983,88.40294692970373,-0.0403641108970049,-0.0167391780701909,,,,,,,,,,,,,,,,,,,,,,,,,,,,,,,,,,,,,,,
0023370e13a5da1c,multi_horizon_refined,"{""blend"": ""equal"", ""daily_exit"": 1, ""family"": ""multi_horizon_refined"", ""market_window"": 150, ""min_turnover_thb"": 10000000, ""rank_buffer"": 0, ""rebalance"": 21, ""reserve"": 0.01, ""skip"": 21, ""top_n"": 25, ""trend"": 200, ""weighting"": ""equal""}",Rank-buffered or blended multi-horizon momentum,rejected_screen,0.3837596961641041,0.0848914141017544,-0.1385775777161264,,0.8458364167850875,1021.0,0.1099693643406305,0.0356458039562508,-0.19369351270708,,0.3976106609041039,960.0,,,,,,,,,,,,,,,,,,,,,,,,,discovery: CAGR trails incumbent by >2 percentage points; validation: CAGR trails incumbent by >2 percentage points; development: CAGR not higher; development: drawdown not smaller,1.0,reports/momentum_refinement_20260929,False,False,-0.1062154809211725,0.0486494051453619,0.1024718968032421,0.5023804121129484,974.0,28.95970304503957,-0.0427762581321329,0.009292605706849,0.0558912524374053,0.0656965246378185,0.5827480580619496,725.0,33.270583033159895,-0.0798596282636494,-0.0773596278890655,0.06982489428515,0.1283234009046236,1985.0,-0.1936935127070806,0.1024718968032421,0.5371600150587558,1699.0,0.7081776911533043,0.6016474606064659,76.38752360534774,-0.0603921516370673,-0.0458233292841051,,,,,,,,,,,,,,,,,,,,,,,,,,,,,,,,,,,,,,,
11b843abc9b45cd0,multi_horizon_refined,"{""blend"": ""equal"", ""daily_exit"": 3, ""family"": ""multi_horizon_refined"", ""market_window"": 150, ""min_turnover_thb"": 10000000, ""rank_buffer"": 0, ""rebalance"": 21, ""reserve"": 0.01, ""skip"": 21, ""top_n"": 15, ""trend"": 200, ""weighting"": ""equal""}",Rank-buffered or blended multi-horizon momentum,rejected_screen,0.541422339524881,0.1146582789891681,-0.2009698814918964,,0.8567125416424094,669.0,0.1909027440376818,0.0604062001240699,-0.1750513495243083,,0.5259818533521833,590.0,,,,,,,,,,,,,,,,,,,,,,,,,validation: CAGR trails incumbent by >2 percentage points; development: CAGR not higher; development: drawdown not smaller,1.0,reports/momentum_refinement_20260929,False,False,-0.083960724835878,0.0564244520145074,0.1606188609553582,0.5693355070861876,974.0,33.587982626648895,-0.0130093932447192,-0.0530996980689209,0.063531917133659,0.1038647764649151,0.6393903353192073,725.0,37.8188684645866,-0.0550992320958303,-0.0587174647062939,0.0993560191552602,0.1592317811659385,1264.0,-0.2009698814918964,0.1606188609553582,0.5998065736392172,1699.0,0.7726330437479489,0.9368483693193924,94.78646417402136,-0.0308610267669571,-0.0530996980689209,,,,,,,,,,,,,,,,,,,,,,,,,,,,,,,,,,,,,,,
7d4da1b6f6773e00,multi_horizon_refined,"{""blend"": ""equal"", ""daily_exit"": 3, ""family"": ""multi_horizon_refined"", ""market_window"": 150, ""min_turnover_thb"": 10000000, ""rank_buffer"": 0, ""rebalance"": 21, ""reserve"": 0.01, ""skip"": 21, ""top_n"": 20, ""trend"": 200, ""weighting"": ""equal""}",Rank-buffered or blended multi-horizon momentum,rejected_screen,0.4280351576669938,0.0934969368949067,-0.1911793166736377,,0.7975305639594139,848.0,0.2782804187531946,0.0859134621939679,-0.1232073759518582,,0.7695703467429301,769.0,,,,,,,,,,,,,,,,,,,,,,,,,discovery: CAGR trails incumbent by >2 percentage points; validation: CAGR trails incumbent by >2 percentage points; development: CAGR not higher; development: drawdown not smaller,1.0,reports/momentum_refinement_20260929,False,False,-0.0756721171119182,0.051028329655805,0.1253403862383401,0.5535928262085935,974.0,30.375813831659663,-0.0341707353389806,-0.0433091332506622,0.0616275646012738,0.079482008354722,0.6391843434326526,725.0,36.68525781372334,-0.0295919700259323,-0.0068734911338438,0.0978540620609613,0.1430560708569246,1624.0,-0.1911793166736377,0.1253403862383401,0.5906933915421835,1699.0,0.838126999588623,0.9184567030694092,85.15749202745684,-0.032362983861256,-0.0433091332506622,,,,,,,,,,,,,,,,,,,,,,,,,,,,,,,,,,,,,,,
a7945a5347018cfd,multi_horizon_refined,"{""blend"": ""equal"", ""daily_exit"": 3, ""family"": ""multi_horizon_refined"", ""market_window"": 150, ""min_turnover_thb"": 10000000, ""rank_buffer"": 0, ""rebalance"": 21, ""reserve"": 0.01, ""skip"": 21, ""top_n"": 25, ""trend"": 200, ""weighting"": ""equal""}",Rank-buffered or blended multi-horizon momentum,rejected_screen,0.3541269069839212,0.0790159728872372,-0.1777473593438893,,0.7700325526244646,1021.0,0.1768139544732601,0.0561780987375934,-0.1559168008659169,,0.5539351129924254,927.0,,,,,,,,,,,,,,,,,,,,,,,,,discovery: CAGR trails incumbent by >2 percentage points; validation: CAGR trails incumbent by >2 percentage points; development: CAGR not higher; development: drawdown not smaller,1.0,reports/momentum_refinement_20260929,False,False,-0.0846083252806619,0.0479387263838823,0.1024718968032422,0.532416625431419,974.0,28.53665479128659,-0.0486516993466501,-0.0298771759209137,0.0531755026634205,0.0656965246378185,0.6389141240641322,725.0,31.653969083529105,-0.0593273334823067,-0.0395829160479025,0.0754858965624691,0.1220717133083784,1952.0,-0.1777473593438893,0.1024718968032422,0.5783464009467915,1699.0,0.725882051556479,0.6617375648255985,72.66605947281295,-0.0547311493597482,-0.0298771759209137,,,,,,,,,,,,,,,,,,,,,,,,,,,,,,,,,,,,,,,
b2db70f31daeced5,multi_horizon_refined,"{""blend"": ""equal"", ""daily_exit"": 5, ""family"": ""multi_horizon_refined"", ""market_window"": 150, ""min_turnover_thb"": 10000000, ""rank_buffer"": 0, ""rebalance"": 21, ""reserve"": 0.01, ""skip"": 21, ""top_n"": 15, ""trend"": 200, ""weighting"": ""equal""}",Rank-buffered or blended multi-horizon momentum,rejected_screen,0.511093834761176,0.1091155215129096,-0.2007154784999075,,0.8145752603431353,669.0,0.1519006791198707,0.0486184657152035,-0.2014877506453772,,0.43324389895664,583.0,,,,,,,,,,,,,,,,,,,,,,,,,validation: CAGR trails incumbent by >2 percentage points; development: CAGR not higher; development: drawdown not smaller,1.0,reports/momentum_refinement_20260929,False,False,-0.0928225650578269,0.056444876703396,0.1606188609553583,0.596761644623298,974.0,33.60014090326567,-0.0185521507209778,-0.052845295076932,0.0613383236702563,0.1038647764649151,0.6676478585311311,725.0,36.51308034422069,-0.0668869665046967,-0.0851538658273628,0.0910120480867922,0.1537320040203016,1257.0,-0.2014877506453772,0.1606188609553583,0.6275874814024838,1699.0,0.7093468894929419,0.8365558738560126,91.51259242830024,-0.0392049978354251,-0.0536175672224017,,,,,,,,,,,,,,,,,,,,,,,,,,,,,,,,,,,,,,,
a4b273d51f08e4d4,multi_horizon_refined,"{""blend"": ""equal"", ""daily_exit"": 5, ""family"": ""multi_horizon_refined"", ""market_window"": 150, ""min_turnover_thb"": 10000000, ""rank_buffer"": 0, ""rebalance"": 21, ""reserve"": 0.01, ""skip"": 21, ""top_n"": 20, ""trend"": 200, ""weighting"": ""equal""}",Rank-buffered or blended multi-horizon momentum,rejected_screen,0.4165716633709833,0.091288247901393,-0.1902093504859351,,0.7769125050803145,848.0,0.2602117760476259,0.0807361278267568,-0.1350119739347726,,0.7171926848768551,756.0,,,,,,,,,,,,,,,,,,,,,,,,,discovery: CAGR trails incumbent by >2 percentage points; validation: CAGR trails incumbent by >2 percentage points; development: CAGR not higher; development: drawdown not smaller,1.0,reports/momentum_refinement_20260929,False,False,-0.0782039798736364,0.0511078454406367,0.1253403862383401,0.5781627598816094,974.0,30.423147473442892,-0.0363794243324944,-0.0423391670629595,0.0588413571136654,0.079482008354722,0.6675168012403198,725.0,35.026702252315864,-0.0347693043931434,-0.0186780891167581,0.0943522331115405,0.1382488355472165,1611.0,-0.1902093504859351,0.1253403862383401,0.6168688755375198,1699.0,0.8040451200864616,0.8761564461215336,82.29587210382559,-0.0358648128106768,-0.0423391670629595,,,,,,,,,,,,,,,,,,,,,,,,,,,,,,,,,,,,,,,
7dddf31b7315798d,multi_horizon_refined,"{""blend"": ""equal"", ""daily_exit"": 5, ""family"": ""multi_horizon_refined"", ""market_window"": 150, ""min_turnover_thb"": 10000000, ""rank_buffer"": 0, ""rebalance"": 21, ""reserve"": 0.01, ""skip"": 21, ""top_n"": 25, ""trend"": 200, ""weighting"": ""equal""}",Rank-buffered or blended multi-horizon momentum,rejected_screen,0.3404841947335251,0.0762785394072425,-0.1781028914607277,,0.7414582256368749,1021.0,0.1447296949543686,0.0464224130947272,-0.17885995837802,,0.4629524842730667,910.0,,,,,,,,,,,,,,,,,,,,,,,,,discovery: CAGR trails incumbent by >2 percentage points; validation: CAGR trails incumbent by >2 percentage points; development: CAGR not higher; development: drawdown not smaller,1.0,reports/momentum_refinement_20260929,False,False,-0.0915255873994416,0.0479090795829797,0.1024718968032421,0.5552928354357869,974.0,28.519006835513885,-0.0513891328266449,-0.0302327080377522,0.0501667299941828,0.0656965246378185,0.6672982081206038,725.0,29.8629263612018,-0.069083019125173,-0.0625260735600056,0.0696812334778198,0.1170894051451762,1935.0,-0.1788599583780196,0.1024718968032421,0.6035729397844585,1699.0,0.6692128586142209,0.6001470925500896,69.70022331399264,-0.0605358124443975,-0.030989774955044,,,,,,,,,,,,,,,,,,,,,,,,,,,,,,,,,,,,,,,
3924be50420f184b,multi_horizon_refined,"{""blend"": ""equal"", ""daily_exit"": 1, ""family"": ""multi_horizon_refined"", ""market_window"": 200, ""min_turnover_thb"": 10000000, ""rank_buffer"": 0, ""rebalance"": 21, ""reserve"": 0.01, ""skip"": 21, ""top_n"": 15, ""trend"": 200, ""weighting"": ""equal""}",Rank-buffered or blended multi-horizon momentum,rejected_screen,0.2932815504093888,0.0666431800060329,-0.1958218453531002,,0.5694170931483122,665.0,0.1981222252834935,0.0625599282074951,-0.2006363399423398,,0.5424859431790896,679.0,,,,,,,,,,,,,,,,,,,,,,,,,discovery: CAGR trails incumbent by >2 percentage points; validation: CAGR trails incumbent by >2 percentage points; development: CAGR not higher; development: drawdown not smaller,1.0,reports/momentum_refinement_20260929,False,False,-0.1099940760965542,0.0577625137583558,0.1607987412512559,0.5233601790321617,974.0,34.38449536184049,-0.0610244922278544,-0.0479516619301246,0.0750878350700199,0.1038647764649151,0.6470073206200716,725.0,44.69780050599439,-0.0529455040124051,-0.0843024551243254,0.0729891263450281,0.1597950955310546,1349.0,-0.2006363399423405,0.1607987412512559,0.576700906379057,1699.0,0.6131104981991659,0.6350011556086108,95.12179030362208,-0.0572279195771892,-0.052766156519365,,,,,,,,,,,,,,,,,,,,,,,,,,,,,,,,,,,,,,,
0b6db8d55b2cd610,multi_horizon_refined,"{""blend"": ""equal"", ""daily_exit"": 1, ""family"": ""multi_horizon_refined"", ""market_window"": 200, ""min_turnover_thb"": 10000000, ""rank_buffer"": 0, ""rebalance"": 21, ""reserve"": 0.01, ""skip"": 21, ""top_n"": 20, ""trend"": 200, ""weighting"": ""equal""}",Rank-buffered or blended multi-horizon momentum,rejected_screen,0.2351978296826391,0.0544181848237443,-0.1783490388766995,,0.5211455544483772,845.0,0.2794519028426447,0.0862474531093924,-0.1296458731132737,,0.7705452176302384,888.0,,,,,,,,,,,,,,,,,,,,,,,,,discovery: CAGR trails incumbent by >2 percentage points; validation: CAGR trails incumbent by >2 percentage points; development: CAGR not higher; development: drawdown not smaller,1.0,reports/momentum_refinement_20260929,False,False,-0.0852733419201418,0.0520173290698688,0.1255531298291212,0.5176404133377678,974.0,30.964539002243512,-0.073249487410143,-0.0304788554537239,0.0741083901941145,0.079482008354722,0.6469475251185167,725.0,44.11476289905029,-0.0292579791105078,-0.0133119882952592,0.0754225594557995,0.1478286955272554,1740.0,-0.1783490388766995,0.1255531298291212,0.5733963651812327,1699.0,0.6843207507812036,0.6610547246077361,87.9985091536731,-0.0547944864664178,-0.0304788554537239,,,,,,,,,,,,,,,,,,,,,,,,,,,,,,,,,,,,,,,
afe48f88897063a9,multi_horizon_refined,"{""blend"": ""equal"", ""daily_exit"": 1, ""family"": ""multi_horizon_refined"", ""market_window"": 200, ""min_turnover_thb"": 10000000, ""rank_buffer"": 0, ""rebalance"": 21, ""reserve"": 0.01, ""skip"": 21, ""top_n"": 25, ""trend"": 200, ""weighting"": ""equal""}",Rank-buffered or blended multi-horizon momentum,rejected_screen,0.182509284887796,0.0429503730289881,-0.1710026393735373,,0.4675056330603767,1014.0,0.1658964850302391,0.052878540986005,-0.1530668056317604,,0.5258259204841965,1074.0,,,,,,,,,,,,,,,,,,,,,,,,,discovery: CAGR trails incumbent by >2 percentage points; validation: CAGR trails incumbent by >2 percentage points; development: CAGR not higher; development: drawdown not smaller,1.0,reports/momentum_refinement_20260929,False,False,-0.0999456455980135,0.0477407206354589,0.1026140754761008,0.5044308477900283,974.0,28.41878721082144,-0.0847172992048992,-0.0231324559505617,0.0642905435650088,0.0656965246378185,0.6467575448311362,725.0,38.27045869695152,-0.0626268912338952,-0.036732920813746,0.0534038562747656,0.1261886273214986,2092.0,-0.1710026393735373,0.1026140754761008,0.565650401916486,1699.0,0.5462915546939938,0.4377550467580873,75.11674940264218,-0.0768131896474517,-0.0231324559505617,,,,,,,,,,,,,,,,,,,,,,,,,,,,,,,,,,,,,,,
09362426c7556cc2,multi_horizon_refined,"{""blend"": ""equal"", ""daily_exit"": 3, ""family"": ""multi_horizon_refined"", ""market_window"": 200, ""min_turnover_thb"": 10000000, ""rank_buffer"": 0, ""rebalance"": 21, ""reserve"": 0.01, ""skip"": 21, ""top_n"": 15, ""trend"": 200, ""weighting"": ""equal""}",Rank-buffered or blended multi-horizon momentum,rejected_screen,0.5990620583237074,0.1249710628262916,-0.195295678936755,,0.9021159312345276,620.0,0.2217231400367747,0.0695410068554316,-0.1530859297828076,,0.5754770994547118,651.0,,,,,,,,,,,,,,,,,,,,,,,,,validation: CAGR trails incumbent by >2 percentage points; development: CAGR not higher; development: drawdown not smaller,1.0,reports/momentum_refinement_20260929,False,False,-0.0684345616920566,0.0482206859217051,0.1606188609553582,0.5947144486883051,974.0,28.70449784017213,-0.0026966094075957,-0.0474254955137795,0.0696229911592462,0.1038647764649151,0.7123163829263068,725.0,41.44472359024125,-0.0459644253644686,-0.0367520449647932,0.1092079797439402,0.1651491527273565,1276.0,-0.195295678936755,0.1606188609553582,0.6454748924359267,1699.0,0.8171035529825578,1.0612743351595508,98.30891882097538,-0.0210090661782771,-0.0474254955137795,,,,,,,,,,,,,,,,,,,,,,,,,,,,,,,,,,,,,,,
6fc6874c421e6491,multi_horizon_refined,"{""blend"": ""equal"", ""daily_exit"": 3, ""family"": ""multi_horizon_refined"", ""market_window"": 200, ""min_turnover_thb"": 10000000, ""rank_buffer"": 0, ""rebalance"": 21, ""reserve"": 0.01, ""skip"": 21, ""top_n"": 20, ""trend"": 200, ""weighting"": ""equal""}",Rank-buffered or blended multi-horizon momentum,rejected_screen,0.4953539113405254,0.1062060219658542,-0.1887438927664221,,0.8701984790079156,789.0,0.326431366799623,0.0994772030037252,-0.1211078930327089,,0.844983983307656,844.0,,,,,,,,,,,,,,,,,,,,,,,,,discovery: CAGR trails incumbent by >2 percentage points; development: CAGR not higher; development: drawdown not smaller,1.0,reports/momentum_refinement_20260929,False,False,-0.0600954089436445,0.0430061928615102,0.1253403862383401,0.581271881550887,974.0,25.60044815852747,-0.0214616502680331,-0.0408737093434465,0.0668979281878269,0.079482008354722,0.7123158962437535,725.0,39.82256574071488,-0.016028229216175,-0.0047740082146945,0.1109953463220194,0.1476548900132967,1640.0,-0.1887438927664221,0.1253403862383401,0.6377680093711664,1699.0,0.9097719517802468,1.0845664346872064,87.89504733216067,-0.0192216996001979,-0.0408737093434465,,,,,,,,,,,,,,,,,,,,,,,,,,,,,,,,,,,,,,,
9dfcdd8250f0a114,multi_horizon_refined,"{""blend"": ""equal"", ""daily_exit"": 3, ""family"": ""multi_horizon_refined"", ""market_window"": 200, ""min_turnover_thb"": 10000000, ""rank_buffer"": 0, ""rebalance"": 21, ""reserve"": 0.01, ""skip"": 21, ""top_n"": 25, ""trend"": 200, ""weighting"": ""equal""}",Rank-buffered or blended multi-horizon momentum,rejected_screen,0.4160108982468,0.0911798614045191,-0.1757072774938192,,0.8504004667148392,953.0,0.2104475634009759,0.0662170081728537,-0.13170786434315,,0.6197130173066624,1018.0,,,,,,,,,,,,,,,,,,,,,,,,,discovery: CAGR trails incumbent by >2 percentage points; validation: CAGR trails incumbent by >2 percentage points; development: CAGR not higher; development: drawdown not smaller,1.0,reports/momentum_refinement_20260929,False,False,-0.0712801497264452,0.0402771481692742,0.1024718968032422,0.5614701878683849,974.0,23.97592009600232,-0.0364878108293682,-0.0278370940708436,0.0571863266416461,0.0656965246378185,0.7121260233681883,725.0,34.041506423981275,-0.0492884240470465,-0.0153739795251356,0.0867739902666158,0.1237204029762334,1975.0,-0.1757072774938192,0.1024718968032422,0.6262432795866064,1699.0,0.797359860787637,0.7873427237897253,73.64748078828111,-0.0434430556556015,-0.0278370940708436,,,,,,,,,,,,,,,,,,,,,,,,,,,,,,,,,,,,,,,
aa28178ebe764927,multi_horizon_refined,"{""blend"": ""equal"", ""daily_exit"": 5, ""family"": ""multi_horizon_refined"", ""market_window"": 200, ""min_turnover_thb"": 10000000, ""rank_buffer"": 0, ""rebalance"": 21, ""reserve"": 0.01, ""skip"": 21, ""top_n"": 15, ""trend"": 200, ""weighting"": ""equal""}",Rank-buffered or blended multi-horizon momentum,rejected_screen,0.6956180188551442,0.1416392396782213,-0.1457901075995159,,0.9931359693822152,610.0,0.1605265330861325,0.0512480605443577,-0.2060819389993011,,0.4403359360528423,651.0,,,,,,,,,,,,,,,,,,,,,,,,,validation: CAGR trails incumbent by >2 percentage points; development: CAGR not higher; development: drawdown not smaller,1.0,reports/momentum_refinement_20260929,False,False,-0.0780692470122207,0.0472067106517587,0.1606188609553583,0.6150061394774524,974.0,28.10090520373756,0.0139715674443339,0.0020800758234595,0.0684001505546724,0.1038647764649151,0.725771543985973,725.0,40.71679894914725,-0.0642573716755425,-0.0897480541812867,0.110359554486322,0.1690079149552166,1266.0,-0.2060819389993009,0.1606188609553583,0.6628492883140238,1699.0,0.8142751128643949,1.0762553987301056,100.60593782678532,-0.0198574914358953,-0.0582117555763254,,,,,,,,,,,,,,,,,,,,,,,,,,,,,,,,,,,,,,,
91eaf398f01920ac,multi_horizon_refined,"{""blend"": ""equal"", ""daily_exit"": 5, ""family"": ""multi_horizon_refined"", ""market_window"": 200, ""min_turnover_thb"": 10000000, ""rank_buffer"": 0, ""rebalance"": 21, ""reserve"": 0.01, ""skip"": 21, ""top_n"": 20, ""trend"": 200, ""weighting"": ""equal""}",Rank-buffered or blended multi-horizon momentum,rejected_screen,0.5702085523549343,0.1198441025838703,-0.1478701834229755,,0.9558231526669648,774.0,0.2556624364243565,0.079424812026799,-0.150188059793188,,0.6834783646814383,844.0,,,,,,,,,,,,,,,,,,,,,,,,,validation: CAGR trails incumbent by >2 percentage points; development: CAGR not higher; development: drawdown not smaller,1.0,reports/momentum_refinement_20260929,False,False,-0.0224916933096572,0.0412959092672857,0.1253403862383401,0.6015505214393766,974.0,24.582361609194457,-0.007823569650017,0.0,0.0655564800488651,0.079482008354722,0.7257481229644034,725.0,39.02403717415627,-0.0360806201931012,-0.0338541749751736,0.1100432289827724,0.1489694288628694,1625.0,-0.1501880597931878,0.1253403862383401,0.6551251368719669,1699.0,0.8910485619784811,1.0721309955136027,88.67755751108369,-0.0201738169394449,-0.0023178763702123,,,,,,,,,,,,,,,,,,,,,,,,,,,,,,,,,,,,,,,
b32a3f17afd7f234,multi_horizon_refined,"{""blend"": ""equal"", ""daily_exit"": 5, ""family"": ""multi_horizon_refined"", ""market_window"": 200, ""min_turnover_thb"": 10000000, ""rank_buffer"": 0, ""rebalance"": 21, ""reserve"": 0.01, ""skip"": 21, ""top_n"": 25, ""trend"": 200, ""weighting"": ""equal""}",Rank-buffered or blended multi-horizon momentum,rejected_screen,0.4720007540514863,0.1018466610094264,-0.1405602838901616,,0.9266362070986904,934.0,0.1551653729767845,0.0496152424194136,-0.1818794431088258,,0.4768451061357881,1018.0,,,,,,,,,,,,,,,,,,,,,,,,,discovery: CAGR trails incumbent by >2 percentage points; validation: CAGR trails incumbent by >2 percentage points; development: CAGR not higher; development: drawdown not smaller,1.0,reports/momentum_refinement_20260929,False,False,-0.0786924003107774,0.0382696837268515,0.1024718968032421,0.5817471516910957,974.0,22.780929654652965,-0.025821011224461,0.0073098995328139,0.056088915496669,0.0656965246378185,0.7256003748305221,725.0,33.38824661983989,-0.0658901898004866,-0.0655455582908114,0.0855339052972898,0.1233278247051374,1956.0,-0.1818794431088254,0.1024718968032421,0.6436174217723111,1699.0,0.7771714293067837,0.7731580774842082,73.41378933575655,-0.0446831406249275,-0.0340092596858498,,,,,,,,,,,,,,,,,,,,,,,,,,,,,,,,,,,,,,,
2de4cfbbef4bd84f,multi_horizon_refined,"{""blend"": ""equal"", ""daily_exit"": 1, ""family"": ""multi_horizon_refined"", ""market_window"": 250, ""min_turnover_thb"": 10000000, ""rank_buffer"": 0, ""rebalance"": 21, ""reserve"": 0.01, ""skip"": 21, ""top_n"": 15, ""trend"": 200, ""weighting"": ""equal""}",Rank-buffered or blended multi-horizon momentum,rejected_screen,0.1705267905211775,0.0402890952340846,-0.2108032624383101,,0.3878977519057854,705.0,0.1842778657485668,0.058422210571345,-0.1848662483077252,,0.5059830132563597,669.0,,,,,,,,,,,,,,,,,,,,,,,,,discovery: CAGR trails incumbent by >2 percentage points; validation: CAGR trails incumbent by >2 percentage points; development: CAGR not higher; development: drawdown not smaller,1.0,reports/momentum_refinement_20260929,False,False,-0.1371454179368736,0.0629206327457525,0.1607987412512559,0.5201149844216862,974.0,37.45498705027238,-0.0873785769998027,-0.0629330790153346,0.0728779567609246,0.1038647764649151,0.67154386931391,725.0,43.38231844807705,-0.0570832216485552,-0.0685323634897108,0.0560047070006783,0.1525391198061256,1379.0,-0.2108032624383101,0.1607987412512559,0.5853107817483505,1699.0,0.4975864559056988,0.4627120118900605,90.80250003341013,-0.074212338921539,-0.0629330790153346,,,,,,,,,,,,,,,,,,,,,,,,,,,,,,,,,,,,,,,
28663e5b17c27346,multi_horizon_refined,"{""blend"": ""equal"", ""daily_exit"": 1, ""family"": ""multi_horizon_refined"", ""market_window"": 250, ""min_turnover_thb"": 10000000, ""rank_buffer"": 0, ""rebalance"": 21, ""reserve"": 0.01, ""skip"": 21, ""top_n"": 20, ""trend"": 200, ""weighting"": ""equal""}",Rank-buffered or blended multi-horizon momentum,rejected_screen,0.1221487517525261,0.0293322427226372,-0.2071201805075082,,0.3185800295316161,911.0,0.2691688451173981,0.0833087792430313,-0.1288639933800349,,0.7382462715063308,872.0,,,,,,,,,,,,,,,,,,,,,,,,,discovery: CAGR trails incumbent by >2 percentage points; validation: CAGR trails incumbent by >2 percentage points; development: CAGR not higher; development: drawdown not smaller,1.0,reports/momentum_refinement_20260929,False,False,-0.1299603440264681,0.0577424489450226,0.1255531298291212,0.5193581377601609,974.0,34.372551309615275,-0.0983354295112501,-0.0592499970845327,0.0710577399959583,0.079482008354722,0.6714717120792273,725.0,42.29879159233187,-0.0321966529768689,-0.0125301085620205,0.0595066989802819,0.1411868239295373,1790.0,-0.2071201805075082,0.1255531298291212,0.5848460998097943,1699.0,0.562307424664449,0.4969017282804213,84.04477881393974,-0.0707103469419354,-0.0592499970845327,,,,,,,,,,,,,,,,,,,,,,,,,,,,,,,,,,,,,,,
d4910651af56df9c,multi_horizon_refined,"{""blend"": ""equal"", ""daily_exit"": 1, ""family"": ""multi_horizon_refined"", ""market_window"": 250, ""min_turnover_thb"": 10000000, ""rank_buffer"": 0, ""rebalance"": 21, ""reserve"": 0.01, ""skip"": 21, ""top_n"": 25, ""trend"": 200, ""weighting"": ""equal""}",Rank-buffered or blended multi-horizon momentum,rejected_screen,0.0804667188086656,0.0196044081848112,-0.2012543294151643,,0.2472030721280466,1104.0,0.1595258094864258,0.0509436567704482,-0.1682356411711087,,0.5028315661065149,1055.0,,,,,,,,,,,,,,,,,,,,,,,,,discovery: CAGR trails incumbent by >2 percentage points; validation: CAGR trails incumbent by >2 percentage points; development: CAGR not higher; development: drawdown not smaller,1.0,reports/momentum_refinement_20260929,False,False,-0.144547752274088,0.0535204951460695,0.1026140754761008,0.513835460584797,974.0,31.85933397587327,-0.1080632640490761,-0.0533841459921887,0.0616989617544795,0.0656965246378185,0.6713374151646625,725.0,36.72775864901458,-0.064561775449452,-0.0519017563530943,0.0390534396403181,0.1222787843448777,2163.0,-0.2012543294151643,0.1026140754761008,0.5815306249028965,1699.0,0.417989320478863,0.3065082673594683,72.789323379295,-0.0911636062818992,-0.0533841459921887,,,,,,,,,,,,,,,,,,,,,,,,,,,,,,,,,,,,,,,
6b70a24ac674f365,multi_horizon_refined,"{""blend"": ""equal"", ""daily_exit"": 3, ""family"": ""multi_horizon_refined"", ""market_window"": 250, ""min_turnover_thb"": 10000000, ""rank_buffer"": 0, ""rebalance"": 21, ""reserve"": 0.01, ""skip"": 21, ""top_n"": 15, ""trend"": 200, ""weighting"": ""equal""}",Rank-buffered or blended multi-horizon momentum,rejected_screen,0.4358098200845473,0.094987345386776,-0.169749532765232,,0.7600425081484586,671.0,0.1829026820000527,0.0580094530736525,-0.1799967666542336,,0.4884472969479436,641.0,,,,,,,,,,,,,,,,,,,,,,,,,discovery: CAGR trails incumbent by >2 percentage points; validation: CAGR trails incumbent by >2 percentage points; development: CAGR not higher; development: drawdown not smaller,1.0,reports/momentum_refinement_20260929,False,False,-0.0751529149437838,0.056877149775807,0.1607987412512559,0.5830699017388712,974.0,33.857461620219695,-0.0326803268471114,-0.0218793493422565,0.0662573686246674,0.1038647764649151,0.727323642869141,725.0,39.44125758953951,-0.0574959791462477,-0.0636628818362191,0.0871907142096923,0.1567759963948969,1317.0,-0.1799967666542343,0.1607987412512559,0.6452039102324476,1699.0,0.6946087163352089,0.7921311689860506,93.3246005088975,-0.043026331712525,-0.0321265832312588,,,,,,,,,,,,,,,,,,,,,,,,,,,,,,,,,,,,,,,
3f83166756b88dbf,multi_horizon_refined,"{""blend"": ""equal"", ""daily_exit"": 3, ""family"": ""multi_horizon_refined"", ""market_window"": 250, ""min_turnover_thb"": 10000000, ""rank_buffer"": 0, ""rebalance"": 21, ""reserve"": 0.01, ""skip"": 21, ""top_n"": 20, ""trend"": 200, ""weighting"": ""equal""}",Rank-buffered or blended multi-horizon momentum,rejected_screen,0.3740216503973079,0.0829710912206205,-0.1697929512590943,,0.7352073909530821,865.0,0.28939293059362,0.0890735042113268,-0.1303443581122375,,0.7582923884035937,831.0,,,,,,,,,,,,,,,,,,,,,,,,,discovery: CAGR trails incumbent by >2 percentage points; validation: CAGR trails incumbent by >2 percentage points; development: CAGR not higher; development: drawdown not smaller,1.0,reports/momentum_refinement_20260929,False,False,-0.0589664693059338,0.0516490535461008,0.1255531298291212,0.5786516023588892,974.0,30.74531433186548,-0.0446965810132669,-0.0219227678361187,0.0633605803148684,0.079482008354722,0.7273158420842742,725.0,37.71687619195692,-0.0264319280085734,-0.0140104732942231,0.0931733444524023,0.1427070359600468,1703.0,-0.1697929512590943,0.1255531298291212,0.6426676588285233,1699.0,0.7977206154045766,0.8620970714079506,84.94972079293225,-0.037043701469815,-0.0219227678361187,,,,,,,,,,,,,,,,,,,,,,,,,,,,,,,,,,,,,,,
88b7358cd3168ec5,multi_horizon_refined,"{""blend"": ""equal"", ""daily_exit"": 3, ""family"": ""multi_horizon_refined"", ""market_window"": 250, ""min_turnover_thb"": 10000000, ""rank_buffer"": 0, ""rebalance"": 21, ""reserve"": 0.01, ""skip"": 21, ""top_n"": 25, ""trend"": 200, ""weighting"": ""equal""}",Rank-buffered or blended multi-horizon momentum,rejected_screen,0.3044435757730275,0.0689451449318665,-0.1591738743503992,,0.686091066409074,1053.0,0.1818236781337305,0.0576853698966308,-0.1522406781724923,,0.5441675109045402,1001.0,,,,,,,,,,,,,,,,,,,,,,,,,discovery: CAGR trails incumbent by >2 percentage points; validation: CAGR trails incumbent by >2 percentage points; development: CAGR not higher; development: drawdown not smaller,1.0,reports/momentum_refinement_20260929,False,False,-0.071119836328395,0.0483615040814226,0.1026140754761008,0.5680361742920844,974.0,28.78832316293983,-0.0587225273020208,-0.0113036909274236,0.0538129378079979,0.0656965246378185,0.727122161393601,725.0,32.03341735103155,-0.0578200623232694,-0.0359067933544778,0.070400900521246,0.1206455100233745,2058.0,-0.1591738743503992,0.1026140754761008,0.6364072795037665,1699.0,0.6712892341038524,0.6076752781080765,71.81707841143792,-0.0598161454009713,-0.0113036909274236,,,,,,,,,,,,,,,,,,,,,,,,,,,,,,,,,,,,,,,
451095669403f297,multi_horizon_refined,"{""blend"": ""equal"", ""daily_exit"": 5, ""family"": ""multi_horizon_refined"", ""market_window"": 250, ""min_turnover_thb"": 10000000, ""rank_buffer"": 0, ""rebalance"": 21, ""reserve"": 0.01, ""skip"": 21, ""top_n"": 15, ""trend"": 200, ""weighting"": ""equal""}",Rank-buffered or blended multi-horizon momentum,rejected_screen,0.3783185976220258,0.0838196932359611,-0.2135249591558795,,0.6567257578572597,661.0,0.1843809031516714,0.0584531241309886,-0.1897631262113989,,0.4896375030398572,641.0,,,,,,,,,,,,,,,,,,,,,,,,,discovery: CAGR trails incumbent by >2 percentage points; validation: CAGR trails incumbent by >2 percentage points; development: CAGR not higher; development: drawdown not smaller,1.0,reports/momentum_refinement_20260929,False,False,-0.114835178126055,0.0528735003704161,0.1607987412512559,0.6186026302816214,974.0,31.474195113052065,-0.0438479789979262,-0.065654775732904,0.0663373712299,0.1038647764649151,0.7380453301438613,725.0,39.48888102262042,-0.0570523080889115,-0.0734292413933844,0.0810366435290663,0.1488886529585327,1307.0,-0.2135249591558795,0.1607987412512559,0.6701492315242727,1699.0,0.6376836358710538,0.7225223663548119,88.62947375351673,-0.049180402393151,-0.065654775732904,,,,,,,,,,,,,,,,,,,,,,,,,,,,,,,,,,,,,,,
2d561723b523e780,multi_horizon_refined,"{""blend"": ""equal"", ""daily_exit"": 5, ""family"": ""multi_horizon_refined"", ""market_window"": 250, ""min_turnover_thb"": 10000000, ""rank_buffer"": 0, ""rebalance"": 21, ""reserve"": 0.01, ""skip"": 21, ""top_n"": 20, ""trend"": 200, ""weighting"": ""equal""}",Rank-buffered or blended multi-horizon momentum,rejected_screen,0.2792729437537948,0.0637330021750968,-0.2145149741513996,,0.5617792925121058,852.0,0.2882473972062445,0.0887485896405075,-0.1486021542181087,,0.751868991236843,831.0,,,,,,,,,,,,,,,,,,,,,,,,,discovery: CAGR trails incumbent by >2 percentage points; validation: CAGR trails incumbent by >2 percentage points; development: CAGR not higher; development: drawdown not smaller,1.0,reports/momentum_refinement_20260929,False,False,-0.114961303574823,0.0475813039878303,0.1255531298291211,0.6134669731261728,974.0,28.32389070053593,-0.0639346700587906,-0.0666447907284241,0.0634246792780216,0.079482008354722,0.7380178005524471,725.0,37.755032607906216,-0.0267568425793927,-0.0322682694000943,0.0819005330758184,0.13244636770094,1690.0,-0.2145149741513996,0.1255531298291211,0.6671933156953622,1699.0,0.6951176184861151,0.7321517815537186,78.84181659678553,-0.0483165128463989,-0.0666447907284241,,,,,,,,,,,,,,,,,,,,,,,,,,,,,,,,,,,,,,,
2e77ea95c5e7046f,multi_horizon_refined,"{""blend"": ""equal"", ""daily_exit"": 5, ""family"": ""multi_horizon_refined"", ""market_window"": 250, ""min_turnover_thb"": 10000000, ""rank_buffer"": 0, ""rebalance"": 21, ""reserve"": 0.01, ""skip"": 21, ""top_n"": 25, ""trend"": 200, ""weighting"": ""equal""}",Rank-buffered or blended multi-horizon momentum,rejected_screen,0.2116415702884184,0.0493373210422141,-0.2027810453457952,,0.4924145913571229,1033.0,0.1878973705783206,0.0595070750174739,-0.1586977232162684,,0.5567471706967656,1001.0,,,,,,,,,,,,,,,,,,,,,,,,,discovery: CAGR trails incumbent by >2 percentage points; validation: CAGR trails incumbent by >2 percentage points; development: CAGR not higher; development: drawdown not smaller,1.0,reports/momentum_refinement_20260929,False,False,-0.1252085800195107,0.0439528285820155,0.1026140754761008,0.6001578678489197,974.0,26.16395534377969,-0.0783303511916733,-0.0549108619228196,0.0539249360680057,0.0656965246378185,0.7378665123609905,725.0,32.100086950417115,-0.0559983572024263,-0.0423638383982539,0.0599193278255263,0.1112358508892091,2038.0,-0.2027810453457952,0.1026140754761008,0.6594067992069538,1699.0,0.5700403558898236,0.500974916031236,66.2157574196138,-0.070297718096691,-0.0549108619228196,,,,,,,,,,,,,,,,,,,,,,,,,,,,,,,,,,,,,,,
6819e1f3b35c3998,multi_horizon_refined,"{""blend"": ""equal"", ""daily_exit"": 0, ""family"": ""multi_horizon_refined"", ""market_window"": 200, ""min_turnover_thb"": 10000000, ""rank_buffer"": 0, ""rebalance"": 21, ""reserve"": 0.01, ""skip"": 5, ""top_n"": 15, ""trend"": 200, ""weighting"": ""equal""}",Rank-buffered or blended multi-horizon momentum,rejected_screen,0.7604497301611424,0.1524359007806521,-0.1604786523997222,,1.011702533254598,609.0,0.00654606700295,0.0021928044505592,-0.2275765027064603,,0.087302837975874,606.0,,,,,,,,,,,,,,,,,,,,,,,,,validation: CAGR trails incumbent by >2 percentage points; development: CAGR not higher; development: drawdown not smaller,1.0,reports/momentum_refinement_20260929,False,False,-0.1160415115128442,0.0451231564079911,0.1611617838683409,0.6387983662243747,974.0,26.860620517882676,0.0247682285467647,-0.0126084689767467,0.0458449276189872,0.1039540926956212,0.8027744828205235,725.0,27.2902718131956,-0.113312627769341,-0.1112426178884459,0.093881853692858,0.1302374815895309,1222.0,-0.2275765027064604,0.1611617838683409,0.7093529060985262,1699.0,0.6861316139388113,0.8705358568244099,77.52692516788552,-0.0363351922293593,-0.0797063192834849,,,,,,,,,,,,,,,,,,,,,,,,,,,,,,,,,,,,,,,
3a7c567cbbb39536,multi_horizon_refined,"{""blend"": ""slow"", ""daily_exit"": 0, ""family"": ""multi_horizon_refined"", ""market_window"": 200, ""min_turnover_thb"": 10000000, ""rank_buffer"": 0, ""rebalance"": 21, ""reserve"": 0.01, ""skip"": 5, ""top_n"": 15, ""trend"": 200, ""weighting"": ""equal""}",Rank-buffered or blended multi-horizon momentum,rejected_screen,0.8812041266054944,0.1717759724491341,-0.1860539240724892,,1.120778579123563,595.0,0.0844111768318829,0.0275782245140052,-0.215395507219784,,0.2642987839577422,593.0,,,,,,,,,,,,,,,,,,,,,,,,,validation: CAGR trails incumbent by >2 percentage points; development: CAGR not higher; development: drawdown not smaller,1.0,reports/momentum_refinement_20260929,False,False,-0.0818481388660637,0.0438164461505755,0.1610272482506805,0.6387090531307446,974.0,26.082770492633813,0.0441083002152467,-0.0381837406495136,0.0455605234950971,0.1035925406988437,0.8026466241609903,725.0,27.1209735669368,-0.087927207705895,-0.0990616224017696,0.1158942308529622,0.1336257072773393,1194.0,-0.2153955072197841,0.1610272482506805,0.7092430707704267,1699.0,0.8134562665385183,1.1495658021385644,79.54384622735842,-0.0143228150692551,-0.0675253237968086,,,,,,,,,,,,,,,,,,,,,,,,,,,,,,,,,,,,,,,
1ef5e75b0ffe28ce,multi_horizon_refined,"{""blend"": ""equal"", ""daily_exit"": 0, ""family"": ""multi_horizon_refined"", ""market_window"": 200, ""min_turnover_thb"": 10000000, ""rank_buffer"": 0, ""rebalance"": 21, ""reserve"": 0.01, ""skip"": 5, ""top_n"": 20, ""trend"": 200, ""weighting"": ""equal""}",Rank-buffered or blended multi-horizon momentum,rejected_screen,0.7243371633351545,0.1464594306897302,-0.1356432394059358,,1.1093255520975058,772.0,0.1243187578563254,0.0401212839310518,-0.1617991900873807,,0.3715657844333285,784.0,,,,,,,,,,,,,,,,,,,,,,,,,validation: CAGR trails incumbent by >2 percentage points; development: CAGR not higher; development: drawdown not smaller,1.0,reports/momentum_refinement_20260929,False,False,-0.0374339744938283,0.0413616457801512,0.124216369604079,0.6239694484127039,974.0,24.621492815138552,0.0187917584558428,0.0122269440170397,0.0451493272828847,0.0798695507592949,0.8026285169923315,725.0,26.87619934691634,-0.0753841482888484,-0.0454653052693663,0.1067120780927941,0.1221449420946292,1563.0,-0.1617991900873806,0.124216369604079,0.7007827197380415,1699.0,0.8417077691493078,1.029122213030726,72.70965063076927,-0.0235049678294232,-0.0139290066644051,,,,,,,,,,,,,,,,,,,,,,,,,,,,,,,,,,,,,,,
512e4bf41c875867,multi_horizon_refined,"{""blend"": ""slow"", ""daily_exit"": 0, ""family"": ""multi_horizon_refined"", ""market_window"": 200, ""min_turnover_thb"": 10000000, ""rank_buffer"": 0, ""rebalance"": 21, ""reserve"": 0.01, ""skip"": 5, ""top_n"": 20, ""trend"": 200, ""weighting"": ""equal""}",Rank-buffered or blended multi-horizon momentum,rejected_screen,0.6923212063762663,0.1410820019763206,-0.1525578067419499,,1.073862969860635,767.0,0.1657432316536526,0.0528320778386941,-0.1957985350143035,,0.4618793932321124,771.0,,,,,,,,,,,,,,,,,,,,,,,,,validation: CAGR trails incumbent by >2 percentage points; development: CAGR not higher; development: drawdown not smaller,1.0,reports/momentum_refinement_20260929,False,False,-0.068627953420479,0.0396835686595134,0.1234996081588317,0.6239430930242073,974.0,23.62257792696797,0.0134143297424331,-0.0046876233189744,0.0440443692477498,0.0823031514208262,0.8025447359931573,725.0,26.218447078843884,-0.0626733543812061,-0.0794646501962891,0.1095174440930664,0.1168413761200737,1544.0,-0.1957985350143035,0.1234996081588317,0.7007298819049517,1699.0,0.8583588431076624,1.0652910895436531,69.55257820112728,-0.0206996018291509,-0.047928351591328,,,,,,,,,,,,,,,,,,,,,,,,,,,,,,,,,,,,,,,
b9b73cd88c8f3e18,multi_horizon_refined,"{""blend"": ""equal"", ""daily_exit"": 0, ""family"": ""multi_horizon_refined"", ""market_window"": 200, ""min_turnover_thb"": 10000000, ""rank_buffer"": 0, ""rebalance"": 21, ""reserve"": 0.01, ""skip"": 5, ""top_n"": 25, ""trend"": 200, ""weighting"": ""equal""}",Rank-buffered or blended multi-horizon momentum,rejected_screen,0.6806064488326453,0.1390953335535045,-0.1334657387591313,,1.1589303449150783,932.0,0.1146096648241223,0.0370972658059904,-0.1519395756566025,,0.3626491029088646,969.0,,,,,,,,,,,,,,,,,,,,,,,,,validation: CAGR trails incumbent by >2 percentage points; development: CAGR not higher; development: drawdown not smaller,1.0,reports/momentum_refinement_20260929,False,False,-0.0329370801171008,0.0391750945921936,0.1004888911688991,0.6057478300145287,974.0,23.3198967749233,0.0114276613196171,0.0144044446638441,0.0433135362675026,0.0664759011883772,0.8025560167633524,725.0,25.783401552177295,-0.0784081664139098,-0.0356056908385881,0.1013493580387434,0.1145728039569659,1909.0,-0.1519395756566024,0.1004888911688991,0.6903041476766448,1699.0,0.8621834603313473,0.9614901865680392,68.20215724564915,-0.0288676878834739,-0.0040693922336269,,,,,,,,,,,,,,,,,,,,,,,,,,,,,,,,,,,,,,,
916f070afb40a8f6,multi_horizon_refined,"{""blend"": ""slow"", ""daily_exit"": 0, ""family"": ""multi_horizon_refined"", ""market_window"": 200, ""min_turnover_thb"": 10000000, ""rank_buffer"": 0, ""rebalance"": 21, ""reserve"": 0.01, ""skip"": 5, ""top_n"": 25, ""trend"": 200, ""weighting"": ""equal""}",Rank-buffered or blended multi-horizon momentum,rejected_screen,0.6881285264201134,0.1403721659507775,-0.1339336319278919,,1.170243208164372,915.0,0.1539042360896985,0.0492304140560866,-0.1550152929362025,,0.4528508624770434,943.0,,,,,,,,,,,,,,,,,,,,,,,,,validation: CAGR trails incumbent by >2 percentage points; development: CAGR not higher; development: drawdown not smaller,1.0,reports/momentum_refinement_20260929,False,False,-0.0297752957239587,0.0369995784451788,0.1004888911688991,0.60567543920751,974.0,22.02486960246372,0.01270449371689,0.0139365514950835,0.0404006406362551,0.0663779248129552,0.8024281911367496,725.0,24.04943189252644,-0.0662750181638136,-0.0386814081181881,0.1075868597114857,0.107231167571856,1864.0,-0.1550152929362026,0.1004888911688991,0.6902042958171011,1699.0,0.9040730264417804,1.0403418588867763,63.83187545202456,-0.0226301862107316,-0.0071451095132271,,,,,,,,,,,,,,,,,,,,,,,,,,,,,,,,,,,,,,,
385b6afb717bc374,multi_horizon_refined,"{""blend"": ""equal"", ""daily_exit"": 0, ""family"": ""multi_horizon_refined"", ""market_window"": 200, ""min_turnover_thb"": 10000000, ""rank_buffer"": 0, ""rebalance"": 21, ""reserve"": 0.01, ""skip"": 10, ""top_n"": 15, ""trend"": 200, ""weighting"": ""equal""}",Rank-buffered or blended multi-horizon momentum,rejected_screen,0.8035920612787124,0.159456548384627,-0.1520386064372428,,1.0747628275966663,609.0,0.1355706577904316,0.0436042054694243,-0.1776878549388186,,0.3830431896188406,603.0,,,,,,,,,,,,,,,,,,,,,,,,,validation: CAGR trails incumbent by >2 percentage points; development: CAGR not higher; development: drawdown not smaller,1.0,reports/momentum_refinement_20260929,False,False,-0.0437135236202198,0.0472433304497494,0.1615126038384384,0.6360750793867488,974.0,28.12270400008899,0.0317888761507396,-0.0041684230142673,0.0488459239212656,0.1053027771388487,0.8026347779838777,725.0,29.07668547012659,-0.0719012267504759,-0.0613539701208042,0.116321193817841,0.1402418392428385,1220.0,-0.177687854938819,0.1615126038384384,0.7077353151492969,1699.0,0.8381602658157763,1.155312181656591,83.48225444540661,-0.0138958521043763,-0.0298176715158434,,,,,,,,,,,,,,,,,,,,,,,,,,,,,,,,,,,,,,,
adc5d03a3bd6bc12,multi_horizon_refined,"{""blend"": ""slow"", ""daily_exit"": 0, ""family"": ""multi_horizon_refined"", ""market_window"": 200, ""min_turnover_thb"": 10000000, ""rank_buffer"": 0, ""rebalance"": 21, ""reserve"": 0.01, ""skip"": 10, ""top_n"": 15, ""trend"": 200, ""weighting"": ""equal""}",Rank-buffered or blended multi-horizon momentum,rejected_screen,0.8258455516457235,0.1630288304266689,-0.1876665138938569,,1.1042437776724778,598.0,0.287680746000392,0.0885877959737893,-0.154788727805421,,0.676393220145578,588.0,,,,,,,,,,,,,,,,,,,,,,,,,validation: CAGR trails incumbent by >2 percentage points; development: drawdown not smaller,1.0,reports/momentum_refinement_20260929,False,False,-0.0313025528640124,0.0440332007066275,0.1615126218749679,0.6359969603705807,974.0,26.211798741965335,0.0353611581927815,-0.0397963304708813,0.0500933944416147,0.1028036524791773,0.8025157340974495,725.0,29.81927164808308,-0.0269176362461109,-0.0384548429874066,0.1387108235290863,0.1398555466837479,1192.0,-0.1876665138938569,0.1615126218749679,0.7076321492500691,1699.0,0.9713427865981294,1.4756950068596937,83.2523047108447,0.0084937776068689,-0.0397963304708813,,,,,,,,,,,,,,,,,,,,,,,,,,,,,,,,,,,,,,,
bd3a59fc5253fbc0,multi_horizon_refined,"{""blend"": ""equal"", ""daily_exit"": 0, ""family"": ""multi_horizon_refined"", ""market_window"": 200, ""min_turnover_thb"": 10000000, ""rank_buffer"": 0, ""rebalance"": 21, ""reserve"": 0.01, ""skip"": 10, ""top_n"": 20, ""trend"": 200, ""weighting"": ""equal""}",Rank-buffered or blended multi-horizon momentum,rejected_screen,0.7635469166029754,0.1529441811700662,-0.146119142288967,,1.1586173698913993,774.0,0.1843129745703597,0.0584327442154426,-0.1423815916361754,,0.514285697445555,783.0,,,,,,,,,,,,,,,,,,,,,,,,,validation: CAGR trails incumbent by >2 percentage points; development: CAGR not higher,1.0,reports/momentum_refinement_20260929,False,False,-0.0092953681067624,0.0418388141382307,0.1239364012048418,0.6251285110099037,974.0,24.90553850719137,0.0252765089361788,0.0017510411340084,0.0466440259071795,0.0801914906042514,0.8024325133074957,725.0,27.76595387057535,-0.0570726880044576,-0.026047706818161,0.1191706366814464,0.1278349553920572,1565.0,-0.146119142288967,0.1239364012048418,0.7013665017170679,1699.0,0.9360758336928224,1.194000143669404,76.0967649217556,-0.0110464092407709,0.0017510411340084,,,,,,,,,,,,,,,,,,,,,,,,,,,,,,,,,,,,,,,
9cb4e2167246f020,multi_horizon_refined,"{""blend"": ""slow"", ""daily_exit"": 0, ""family"": ""multi_horizon_refined"", ""market_window"": 200, ""min_turnover_thb"": 10000000, ""rank_buffer"": 0, ""rebalance"": 21, ""reserve"": 0.01, ""skip"": 10, ""top_n"": 20, ""trend"": 200, ""weighting"": ""equal""}",Rank-buffered or blended multi-horizon momentum,rejected_screen,0.733497750217116,0.1479842776275848,-0.1584055755694609,,1.1189297424270812,761.0,0.2270337236932014,0.0710994905358308,-0.1728343922124232,,0.5988247014877646,767.0,,,,,,,,,,,,,,,,,,,,,,,,,validation: CAGR trails incumbent by >2 percentage points; development: CAGR not higher; development: drawdown not smaller,1.0,reports/momentum_refinement_20260929,False,False,-0.0330201315092385,0.0390846012667955,0.1239364012048418,0.6250530310725597,974.0,23.266028493836277,0.0203166053936973,-0.0105353921464853,0.0452254933266103,0.0820066862568139,0.8023161749927986,725.0,26.921538976492833,-0.0444059416840694,-0.0565005073944088,0.1221611232024262,0.1205920722465607,1534.0,-0.1728343922124229,0.1239364012048418,0.7012688952089955,1699.0,0.9467548193813344,1.2352414478735445,71.78526831749554,-0.0080559227197911,-0.0249642087894473,,,,,,,,,,,,,,,,,,,,,,,,,,,,,,,,,,,,,,,
64913621d62ddd57,multi_horizon_refined,"{""blend"": ""equal"", ""daily_exit"": 0, ""family"": ""multi_horizon_refined"", ""market_window"": 200, ""min_turnover_thb"": 10000000, ""rank_buffer"": 0, ""rebalance"": 21, ""reserve"": 0.01, ""skip"": 10, ""top_n"": 25, ""trend"": 200, ""weighting"": ""equal""}",Rank-buffered or blended multi-horizon momentum,rejected_screen,0.6850377429699677,0.1398480388907441,-0.1392928650228132,,1.1781317730173833,930.0,0.1972997217878505,0.0623149934357516,-0.112633928181369,,0.5625728063315818,955.0,,,,,,,,,,,,,,,,,,,,,,,,,validation: CAGR trails incumbent by >2 percentage points; development: CAGR not higher,1.0,reports/momentum_refinement_20260929,False,False,-0.0084777491122767,0.0388231324797678,0.101585157493464,0.6066380968160812,974.0,23.110383046471703,0.0121803666568567,0.0085773184001622,0.0434585965435169,0.0640145840667748,0.8022559596796367,725.0,25.86975209448,-0.0531904387841486,0.0036999566366453,0.1131619784097783,0.1149541581383369,1894.0,-0.1392928650228132,0.101585157493464,0.6906890566856012,1699.0,0.958398531859109,1.1131029510480683,68.42916729468236,-0.017055067512439,0.0085773184001622,,,,,,,,,,,,,,,,,,,,,,,,,,,,,,,,,,,,,,,
8788f68c39b766bb,multi_horizon_refined,"{""blend"": ""slow"", ""daily_exit"": 0, ""family"": ""multi_horizon_refined"", ""market_window"": 200, ""min_turnover_thb"": 10000000, ""rank_buffer"": 0, ""rebalance"": 21, ""reserve"": 0.01, ""skip"": 10, ""top_n"": 25, ""trend"": 200, ""weighting"": ""equal""}",Rank-buffered or blended multi-horizon momentum,rejected_screen,0.6631651918793295,0.1361182167343899,-0.1286908234263569,,1.1430943049189866,916.0,0.290987859149467,0.0895255642581542,-0.1093070514203785,,0.7637741245971943,933.0,,,,,,,,,,,,,,,,,,,,,,,,,validation: CAGR trails incumbent by >2 percentage points; development: CAGR not higher,1.0,reports/momentum_refinement_20260929,False,False,0.0121277614218764,0.0364440201545085,0.101585157493464,0.6065761007599844,974.0,21.69416045866335,0.0084505445005025,0.0191793599966185,0.0422626911262782,0.066343612604487,0.8021336551298855,725.0,25.15786125738332,-0.025979867961746,0.0070268333976358,0.1231654473474752,0.1093186830578183,1857.0,-0.1286908234263569,0.101585157493464,0.6905992961725566,1699.0,1.02502038200719,1.2492400559410064,65.07451816049668,-0.0070515985747421,0.0191793599966185,,,,,,,,,,,,,,,,,,,,,,,,,,,,,,,,,,,,,,,
4c6263e6a350965a,multi_horizon_refined,"{""blend"": ""equal"", ""daily_exit"": 0, ""family"": ""multi_horizon_refined"", ""market_window"": 200, ""min_turnover_thb"": 10000000, ""rank_buffer"": 0, ""rebalance"": 21, ""reserve"": 0.01, ""skip"": 42, ""top_n"": 15, ""trend"": 200, ""weighting"": ""equal""}",Rank-buffered or blended multi-horizon momentum,rejected_screen,0.4621783521081806,0.0999976135777283,-0.181768511751896,,0.7672422875319609,647.0,0.2738336802983538,0.0846438400917946,-0.1664679478793478,,0.6570292472031389,664.0,,,,,,,,,,,,,,,,,,,,,,,,,discovery: CAGR trails incumbent by >2 percentage points; validation: CAGR trails incumbent by >2 percentage points; development: CAGR not higher; development: drawdown not smaller,1.0,reports/momentum_refinement_20260929,False,False,-0.0625442104618223,0.0560248970723844,0.1612561878511794,0.6210885869474124,974.0,33.350138146547096,-0.0276700586561591,-0.0338983283289204,0.074356962025213,0.1053909597377952,0.8033057184843335,725.0,44.26273112995596,-0.0308615921281056,-0.0501340630613333,0.1015711637893155,0.1699399102622059,1315.0,-0.181768511751896,0.1612561878511794,0.6994189571846471,1699.0,0.7700406030028379,0.9642486988596732,101.16072996142992,-0.0286458821329018,-0.0338983283289204,,,,,,,,,,,,,,,,,,,,,,,,,,,,,,,,,,,,,,,
f1b8e40ab89ac5d8,multi_horizon_refined,"{""blend"": ""slow"", ""daily_exit"": 0, ""family"": ""multi_horizon_refined"", ""market_window"": 200, ""min_turnover_thb"": 10000000, ""rank_buffer"": 0, ""rebalance"": 21, ""reserve"": 0.01, ""skip"": 42, ""top_n"": 15, ""trend"": 200, ""weighting"": ""equal""}",Rank-buffered or blended multi-horizon momentum,rejected_screen,0.4398571675773719,0.0957608332062545,-0.1840454662950114,,0.7430233932332989,618.0,0.4468600601352941,0.1320260585046593,-0.1349993082433228,,0.9560504316306212,625.0,,,,,,,,,,,,,,,,,,,,,,,,,discovery: CAGR trails incumbent by >2 percentage points; development: CAGR not higher; development: drawdown not smaller,1.0,reports/momentum_refinement_20260929,False,False,-0.0464800412019703,0.0471862281095926,0.1597241552961213,0.6208767323672517,974.0,28.088712488596126,-0.0319068390276329,-0.0361752828720358,0.0690862939136169,0.1078497165618175,0.8029596918821517,725.0,41.125241927267645,0.016520626284759,-0.0186654234253084,0.1199122875922829,0.1513821673135494,1246.0,-0.1840454662950114,0.1597241552961213,0.69914602183265,1699.0,0.8876684611196901,1.204166841688138,90.1137968412105,-0.0103047583299344,-0.0361752828720358,,,,,,,,,,,,,,,,,,,,,,,,,,,,,,,,,,,,,,,
34314c76784e8512,multi_horizon_refined,"{""blend"": ""equal"", ""daily_exit"": 0, ""family"": ""multi_horizon_refined"", ""market_window"": 200, ""min_turnover_thb"": 10000000, ""rank_buffer"": 0, ""rebalance"": 21, ""reserve"": 0.01, ""skip"": 42, ""top_n"": 20, ""trend"": 200, ""weighting"": ""equal""}",Rank-buffered or blended multi-horizon momentum,rejected_screen,0.4545509126559879,0.0985553343248457,-0.1621164607269126,,0.8382560223690065,805.0,0.3378038424684224,0.1026328261830189,-0.1245108892128162,,0.8365298249960338,842.0,,,,,,,,,,,,,,,,,,,,,,,,,discovery: CAGR trails incumbent by >2 percentage points; development: CAGR not higher; development: drawdown not smaller,1.0,reports/momentum_refinement_20260929,False,False,-0.0361636314070008,0.0476613128936505,0.1253291273329252,0.607369115725172,974.0,28.371517884189853,-0.0291123379090416,-0.0142462773039371,0.0652349231983302,0.081140804262454,0.8002655896336788,725.0,38.832622893225945,-0.0128726060368813,-0.0081770043948018,0.1082996918191536,0.1464534603613368,1651.0,-0.1621164607269126,0.1253291273329252,0.6902525035557994,1699.0,0.8903810588031746,1.0495236552178715,87.17986806437095,-0.0219173541030637,-0.0142462773039371,,,,,,,,,,,,,,,,,,,,,,,,,,,,,,,,,,,,,,,
7d80f407a975f071,multi_horizon_refined,"{""blend"": ""slow"", ""daily_exit"": 0, ""family"": ""multi_horizon_refined"", ""market_window"": 200, ""min_turnover_thb"": 10000000, ""rank_buffer"": 0, ""rebalance"": 21, ""reserve"": 0.01, ""skip"": 42, ""top_n"": 20, ""trend"": 200, ""weighting"": ""equal""}",Rank-buffered or blended multi-horizon momentum,rejected_screen,0.4742523907555729,0.1022692241521328,-0.1556095550319893,,0.8623416656167067,769.0,0.4200455012414801,0.1249391845651886,-0.1083199464558671,,0.9707667918193822,792.0,,,,,,,,,,,,,,,,,,,,,,,,,discovery: CAGR trails incumbent by >2 percentage points; development: CAGR not higher; development: drawdown not smaller,1.0,reports/momentum_refinement_20260929,False,False,-0.0179845238231733,0.0414612206488014,0.1253291273329252,0.607171223217319,974.0,24.68076709851865,-0.0253984480817546,-0.0077393716090138,0.0569837891958472,0.0804034470688985,0.799910510611828,725.0,33.92094124403073,0.0094337523452883,0.0080139383621472,0.1199718937080578,0.1287791932965905,1565.0,-0.1556095550319893,0.1253291273329252,0.6899875329099675,1699.0,0.96173992227884,1.2049856834572146,76.65884475063424,-0.0102451522141595,-0.0077393716090138,,,,,,,,,,,,,,,,,,,,,,,,,,,,,,,,,,,,,,,
36ad5c41d7caf874,multi_horizon_refined,"{""blend"": ""equal"", ""daily_exit"": 0, ""family"": ""multi_horizon_refined"", ""market_window"": 200, ""min_turnover_thb"": 10000000, ""rank_buffer"": 0, ""rebalance"": 21, ""reserve"": 0.01, ""skip"": 42, ""top_n"": 25, ""trend"": 200, ""weighting"": ""equal""}",Rank-buffered or blended multi-horizon momentum,rejected_screen,0.4265884458538391,0.0932189307367761,-0.1369667464467653,,0.8877906098407716,949.0,0.3261817799739728,0.0994077467145015,-0.1110948283048215,,0.851324175486317,987.0,,,,,,,,,,,,,,,,,,,,,,,,,discovery: CAGR trails incumbent by >2 percentage points; development: CAGR not higher,1.0,reports/momentum_refinement_20260929,False,False,-0.0169853396512749,0.0424855408097387,0.1024251017067559,0.5857660497086962,974.0,25.29051777471205,-0.0344487414971113,0.0109034369762102,0.0543852940373625,0.0654869164226468,0.7914868410061207,725.0,32.37412586306481,-0.0160976855053986,0.0052390565131928,0.1023282692947322,0.1225300071562856,1940.0,-0.1369667464467653,0.1024251017067559,0.6740199344500833,1699.0,0.9176372270391366,0.9736895756844834,72.93886966860269,-0.0278887766274851,0.0109034369762102,,,,,,,,,,,,,,,,,,,,,,,,,,,,,,,,,,,,,,,
223538f6f5a04d5f,multi_horizon_refined,"{""blend"": ""slow"", ""daily_exit"": 0, ""family"": ""multi_horizon_refined"", ""market_window"": 200, ""min_turnover_thb"": 10000000, ""rank_buffer"": 0, ""rebalance"": 21, ""reserve"": 0.01, ""skip"": 42, ""top_n"": 25, ""trend"": 200, ""weighting"": ""equal""}",Rank-buffered or blended multi-horizon momentum,rejected_screen,0.4257784983537698,0.0930631956248508,-0.1449021040869423,,0.878347625373578,917.0,0.3136141006657333,0.0958990631006271,-0.1024590487336909,,0.8200660926978943,947.0,,,,,,,,,,,,,,,,,,,,,,,,,discovery: CAGR trails incumbent by >2 percentage points; development: CAGR not higher,1.0,reports/momentum_refinement_20260929,False,False,-0.0265132552459244,0.0379594677767661,0.1024251017067559,0.585624907071113,974.0,22.59626631154601,-0.0346044766090365,0.0029680793360331,0.0470895923158491,0.0654869164226468,0.7912383991562368,725.0,28.031187758705386,-0.0196063691192731,0.0138748360843234,0.1007357113402598,0.107106827750035,1868.0,-0.1449021040869423,0.1024251017067559,0.6738330049208382,1699.0,0.8982217679069298,0.9538757855348852,63.75785924759515,-0.0294813345819575,0.0029680793360331,,,,,,,,,,,,,,,,,,,,,,,,,,,,,,,,,,,,,,,
c01538238e2896f1,multi_horizon_refined,"{""blend"": ""equal"", ""daily_exit"": 0, ""family"": ""multi_horizon_refined"", ""market_window"": 200, ""min_turnover_thb"": 10000000, ""rank_buffer"": 5, ""rebalance"": 21, ""reserve"": 0.01, ""skip"": 21, ""top_n"": 15, ""trend"": 200, ""weighting"": ""equal""}",Rank-buffered or blended multi-horizon momentum,rejected_screen,0.7339528704949358,0.1480598781834237,-0.1508066291258628,,1.023710836766604,576.0,0.4208619753392926,0.1251562784576905,-0.141525718752244,,0.931063621697212,587.0,,,,,,,,,,,,,,,,,,,,,,,,,development: drawdown not smaller,1.0,reports/momentum_refinement_20260929,False,False,0.0141341581819243,0.0383519841986103,0.1595260968259751,0.6330455740209554,974.0,22.829920946848247,0.0203922059495362,-0.0029364457028873,0.05472498227908,0.103752016258839,0.8025691322772307,725.0,32.57633328119535,0.0096508462377902,-0.0251918339342296,0.147287649807029,0.1375648930344818,1166.0,-0.1508066291258628,0.1595260968259751,0.705955043955256,1699.0,1.0352433141935689,1.608795773503017,81.88873923119344,0.0170706038848116,-0.0029364457028873,,,,,,,,,,,,,,,,,,,,,,,,,,,,,,,,,,,,,,,
67e11f44285b82fa,multi_horizon_refined,"{""blend"": ""equal"", ""daily_exit"": 0, ""family"": ""multi_horizon_refined"", ""market_window"": 200, ""min_turnover_thb"": 10000000, ""rank_buffer"": 5, ""rebalance"": 21, ""reserve"": 0.01, ""skip"": 21, ""top_n"": 20, ""trend"": 200, ""weighting"": ""equal""}",Rank-buffered or blended multi-horizon momentum,rejected_screen,0.6578133251763103,0.1351999974545272,-0.1507259380019409,,1.0497790934740252,743.0,0.4163537416530096,0.1239565389598722,-0.1309311447372184,,0.990824773481848,761.0,,,,,,,,,,,,,,,,,,,,,,,,,development: drawdown not smaller,1.0,reports/momentum_refinement_20260929,False,False,0.0052193480847646,0.0364773270842724,0.1253403862383401,0.6196633205310258,974.0,21.71398719225693,0.0075323252206398,-0.0028557545789653,0.0501326246598339,0.0815418453480166,0.8023335921187977,725.0,29.842624358493943,0.0084511067399719,-0.014597259919204,0.1382921485859474,0.1225434877908779,1508.0,-0.1507259380019409,0.1253403862383401,0.6981811390365329,1699.0,1.073663744304484,1.4693495490781494,72.94689433351863,0.00807510266373,-0.0028557545789653,,,,,,,,,,,,,,,,,,,,,,,,,,,,,,,,,,,,,,,
5dc6d10c32b8b121,multi_horizon_refined,"{""blend"": ""equal"", ""daily_exit"": 0, ""family"": ""multi_horizon_refined"", ""market_window"": 200, ""min_turnover_thb"": 10000000, ""rank_buffer"": 5, ""rebalance"": 21, ""reserve"": 0.01, ""skip"": 21, ""top_n"": 25, ""trend"": 200, ""weighting"": ""equal""}",Rank-buffered or blended multi-horizon momentum,rejected_screen,0.50308104625914,0.107637222467676,-0.146649206221199,,0.9613021596239576,898.0,0.3156265287500386,0.0964623940312185,-0.1077521163620557,,0.8307684110726883,913.0,,,,,,,,,,,,,,,,,,,,,,,,,discovery: CAGR trails incumbent by >2 percentage points; development: CAGR not higher,1.0,reports/momentum_refinement_20260929,False,False,-0.0197242579314927,0.0332871339091665,0.1024718968032422,0.599861330598513,974.0,19.8149496453161,-0.0200304497662113,0.0012209772017764,0.0399031588118857,0.0664626551384306,0.8020459941897333,725.0,23.753294131725543,-0.0190430381886816,0.0085817684559587,0.1092718107889481,0.094771990723295,1815.0,-0.146649206221199,0.1024718968032422,0.6866228885993818,1699.0,0.9486718079125586,1.0621022946488434,56.41525729108583,-0.0209452351332692,0.0012209772017764,,,,,,,,,,,,,,,,,,,,,,,,,,,,,,,,,,,,,,,
b25269b9d3c26388,multi_horizon_refined,"{""blend"": ""equal"", ""daily_exit"": 0, ""family"": ""multi_horizon_refined"", ""market_window"": 200, ""min_turnover_thb"": 10000000, ""rank_buffer"": 10, ""rebalance"": 21, ""reserve"": 0.01, ""skip"": 21, ""top_n"": 15, ""trend"": 200, ""weighting"": ""equal""}",Rank-buffered or blended multi-horizon momentum,rejected_screen,0.7778115456397396,0.1552765594189689,-0.163698111076487,,1.0795334069373403,558.0,0.4873605676595656,0.1425664589067781,-0.1433664157985389,,1.025377301179858,558.0,,,,,,,,,,,,,,,,,,,,,,,,,development: drawdown not smaller,1.0,reports/momentum_refinement_20260929,False,False,0.0130143576374507,0.0336905510941534,0.1595260968259751,0.6329182395809088,974.0,20.055093216354248,0.0276088871850814,-0.0158279276535114,0.0486559102212525,0.1070572415780797,0.8022920171659,725.0,28.96357534451609,0.0270610266868778,-0.0270325309805244,0.1590593312131796,0.1233152078265536,1117.0,-0.163698111076487,0.1595260968259751,0.7057571083525407,1699.0,1.10657419969068,1.8014279523127597,73.40627884192727,0.0288422852909622,-0.0158279276535114,,,,,,,,,,,,,,,,,,,,,,,,,,,,,,,,,,,,,,,
fb8b3b703cee882c,multi_horizon_refined,"{""blend"": ""equal"", ""daily_exit"": 0, ""family"": ""multi_horizon_refined"", ""market_window"": 200, ""min_turnover_thb"": 10000000, ""rank_buffer"": 10, ""rebalance"": 21, ""reserve"": 0.01, ""skip"": 21, ""top_n"": 20, ""trend"": 200, ""weighting"": ""equal""}",Rank-buffered or blended multi-horizon momentum,rejected_screen,0.6237584570413564,0.1293045882054901,-0.1604460915329026,,1.0240368534398752,729.0,0.4002051909598778,0.1196381211539303,-0.1164626248207776,,0.9551823725989724,717.0,,,,,,,,,,,,,,,,,,,,,,,,,development: drawdown not smaller,1.0,reports/momentum_refinement_20260929,False,False,-0.0097444979503532,0.0331424922755907,0.1253403862383401,0.6195811635961113,974.0,19.728848309774865,0.0016369159716027,-0.0125759081099271,0.0390466644727556,0.0815892077183855,0.8019934254192005,725.0,23.243445724600058,0.00413268893403,-0.0001287400027631,0.1330484560817912,0.098509836217905,1450.0,-0.1604460915329026,0.1253403862383401,0.6979888837535841,1699.0,1.0439060010434396,1.3910481424263126,58.640297766477175,0.0028314101595738,-0.0125759081099271,,,,,,,,,,,,,,,,,,,,,,,,,,,,,,,,,,,,,,,
f8bfda47703cedf4,multi_horizon_refined,"{""blend"": ""equal"", ""daily_exit"": 0, ""family"": ""multi_horizon_refined"", ""market_window"": 200, ""min_turnover_thb"": 10000000, ""rank_buffer"": 10, ""rebalance"": 21, ""reserve"": 0.01, ""skip"": 21, ""top_n"": 25, ""trend"": 200, ""weighting"": ""equal""}",Rank-buffered or blended multi-horizon momentum,rejected_screen,0.5097490686624415,0.1088678330543304,-0.1384663803905855,,0.968825747739973,871.0,0.3451453494197842,0.1046604860459317,-0.1137940702951233,,0.8753797966468239,890.0,,,,,,,,,,,,,,,,,,,,,,,,,development: CAGR not higher,1.0,reports/momentum_refinement_20260929,False,False,-0.0073028422989462,0.0295607579027135,0.1024718968032421,0.5997427112566297,974.0,17.596736652606424,-0.0187998391795569,0.0094038030323899,0.0369002264240034,0.0664626551384306,0.8019136976709933,725.0,21.965727974286217,-0.0108449461739685,0.002539814522891,0.1135104005908811,0.0865907240260922,1765.0,-0.1384663803905855,0.1024718968032421,0.6864984329113416,1699.0,0.9711433465276016,1.117723079845177,51.54516579920965,-0.0167066453313362,0.0094038030323899,,,,,,,,,,,,,,,,,,,,,,,,,,,,,,,,,,,,,,,
d7efca813ffc6bbc,multi_horizon_refined,"{""blend"": ""slow"", ""daily_exit"": 0, ""family"": ""multi_horizon_refined"", ""market_window"": 200, ""min_turnover_thb"": 10000000, ""rank_buffer"": 0, ""rebalance"": 21, ""reserve"": 0.05, ""skip"": 21, ""top_n"": 15, ""trend"": 200, ""weighting"": ""equal""}",Rank-buffered or blended multi-horizon momentum,rejected_sensitivity,0.731322960894266,0.1476228154284844,-0.140917442376268,,1.0573828795202236,597.0,0.3780311089959045,0.1136541218199422,-0.1390772971421011,,0.8773789696987349,606.0,,,,,,,,,,,,,2.9701648182331803,0.152233417141135,-0.140917442376268,,1.125043637457571,1566.0,2.5080143004764293,0.137671259174356,-0.1514522518720387,,1.0287401054229623,1566.0,delay: drawdown not smaller; exclude_DELTA: drawdown not smaller; exclude_THAI: drawdown not smaller; phase10: CAGR not higher; phase10: drawdown not smaller,2.0,reports/momentum_reserve_20260929,True,True,0.0178557792118195,0.0425216981845691,0.1550075714835392,0.6077280016189928,974.0,25.31204130279728,0.019955143194597,0.0069527410467075,0.0579314728620488,0.0991150998091853,0.7703437073562422,725.0,34.48507224361498,-0.001851310399958,-0.0227434123240867,0.1411200840873294,0.1475899384678554,1208.0,-0.140917442376268,0.1550075714835392,0.6776767547849525,1699.0,1.0299052785573837,1.51248205098196,87.85638339654474,0.010903038165112,0.0069527410467075,0.1820881366632796,0.0260972180776517,358.0,-0.0832924276065038,0.1520003546770427,0.5199783837956998,671.0,1.3938916238275951,0.5801763903871506,15.534983080928468,0.0105583718165616,0.0033614187616642,0.1699352326406467,0.0420772304977959,358.0,-0.0835351526337406,0.1520617448194831,0.5196656163403334,671.0,1.3104303395209618,0.5361381519539885,15.301367503471363,0.0106889916989005,0.0057793414015836,0.2131587304685174,0.1550075714835392,0.6330288193698519,2370.0,126.88774954968598,0.0107890808394228,0.0069527410467075,0.3242247794454761,0.1548600356679807,0.63262243970181,2370.0,117.90420722407214,0.0108210758418796,0.0031286316192367,
a7cfff22c28520d3,multi_horizon_refined,"{""blend"": ""slow"", ""daily_exit"": 0, ""family"": ""multi_horizon_refined"", ""market_window"": 200, ""min_turnover_thb"": 10000000, ""rank_buffer"": 0, ""rebalance"": 21, ""reserve"": 0.1, ""skip"": 21, ""top_n"": 15, ""trend"": 200, ""weighting"": ""equal""}",Rank-buffered or blended multi-horizon momentum,rejected_sensitivity,0.6842408981128258,0.1397127952389107,-0.1338157745762552,,1.0558110180768328,597.0,0.3565806690894897,0.1078042287028597,-0.1320156163376726,,0.8769228295612637,606.0,,,,,,,,,,,,,2.7111176062481523,0.1442709390300878,-0.1338157745762552,,1.1247652745439312,1566.0,2.2999922930501775,0.1305463289684214,-0.1438237367225376,,1.0284465026875598,1566.0,delay: drawdown not smaller; exclude_DELTA: drawdown not smaller; exclude_THAI: drawdown not smaller; phase10: CAGR not higher; phase10: drawdown not smaller,2.0,reports/momentum_reserve_20260929,True,True,0.01751258247016,0.0399251412868649,0.147902872970977,0.5758775353047757,974.0,23.766379717164675,0.0120451230050233,0.0140544088467202,0.0539690120304303,0.0941695215729229,0.7298104541483788,725.0,32.126324204077804,-0.0077012035170405,-0.0156817315196582,0.1336752195456572,0.1349105058788949,1208.0,-0.1338157745762552,0.147902872970977,0.6420957929591853,1699.0,1.0290175335238196,1.4002938754151235,80.30865282391511,0.0034581736234398,0.0140544088467202,0.1727061668499656,0.0246445629082181,358.0,-0.0790313957469938,0.144318209183914,0.494489395833716,671.0,1.394612466623294,0.5461096844261726,14.67025591298182,0.0011764020032476,0.0076224506211742,0.1612342253678522,0.0397618729194218,358.0,-0.0792915315781365,0.1443731941756342,0.4941564420886746,671.0,1.3110756740142049,0.5050920432011379,14.459388675741623,0.0019879844261061,0.0100229624571878,0.1940646992897736,0.147902872970977,0.600305121030413,2370.0,115.52157824261788,0.0028266027283756,0.0140544088467202,0.2963916189290228,0.1477542668957098,0.5998747814421553,2370.0,107.78268989018612,0.003696145635945,0.0107571467687377,
da991aac777fac62,multi_horizon_refined,"{""blend"": ""slow"", ""daily_exit"": 0, ""family"": ""multi_horizon_refined"", ""market_window"": 200, ""min_turnover_thb"": 10000000, ""rank_buffer"": 0, ""rebalance"": 21, ""reserve"": 0.15, ""skip"": 21, ""top_n"": 15, ""trend"": 200, ""weighting"": ""equal""}",Rank-buffered or blended multi-horizon momentum,rejected_screen,0.638203339140786,0.1318164193781097,-0.1266799370346815,,1.054230391047391,597.0,0.3352916503994221,0.1019372835996013,-0.1249246070719255,,0.8764656038540887,606.0,,,,,,,,,,,,,,,,,,,,,,,,,development: CAGR not higher,2.0,reports/momentum_reserve_20260929,False,False,0.0172032125104397,0.0373720757875704,0.1406954864602566,0.5440149526790904,974.0,22.246607409709178,0.0041487471442223,0.021190246388294,0.0501198249859908,0.089195309193493,0.689280140177191,725.0,29.835005051485727,-0.0135681486202989,-0.0085907222539111,0.1262300120443631,0.1229578797238343,1208.0,-0.1266799370346815,0.1406954864602566,0.6065087488595515,1699.0,1.0281256194613937,1.2924202330888095,73.19357088150151,-0.0039870338778542,0.021190246388294,,,,,,,,,,,,,,,,,,,,,,,,,,,,,,,,,,,,,,,
45d2266abed7290b,multi_horizon_refined,"{""blend"": ""slow"", ""daily_exit"": 0, ""family"": ""multi_horizon_refined"", ""market_window"": 200, ""min_turnover_thb"": 10000000, ""rank_buffer"": 0, ""rebalance"": 21, ""reserve"": 0.2, ""skip"": 21, ""top_n"": 15, ""trend"": 200, ""weighting"": ""equal""}",Rank-buffered or blended multi-horizon momentum,rejected_screen,0.593194449889715,0.1239340985568373,-0.1195101383642943,,1.0526411477386717,597.0,0.3141666870910669,0.096053803468538,-0.117804754135864,,0.87600776538605,606.0,,,,,,,,,,,,,,,,,,,,,,,,,development: CAGR not higher,2.0,reports/momentum_reserve_20260929,False,False,0.0169279455990367,0.0348616095631074,0.1333831700506679,0.5121397409783499,974.0,20.75219332288081,-0.00373357367705,0.0283600450586811,0.0463815393315524,0.0841922139713038,0.6487520284226084,725.0,27.60970256060031,-0.0194516287513621,-0.0014708693178495,0.1187849464625729,0.1116935151397701,1208.0,-0.1195101383642943,0.1333831700506679,0.5709150061956403,1699.0,1.027229835638101,1.188728923062791,66.48819283276991,-0.0114320994596444,0.0283600450586811,,,,,,,,,,,,,,,,,,,,,,,,,,,,,,,,,,,,,,,
e9a522bb24938501,multi_horizon_refined,"{""blend"": ""equal"", ""daily_exit"": 0, ""family"": ""multi_horizon_refined"", ""market_window"": 200, ""min_turnover_thb"": 10000000, ""rank_buffer"": 5, ""rebalance"": 21, ""reserve"": 0.05, ""skip"": 21, ""top_n"": 15, ""trend"": 200, ""weighting"": ""equal""}",Rank-buffered or blended multi-horizon momentum,rejected_sensitivity,0.6979084110608493,0.1420258914043326,-0.1449713025775009,,1.0226775092867468,576.0,0.4022348458498614,0.1201826997207129,-0.1360914785536278,,0.9307453591827428,587.0,,,,,,,,,,,,,3.047691507905556,0.1545257697577333,-0.1449713025775009,,1.152720802504959,1512.0,2.624748146701637,0.1415050474637187,-0.1518630345908614,,1.0660423208139855,1512.0,delay: drawdown not smaller; exclude_THAI: drawdown not smaller,2.0,reports/momentum_reserve_20260929,True,True,0.0140292400761765,0.0365692805329801,0.1539895870892884,0.6075794028155017,974.0,21.768724646098075,0.0143582191704452,0.0028988808454746,0.0518375387484949,0.0998095491518089,0.77017370931865,725.0,30.857514583305537,0.0046772675008126,-0.0197575937356133,0.1413474051529193,0.1283946669970236,1166.0,-0.1449713025775009,0.1539895870892884,0.6775126579535964,1699.0,1.0346931066412994,1.5159770700469086,76.42994642361073,0.0111303592307019,0.0028988808454746,0.1898710288390832,0.0241765398941999,346.0,-0.0774076380330607,0.1506204237739108,0.5198617545999649,671.0,1.5021600913058917,0.6087950705489102,14.391654202154832,0.0183412639923652,0.0092462083351073,0.1789109477651547,0.0390283995286166,346.0,-0.0796126736191424,0.1507186471774003,0.519446420338984,671.0,1.42368285209208,0.568586994218633,14.192661379910763,0.0196647068234085,0.0097018204161818,0.1892222870039049,0.1539895870892884,0.6328781616876525,2370.0,112.63901839627654,0.0130814334560211,0.0028988808454746,0.2898664060970209,0.1537409674858081,0.6323528415800834,2370.0,105.40979893705986,0.0146548641312422,0.0027178489004139,
f4f5be7d82b85c48,multi_horizon_refined,"{""blend"": ""equal"", ""daily_exit"": 0, ""family"": ""multi_horizon_refined"", ""market_window"": 200, ""min_turnover_thb"": 10000000, ""rank_buffer"": 5, ""rebalance"": 21, ""reserve"": 0.1, ""skip"": 21, ""top_n"": 15, ""trend"": 200, ""weighting"": ""equal""}",Rank-buffered or blended multi-horizon momentum,rejected_sensitivity,0.6536680618371893,0.134487267699211,-0.1376465673537384,,1.0213785208800832,576.0,0.3791335586360844,0.1139531389233383,-0.1292659769576152,,0.930343873948776,587.0,,,,,,,,,,,,,2.7799601023399756,0.1464344866044402,-0.1376465673537384,,1.1523024308706282,1512.0,2.4042465971493687,0.1341659657464147,-0.1442162750480633,,1.065644395251271,1512.0,delay: drawdown not smaller; exclude_THAI: drawdown not smaller,2.0,reports/momentum_reserve_20260929,True,True,0.0139248910769951,0.0343706599985214,0.1469757920539527,0.5757364117699671,974.0,20.459944043408235,0.0068195954653236,0.010223616069237,0.0483186543707593,0.0948535829045131,0.7296796091052173,725.0,28.76281586449152,-0.0015522932965619,-0.0129320921396007,0.1339183209299754,0.1175043304282099,1166.0,-0.1376465673537384,0.1469757920539527,0.6419534814186619,1699.0,1.0340011116703198,1.403888232444971,69.94721735115778,0.003701275007758,0.010223616069237,0.1799677511179793,0.0227789771826141,346.0,-0.0735051466824642,0.1429825676666113,0.4944123473203676,671.0,1.5010963040316625,0.5724358775596707,13.559722115967697,0.0084379862712613,0.0131486996857038,0.16962606447475,0.0367957539975369,346.0,-0.0755963276813755,0.1430707034433466,0.4939869792744423,671.0,1.422625242542484,0.5350281112175015,13.380760754040828,0.0103798235330039,0.0137181663539487,0.1722624456246285,0.1469757920539527,0.6001812869123515,2370.0,102.54327378095635,0.004990150302728,0.010223616069237,0.2648703870345087,0.1467352065123744,0.5996439963457737,2370.0,96.3200069218912,0.0073157824139382,0.010364608443212,
e9ff9c82001ceaf2,multi_horizon_refined,"{""blend"": ""equal"", ""daily_exit"": 0, ""family"": ""multi_horizon_refined"", ""market_window"": 200, ""min_turnover_thb"": 10000000, ""rank_buffer"": 5, ""rebalance"": 21, ""reserve"": 0.15, ""skip"": 21, ""top_n"": 15, ""trend"": 200, ""weighting"": ""equal""}",Rank-buffered or blended multi-horizon momentum,rejected_screen,0.6103236765175917,0.1269533346475753,-0.1302878640026573,,1.0200712026611702,576.0,0.3562394466356486,0.1077106768028759,-0.1224041604024284,,0.9299429334258114,587.0,,,,,,,,,,,,,,,,,,,,,,,,,development: CAGR not higher,2.0,reports/momentum_reserve_20260929,False,False,0.0138510197087888,0.0322049459426707,0.1398563051679558,0.5438815018118733,974.0,19.17075179633949,-0.0007143375863121,0.0175823194203181,0.044897092874649,0.0898663633846345,0.6891849908470731,725.0,26.72605088079591,-0.0077947554170243,-0.0060702755844139,0.1264857462106881,0.1072183584573769,1166.0,-0.1302878640026573,0.1398563051679558,0.6063868215946069,1699.0,1.0333062194865423,1.296055449860039,63.82425052525562,-0.0037312997115293,0.0175823194203181,,,,,,,,,,,,,,,,,,,,,,,,,,,,,,,,,,,,,,,
899763a474c68bb2,multi_horizon_refined,"{""blend"": ""equal"", ""daily_exit"": 0, ""family"": ""multi_horizon_refined"", ""market_window"": 200, ""min_turnover_thb"": 10000000, ""rank_buffer"": 5, ""rebalance"": 21, ""reserve"": 0.2, ""skip"": 21, ""top_n"": 15, ""trend"": 200, ""weighting"": ""equal""}",Rank-buffered or blended multi-horizon momentum,rejected_screen,0.5678670056056423,0.1194249475951234,-0.1228953652688213,,1.0187585973951097,576.0,0.3335528715690308,0.1014553642658315,-0.1155062063268631,,0.9295394180930782,587.0,,,,,,,,,,,,,,,,,,,,,,,,,development: CAGR not higher,2.0,reports/momentum_reserve_20260929,False,False,0.0138079702155838,0.0300704901100152,0.1326287199292486,0.5120141102610344,974.0,17.900166742077072,-0.0082427246387639,0.0249748181541541,0.0415718843558983,0.084847594758966,0.6486891664544508,725.0,24.74664227388433,-0.0140500679540687,0.0008276784911512,0.1190501979836471,0.0975068430247945,1166.0,-0.1228953652688213,0.1326287199292486,0.570812052696261,1699.0,1.0326089484816756,1.1923529438118114,58.04324246966757,-0.0111668479385702,0.0249748181541541,,,,,,,,,,,,,,,,,,,,,,,,,,,,,,,,,,,,,,,
0f6c7386327d9eff,multi_horizon_refined,"{""blend"": ""equal"", ""daily_exit"": 0, ""family"": ""multi_horizon_refined"", ""market_window"": 200, ""min_turnover_thb"": 10000000, ""rank_buffer"": 10, ""rebalance"": 21, ""reserve"": 0.05, ""skip"": 21, ""top_n"": 15, ""trend"": 200, ""weighting"": ""equal""}",Rank-buffered or blended multi-horizon momentum,rejected_screen,0.7389281586314453,0.1488853611209122,-0.157426654525006,,1.0783938816579146,558.0,0.4654406315633643,0.1368857312277533,-0.1377848945265471,,1.0252583077655968,558.0,,,,,,,,,,,,,,,,,,,,,,,,,development: drawdown not smaller,2.0,reports/momentum_reserve_20260929,False,False,0.0128265538335646,0.0321231987498873,0.1539895870892884,0.6074764242410857,974.0,19.122089856472034,0.0212176888870248,-0.0095564711020305,0.0459930495292109,0.1030080379434713,0.7699528597775099,725.0,27.378444865296128,0.0213802990078531,-0.0214510097085327,0.1526000708578125,0.1147904424203429,1117.0,-0.157426654525006,0.1539895870892884,0.6773531297666187,1699.0,1.106045814210893,1.6942740921018142,68.33171166161253,0.0223830249355951,-0.0095564711020305,,,,,,,,,,,,,,,,,,,,,,,,,,,,,,,,,,,,,,,
ae880426f950b488,multi_horizon_refined,"{""blend"": ""equal"", ""daily_exit"": 0, ""family"": ""multi_horizon_refined"", ""market_window"": 200, ""min_turnover_thb"": 10000000, ""rank_buffer"": 10, ""rebalance"": 21, ""reserve"": 0.1, ""skip"": 21, ""top_n"": 15, ""trend"": 200, ""weighting"": ""equal""}",Rank-buffered or blended multi-horizon momentum,rejected_screen,0.6912938737292025,0.1409081927710329,-0.1495473448708285,,1.0769601734383067,558.0,0.4382973742306759,0.1297725619792253,-0.1307825030706307,,1.0251066853529538,558.0,,,,,,,,,,,,,,,,,,,,,,,,,development: drawdown not smaller,2.0,reports/momentum_reserve_20260929,False,False,0.0126331362489575,0.0301912166647732,0.1469757920539527,0.575661489454788,974.0,17.972032064273616,0.0132405205371455,-0.001677161447853,0.0427589088154288,0.0979157598612927,0.7295243388214457,725.0,25.45324651195241,0.014267129759325,-0.0144486182526163,0.1445273436190279,0.1047128667507965,1117.0,-0.1495473448708285,0.1469757920539527,0.6418385585586611,1699.0,1.105379926052455,1.565306484887634,62.33279763723824,0.0143102976968105,-0.001677161447853,,,,,,,,,,,,,,,,,,,,,,,,,,,,,,,,,,,,,,,
cb7099bc7d7906a6,multi_horizon_refined,"{""blend"": ""equal"", ""daily_exit"": 0, ""family"": ""multi_horizon_refined"", ""market_window"": 200, ""min_turnover_thb"": 10000000, ""rank_buffer"": 10, ""rebalance"": 21, ""reserve"": 0.15, ""skip"": 21, ""top_n"": 15, ""trend"": 200, ""weighting"": ""equal""}",Rank-buffered or blended multi-horizon momentum,rejected_sensitivity,0.6447211421086028,0.1329443751158208,-0.1416238628094981,,1.0755146445105537,558.0,0.4114414216572712,0.1226463717184929,-0.1237519638643798,,1.024952494038865,558.0,,,,,,,,,,,,,2.7191367441722503,0.144524804718787,-0.1416238628094981,,1.202659180580213,1454.0,2.4130722087051417,0.1344678000791068,-0.1460467475410044,,1.1274843966734889,1454.0,delay: drawdown not smaller; exclude_THAI: drawdown not smaller; phase10: CAGR not higher,2.0,reports/momentum_reserve_20260929,True,True,0.0124858564964728,0.0282894877497734,0.1398563051679558,0.5438320100894591,974.0,16.839983183387947,0.0052767028819333,0.0062463206134774,0.0396272601409405,0.0927889700930781,0.6890899653627603,725.0,23.58905895645013,0.0071409394985926,-0.0074180790463653,0.1364565818052128,0.0952440592686659,1117.0,-0.1416238628094981,0.1398563051679558,0.6063127079009509,1699.0,1.1047079420799009,1.4416937864601764,56.69626719963446,0.0062395358829954,0.0062463206134774,0.1663169858553874,0.0192753209682241,337.0,-0.0738585217894711,0.1352087975637778,0.4678952014487659,671.0,1.5008132932646496,0.5231790181044913,11.47408831967623,-0.0052127789913305,0.0127953245786969,0.1575612426407717,0.0311876854871647,337.0,-0.0751774815565776,0.1352232410957751,0.4673940469293647,671.0,1.4290140254290211,0.4921069541790539,11.34138895493101,-0.0016849983009743,0.0141370124787466,0.1423084907088042,0.1398563051679558,0.5671236164117458,2370.0,84.71247735508324,0.0030804684170748,0.0062463206134774,0.2211472596191461,0.1396243057646864,0.5664769813956846,2370.0,80.42010968367798,0.0076176167466304,0.0085341359502709,
f3ad11d0132afa3b,multi_horizon_refined,"{""blend"": ""equal"", ""daily_exit"": 0, ""family"": ""multi_horizon_refined"", ""market_window"": 200, ""min_turnover_thb"": 10000000, ""rank_buffer"": 10, ""rebalance"": 21, ""reserve"": 0.2, ""skip"": 21, ""top_n"": 15, ""trend"": 200, ""weighting"": ""equal""}",Rank-buffered or blended multi-horizon momentum,rejected_screen,0.5991972387866249,0.1249949192346477,-0.1336554159462384,,1.0740617060206945,558.0,0.384876121112413,0.1155081302999936,-0.1166931050185564,,1.0247992473904195,558.0,,,,,,,,,,,,,,,,,,,,,,,,,development: CAGR not higher,2.0,reports/momentum_reserve_20260929,False,False,0.0123865151040846,0.02641574507791,0.1326287199292486,0.5119874289539004,974.0,15.724593772194776,-0.0026727529992396,0.0142147674767371,0.0365948042717385,0.08762732280829,0.6486488933654868,725.0,21.783918252121275,2.6980800933440463e-06,-0.000359220200542,0.1283887935495649,0.0863467755152188,1117.0,-0.1336554159462384,0.1326287199292486,0.570774886570353,1699.0,1.1040338943383303,1.3232623928514728,51.399949708446215,-0.0018282523726524,0.0142147674767371,,,,,,,,,,,,,,,,,,,,,,,,,,,,,,,,,,,,,,,
3dda69e148c3fa38,staggered_multi_horizon,"{""family"": ""staggered_multi_horizon"", ""rank_buffer"": 5, ""reserve"": 0.01, ""top_n"": 15, ""tranches"": 2}",Average staggered desired momentum baskets; netted execution,rejected_screen,0.7742005067411448,0.1546874554614823,-0.149685249246767,,1.0951038128546595,1279.0,0.3888185484527073,0.1165731966141483,-0.1041211454037899,,0.9088624133819134,1238.0,,,,,,,,,,,,,,,,,,,,,,,,,development: drawdown not smaller,3.0,reports/momentum_staggered_20260929,False,False,0.0136812417645891,0.0408413341177168,0.1181053476455231,0.6408813626394302,974.0,24.31176505608481,0.0270197832275949,-0.0018150658237915,0.0523160356697814,0.0899462033674911,0.7510576447291936,725.0,31.142351133865983,0.001067764394248,0.0122127394142245,0.1457133535105981,0.1360789781377034,2519.0,-0.149685249246767,0.1181053476455231,0.6884682015940243,1699.0,1.061806876519306,1.5839156362639355,81.0042134280037,0.0154963075883807,-0.0018150658237915,,,,,,,,,,,,,,,,,,,,,,,,,,,,,,,,,,,,,,,
f5688d84c5bee01d,staggered_multi_horizon,"{""family"": ""staggered_multi_horizon"", ""rank_buffer"": 5, ""reserve"": 0.05, ""top_n"": 15, ""tranches"": 2}",Average staggered desired momentum baskets; netted execution,rejected_confirmation,0.735495456166964,0.1483160083452597,-0.1439566925382016,,1.0943678148162646,1279.0,0.371936890667663,0.1119983149744401,-0.0999722578019817,,0.908887331398848,1238.0,,,,,,,,,,,,,2.5821298214719652,0.1401183842661355,-0.1439566925382016,,1.093797204543382,3321.0,2.191351274021429,0.1266635371876077,-0.1510366012071239,,1.000640019735407,3321.0,recent_base: return requirement failed; recent_stress: return requirement failed; full_base: return requirement failed; full_stress: return requirement failed; delay: CAGR not higher; delay: drawdown not smaller; exclude_THAI: CAGR not higher; exclude_THAI: drawdown not smaller,3.0,reports/momentum_staggered_20260929,True,False,0.0135043489419847,0.0388841556523237,0.1137336824571375,0.615021175676167,974.0,23.146708525700163,0.0206483361113722,0.0039134908847738,0.0496248084842588,0.0863660434480933,0.7208048357279789,725.0,29.540334831989284,-0.0035071172454601,0.0163616270160327,0.1398079039794282,0.1270729785597761,2519.0,-0.1439566925382016,0.1137336824571375,0.6607127961687945,1699.0,1.0614727825123411,1.4923887139631675,75.64318028440744,0.0095908580572108,0.0039134908847738,0.1418098868069475,0.0263573830865,802.0,-0.0826852153291413,0.0915625743102096,0.5162975054849879,671.0,1.1921027560079342,0.437227588699834,15.689852423656172,-0.0297198780397704,0.0039686310390267,0.1294726272456219,0.0424297056955673,802.0,-0.083740898903351,0.0914806378673955,0.5156070474990825,671.0,1.0979626745025763,0.3951504360188647,15.429544963659517,-0.0297736136961241,0.0055735951319733,0.1927658226941724,0.1137336824571375,0.6198255978359531,2370.0,114.74839138887572,-0.0013259520355766,0.0039134908847738,0.2945177443811159,0.1135482163003774,0.6189415400919691,2370.0,107.101256184267,-0.0001866461448687,0.0035442822841514,
197f93b6154468e3,staggered_multi_horizon,"{""family"": ""staggered_multi_horizon"", ""rank_buffer"": 5, ""reserve"": 0.1, ""top_n"": 15, ""tranches"": 2}",Average staggered desired momentum baskets; netted execution,rejected_confirmation,0.6880745904513659,0.1403630257943069,-0.1367594700197546,,1.0934424724797418,1279.0,0.3509544308142294,0.1062596997070819,-0.0947791561505814,,0.9089107663961552,1238.0,,,,,,,,,,,,,2.36174405331616,0.1327024806590511,-0.1367594700197546,,1.0934649372735783,3321.0,2.0130363628551464,0.1200257563529509,-0.1435126929149788,,1.0002675543808486,3321.0,recent_base: return requirement failed; recent_stress: return requirement failed; full_base: return requirement failed; full_stress: return requirement failed; delay: CAGR not higher; delay: drawdown not smaller; exclude_DELTA: CAGR not higher; exclude_THAI: CAGR not higher; exclude_THAI: drawdown not smaller,3.0,reports/momentum_staggered_20260929,True,False,0.0133182131408624,0.0364798354023847,0.1082254951742498,0.5826934391507318,974.0,21.715480327629457,0.0126953535604195,0.0111107134032208,0.0463371615616199,0.0818845391354077,0.6829791840196087,725.0,27.583285648919535,-0.0092457325128183,0.021554728667433,0.1324245456598589,0.1163715070994227,2519.0,-0.1367594700197546,0.1082254951742498,0.6260127363951339,1699.0,1.0610498345904051,1.3818748157289074,69.272877611419,0.0022074997376415,0.0111107134032208,0.1342605029501962,0.0248616039061599,802.0,-0.0784305217037333,0.0868284580856133,0.4893830045719479,671.0,1.19200770678392,0.4113856996667522,14.79945467358768,-0.0372692618965218,0.0082233246644347,0.1226205284458434,0.0400516699335191,802.0,-0.0794320124452697,0.0867449151295441,0.4886953937719155,671.0,1.0977067932602145,0.3721224565654808,14.564773240306602,-0.0366257124959026,0.0098824815900545,0.1755887353221324,0.1082254951742498,0.5873298038831686,2370.0,104.52332598495896,-0.008741855642661,0.0111107134032208,0.2693124535185915,0.1080464164612548,0.5864673941380311,2370.0,97.9353625653993,-0.0068244269795254,0.0110681905762966,
317e2a1ff82cee1e,staggered_multi_horizon,"{""family"": ""staggered_multi_horizon"", ""rank_buffer"": 0, ""reserve"": 0.1, ""top_n"": 20, ""tranches"": 2}",Average staggered desired momentum baskets; netted execution,rejected_screen,0.5750773439350358,0.1207141571131165,-0.1369009373373675,,1.0715218603884769,1678.0,0.2953871151702587,0.0907705515822165,-0.0897703970909581,,0.8430186101030237,1645.0,,,,,,,,,,,,,,,,,,,,,,,,,validation: CAGR trails incumbent by >2 percentage points; development: CAGR not higher,3.0,reports/momentum_staggered_20260929,False,False,-0.0052959204615167,0.0394799743021395,0.083463136468443,0.5669383000778705,974.0,23.501383595535163,-0.0069535151207709,0.010969246085608,0.0490035136903589,0.0615106377282172,0.6830158428372609,725.0,29.170494487980783,-0.0247348806376837,0.0265634877270563,0.1139518793750926,0.1184145520260772,3328.0,-0.1369009373373675,0.083463136468443,0.616996634780399,1699.0,1.0190738782453284,1.1235895802899636,70.48904817315157,-0.0162651665471247,0.010969246085608,,,,,,,,,,,,,,,,,,,,,,,,,,,,,,,,,,,,,,,
eec8817b588ddfdc,staggered_multi_horizon,"{""family"": ""staggered_multi_horizon"", ""rank_buffer"": 0, ""reserve"": 0.05, ""top_n"": 20, ""tranches"": 2}",Average staggered desired momentum baskets; netted execution,rejected_screen,0.6135523413388104,0.1275197286768647,-0.1440787616354137,,1.0722056646562708,1678.0,0.3126334003084512,0.0956243318015699,-0.0946720103250001,,0.8428828378520713,1645.0,,,,,,,,,,,,,,,,,,,,,,,,,development: CAGR not higher,3.0,reports/momentum_staggered_20260929,False,False,-0.0061567859132635,0.0420620047158235,0.0878373240739093,0.5984034901136974,974.0,25.03839794977292,-0.0001479435570226,0.0037914217875617,0.0524133090258395,0.0648826845497754,0.7208577079562583,725.0,31.20025538772519,-0.0198811004183303,0.0216618744930142,0.1202688382213921,0.1287532181259477,3328.0,-0.1440787616354137,0.0878373240739093,0.6512098151474,1699.0,1.0193463413013395,1.209068856640613,76.64338241916049,-0.0099482077008252,0.0037914217875617,,,,,,,,,,,,,,,,,,,,,,,,,,,,,,,,,,,,,,,
20a008b369c98e9c,staggered_multi_horizon,"{""family"": ""staggered_multi_horizon"", ""rank_buffer"": 10, ""reserve"": 0.1, ""top_n"": 20, ""tranches"": 2}",Average staggered desired momentum baskets; netted execution,rejected_screen,0.5746952805833239,0.1206459551826402,-0.1421725852832797,,1.0741295693201385,1608.0,0.3263612136662415,0.0994576813107717,-0.0939071909591358,,0.9133458999647236,1547.0,,,,,,,,,,,,,,,,,,,,,,,,,development: CAGR not higher,3.0,reports/momentum_staggered_20260929,False,False,-0.0067076373883052,0.0302456855606335,0.0831482885647133,0.5668363222095999,974.0,18.004455956088787,-0.0070217170512472,0.0056975981396958,0.0349079556405637,0.0616563394306443,0.6827976901806622,725.0,20.7797819159258,-0.0160477509091285,0.0224266938588786,0.1178118103942162,0.0857439685934045,3157.0,-0.1421725852832797,0.0831482885647133,0.6168432494895956,1699.0,1.0514425434191426,1.1754772886691338,51.041114705282766,-0.0124052355280011,0.0056975981396958,,,,,,,,,,,,,,,,,,,,,,,,,,,,,,,,,,,,,,,
2fcab2ab607dc535,staggered_multi_horizon,"{""family"": ""staggered_multi_horizon"", ""rank_buffer"": 0, ""reserve"": 0.01, ""top_n"": 20, ""tranches"": 2}",Average staggered desired momentum baskets; netted execution,rejected_screen,0.6448676762365841,0.1329696954511863,-0.1497895951295127,,1.0727494796005883,1678.0,0.326477476310294,0.0994900336423705,-0.0985867519827496,,0.8427676212239987,1645.0,,,,,,,,,,,,,,,,,,,,,,,,,development: CAGR not higher; development: drawdown not smaller,3.0,reports/momentum_staggered_20260929,False,False,-0.0068177952197899,0.0441615836378539,0.091317943572001,0.6235742692674098,974.0,26.288221702395383,0.0053020232172988,-0.0019194117065371,0.055199541016728,0.0675769432654266,0.7511244405127446,725.0,32.85882553528665,-0.0160153985775297,0.0177471328352647,0.1253186624089646,0.1374062212669655,3328.0,-0.1497895951295127,0.091317943572001,0.6785765314166416,1699.0,1.0195594955302856,1.279505621707984,81.79428612832044,-0.0048983835132527,-0.0019194117065371,,,,,,,,,,,,,,,,,,,,,,,,,,,,,,,,,,,,,,,
187336a21a43ddda,staggered_multi_horizon,"{""family"": ""staggered_multi_horizon"", ""rank_buffer"": 10, ""reserve"": 0.1, ""top_n"": 15, ""tranches"": 2}",Average staggered desired momentum baskets; netted execution,rejected_screen,0.6820164677437373,0.1393350022958035,-0.1569937307151779,,1.096867895335311,1256.0,0.3565756468566987,0.1078028518862488,-0.1182818562198739,,0.9107400650810026,1179.0,,,,,,,,,,,,,,,,,,,,,,,,,development: drawdown not smaller,3.0,reports/momentum_staggered_20260929,False,False,-0.0073223888391935,0.0307910959800047,0.1082441895696807,0.582646181707716,974.0,18.329124340737412,0.0116673300619161,-0.0091235472922024,0.0404768167510824,0.082229194940651,0.682878134857755,725.0,24.094777517163177,-0.0077025803336514,-0.0019479714018595,0.1320182043752262,0.0995492332581258,2436.0,-0.1569937307151779,0.1082441895696807,0.6259407061343193,1699.0,1.060474114651749,1.3759166251124513,59.25902330979576,0.0018011584530088,-0.0091235472922024,,,,,,,,,,,,,,,,,,,,,,,,,,,,,,,,,,,,,,,
295729f811126889,staggered_multi_horizon,"{""family"": ""staggered_multi_horizon"", ""rank_buffer"": 10, ""reserve"": 0.05, ""top_n"": 20, ""tranches"": 2}",Average staggered desired momentum baskets; netted execution,rejected_screen,0.6131520010082385,0.1274495444290102,-0.1495947288402545,,1.0748187129632003,1608.0,0.3458567522530904,0.1048565782155903,-0.0990347031033836,,0.9133830284609944,1547.0,,,,,,,,,,,,,,,,,,,,,,,,,development: CAGR not higher; development: drawdown not smaller,3.0,reports/momentum_staggered_20260929,False,False,-0.0075657537136839,0.0322242503243845,0.0874887177869458,0.598285073504033,974.0,19.18224318375172,-0.0002181278048771,-0.0017245454172789,0.0373814446658019,0.0650447941357585,0.7206160577383182,725.0,22.252184454909212,-0.0106488540043099,0.0172991817146307,0.1243758376258123,0.0932645426724166,3157.0,-0.1495947288402545,0.0874887177869458,0.6510367558303795,1699.0,1.0517801836514655,1.2662106271428597,55.517913371282,-0.0058412082964049,-0.0017245454172789,,,,,,,,,,,,,,,,,,,,,,,,,,,,,,,,,,,,,,,
c34a5a23d79d03d6,staggered_multi_horizon,"{""family"": ""staggered_multi_horizon"", ""rank_buffer"": 10, ""reserve"": 0.05, ""top_n"": 15, ""tranches"": 2}",Average staggered desired momentum baskets; netted execution,rejected_screen,0.7290052466057115,0.1472372236909862,-0.1651229116343929,,1.09780870377653,1256.0,0.3779249676391734,0.1136253247446581,-0.1249131579982545,,0.9107812137968404,1179.0,,,,,,,,,,,,,,,,,,,,,,,,,development: drawdown not smaller,3.0,reports/momentum_staggered_20260929,False,False,-0.0080878662666659,0.0328004769926811,0.1137543851899817,0.6149612432328938,974.0,19.52525566562364,0.0195695514570988,-0.0172527282114174,0.0433915386375959,0.0867495744176861,0.7206875385893959,725.0,25.829834298229645,-0.0018801074752421,-0.00857927318024,0.1393819078669689,0.1087655521828823,2436.0,-0.1651229116343929,0.1137543851899817,0.6606264744417034,1699.0,1.0609380760643974,1.4858951344043358,64.74525399302478,0.0091648619447515,-0.0172527282114174,,,,,,,,,,,,,,,,,,,,,,,,,,,,,,,,,,,,,,,
d1ad511b05907f5c,staggered_multi_horizon,"{""family"": ""staggered_multi_horizon"", ""rank_buffer"": 10, ""reserve"": 0.01, ""top_n"": 20, ""tranches"": 2}",Average staggered desired momentum baskets; netted execution,rejected_screen,0.6444537327875468,0.1328981638192685,-0.1554975329258758,,1.075366951740698,1608.0,0.3615450483563609,0.1091635325591493,-0.1031296042550194,,0.9134093782364924,1547.0,,,,,,,,,,,,,,,,,,,,,,,,,development: CAGR not higher; development: drawdown not smaller,3.0,reports/momentum_staggered_20260929,False,False,-0.0082183140376465,0.0338333601103986,0.0909412631038711,0.6234419061447654,974.0,20.140103643311303,0.0052304915853811,-0.0076273495029003,0.0394059447613005,0.0677527914380912,0.7508630355708935,725.0,23.457315769569927,-0.0063418996607509,0.0132042805629949,0.1296260813874712,0.0995638649783525,3157.0,-0.1554975329258758,0.0909412631038711,0.6783868605749922,1699.0,1.0520469276817996,1.3410990588633025,59.26773318551851,-0.0005909645347461,-0.0076273495029003,,,,,,,,,,,,,,,,,,,,,,,,,,,,,,,,,,,,,,,
39d4c3a88c50e0f6,staggered_multi_horizon,"{""family"": ""staggered_multi_horizon"", ""rank_buffer"": 10, ""reserve"": 0.01, ""top_n"": 15, ""tranches"": 2}",Average staggered desired momentum baskets; netted execution,rejected_screen,0.7673579828651282,0.1535686997611272,-0.1715834323420019,,1.0985570196900605,1256.0,0.3951021040083158,0.118266586586937,-0.1302213553310779,,0.91080461575166,1179.0,,,,,,,,,,,,,,,,,,,,,,,,,development: drawdown not smaller,3.0,reports/momentum_staggered_20260929,False,False,-0.008658588131974,0.0344349841761145,0.1181277254365069,0.6408104948449586,974.0,20.498234523551726,0.0259010275272397,-0.0237132489190263,0.0457820777421648,0.0903622921057634,0.750926595605549,725.0,27.252858945273452,0.0027611543670367,-0.0138874705130634,0.1452717067092697,0.1165311955425323,2436.0,-0.1715834323420019,0.1181277254365069,0.6883696702776969,1699.0,1.0613035753282574,1.5769724849361282,69.3679359143594,0.0150546607870523,-0.0237132489190263,,,,,,,,,,,,,,,,,,,,,,,,,,,,,,,,,,,,,,,
f8ae44ba7e1858d7,staggered_multi_horizon,"{""family"": ""staggered_multi_horizon"", ""rank_buffer"": 5, ""reserve"": 0.1, ""top_n"": 20, ""tranches"": 2}",Average staggered desired momentum baskets; netted execution,rejected_screen,0.5784380224419983,0.1213135367625577,-0.1448390534925993,,1.0737379070846065,1623.0,0.321002357306853,0.0979644266707526,-0.0980265810448068,,0.9086556701445604,1583.0,,,,,,,,,,,,,,,,,,,,,,,,,development: CAGR not higher,3.0,reports/momentum_staggered_20260929,False,False,-0.0096421905781349,0.0338681003012859,0.0831482885647132,0.5668690225937183,974.0,20.160783559310676,-0.0063541354713296,0.0030311299303762,0.0427866368413188,0.0616332270212649,0.6829049776008481,725.0,25.469752271753617,-0.0175410055491476,0.0183073037732075,0.1175437254137061,0.1024509198863759,3208.0,-0.1448390534925993,0.0831482885647132,0.6169077745650543,1699.0,1.0498188798451324,1.1718387533029344,60.986320546684865,-0.0126733205085112,0.0030311299303762,,,,,,,,,,,,,,,,,,,,,,,,,,,,,,,,,,,,,,,
70e628b05be1e94d,staggered_multi_horizon,"{""family"": ""staggered_multi_horizon"", ""rank_buffer"": 0, ""reserve"": 0.1, ""top_n"": 15, ""tranches"": 2}",Average staggered desired momentum baskets; netted execution,rejected_screen,0.6025784275237775,0.1255911345643559,-0.1441758907748235,,0.9870296470797316,1351.0,0.293021479063851,0.0901014274147509,-0.113994520679207,,0.7913014316065031,1315.0,,,,,,,,,,,,,,,,,,,,,,,,,validation: CAGR trails incumbent by >2 percentage points; development: CAGR not higher,3.0,reports/momentum_staggered_20260929,False,False,-0.0099610320712906,0.0445687829321049,0.1097193959769714,0.5827894477298108,974.0,26.53061666295909,-0.0020765376695315,0.003694292648152,0.0547866621178145,0.0817500020045249,0.683098404387741,725.0,32.61304965641679,-0.0254040048051493,0.0023393641388074,0.1165617212027747,0.1345751148703669,2668.0,-0.1441758907748235,0.1097193959769714,0.6261191041543391,1699.0,0.9486771554175808,1.1585551663283025,80.10900343494666,-0.0136553247194426,0.003694292648152,,,,,,,,,,,,,,,,,,,,,,,,,,,,,,,,,,,,,,,
f235d26fb6d7a088,staggered_multi_horizon,"{""family"": ""staggered_multi_horizon"", ""rank_buffer"": 5, ""reserve"": 0.05, ""top_n"": 20, ""tranches"": 2}",Average staggered desired momentum baskets; netted execution,rejected_screen,0.6171560418344826,0.1281509121753259,-0.152396242969934,,1.0743976854476744,1623.0,0.3400760200170352,0.1032611698398733,-0.1033432958533563,,0.9085508334508022,1583.0,,,,,,,,,,,,,,,,,,,,,,,,,development: CAGR not higher; development: drawdown not smaller,3.0,reports/momentum_staggered_20260929,False,False,-0.0106612304225113,0.0360909108857574,0.0874887177869459,0.5983249483864024,974.0,21.483963858418615,0.0004832399414385,-0.0045260595469585,0.0458231170807562,0.0650190899082367,0.7207335612308593,725.0,27.27728857715113,-0.0122442623800269,0.0129905889646581,0.1240818750466645,0.1115317848261457,3208.0,-0.152396242969934,0.0874887177869459,0.651109752777305,1699.0,1.0500825705009476,1.2620790010237446,66.39191905836405,-0.0061351708755528,-0.0045260595469585,,,,,,,,,,,,,,,,,,,,,,,,,,,,,,,,,,,,,,,
7f1f09f0611e4f86,staggered_multi_horizon,"{""family"": ""staggered_multi_horizon"", ""rank_buffer"": 0, ""reserve"": 0.05, ""top_n"": 15, ""tranches"": 2}",Average staggered desired momentum baskets; netted execution,rejected_screen,0.6428899537997488,0.1326278126896583,-0.1517192428971034,,0.9880293551417724,1351.0,0.3099609058286181,0.0948749721850259,-0.1204147990165326,,0.7912980163443872,1315.0,,,,,,,,,,,,,,,,,,,,,,,,,validation: CAGR trails incumbent by >2 percentage points; development: CAGR not higher; development: drawdown not smaller,3.0,reports/momentum_staggered_20260929,False,False,-0.0110859380841047,0.0474616592321723,0.1153845790696535,0.6151413975963334,974.0,28.252669344706455,0.0049601404557708,-0.0038490594741279,0.0586159282127485,0.0862164048229009,0.7209461177156011,725.0,34.89251039511199,-0.0206304600348743,-0.0040809141985181,0.1229801673122406,0.1464126285116357,2668.0,-0.1517192428971034,0.1153845790696535,0.6608430769853637,1699.0,0.9491934281409784,1.2466519255692363,87.15556194513707,-0.0072368786099767,-0.0038490594741279,,,,,,,,,,,,,,,,,,,,,,,,,,,,,,,,,,,,,,,
294a2217e4ce2680,staggered_multi_horizon,"{""family"": ""staggered_multi_horizon"", ""rank_buffer"": 5, ""reserve"": 0.01, ""top_n"": 20, ""tranches"": 2}",Average staggered desired momentum baskets; netted execution,rejected_screen,0.6486707760886563,0.1336262610594663,-0.1584058412755237,,1.0749227348125796,1623.0,0.3554160532846682,0.1074848652010971,-0.1075870190075244,,0.9084631515159676,1583.0,,,,,,,,,,,,,,,,,,,,,,,,,development: CAGR not higher; development: drawdown not smaller,3.0,reports/momentum_staggered_20260929,False,False,-0.0114421993072706,0.0378990350112845,0.0909412631038711,0.6234879319755186,974.0,22.56029228601974,0.0059585888255788,-0.0105356578525481,0.0483084469948473,0.0677249182582356,0.7509890647689066,725.0,28.75673968381887,-0.0080205670188031,0.00874686581049,0.1293105044674949,0.119143976333713,3208.0,-0.1584058412755237,0.0909412631038711,0.6784670213814877,1699.0,1.0502901253214707,1.3365386135898856,70.92325515430267,-0.0009065414547224,-0.0105356578525481,,,,,,,,,,,,,,,,,,,,,,,,,,,,,,,,,,,,,,,
54260976978642b1,staggered_multi_horizon,"{""family"": ""staggered_multi_horizon"", ""rank_buffer"": 0, ""reserve"": 0.01, ""top_n"": 15, ""tranches"": 2}",Average staggered desired momentum baskets; netted execution,rejected_screen,0.6756917551061485,0.1382587763874869,-0.1577198123491853,,0.9888246930103104,1351.0,0.3235425744979925,0.0986727632673609,-0.1255567293892788,,0.7912870864800279,1315.0,,,,,,,,,,,,,,,,,,,,,,,,,development: CAGR not higher; development: drawdown not smaller,3.0,reports/momentum_staggered_20260929,False,False,-0.0119594656373733,0.0498126340484313,0.1198865051736174,0.6410223615324304,974.0,29.652142418257824,0.0105911041535995,-0.0098496289262097,0.0617462760863567,0.0897839255755928,0.7512177757374091,725.0,36.75592361828488,-0.0168326689525393,-0.0092228445712644,0.1281072092110537,0.1563273857486258,2668.0,-0.1577198123491853,0.1198865051736174,0.688618970646182,1699.0,0.9496007250594996,1.3192193938001453,93.0575544667098,-0.0021098367111636,-0.0098496289262097,,,,,,,,,,,,,,,,,,,,,,,,,,,,,,,,,,,,,,,
0550f7cbb6e28772,staggered_multi_horizon,"{""family"": ""staggered_multi_horizon"", ""rank_buffer"": 10, ""reserve"": 0.1, ""top_n"": 20, ""tranches"": 3}",Average staggered desired momentum baskets; netted execution,rejected_screen,0.5159240519407038,0.1100038253248587,-0.1440221735207679,,1.009650034521213,2691.0,0.2851813562427649,0.0878780045074321,-0.0827436490318301,,0.8139383066838471,2405.0,,,,,,,,,,,,,,,,,,,,,,,,,validation: CAGR trails incumbent by >2 percentage points; development: CAGR not higher,3.0,reports/momentum_staggered_20260929,False,False,-0.0197531904175325,0.033594286860229,0.0764961051313811,0.5812750572049808,974.0,19.99778966618787,-0.0176638469090286,0.0038480099022075,0.0352287473862244,0.0575341995843536,0.67631345832563,725.0,20.970740750178237,-0.0276274277124681,0.0335902357861842,0.1066158456024772,0.0872655732785217,5098.0,-0.1440221735207679,0.0764961051313811,0.6223555673033119,1699.0,0.9709641247920534,1.0278912018341826,51.94688569469718,-0.0236012003197401,0.0038480099022075,,,,,,,,,,,,,,,,,,,,,,,,,,,,,,,,,,,,,,,
13aa76c9fa2918c4,staggered_multi_horizon,"{""family"": ""staggered_multi_horizon"", ""rank_buffer"": 10, ""reserve"": 0.05, ""top_n"": 20, ""tranches"": 3}",Average staggered desired momentum baskets; netted execution,rejected_screen,0.5494134858664803,0.116105105341371,-0.1516192966452624,,1.0099759482074562,2691.0,0.3018846903069023,0.0926042348965903,-0.087252014366303,,0.8141545818568859,2405.0,,,,,,,,,,,,,,,,,,,,,,,,,validation: CAGR trails incumbent by >2 percentage points; development: CAGR not higher; development: drawdown not smaller,3.0,reports/momentum_staggered_20260929,False,False,-0.0214895984940526,0.0357952015283844,0.0804751950834828,0.6135390145321872,974.0,21.307935905937494,-0.0115625668925163,-0.0037491132222868,0.0377074792442348,0.0607004289368228,0.71386752682492,725.0,22.44626420872366,-0.0229011973233099,0.0290818704517114,0.1124765606504516,0.0946656684410235,5098.0,-0.1516192966452624,0.0804751950834828,0.6569037251832048,1699.0,0.971153559526178,1.1040394093347263,56.35196645099327,-0.0177404852717657,-0.0037491132222868,,,,,,,,,,,,,,,,,,,,,,,,,,,,,,,,,,,,,,,
ee8b0b6303bf76b7,staggered_multi_horizon,"{""family"": ""staggered_multi_horizon"", ""rank_buffer"": 5, ""reserve"": 0.1, ""top_n"": 15, ""tranches"": 3}",Average staggered desired momentum baskets; netted execution,rejected_screen,0.618951047063871,0.1284649119626664,-0.1557579090246034,,1.0270886750148598,2106.0,0.271039596219633,0.0838445730602781,-0.0936630894986113,,0.7366600090750669,1925.0,,,,,,,,,,,,,,,,,,,,,,,,,validation: CAGR trails incumbent by >2 percentage points; development: CAGR not higher; development: drawdown not smaller,3.0,reports/momentum_staggered_20260929,False,False,-0.0221686428421792,0.0401079779661823,0.1003914023920688,0.596810340330272,974.0,23.875217552343805,0.0007972397287789,-0.0078877256016278,0.0448886427695002,0.076414571664426,0.6764558151968518,725.0,26.721020756890404,-0.0316608591596221,0.022670795319403,0.115936128681666,0.114010368350148,4031.0,-0.1557579090246034,0.1003914023920688,0.6313232686049918,1699.0,0.9517259485918472,1.1501291123000978,67.86735421760108,-0.0142809172405513,-0.0078877256016278,,,,,,,,,,,,,,,,,,,,,,,,,,,,,,,,,,,,,,,
a69710cf0a6f8b41,staggered_multi_horizon,"{""family"": ""staggered_multi_horizon"", ""rank_buffer"": 5, ""reserve"": 0.1, ""top_n"": 20, ""tranches"": 3}",Average staggered desired momentum baskets; netted execution,rejected_screen,0.5337333570428107,0.1132608463532844,-0.1450333403548021,,1.0269132800099618,2677.0,0.2584143651445685,0.0802184128953227,-0.0849590368876183,,0.7558382728814196,2470.0,,,,,,,,,,,,,,,,,,,,,,,,,validation: CAGR trails incumbent by >2 percentage points; development: CAGR not higher,3.0,reports/momentum_staggered_20260929,False,False,-0.0222487390708058,0.0373669442525973,0.0764961051313811,0.581308711056893,974.0,22.243552742780725,-0.0144068258806029,0.0028368430681734,0.0410319979986818,0.0574066795496923,0.6763748187158791,725.0,24.42526221720448,-0.0352870193245775,0.0313748479303961,0.1051314637832381,0.1009330486943887,5149.0,-0.1450333403548021,0.0764961051313811,0.6224010431700023,1699.0,0.9569732223524487,1.0089837970953206,60.08277200689847,-0.0250855821389792,0.0028368430681734,,,,,,,,,,,,,,,,,,,,,,,,,,,,,,,,,,,,,,,
1e75f606fa488390,staggered_multi_horizon,"{""family"": ""staggered_multi_horizon"", ""rank_buffer"": 10, ""reserve"": 0.01, ""top_n"": 20, ""tranches"": 3}",Average staggered desired momentum baskets; netted execution,rejected_screen,0.5765804692041552,0.1209823589912191,-0.1576675648149893,,1.0102283254880118,2691.0,0.3152979797008952,0.0963704637286833,-0.0908519949440721,,0.8143199235751973,2405.0,,,,,,,,,,,,,,,,,,,,,,,,,development: CAGR not higher; development: drawdown not smaller,3.0,reports/momentum_staggered_20260929,False,False,-0.0228571426023924,0.0375857300607225,0.0836393102039701,0.6393487389164252,974.0,22.37379014270048,-0.0066853132426683,-0.0097973813920138,0.0397369999249041,0.0632311523682764,0.7439101860729377,725.0,23.654384144832488,-0.0191349684912169,0.0254818898739422,0.1171572847118387,0.1008438468179227,5098.0,-0.1576675648149893,0.0836393102039701,0.6845410031212391,1699.0,0.9712972888542378,1.166603030861447,60.02967249117372,-0.0130597612103786,-0.0097973813920138,,,,,,,,,,,,,,,,,,,,,,,,,,,,,,,,,,,,,,,
b5d72269891e18c3,staggered_multi_horizon,"{""family"": ""staggered_multi_horizon"", ""rank_buffer"": 5, ""reserve"": 0.05, ""top_n"": 15, ""tranches"": 3}",Average staggered desired momentum baskets; netted execution,rejected_screen,0.6600566146125408,0.135585148348122,-0.1639752238940414,,1.0274406684331112,2106.0,0.2866191403437217,0.0882864268369154,-0.0987327254431936,,0.7369752045875807,1925.0,,,,,,,,,,,,,,,,,,,,,,,,,validation: CAGR trails incumbent by >2 percentage points; development: CAGR not higher; development: drawdown not smaller,3.0,reports/momentum_staggered_20260929,False,False,-0.0240474215229573,0.0427222899311748,0.1055271419640616,0.6299271688830491,974.0,25.431448259524267,0.0079174761142346,-0.0161050404710658,0.0480238084286133,0.0806026148869251,0.714025748385594,725.0,28.587301880238915,-0.0272190053829848,0.0176011593748207,0.1222746648703259,0.1240077586474701,4031.0,-0.1639752238940414,0.1055271419640616,0.6663668215729679,1699.0,0.9519484881315606,1.2368202782265183,73.8185360125425,-0.0079423810518914,-0.0161050404710658,,,,,,,,,,,,,,,,,,,,,,,,,,,,,,,,,,,,,,,
0f39d753233e5c6e,staggered_multi_horizon,"{""family"": ""staggered_multi_horizon"", ""rank_buffer"": 5, ""reserve"": 0.05, ""top_n"": 20, ""tranches"": 3}",Average staggered desired momentum baskets; netted execution,rejected_screen,0.5685686488827506,0.1195505963508987,-0.1526928625568678,,1.0272078620116951,2677.0,0.273284363678322,0.0844867963225792,-0.0895693997222006,,0.7560198539945929,2470.0,,,,,,,,,,,,,,,,,,,,,,,,,validation: CAGR trails incumbent by >2 percentage points; development: CAGR not higher; development: drawdown not smaller,3.0,reports/momentum_staggered_20260929,False,False,-0.024144321540396,0.0398302900297091,0.0804751950834827,0.6135716065604,974.0,23.709917274664676,-0.0081170758829887,-0.0048226791338923,0.0438825234738875,0.0605585053243296,0.7139360591781221,725.0,26.122104574014827,-0.031018635897321,0.0267644850958137,0.1108954035157137,0.1095314350976701,5149.0,-0.1526928625568678,0.0804751950834827,0.6569516526001875,1699.0,0.957131151879862,1.0832581029905812,65.20116381788803,-0.0193216424065036,-0.0048226791338923,,,,,,,,,,,,,,,,,,,,,,,,,,,,,,,,,,,,,,,
9efb241d03e1e178,staggered_multi_horizon,"{""family"": ""staggered_multi_horizon"", ""rank_buffer"": 10, ""reserve"": 0.1, ""top_n"": 15, ""tranches"": 3}",Average staggered desired momentum baskets; netted execution,rejected_screen,0.6332647381480228,0.1309595157874827,-0.1651240641944875,,1.0505002012356617,2130.0,0.3203239743759041,0.0977751073184047,-0.0961361004418207,,0.8257371730488265,1856.0,,,,,,,,,,,,,,,,,,,,,,,,,development: CAGR not higher; development: drawdown not smaller,3.0,reports/momentum_staggered_20260929,False,False,-0.0246099340813704,0.0358316022294926,0.1002737164916732,0.5967782388462057,974.0,21.32960427971468,0.0032918435535953,-0.017253880771512,0.0397003953239396,0.0762223347409519,0.6763959650540586,725.0,23.63259439486856,-0.0177303249014955,0.0201977843761936,0.1228609926123589,0.1010869824908889,3986.0,-0.1651240641944875,0.1002737164916732,0.6312783989242041,1699.0,0.997041571304298,1.2449885527198652,60.17440472104825,-0.0073560533098584,-0.017253880771512,,,,,,,,,,,,,,,,,,,,,,,,,,,,,,,,,,,,,,,
105868a4ddf92084,staggered_multi_horizon,"{""family"": ""staggered_multi_horizon"", ""rank_buffer"": 5, ""reserve"": 0.01, ""top_n"": 15, ""tranches"": 3}",Average staggered desired momentum baskets; netted execution,rejected_screen,0.6934703216687497,0.1412763213419194,-0.1705158729791535,,1.0277161514327204,2106.0,0.2991062026696178,0.091820862488799,-0.1027784249745127,,0.7372236479196747,1925.0,,,,,,,,,,,,,,,,,,,,,,,,,validation: CAGR trails incumbent by >2 percentage points; development: CAGR not higher; development: drawdown not smaller,3.0,reports/momentum_staggered_20260929,False,False,-0.0255287043317595,0.0448465871560641,0.1096050195140178,0.6564186978932522,974.0,26.69598616350028,0.013608649108032,-0.0226456895561779,0.0505867094890234,0.0839487743238793,0.7440818015769962,725.0,30.11292903686139,-0.0236845697311012,0.0135554598435017,0.1273340311466357,0.1323781205508286,4031.0,-0.1705158729791535,0.1096050195140178,0.6944004154931173,1699.0,0.9521202679089228,1.3081490556316635,78.80119087495004,-0.0028830147755816,-0.0226456895561779,,,,,,,,,,,,,,,,,,,,,,,,,,,,,,,,,,,,,,,
8f52a6d6ff192d24,staggered_multi_horizon,"{""family"": ""staggered_multi_horizon"", ""rank_buffer"": 5, ""reserve"": 0.01, ""top_n"": 20, ""tranches"": 3}",Average staggered desired momentum baskets; netted execution,rejected_screen,0.5968413363969007,0.1245789373101764,-0.1587911873785297,,1.0274339974522937,2677.0,0.2852037650050461,0.0878843723521263,-0.0932497017663448,,0.7561570065426115,2470.0,,,,,,,,,,,,,,,,,,,,,,,,,validation: CAGR trails incumbent by >2 percentage points; development: CAGR not higher; development: drawdown not smaller,3.0,reports/momentum_staggered_20260929,False,False,-0.0256405729149676,0.0418358678810847,0.0836393102039701,0.6393802886109955,974.0,24.903784678305136,-0.0030887349237109,-0.0109210039555541,0.0462130073387495,0.0630771635214467,0.7439847299552094,725.0,27.50937992663228,-0.0276210598677739,0.0230841830516695,0.1154974769628038,0.1167111834286856,5149.0,-0.1587911873785297,0.0836393102039701,0.6845908981002058,1699.0,0.9572488272409848,1.1442377686702434,69.47507793838062,-0.0147195689594135,-0.0109210039555541,,,,,,,,,,,,,,,,,,,,,,,,,,,,,,,,,,,,,,,
96eae2cf0c02b500,staggered_multi_horizon,"{""family"": ""staggered_multi_horizon"", ""rank_buffer"": 10, ""reserve"": 0.05, ""top_n"": 15, ""tranches"": 3}",Average staggered desired momentum baskets; netted execution,rejected_screen,0.6756138243108574,0.1382454965610733,-0.173761865772988,,1.050873527543685,2130.0,0.3391996345275565,0.103018899769655,-0.1013354679985443,,0.8259724368771475,1856.0,,,,,,,,,,,,,,,,,,,,,,,,,development: CAGR not higher; development: drawdown not smaller,3.0,reports/momentum_staggered_20260929,False,False,-0.0264906369897864,0.0381730716305049,0.1053971376583785,0.6298875467521936,974.0,22.7234190311953,0.0105778243271859,-0.0258916823500124,0.0425614057327888,0.0803887529576186,0.7139512311396466,725.0,25.33567815512165,-0.0124865324502452,0.0149984168194701,0.1296180912824434,0.1101363235185508,3986.0,-0.173761865772988,0.1053971376583785,0.6663113608547049,1699.0,0.9972477806180572,1.3409834987403482,65.56123788234474,-0.0005989546397739,-0.0258916823500124,,,,,,,,,,,,,,,,,,,,,,,,,,,,,,,,,,,,,,,
645b53ff8502f4f7,staggered_multi_horizon,"{""family"": ""staggered_multi_horizon"", ""rank_buffer"": 10, ""reserve"": 0.01, ""top_n"": 15, ""tranches"": 3}",Average staggered desired momentum baskets; netted execution,rejected_screen,0.7100601007834784,0.1440707640296368,-0.1806323515522162,,1.0511619149828049,2130.0,0.3543635544475161,0.1071960898143975,-0.105484616354206,,0.8261535768441611,1856.0,,,,,,,,,,,,,,,,,,,,,,,,,development: drawdown not smaller,3.0,reports/momentum_staggered_20260929,False,False,-0.0279646165665641,0.0400781919951168,0.1094647998578481,0.6563726224899746,974.0,23.857486752257195,0.0164030917957493,-0.0327621681292407,0.0449083597753388,0.083716808169372,0.7439947545505834,725.0,26.732757768521253,-0.0083093424055027,0.0108492684638084,0.1350145974848939,0.1177329762752775,3986.0,-0.1806323515522162,0.1094647998578481,0.6943358840306384,1699.0,0.9974056173272,1.4201544888657112,70.08332417124683,0.0047975515626765,-0.0327621681292407,,,,,,,,,,,,,,,,,,,,,,,,,,,,,,,,,,,,,,,
b3443302ad55ea20,staggered_multi_horizon,"{""family"": ""staggered_multi_horizon"", ""rank_buffer"": 0, ""reserve"": 0.1, ""top_n"": 15, ""tranches"": 3}",Average staggered desired momentum baskets; netted execution,rejected_screen,0.5638927586965254,0.1187124519446483,-0.1498048741851827,,0.9581754031306852,2230.0,0.2220882035766795,0.0696482850194797,-0.1064873345990667,,0.6288248342236784,2002.0,,,,,,,,,,,,,,,,,,,,,,,,,validation: CAGR trails incumbent by >2 percentage points; development: CAGR not higher; development: drawdown not smaller,3.0,reports/momentum_staggered_20260929,False,False,-0.0284262771690616,0.047945748933692,0.1006294776445478,0.596838967718192,974.0,28.540835129288663,-0.0089552202892391,-0.0019346907622072,0.0516203237587753,0.0763285604356434,0.6765053649640284,725.0,30.728212250000222,-0.0458571472004205,0.0098465502189476,0.1037254595153629,0.1302784981238997,4234.0,-0.1498048741851827,0.1006294776445478,0.6313611269805781,1699.0,0.8648861048224493,0.9912142092332814,77.55134122501329,-0.0264915864068544,-0.0019346907622072,,,,,,,,,,,,,,,,,,,,,,,,,,,,,,,,,,,,,,,
59763ea01f892b1c,staggered_multi_horizon,"{""family"": ""staggered_multi_horizon"", ""rank_buffer"": 0, ""reserve"": 0.1, ""top_n"": 20, ""tranches"": 3}",Average staggered desired momentum baskets; netted execution,rejected_screen,0.5019581948068144,0.1074295935419082,-0.1421290066205034,,0.9806272782999677,2763.0,0.2037719776661681,0.0642393666407019,-0.085698771302665,,0.6247825171493018,2554.0,,,,,,,,,,,,,,,,,,,,,,,,,discovery: CAGR trails incumbent by >2 percentage points; validation: CAGR trails incumbent by >2 percentage points; development: CAGR not higher,3.0,reports/momentum_staggered_20260929,False,False,-0.0296970022335435,0.04302348516612,0.076480856514273,0.5813657771137652,974.0,25.610741809702944,-0.0202380786919791,0.0057411768024721,0.0468868853529939,0.0576241794075263,0.6764357757059821,725.0,27.910521669738618,-0.0512660655791983,0.0306351135153494,0.0947788668862017,0.1146050439528114,5318.0,-0.1421290066205034,0.076480856514273,0.622460813080894,1699.0,0.874999139403966,0.8812668230278411,68.22134886172475,-0.0354381790360156,0.0057411768024721,,,,,,,,,,,,,,,,,,,,,,,,,,,,,,,,,,,,,,,
484e1aa0c79819b6,staggered_multi_horizon,"{""family"": ""staggered_multi_horizon"", ""rank_buffer"": 0, ""reserve"": 0.05, ""top_n"": 15, ""tranches"": 3}",Average staggered desired momentum baskets; netted execution,rejected_screen,0.6005833265270273,0.1252394464229145,-0.1577366638472923,,0.9586186652405287,2230.0,0.2343165558857609,0.0732294961593547,-0.1123274613218235,,0.6289884616405093,2002.0,,,,,,,,,,,,,,,,,,,,,,,,,validation: CAGR trails incumbent by >2 percentage points; development: CAGR not higher; development: drawdown not smaller,3.0,reports/momentum_staggered_20260929,False,False,-0.0307637159109138,0.0510504925190942,0.1057902314448147,0.6299676952155658,974.0,30.3890067974845,-0.0024282258109729,-0.0098664804243168,0.0551667649639851,0.0805069039295129,0.7140940409610429,725.0,32.83931481873037,-0.0422759360605455,0.0040064234961908,0.1093198104356203,0.1413211908384352,4234.0,-0.1577366638472923,0.1057902314448147,0.6664197931403438,1699.0,0.8651127790702323,1.06272509099895,84.12476387787082,-0.020897235486597,-0.0098664804243168,,,,,,,,,,,,,,,,,,,,,,,,,,,,,,,,,,,,,,,
b65946589e91fe4f,staggered_multi_horizon,"{""family"": ""staggered_multi_horizon"", ""rank_buffer"": 0, ""reserve"": 0.05, ""top_n"": 20, ""tranches"": 3}",Average staggered desired momentum baskets; netted execution,rejected_screen,0.5342879552980557,0.1133618171088357,-0.1496440744989398,,0.9809242762953562,2763.0,0.2150416025359349,0.0675737867532686,-0.0903478623033272,,0.6250111924744762,2554.0,,,,,,,,,,,,,,,,,,,,,,,,,validation: CAGR trails incumbent by >2 percentage points; development: CAGR not higher; development: drawdown not smaller,3.0,reports/momentum_staggered_20260929,False,False,-0.0320715667153567,0.0457927326025814,0.0804583101570748,0.6136375737856186,974.0,27.259201501625927,-0.0143058551250516,-0.0017738910759642,0.0500515802751033,0.0608005938307834,0.7140115962601614,725.0,29.794380781655672,-0.0479316454666316,0.0259860225146871,0.0999193702828249,0.1240333212239026,5318.0,-0.1496440744989398,0.0804583101570748,0.6570227806627661,1699.0,0.8751723940067467,0.9437855240881404,73.83375273760505,-0.0302976756393924,-0.0017738910759642,,,,,,,,,,,,,,,,,,,,,,,,,,,,,,,,,,,,,,,
a13e48f5f701dcb8,staggered_multi_horizon,"{""family"": ""staggered_multi_horizon"", ""rank_buffer"": 0, ""reserve"": 0.01, ""top_n"": 15, ""tranches"": 3}",Average staggered desired momentum baskets; netted execution,rejected_screen,0.6303479559465834,0.1304525086857777,-0.164051974525204,,0.9589686750027384,2230.0,0.2440735143715922,0.0760700633496291,-0.1169934697116269,,0.6291150814309933,2002.0,,,,,,,,,,,,,,,,,,,,,,,,,validation: CAGR trails incumbent by >2 percentage points; development: CAGR not higher; development: drawdown not smaller,3.0,reports/momentum_staggered_20260929,False,False,-0.0326194786538495,0.0535707581495593,0.1098888629409498,0.6564694993656238,974.0,31.88925421129791,0.0027848364518903,-0.0161817911022285,0.0580611181378416,0.0838449400837881,0.7441663294981644,725.0,34.562246644348875,-0.0394353688702711,-0.0006595848936125,0.1137793583705963,0.1505292564905642,4234.0,-0.164051974525204,0.1098888629409498,0.6944664513810843,1699.0,0.8652904181167022,1.1212954151225412,89.60608160638392,-0.016437687551621,-0.0161817911022285,,,,,,,,,,,,,,,,,,,,,,,,,,,,,,,,,,,,,,,
4c571874e9330705,staggered_multi_horizon,"{""family"": ""staggered_multi_horizon"", ""rank_buffer"": 0, ""reserve"": 0.01, ""top_n"": 20, ""tranches"": 3}",Average staggered desired momentum baskets; netted execution,rejected_screen,0.5604917799220417,0.1181016529064327,-0.1556285424760193,,0.9811527119184588,2763.0,0.224039298605408,0.0702212763406762,-0.0940591774103112,,0.6251883453279772,2554.0,,,,,,,,,,,,,,,,,,,,,,,,,validation: CAGR trails incumbent by >2 percentage points; development: CAGR not higher; development: drawdown not smaller,3.0,reports/momentum_staggered_20260929,False,False,-0.0339562368712701,0.0480415283308378,0.0836210639212081,0.6394538052813806,974.0,28.597850068955204,-0.0095660193274547,-0.0077583590530437,0.0526307637263746,0.0633398513335846,0.7440727665691188,725.0,31.329700414533388,-0.045284155879224,0.0222747074077032,0.104019168103991,0.1318756131870781,5318.0,-0.1556285424760193,0.0836210639212081,0.6846717166558728,1699.0,0.8753024908292188,0.994915035299662,78.50206154359074,-0.0261978778182263,-0.0077583590530437,,,,,,,,,,,,,,,,,,,,,,,,,,,,,,,,,,,,,,,
2cf550d27fd7a786,auction_buffered_momentum,"{""market_exit_closes"": 0, ""market_source"": ""equal_weight"", ""market_window"": 200, ""min_turnover_thb"": 10000000.0, ""rank_buffer"": 5, ""rebalance"": 21, ""reserve"": 0.05, ""skip"": 21, ""stock_exit_closes"": 0, ""stock_window"": 200, ""top_n"": 15}",Buffered multi-horizon momentum with predeclared risk-exit changes; see auction_readiness report,not_selected_auction_audit,,,,,,,,,,,,,,,,,,,,,,,,,3.2157855280527556,0.1593637505483582,-0.1263904610190935,0.0853145739244876,1.2119438160277876,2404.0,2.7968114448124695,0.1469586930280613,-0.1305507684972062,0.0731777232215324,1.1266929075100507,2394.0,[],auction_readiness_20260929,reports/auction_readiness_20260929,,,,,,,,,,,,,,,,,,,,,,,,,,,,,,0.1911494925916783,,532.0,-0.0781486775181566,,,,1.5631173214719951,0.6135273378247716,,,,,,,,,,,,,,,,,,,,,,,,,,,,,,0.1128484604238406
7e75643d3b2a80cb,auction_buffered_momentum,"{""market_exit_closes"": 3, ""market_source"": ""equal_weight"", ""market_window"": 200, ""min_turnover_thb"": 10000000.0, ""rank_buffer"": 5, ""rebalance"": 21, ""reserve"": 0.1, ""skip"": 21, ""stock_exit_closes"": 0, ""stock_window"": 200, ""top_n"": 15}",Buffered multi-horizon momentum with predeclared risk-exit changes; see auction_readiness report,paper_candidate_not_live_ready,,,,,,,,,,,,,,,,,,,,,,,,,2.1680828987604257,0.1258165374814976,-0.1769162715900327,0.051767360857627,1.0451758234839217,2474.0,1.789074046348349,0.1111702572590955,-0.1917807876342759,0.0373892874525667,0.9348755330422466,2468.0,[],auction_readiness_20260929,reports/auction_readiness_20260929,,,,,,,,,,,,,,,,,,,,,,,,,,,,,,0.15327639597973,,593.0,-0.075204661367159,,,,1.3571061102929622,0.4770488299919202,,,,,,,,,,,,,,,,,,,,,,,,,,,,,,0.0749753638118924
1dbfea6883ce22aa,auction_buffered_momentum,"{""market_exit_closes"": 3, ""market_source"": ""SET100_price"", ""market_window"": 200, ""min_turnover_thb"": 10000000.0, ""rank_buffer"": 5, ""rebalance"": 21, ""reserve"": 0.1, ""skip"": 21, ""stock_exit_closes"": 0, ""stock_window"": 200, ""top_n"": 15}",Buffered multi-horizon momentum with predeclared risk-exit changes; see auction_readiness report,not_selected_auction_audit,,,,,,,,,,,,,,,,,,,,,,,,,1.5238412735410511,0.0998172545048912,-0.1407170564021626,0.0257680778810205,0.9521341770485948,1995.0,1.2795237414042957,0.0883690567279944,-0.1612534435859716,0.0145880869214656,0.8519900153499529,1988.0,[],auction_readiness_20260929,reports/auction_readiness_20260929,,,,,,,,,,,,,,,,,,,,,,,,,,,,,,0.1650081198315152,,529.0,-0.0773630049785315,,,,1.3759831660396775,0.5185083189865505,,,,,,,,,,,,,,,,,,,,,,,,,,,,,,0.0867070876636775
303e1da0c09218de,auction_buffered_momentum,"{""market_exit_closes"": 3, ""market_source"": ""SET100_price"", ""market_window"": 200, ""min_turnover_thb"": 10000000.0, ""rank_buffer"": 5, ""rebalance"": 21, ""reserve"": 0.1, ""skip"": 21, ""stock_exit_closes"": 3, ""stock_window"": 200, ""top_n"": 15}",Buffered multi-horizon momentum with predeclared risk-exit changes; see auction_readiness report,not_selected_auction_audit,,,,,,,,,,,,,,,,,,,,,,,,,1.4281172016238917,0.0954555223323547,-0.1479846558063647,0.021406345708484,0.9297307618944812,2494.0,1.186215615643516,0.0837042257454518,-0.1686025920288861,0.009923255938923,0.8248554383618966,2488.0,[],auction_readiness_20260929,reports/auction_readiness_20260929,,,,,,,,,,,,,,,,,,,,,,,,,,,,,,0.1588669518970036,,708.0,-0.0778170832148892,,,,1.346398172060178,0.49671484975828,,,,,,,,,,,,,,,,,,,,,,,,,,,,,,0.0805659197291659
19da3fad9eb1d863,capital_aware_buffered_momentum,"{""affordability_filter"": true, ""daily_exit"": 0, ""family"": ""capital_aware_buffered_momentum"", ""market_window"": 200, ""min_turnover_thb"": 10000000, ""rank_buffer"": 5, ""rebalance"": 21, ""reserve"": 0.1, ""skip"": 21, ""top_n"": 5, ""trend"": 200}",Capital-aware affordability screening then buffered momentum; 100-share order lots; price-only daily proxy,rejected_30000_comparison,,,,,,,,,,,,,,,,,,,,,,,,,0.638070539534652,0.0520279740835865,-0.3787853177684587,0.0127841038357598,,408.0,,,,,,,"{""name"": ""affordable_5_exit0"", ""candidate"": ""19da3fad9eb1d863"", ""passes"": false, ""min_full_cagr"": 0.03732526838772898, ""worst_drawdown"": -0.41514240522426615, ""failed_cases"": [{""scenario"": ""base"", ""period"": ""full"", ""excess_cagr"": 0.012784103835759897, ""max_drawdown"": -0.3787853177684587}, {""scenario"": ""minimum_fee"", ""period"": ""full"", ""excess_cagr"": 0.012640665547910546, ""max_drawdown"": -0.3863695415490841}, {""scenario"": ""higher_cost"", ""period"": ""full"", ""excess_cagr"": 0.004759181076846142, ""max_drawdown"": -0.41514240522426615}, {""scenario"": ""delay_one"", ""period"": ""full"", ""excess_cagr"": 0.022987025531907124, ""max_drawdown"": -0.30554073984253394}, {""scenario"": ""delay_one"", ""period"": ""recent"", ""excess_cagr"": -0.0018286800534010883, ""max_drawdown"": -0.21686685243576953}, {""scenario"": ""morning_only"", ""period"": ""full"", ""excess_cagr"": 0.007939507553085923, ""max_drawdown"": -0.36624701333293297}, {""scenario"": ""morning_only"", ""period"": ""recent"", ""excess_cagr"": -0.010312492979216215, ""max_drawdown"": -0.16982874175748575}, {""scenario"": ""close_only"", ""period"": ""full"", ""excess_cagr"": 0.016432972324354145, ""max_drawdown"": -0.3271728309783323}, {""scenario"": ""close_only"", ""period"": ""recent"", ""excess_cagr"": -0.006436091421519352, ""max_drawdown"": -0.18264923514622944}, {""scenario"": ""missed_fills"", ""period"": ""full"", ""excess_cagr"": 0.005474883546942033, ""max_drawdown"": -0.33564783455584624}, {""scenario"": ""missed_fills"", ""period"": ""recent"", ""excess_cagr"": -0.01937153232755784, ""max_drawdown"": -0.1988857993454226}, {""scenario"": ""phase_10"", ""period"": ""full"", ""excess_cagr"": 0.05344103429621416, ""max_drawdown"": -0.290078916771944}, {""scenario"": ""exclude_top3"", ""period"": ""full"", ""excess_cagr"": 0.030483716581828135, ""max_drawdown"": -0.33943303066787933}, {""scenario"": ""exclude_top3"", ""period"": ""recent"", ""excess_cagr"": -0.008067743778149117, ""max_drawdown"": -0.23911483701773084}, {""scenario"": ""exclude_complex_actions"", ""period"": ""full"", ""excess_cagr"": 0.02008484690073664, ""max_drawdown"": -0.34717267090413095}, {""scenario"": ""exclude_complex_actions"", ""period"": ""recent"", ""excess_cagr"": -0.0034449332294652635, ""max_drawdown"": -0.23825592249915972}]}",small_capital_30000_20260929,reports/small_capital_30000_20260929,,,,,,,,,,,,,,,,,,,,,,,,,,,,,,,,,,,,,,,,,,,,,,,,,,,,,,,,,,,,,,,,,,,,
43dda1d1ff59253d,capital_aware_buffered_momentum,"{""affordability_filter"": true, ""daily_exit"": 3, ""family"": ""capital_aware_buffered_momentum"", ""market_window"": 200, ""min_turnover_thb"": 10000000, ""rank_buffer"": 5, ""rebalance"": 21, ""reserve"": 0.1, ""skip"": 21, ""top_n"": 5, ""trend"": 200}",Capital-aware affordability screening then buffered momentum; 100-share order lots; price-only daily proxy,rejected_30000_comparison,,,,,,,,,,,,,,,,,,,,,,,,,0.546124133421827,0.0458007077197375,-0.3973631435626248,0.0065568374719109,,430.0,,,,,,,"{""name"": ""affordable_5_exit3"", ""candidate"": ""43dda1d1ff59253d"", ""passes"": false, ""min_full_cagr"": 0.029882044736251334, ""worst_drawdown"": -0.4543592432007031, ""failed_cases"": [{""scenario"": ""base"", ""period"": ""full"", ""excess_cagr"": 0.006556837471910937, ""max_drawdown"": -0.3973631435626248}, {""scenario"": ""minimum_fee"", ""period"": ""full"", ""excess_cagr"": 0.006519930850002353, ""max_drawdown"": -0.395899965154348}, {""scenario"": ""minimum_fee"", ""period"": ""recent"", ""excess_cagr"": 0.01465777080084707, ""max_drawdown"": -0.25006975465046977}, {""scenario"": ""higher_cost"", ""period"": ""full"", ""excess_cagr"": -0.006436770410372938, ""max_drawdown"": -0.4543592432007031}, {""scenario"": ""higher_cost"", ""period"": ""recent"", ""excess_cagr"": 0.009725560635073904, ""max_drawdown"": -0.2538641958409017}, {""scenario"": ""delay_one"", ""period"": ""full"", ""excess_cagr"": 0.01120853323047255, ""max_drawdown"": -0.3581245210486671}, {""scenario"": ""morning_only"", ""period"": ""full"", ""excess_cagr"": -0.00034613810143180324, ""max_drawdown"": -0.373440312168705}, {""scenario"": ""morning_only"", ""period"": ""recent"", ""excess_cagr"": -0.021011659341777067, ""max_drawdown"": -0.21386944452972434}, {""scenario"": ""close_only"", ""period"": ""full"", ""excess_cagr"": 0.005049793663153945, ""max_drawdown"": -0.3724219924301134}, {""scenario"": ""close_only"", ""period"": ""recent"", ""excess_cagr"": -0.010897647534499066, ""max_drawdown"": -0.22937851029700218}, {""scenario"": ""missed_fills"", ""period"": ""full"", ""excess_cagr"": 0.002095309153692382, ""max_drawdown"": -0.35767388947933343}, {""scenario"": ""missed_fills"", ""period"": ""recent"", ""excess_cagr"": -0.025442822488935812, ""max_drawdown"": -0.21319802222319373}, {""scenario"": ""exclude_top3"", ""period"": ""full"", ""excess_cagr"": 0.033982540228850056, ""max_drawdown"": -0.3265117997043606}, {""scenario"": ""exclude_top3"", ""period"": ""recent"", ""excess_cagr"": -0.002412511296972397, ""max_drawdown"": -0.22764472674493497}, {""scenario"": ""exclude_complex_actions"", ""period"": ""full"", ""excess_cagr"": -0.00015403573332051224, ""max_drawdown"": -0.4496344943050873}, {""scenario"": ""exclude_complex_actions"", ""period"": ""recent"", ""excess_cagr"": -0.015477132974301533, ""max_drawdown"": -0.24993683791976384}]}",small_capital_30000_20260929,reports/small_capital_30000_20260929,,,,,,,,,,,,,,,,,,,,,,,,,,,,,,,,,,,,,,,,,,,,,,,,,,,,,,,,,,,,,,,,,,,,
fb17fdeed4ce6a69,capital_aware_buffered_momentum,"{""affordability_filter"": true, ""daily_exit"": 0, ""family"": ""capital_aware_buffered_momentum"", ""market_window"": 200, ""min_turnover_thb"": 10000000, ""rank_buffer"": 5, ""rebalance"": 21, ""reserve"": 0.1, ""skip"": 21, ""top_n"": 8, ""trend"": 200}",Capital-aware affordability screening then buffered momentum; 100-share order lots; price-only daily proxy,rejected_30000_comparison,,,,,,,,,,,,,,,,,,,,,,,,,1.235487964712649,0.0861893188168627,-0.3131013556377143,0.0469454485690361,,546.0,,,,,,,"{""name"": ""affordable_8_exit0"", ""candidate"": ""fb17fdeed4ce6a69"", ""passes"": false, ""min_full_cagr"": 0.05348542616397256, ""worst_drawdown"": -0.3468757079382442, ""failed_cases"": [{""scenario"": ""base"", ""period"": ""full"", ""excess_cagr"": 0.04694544856903615, ""max_drawdown"": -0.31310135563771435}, {""scenario"": ""minimum_fee"", ""period"": ""full"", ""excess_cagr"": 0.046512231500951184, ""max_drawdown"": -0.3206597623647157}, {""scenario"": ""higher_cost"", ""period"": ""full"", ""excess_cagr"": 0.04535879826806388, ""max_drawdown"": -0.3468757079382442}, {""scenario"": ""delay_one"", ""period"": ""full"", ""excess_cagr"": 0.0529450300529275, ""max_drawdown"": -0.2643665387214398}, {""scenario"": ""morning_only"", ""period"": ""full"", ""excess_cagr"": 0.029192158700694693, ""max_drawdown"": -0.32348533846123284}, {""scenario"": ""close_only"", ""period"": ""full"", ""excess_cagr"": 0.04732101644966802, ""max_drawdown"": -0.3029625613237086}, {""scenario"": ""missed_fills"", ""period"": ""full"", ""excess_cagr"": 0.03002893561027853, ""max_drawdown"": -0.28453395722286146}, {""scenario"": ""phase_10"", ""period"": ""full"", ""excess_cagr"": 0.038282071286033004, ""max_drawdown"": -0.26166783481011846}, {""scenario"": ""exclude_top3"", ""period"": ""full"", ""excess_cagr"": 0.04664387435807171, ""max_drawdown"": -0.33457153061693556}, {""scenario"": ""exclude_complex_actions"", ""period"": ""full"", ""excess_cagr"": 0.025155391915798964, ""max_drawdown"": -0.2730634959674453}]}",small_capital_30000_20260929,reports/small_capital_30000_20260929,,,,,,,,,,,,,,,,,,,,,,,,,,,,,,,,,,,,,,,,,,,,,,,,,,,,,,,,,,,,,,,,,,,,
2ccf9e0e09d5517e,capital_aware_buffered_momentum,"{""affordability_filter"": true, ""daily_exit"": 3, ""family"": ""capital_aware_buffered_momentum"", ""market_window"": 200, ""min_turnover_thb"": 10000000, ""rank_buffer"": 5, ""rebalance"": 21, ""reserve"": 0.1, ""skip"": 21, ""top_n"": 8, ""trend"": 200}",Capital-aware affordability screening then buffered momentum; 100-share order lots; price-only daily proxy,rejected_30000_comparison,,,,,,,,,,,,,,,,,,,,,,,,,1.286076155804254,0.0886901615629858,-0.3071508258696837,0.0494462913151592,,596.0,,,,,,,"{""name"": ""affordable_8_exit3"", ""candidate"": ""2ccf9e0e09d5517e"", ""passes"": false, ""min_full_cagr"": 0.049354285914952056, ""worst_drawdown"": -0.3648208168987338, ""failed_cases"": [{""scenario"": ""base"", ""period"": ""full"", ""excess_cagr"": 0.04944629131515921, ""max_drawdown"": -0.3071508258696837}, {""scenario"": ""minimum_fee"", ""period"": ""full"", ""excess_cagr"": 0.04914253849111372, ""max_drawdown"": -0.30774065245052884}, {""scenario"": ""higher_cost"", ""period"": ""full"", ""excess_cagr"": 0.04033158915179014, ""max_drawdown"": -0.33055397603914805}, {""scenario"": ""delay_one"", ""period"": ""full"", ""excess_cagr"": 0.04636485412460556, ""max_drawdown"": -0.29733039095340874}, {""scenario"": ""morning_only"", ""period"": ""full"", ""excess_cagr"": 0.02601864116759489, ""max_drawdown"": -0.32492750323162445}, {""scenario"": ""close_only"", ""period"": ""full"", ""excess_cagr"": 0.024569704843317774, ""max_drawdown"": -0.3648208168987338}, {""scenario"": ""missed_fills"", ""period"": ""full"", ""excess_cagr"": 0.03291473546150381, ""max_drawdown"": -0.2978266541465312}, {""scenario"": ""exclude_top3"", ""period"": ""full"", ""excess_cagr"": 0.04681072922638929, ""max_drawdown"": -0.27356267710499127}, {""scenario"": ""exclude_complex_actions"", ""period"": ""full"", ""excess_cagr"": 0.014050257222930407, ""max_drawdown"": -0.29703183561297875}]}",small_capital_30000_20260929,reports/small_capital_30000_20260929,,,,,,,,,,,,,,,,,,,,,,,,,,,,,,,,,,,,,,,,,,,,,,,,,,,,,,,,,,,,,,,,,,,,
a6369aabf39ba82b,capital_aware_buffered_momentum,"{""affordability_filter"": true, ""daily_exit"": 0, ""family"": ""capital_aware_buffered_momentum"", ""market_window"": 200, ""min_turnover_thb"": 10000000, ""rank_buffer"": 5, ""rebalance"": 21, ""reserve"": 0.1, ""skip"": 21, ""top_n"": 10, ""trend"": 200}",Capital-aware affordability screening then buffered momentum; 100-share order lots; price-only daily proxy,rejected_30000_comparison,,,,,,,,,,,,,,,,,,,,,,,,,1.227309732667233,0.0857802661296625,-0.2592652868976427,0.0465363958818358,,629.0,,,,,,,"{""name"": ""affordable_10_exit0"", ""candidate"": ""a6369aabf39ba82b"", ""passes"": false, ""min_full_cagr"": 0.05260781527365177, ""worst_drawdown"": -0.2862038921899914, ""failed_cases"": [{""scenario"": ""base"", ""period"": ""full"", ""excess_cagr"": 0.04653639588183589, ""max_drawdown"": -0.2592652868976427}, {""scenario"": ""minimum_fee"", ""period"": ""full"", ""excess_cagr"": 0.038546063706369704, ""max_drawdown"": -0.25631316683770267}, {""scenario"": ""higher_cost"", ""period"": ""full"", ""excess_cagr"": 0.03586765233917877, ""max_drawdown"": -0.26859537814580936}, {""scenario"": ""morning_only"", ""period"": ""full"", ""excess_cagr"": 0.045213216823991376, ""max_drawdown"": -0.25328183680933647}, {""scenario"": ""close_only"", ""period"": ""full"", ""excess_cagr"": 0.047029036907983324, ""max_drawdown"": -0.2618593289038752}, {""scenario"": ""exclude_top3"", ""period"": ""full"", ""excess_cagr"": 0.04576626346775092, ""max_drawdown"": -0.2862038921899914}]}",small_capital_30000_20260929,reports/small_capital_30000_20260929,,,,,,,,,,,,,,,,,,,,,,,,,,,,,,,,,,,,,,,,,,,,,,,,,,,,,,,,,,,,,,,,,,,,
6876fe6556e26470,capital_aware_buffered_momentum,"{""affordability_filter"": true, ""daily_exit"": 3, ""family"": ""capital_aware_buffered_momentum"", ""market_window"": 200, ""min_turnover_thb"": 10000000, ""rank_buffer"": 5, ""rebalance"": 21, ""reserve"": 0.1, ""skip"": 21, ""top_n"": 10, ""trend"": 200}",Capital-aware affordability screening then buffered momentum; 100-share order lots; price-only daily proxy,rejected_30000_comparison,,,,,,,,,,,,,,,,,,,,,,,,,1.053097572937716,0.0767299909908594,-0.2498021279288518,0.0374861207430328,,681.0,,,,,,,"{""name"": ""affordable_10_exit3"", ""candidate"": ""6876fe6556e26470"", ""passes"": false, ""min_full_cagr"": 0.0508955122405792, ""worst_drawdown"": -0.27770824662418236, ""failed_cases"": [{""scenario"": ""higher_cost"", ""period"": ""full"", ""excess_cagr"": 0.03425562476920141, ""max_drawdown"": -0.27770824662418236}, {""scenario"": ""delay_one"", ""period"": ""full"", ""excess_cagr"": 0.03909574841647534, ""max_drawdown"": -0.2579655823953796}, {""scenario"": ""close_only"", ""period"": ""full"", ""excess_cagr"": 0.03650307485865345, ""max_drawdown"": -0.27140372223140197}, {""scenario"": ""exclude_top3"", ""period"": ""full"", ""excess_cagr"": 0.04577398288300927, ""max_drawdown"": -0.2766079473458164}]}",small_capital_30000_20260929,reports/small_capital_30000_20260929,,,,,,,,,,,,,,,,,,,,,,,,,,,,,,,,,,,,,,,,,,,,,,,,,,,,,,,,,,,,,,,,,,,,
b142b3be5b992c7b,capital_aware_buffered_momentum,"{""affordability_filter"": true, ""daily_exit"": 0, ""family"": ""capital_aware_buffered_momentum"", ""market_window"": 200, ""min_turnover_thb"": 10000000, ""rank_buffer"": 5, ""rebalance"": 21, ""reserve"": 0.1, ""skip"": 21, ""top_n"": 15, ""trend"": 200}",Capital-aware affordability screening then buffered momentum; 100-share order lots; price-only daily proxy,selected_experimental_30000,,,,,,,,,,,,,,,,,,,,,,,,,0.6953556673433763,0.0557509584122477,-0.191796364520484,0.0165070881644211,,697.0,,,,,,,"{""name"": ""affordable_15_exit0"", ""candidate"": ""b142b3be5b992c7b"", ""passes"": true, ""min_full_cagr"": 0.03821168092807303, ""worst_drawdown"": -0.21695864513964924, ""failed_cases"": []}",small_capital_30000_20260929,reports/small_capital_30000_20260929,,,,,,,,,,,,,,,,,,,,,,,,,,,,,,,,,,,,,,,,,,,,,,,,,,,,,,,,,,,,,,,,,,,,
65dfb0605fd9cf3e,capital_aware_buffered_momentum,"{""affordability_filter"": true, ""daily_exit"": 3, ""family"": ""capital_aware_buffered_momentum"", ""market_window"": 200, ""min_turnover_thb"": 10000000, ""rank_buffer"": 5, ""rebalance"": 21, ""reserve"": 0.1, ""skip"": 21, ""top_n"": 15, ""trend"": 200}",Capital-aware affordability screening then buffered momentum; 100-share order lots; price-only daily proxy,rejected_30000_comparison,,,,,,,,,,,,,,,,,,,,,,,,,0.5889884243174854,0.0487439886532499,-0.1924491751576525,0.0095001184054233,,730.0,,,,,,,"{""name"": ""affordable_15_exit3"", ""candidate"": ""65dfb0605fd9cf3e"", ""passes"": false, ""min_full_cagr"": 0.02547932317358015, ""worst_drawdown"": -0.20553512906358773, ""failed_cases"": [{""scenario"": ""exclude_complex_actions"", ""period"": ""full"", ""excess_cagr"": -0.009824705518441501, ""max_drawdown"": -0.19421174573686117}]}",small_capital_30000_20260929,reports/small_capital_30000_20260929,,,,,,,,,,,,,,,,,,,,,,,,,,,,,,,,,,,,,,,,,,,,,,,,,,,,,,,,,,,,,,,,,,,,
6253ccd08826bdec,capital_aware_buffered_momentum,"{""affordability_filter"": true, ""daily_exit"": 0, ""family"": ""capital_aware_buffered_momentum"", ""market_window"": 200, ""min_turnover_thb"": 10000000, ""rank_buffer"": 5, ""rebalance"": 10, ""reserve"": 0.05, ""skip"": 21, ""top_n"": 3, ""trend"": 200}","Whole-lot affordable ranking, shared SMA200 market/stock filter and positive skipped-year return",not_selected_100000,,,,,,,,,,,,,,,,,,,,,,,,,0.5595375009960057,0.0467295263194023,-0.3969705524313698,0.0074856560715756,,532.0,,,,,,,"{""reason"": ""Not shortlisted by declared screen""}",capital_100000_20260929,reports/capital_100000_20260929,,,,,,,,,,,,,,,,,,,,,,,,,,,,,,,,,,,,,,,,,,,,,,,,,,,,,,,,,,,,,,,,,,,,
0fef6729d192c825,capital_aware_buffered_momentum,"{""affordability_filter"": true, ""daily_exit"": 3, ""family"": ""capital_aware_buffered_momentum"", ""market_window"": 200, ""min_turnover_thb"": 10000000, ""rank_buffer"": 5, ""rebalance"": 10, ""reserve"": 0.05, ""skip"": 21, ""top_n"": 3, ""trend"": 200}","Whole-lot affordable ranking, shared SMA200 market/stock filter and positive skipped-year return",not_selected_100000,,,,,,,,,,,,,,,,,,,,,,,,,0.3089932464493421,0.0280585174034837,-0.4089617558037683,-0.0111853528443428,,543.0,,,,,,,"{""reason"": ""Not shortlisted by declared screen""}",capital_100000_20260929,reports/capital_100000_20260929,,,,,,,,,,,,,,,,,,,,,,,,,,,,,,,,,,,,,,,,,,,,,,,,,,,,,,,,,,,,,,,,,,,,
ee7526bb04a3f99c,capital_aware_buffered_momentum,"{""affordability_filter"": true, ""daily_exit"": 0, ""family"": ""capital_aware_buffered_momentum"", ""market_window"": 200, ""min_turnover_thb"": 10000000, ""rank_buffer"": 5, ""rebalance"": 21, ""reserve"": 0.05, ""skip"": 21, ""top_n"": 3, ""trend"": 200}","Whole-lot affordable ranking, shared SMA200 market/stock filter and positive skipped-year return",not_selected_100000,,,,,,,,,,,,,,,,,,,,,,,,,1.858785477668804,0.1139930346147364,-0.3813574604758484,0.0747491643669098,,349.0,,,,,,,"{""reason"": ""Not shortlisted by declared screen""}",capital_100000_20260929,reports/capital_100000_20260929,,,,,,,,,,,,,,,,,,,,,,,,,,,,,,,,,,,,,,,,,,,,,,,,,,,,,,,,,,,,,,,,,,,,
c0b0ad4547efbd09,capital_aware_buffered_momentum,"{""affordability_filter"": true, ""daily_exit"": 3, ""family"": ""capital_aware_buffered_momentum"", ""market_window"": 200, ""min_turnover_thb"": 10000000, ""rank_buffer"": 5, ""rebalance"": 21, ""reserve"": 0.05, ""skip"": 21, ""top_n"": 3, ""trend"": 200}","Whole-lot affordable ranking, shared SMA200 market/stock filter and positive skipped-year return",not_selected_100000,,,,,,,,,,,,,,,,,,,,,,,,,1.464893182532517,0.0971491945544302,-0.4030619470223385,0.0579053243066036,,355.0,,,,,,,"{""reason"": ""Not shortlisted by declared screen""}",capital_100000_20260929,reports/capital_100000_20260929,,,,,,,,,,,,,,,,,,,,,,,,,,,,,,,,,,,,,,,,,,,,,,,,,,,,,,,,,,,,,,,,,,,,
d65fe2d21dd044e3,capital_aware_buffered_momentum,"{""affordability_filter"": true, ""daily_exit"": 0, ""family"": ""capital_aware_buffered_momentum"", ""market_window"": 200, ""min_turnover_thb"": 10000000, ""rank_buffer"": 5, ""rebalance"": 42, ""reserve"": 0.05, ""skip"": 21, ""top_n"": 3, ""trend"": 200}","Whole-lot affordable ranking, shared SMA200 market/stock filter and positive skipped-year return",not_selected_100000,,,,,,,,,,,,,,,,,,,,,,,,,1.3178077725460833,0.0902336005814354,-0.4205516155791677,0.0509897303336088,,202.0,,,,,,,"{""reason"": ""Not shortlisted by declared screen""}",capital_100000_20260929,reports/capital_100000_20260929,,,,,,,,,,,,,,,,,,,,,,,,,,,,,,,,,,,,,,,,,,,,,,,,,,,,,,,,,,,,,,,,,,,,
4385dfc2c1a0808f,capital_aware_buffered_momentum,"{""affordability_filter"": true, ""daily_exit"": 3, ""family"": ""capital_aware_buffered_momentum"", ""market_window"": 200, ""min_turnover_thb"": 10000000, ""rank_buffer"": 5, ""rebalance"": 42, ""reserve"": 0.05, ""skip"": 21, ""top_n"": 3, ""trend"": 200}","Whole-lot affordable ranking, shared SMA200 market/stock filter and positive skipped-year return",not_selected_100000,,,,,,,,,,,,,,,,,,,,,,,,,1.51020007484655,0.0992048488335093,-0.3652760845641741,0.0599609785856827,,204.0,,,,,,,"{""reason"": ""Not shortlisted by declared screen""}",capital_100000_20260929,reports/capital_100000_20260929,,,,,,,,,,,,,,,,,,,,,,,,,,,,,,,,,,,,,,,,,,,,,,,,,,,,,,,,,,,,,,,,,,,,
7906bb9ce1043d28,capital_aware_buffered_momentum,"{""affordability_filter"": true, ""daily_exit"": 0, ""family"": ""capital_aware_buffered_momentum"", ""market_window"": 200, ""min_turnover_thb"": 10000000, ""rank_buffer"": 5, ""rebalance"": 10, ""reserve"": 0.05, ""skip"": 21, ""top_n"": 5, ""trend"": 200}","Whole-lot affordable ranking, shared SMA200 market/stock filter and positive skipped-year return",not_selected_100000,,,,,,,,,,,,,,,,,,,,,,,,,1.4137494245623188,0.0947875735833019,-0.3061315907072682,0.0555437033354753,,781.0,,,,,,,"{""reason"": ""Not shortlisted by declared screen""}",capital_100000_20260929,reports/capital_100000_20260929,,,,,,,,,,,,,,,,,,,,,,,,,,,,,,,,,,,,,,,,,,,,,,,,,,,,,,,,,,,,,,,,,,,,
3f5700f31d57a686,capital_aware_buffered_momentum,"{""affordability_filter"": true, ""daily_exit"": 3, ""family"": ""capital_aware_buffered_momentum"", ""market_window"": 200, ""min_turnover_thb"": 10000000, ""rank_buffer"": 5, ""rebalance"": 10, ""reserve"": 0.05, ""skip"": 21, ""top_n"": 5, ""trend"": 200}","Whole-lot affordable ranking, shared SMA200 market/stock filter and positive skipped-year return",not_selected_100000,,,,,,,,,,,,,,,,,,,,,,,,,1.2446005496559116,0.086643526740775,-0.3630891803472825,0.0473996564929484,,835.0,,,,,,,"{""reason"": ""Not shortlisted by declared screen""}",capital_100000_20260929,reports/capital_100000_20260929,,,,,,,,,,,,,,,,,,,,,,,,,,,,,,,,,,,,,,,,,,,,,,,,,,,,,,,,,,,,,,,,,,,,
ab678a9c4767fe33,capital_aware_buffered_momentum,"{""affordability_filter"": true, ""daily_exit"": 0, ""family"": ""capital_aware_buffered_momentum"", ""market_window"": 200, ""min_turnover_thb"": 10000000, ""rank_buffer"": 5, ""rebalance"": 21, ""reserve"": 0.05, ""skip"": 21, ""top_n"": 5, ""trend"": 200}","Whole-lot affordable ranking, shared SMA200 market/stock filter and positive skipped-year return",not_selected_100000,,,,,,,,,,,,,,,,,,,,,,,,,1.363469706690435,0.0924216720216526,-0.3970311620463668,0.053177801773826,,500.0,,,,,,,"{""reason"": ""Not shortlisted by declared screen""}",capital_100000_20260929,reports/capital_100000_20260929,,,,,,,,,,,,,,,,,,,,,,,,,,,,,,,,,,,,,,,,,,,,,,,,,,,,,,,,,,,,,,,,,,,,
c1f858146831d68a,capital_aware_buffered_momentum,"{""affordability_filter"": true, ""daily_exit"": 3, ""family"": ""capital_aware_buffered_momentum"", ""market_window"": 200, ""min_turnover_thb"": 10000000, ""rank_buffer"": 5, ""rebalance"": 21, ""reserve"": 0.05, ""skip"": 21, ""top_n"": 5, ""trend"": 200}","Whole-lot affordable ranking, shared SMA200 market/stock filter and positive skipped-year return",not_selected_100000,,,,,,,,,,,,,,,,,,,,,,,,,1.191112269154325,0.0839534291490762,-0.387251678391207,0.0447095589012496,,504.0,,,,,,,"{""reason"": ""Not shortlisted by declared screen""}",capital_100000_20260929,reports/capital_100000_20260929,,,,,,,,,,,,,,,,,,,,,,,,,,,,,,,,,,,,,,,,,,,,,,,,,,,,,,,,,,,,,,,,,,,,
b2fe0a6279629d1a,capital_aware_buffered_momentum,"{""affordability_filter"": true, ""daily_exit"": 0, ""family"": ""capital_aware_buffered_momentum"", ""market_window"": 200, ""min_turnover_thb"": 10000000, ""rank_buffer"": 5, ""rebalance"": 42, ""reserve"": 0.05, ""skip"": 21, ""top_n"": 5, ""trend"": 200}","Whole-lot affordable ranking, shared SMA200 market/stock filter and positive skipped-year return",not_selected_100000,,,,,,,,,,,,,,,,,,,,,,,,,1.015645947844411,0.0746947237434925,-0.3879746030030945,0.0354508534956659,,295.0,,,,,,,"{""reason"": ""Not shortlisted by declared screen""}",capital_100000_20260929,reports/capital_100000_20260929,,,,,,,,,,,,,,,,,,,,,,,,,,,,,,,,,,,,,,,,,,,,,,,,,,,,,,,,,,,,,,,,,,,,
eb88a1d0e3e2a1aa,capital_aware_buffered_momentum,"{""affordability_filter"": true, ""daily_exit"": 3, ""family"": ""capital_aware_buffered_momentum"", ""market_window"": 200, ""min_turnover_thb"": 10000000, ""rank_buffer"": 5, ""rebalance"": 42, ""reserve"": 0.05, ""skip"": 21, ""top_n"": 5, ""trend"": 200}","Whole-lot affordable ranking, shared SMA200 market/stock filter and positive skipped-year return",not_selected_100000,,,,,,,,,,,,,,,,,,,,,,,,,1.0907580577092355,0.0787432913265828,-0.3817129140157316,0.0394994210787562,,291.0,,,,,,,"{""reason"": ""Not shortlisted by declared screen""}",capital_100000_20260929,reports/capital_100000_20260929,,,,,,,,,,,,,,,,,,,,,,,,,,,,,,,,,,,,,,,,,,,,,,,,,,,,,,,,,,,,,,,,,,,,
b30922a578a531b3,capital_aware_buffered_momentum,"{""affordability_filter"": true, ""daily_exit"": 0, ""family"": ""capital_aware_buffered_momentum"", ""market_window"": 200, ""min_turnover_thb"": 10000000, ""rank_buffer"": 5, ""rebalance"": 10, ""reserve"": 0.05, ""skip"": 21, ""top_n"": 8, ""trend"": 200}","Whole-lot affordable ranking, shared SMA200 market/stock filter and positive skipped-year return",not_selected_100000,,,,,,,,,,,,,,,,,,,,,,,,,1.0093293754439872,0.0743481174186464,-0.3413823053989593,0.0351042471708198,,1062.0,,,,,,,"{""reason"": ""Not shortlisted by declared screen""}",capital_100000_20260929,reports/capital_100000_20260929,,,,,,,,,,,,,,,,,,,,,,,,,,,,,,,,,,,,,,,,,,,,,,,,,,,,,,,,,,,,,,,,,,,,
c69faef1c686255c,capital_aware_buffered_momentum,"{""affordability_filter"": true, ""daily_exit"": 3, ""family"": ""capital_aware_buffered_momentum"", ""market_window"": 200, ""min_turnover_thb"": 10000000, ""rank_buffer"": 5, ""rebalance"": 10, ""reserve"": 0.05, ""skip"": 21, ""top_n"": 8, ""trend"": 200}","Whole-lot affordable ranking, shared SMA200 market/stock filter and positive skipped-year return",not_selected_100000,,,,,,,,,,,,,,,,,,,,,,,,,0.7862811705435822,0.0614346656799551,-0.330676567174645,0.0221907954321285,,1113.0,,,,,,,"{""reason"": ""Not shortlisted by declared screen""}",capital_100000_20260929,reports/capital_100000_20260929,,,,,,,,,,,,,,,,,,,,,,,,,,,,,,,,,,,,,,,,,,,,,,,,,,,,,,,,,,,,,,,,,,,,
c83fbd730d8254f4,capital_aware_buffered_momentum,"{""affordability_filter"": true, ""daily_exit"": 0, ""family"": ""capital_aware_buffered_momentum"", ""market_window"": 200, ""min_turnover_thb"": 10000000, ""rank_buffer"": 5, ""rebalance"": 21, ""reserve"": 0.05, ""skip"": 21, ""top_n"": 8, ""trend"": 200}","Whole-lot affordable ranking, shared SMA200 market/stock filter and positive skipped-year return",not_selected_100000,,,,,,,,,,,,,,,,,,,,,,,,,1.2792062659998904,0.0883534776379131,-0.3290242088549361,0.0491096073900865,,730.0,,,,,,,"{""reason"": ""Not shortlisted by declared screen""}",capital_100000_20260929,reports/capital_100000_20260929,,,,,,,,,,,,,,,,,,,,,,,,,,,,,,,,,,,,,,,,,,,,,,,,,,,,,,,,,,,,,,,,,,,,
6a201c2f93ca3692,capital_aware_buffered_momentum,"{""affordability_filter"": true, ""daily_exit"": 3, ""family"": ""capital_aware_buffered_momentum"", ""market_window"": 200, ""min_turnover_thb"": 10000000, ""rank_buffer"": 5, ""rebalance"": 21, ""reserve"": 0.05, ""skip"": 21, ""top_n"": 8, ""trend"": 200}","Whole-lot affordable ranking, shared SMA200 market/stock filter and positive skipped-year return",not_selected_100000,,,,,,,,,,,,,,,,,,,,,,,,,0.9759836393358716,0.0725019868085787,-0.333988091357116,0.0332581165607521,,754.0,,,,,,,"{""reason"": ""Not shortlisted by declared screen""}",capital_100000_20260929,reports/capital_100000_20260929,,,,,,,,,,,,,,,,,,,,,,,,,,,,,,,,,,,,,,,,,,,,,,,,,,,,,,,,,,,,,,,,,,,,
98787aba567141ee,capital_aware_buffered_momentum,"{""affordability_filter"": true, ""daily_exit"": 0, ""family"": ""capital_aware_buffered_momentum"", ""market_window"": 200, ""min_turnover_thb"": 10000000, ""rank_buffer"": 5, ""rebalance"": 42, ""reserve"": 0.05, ""skip"": 21, ""top_n"": 8, ""trend"": 200}","Whole-lot affordable ranking, shared SMA200 market/stock filter and positive skipped-year return",not_selected_100000,,,,,,,,,,,,,,,,,,,,,,,,,1.0081929402156602,0.0742856545967687,-0.2584115498843286,0.0350417843489421,,407.0,,,,,,,"{""reason"": ""Not shortlisted by declared screen""}",capital_100000_20260929,reports/capital_100000_20260929,,,,,,,,,,,,,,,,,,,,,,,,,,,,,,,,,,,,,,,,,,,,,,,,,,,,,,,,,,,,,,,,,,,,
68672504fd0e79c8,capital_aware_buffered_momentum,"{""affordability_filter"": true, ""daily_exit"": 3, ""family"": ""capital_aware_buffered_momentum"", ""market_window"": 200, ""min_turnover_thb"": 10000000, ""rank_buffer"": 5, ""rebalance"": 42, ""reserve"": 0.05, ""skip"": 21, ""top_n"": 8, ""trend"": 200}","Whole-lot affordable ranking, shared SMA200 market/stock filter and positive skipped-year return",not_selected_100000,,,,,,,,,,,,,,,,,,,,,,,,,1.099787451340441,0.0792211569357537,-0.2652414589720979,0.0399772866879271,,409.0,,,,,,,"{""reason"": ""Not shortlisted by declared screen""}",capital_100000_20260929,reports/capital_100000_20260929,,,,,,,,,,,,,,,,,,,,,,,,,,,,,,,,,,,,,,,,,,,,,,,,,,,,,,,,,,,,,,,,,,,,
9480bb084ec66dc5,capital_aware_buffered_momentum,"{""affordability_filter"": true, ""daily_exit"": 0, ""family"": ""capital_aware_buffered_momentum"", ""market_window"": 200, ""min_turnover_thb"": 10000000, ""rank_buffer"": 5, ""rebalance"": 10, ""reserve"": 0.05, ""skip"": 21, ""top_n"": 10, ""trend"": 200}","Whole-lot affordable ranking, shared SMA200 market/stock filter and positive skipped-year return",not_selected_100000,,,,,,,,,,,,,,,,,,,,,,,,,1.1391392246840817,0.0812824918244328,-0.2963539569349747,0.0420386215766062,,1223.0,,,,,,,"{""reason"": ""Not shortlisted by declared screen""}",capital_100000_20260929,reports/capital_100000_20260929,,,,,,,,,,,,,,,,,,,,,,,,,,,,,,,,,,,,,,,,,,,,,,,,,,,,,,,,,,,,,,,,,,,,
cc2ec6843ec4ffc0,capital_aware_buffered_momentum,"{""affordability_filter"": true, ""daily_exit"": 3, ""family"": ""capital_aware_buffered_momentum"", ""market_window"": 200, ""min_turnover_thb"": 10000000, ""rank_buffer"": 5, ""rebalance"": 10, ""reserve"": 0.05, ""skip"": 21, ""top_n"": 10, ""trend"": 200}","Whole-lot affordable ranking, shared SMA200 market/stock filter and positive skipped-year return",not_selected_100000,,,,,,,,,,,,,,,,,,,,,,,,,0.7316216963765951,0.0580499728404599,-0.3314936873039991,0.0188061025926333,,1250.0,,,,,,,"{""reason"": ""Not shortlisted by declared screen""}",capital_100000_20260929,reports/capital_100000_20260929,,,,,,,,,,,,,,,,,,,,,,,,,,,,,,,,,,,,,,,,,,,,,,,,,,,,,,,,,,,,,,,,,,,,
5142cfccd2100d47,capital_aware_buffered_momentum,"{""affordability_filter"": true, ""daily_exit"": 0, ""family"": ""capital_aware_buffered_momentum"", ""market_window"": 200, ""min_turnover_thb"": 10000000, ""rank_buffer"": 5, ""rebalance"": 21, ""reserve"": 0.05, ""skip"": 21, ""top_n"": 10, ""trend"": 200}","Whole-lot affordable ranking, shared SMA200 market/stock filter and positive skipped-year return",not_selected_100000,,,,,,,,,,,,,,,,,,,,,,,,,1.6560644797220907,0.1056041223365089,-0.2384018466876264,0.0663602520886823,,840.0,,,,,,,"{""candidate"": ""5142cfccd2100d47"", ""passes"": false, ""worst_full_cagr"": 0.06605531734415782, ""worst_drawdown"": -0.30988019014349166, ""failed_cases"": [{""scenario"": ""higher_cost"", ""period"": ""full"", ""excess_cagr"": 0.057278852363403354, ""max_drawdown"": -0.2665303383097688}, {""scenario"": ""morning_only"", ""period"": ""full"", ""excess_cagr"": 0.03828414720632933, ""max_drawdown"": -0.2521625013812746}, {""scenario"": ""close_only"", ""period"": ""full"", ""excess_cagr"": 0.03703481641928197, ""max_drawdown"": -0.273751421001303}, {""scenario"": ""phase_half"", ""period"": ""full"", ""excess_cagr"": 0.04065522963570145, ""max_drawdown"": -0.26080806454250016}, {""scenario"": ""exclude_top3"", ""period"": ""full"", ""excess_cagr"": 0.05921376553825697, ""max_drawdown"": -0.30988019014349166}]}",capital_100000_20260929,reports/capital_100000_20260929,,,,,,,,,,,,,,,,,,,,,,,,,,,,,,,,,,,,,,,,,,,,,,,,,,,,,,,,,,,,,,,,,,,,
74836ee9189e9e5e,capital_aware_buffered_momentum,"{""affordability_filter"": true, ""daily_exit"": 3, ""family"": ""capital_aware_buffered_momentum"", ""market_window"": 200, ""min_turnover_thb"": 10000000, ""rank_buffer"": 5, ""rebalance"": 21, ""reserve"": 0.05, ""skip"": 21, ""top_n"": 10, ""trend"": 200}","Whole-lot affordable ranking, shared SMA200 market/stock filter and positive skipped-year return",not_selected_100000,,,,,,,,,,,,,,,,,,,,,,,,,1.238224254496226,0.0863258807712443,-0.2680147537488443,0.0470820105234177,,880.0,,,,,,,"{""reason"": ""Not shortlisted by declared screen""}",capital_100000_20260929,reports/capital_100000_20260929,,,,,,,,,,,,,,,,,,,,,,,,,,,,,,,,,,,,,,,,,,,,,,,,,,,,,,,,,,,,,,,,,,,,
23c3dd419f5c1648,capital_aware_buffered_momentum,"{""affordability_filter"": true, ""daily_exit"": 0, ""family"": ""capital_aware_buffered_momentum"", ""market_window"": 200, ""min_turnover_thb"": 10000000, ""rank_buffer"": 5, ""rebalance"": 42, ""reserve"": 0.05, ""skip"": 21, ""top_n"": 10, ""trend"": 200}","Whole-lot affordable ranking, shared SMA200 market/stock filter and positive skipped-year return",not_selected_100000,,,,,,,,,,,,,,,,,,,,,,,,,1.2153802806787364,0.0851811646064273,-0.2251945301518076,0.0459372943586007,,501.0,,,,,,,"{""reason"": ""Not shortlisted by declared screen""}",capital_100000_20260929,reports/capital_100000_20260929,,,,,,,,,,,,,,,,,,,,,,,,,,,,,,,,,,,,,,,,,,,,,,,,,,,,,,,,,,,,,,,,,,,,
73981619d445161c,capital_aware_buffered_momentum,"{""affordability_filter"": true, ""daily_exit"": 3, ""family"": ""capital_aware_buffered_momentum"", ""market_window"": 200, ""min_turnover_thb"": 10000000, ""rank_buffer"": 5, ""rebalance"": 42, ""reserve"": 0.05, ""skip"": 21, ""top_n"": 10, ""trend"": 200}","Whole-lot affordable ranking, shared SMA200 market/stock filter and positive skipped-year return",not_selected_100000,,,,,,,,,,,,,,,,,,,,,,,,,1.1858534530488103,0.0836857744677093,-0.2205008470296766,0.0444419042198827,,487.0,,,,,,,"{""reason"": ""Not shortlisted by declared screen""}",capital_100000_20260929,reports/capital_100000_20260929,,,,,,,,,,,,,,,,,,,,,,,,,,,,,,,,,,,,,,,,,,,,,,,,,,,,,,,,,,,,,,,,,,,,
3d4a2bbce9968bb4,capital_aware_buffered_momentum,"{""affordability_filter"": true, ""daily_exit"": 0, ""family"": ""capital_aware_buffered_momentum"", ""market_window"": 200, ""min_turnover_thb"": 10000000, ""rank_buffer"": 5, ""rebalance"": 10, ""reserve"": 0.05, ""skip"": 21, ""top_n"": 15, ""trend"": 200}","Whole-lot affordable ranking, shared SMA200 market/stock filter and positive skipped-year return",not_selected_100000,,,,,,,,,,,,,,,,,,,,,,,,,1.11247135145554,0.079889326567017,-0.2160797480549382,0.0406454563191904,,1508.0,,,,,,,"{""reason"": ""Not shortlisted by declared screen""}",capital_100000_20260929,reports/capital_100000_20260929,,,,,,,,,,,,,,,,,,,,,,,,,,,,,,,,,,,,,,,,,,,,,,,,,,,,,,,,,,,,,,,,,,,,
884cc89db2142238,capital_aware_buffered_momentum,"{""affordability_filter"": true, ""daily_exit"": 3, ""family"": ""capital_aware_buffered_momentum"", ""market_window"": 200, ""min_turnover_thb"": 10000000, ""rank_buffer"": 5, ""rebalance"": 10, ""reserve"": 0.05, ""skip"": 21, ""top_n"": 15, ""trend"": 200}","Whole-lot affordable ranking, shared SMA200 market/stock filter and positive skipped-year return",not_selected_100000,,,,,,,,,,,,,,,,,,,,,,,,,0.8670591084520636,0.0662703383302412,-0.2232607057494146,0.0270264680824146,,1633.0,,,,,,,"{""reason"": ""Not shortlisted by declared screen""}",capital_100000_20260929,reports/capital_100000_20260929,,,,,,,,,,,,,,,,,,,,,,,,,,,,,,,,,,,,,,,,,,,,,,,,,,,,,,,,,,,,,,,,,,,,
d4a24b024c03879e,capital_aware_buffered_momentum,"{""affordability_filter"": true, ""daily_exit"": 0, ""family"": ""capital_aware_buffered_momentum"", ""market_window"": 200, ""min_turnover_thb"": 10000000, ""rank_buffer"": 5, ""rebalance"": 21, ""reserve"": 0.05, ""skip"": 21, ""top_n"": 15, ""trend"": 200}","Whole-lot affordable ranking, shared SMA200 market/stock filter and positive skipped-year return",not_selected_100000,,,,,,,,,,,,,,,,,,,,,,,,,1.6238692447400989,0.1042192848073229,-0.1857527817547284,0.0649754145594962,,1027.0,,,,,,,"{""reason"": ""Not shortlisted by declared screen""}",capital_100000_20260929,reports/capital_100000_20260929,,,,,,,,,,,,,,,,,,,,,,,,,,,,,,,,,,,,,,,,,,,,,,,,,,,,,,,,,,,,,,,,,,,,
49bf78aaf5fcf6e5,capital_aware_buffered_momentum,"{""affordability_filter"": true, ""daily_exit"": 3, ""family"": ""capital_aware_buffered_momentum"", ""market_window"": 200, ""min_turnover_thb"": 10000000, ""rank_buffer"": 5, ""rebalance"": 21, ""reserve"": 0.05, ""skip"": 21, ""top_n"": 15, ""trend"": 200}","Whole-lot affordable ranking, shared SMA200 market/stock filter and positive skipped-year return",not_selected_100000,,,,,,,,,,,,,,,,,,,,,,,,,1.353118251975935,0.0919289870699469,-0.2274304843024631,0.0526851168221202,,1080.0,,,,,,,"{""reason"": ""Not shortlisted by declared screen""}",capital_100000_20260929,reports/capital_100000_20260929,,,,,,,,,,,,,,,,,,,,,,,,,,,,,,,,,,,,,,,,,,,,,,,,,,,,,,,,,,,,,,,,,,,,
dce4924002b50738,capital_aware_buffered_momentum,"{""affordability_filter"": true, ""daily_exit"": 0, ""family"": ""capital_aware_buffered_momentum"", ""market_window"": 200, ""min_turnover_thb"": 10000000, ""rank_buffer"": 5, ""rebalance"": 42, ""reserve"": 0.05, ""skip"": 21, ""top_n"": 15, ""trend"": 200}","Whole-lot affordable ranking, shared SMA200 market/stock filter and positive skipped-year return",not_selected_100000,,,,,,,,,,,,,,,,,,,,,,,,,0.973917801895578,0.072386697911789,-0.2176286978610185,0.0331428276639624,,615.0,,,,,,,"{""reason"": ""Not shortlisted by declared screen""}",capital_100000_20260929,reports/capital_100000_20260929,,,,,,,,,,,,,,,,,,,,,,,,,,,,,,,,,,,,,,,,,,,,,,,,,,,,,,,,,,,,,,,,,,,,
1be86f14b5b96753,capital_aware_buffered_momentum,"{""affordability_filter"": true, ""daily_exit"": 3, ""family"": ""capital_aware_buffered_momentum"", ""market_window"": 200, ""min_turnover_thb"": 10000000, ""rank_buffer"": 5, ""rebalance"": 42, ""reserve"": 0.05, ""skip"": 21, ""top_n"": 15, ""trend"": 200}","Whole-lot affordable ranking, shared SMA200 market/stock filter and positive skipped-year return",not_selected_100000,,,,,,,,,,,,,,,,,,,,,,,,,1.1795973445207149,0.0833666076886114,-0.1918853243330641,0.0441227374407848,,619.0,,,,,,,"{""reason"": ""Not shortlisted by declared screen""}",capital_100000_20260929,reports/capital_100000_20260929,,,,,,,,,,,,,,,,,,,,,,,,,,,,,,,,,,,,,,,,,,,,,,,,,,,,,,,,,,,,,,,,,,,,
9bc6236be43ff10b,capital_ranked_momentum,"{""family"": ""capital_ranked_momentum"", ""ranking"": ""medium_long"", ""sizing"": {""affordability_filter"": true, ""daily_exit"": 0, ""family"": ""capital_aware_buffered_momentum"", ""market_window"": 200, ""min_turnover_thb"": 10000000, ""rank_buffer"": 5, ""rebalance"": 10, ""reserve"": 0.05, ""skip"": 21, ""top_n"": 3, ""trend"": 200}}","Whole-lot affordable ranking, shared SMA200 market/stock filter and positive skipped-year return",not_selected_100000,,,,,,,,,,,,,,,,,,,,,,,,,0.5759657465758761,0.0478573963383301,-0.4424647672066588,0.0086135260905035,,443.0,,,,,,,"{""reason"": ""Not shortlisted by declared screen""}",capital_100000_20260929,reports/capital_100000_20260929,,,,,,,,,,,,,,,,,,,,,,,,,,,,,,,,,,,,,,,,,,,,,,,,,,,,,,,,,,,,,,,,,,,,
2d5e97f5e78cbcf6,capital_ranked_momentum,"{""family"": ""capital_ranked_momentum"", ""ranking"": ""medium_long"", ""sizing"": {""affordability_filter"": true, ""daily_exit"": 3, ""family"": ""capital_aware_buffered_momentum"", ""market_window"": 200, ""min_turnover_thb"": 10000000, ""rank_buffer"": 5, ""rebalance"": 10, ""reserve"": 0.05, ""skip"": 21, ""top_n"": 3, ""trend"": 200}}","Whole-lot affordable ranking, shared SMA200 market/stock filter and positive skipped-year return",not_selected_100000,,,,,,,,,,,,,,,,,,,,,,,,,0.3165824753034068,0.028669493137728,-0.4825924380036831,-0.0105743771100985,,471.0,,,,,,,"{""reason"": ""Not shortlisted by declared screen""}",capital_100000_20260929,reports/capital_100000_20260929,,,,,,,,,,,,,,,,,,,,,,,,,,,,,,,,,,,,,,,,,,,,,,,,,,,,,,,,,,,,,,,,,,,,
aa6704a4c9259cec,capital_ranked_momentum,"{""family"": ""capital_ranked_momentum"", ""ranking"": ""medium_long"", ""sizing"": {""affordability_filter"": true, ""daily_exit"": 0, ""family"": ""capital_aware_buffered_momentum"", ""market_window"": 200, ""min_turnover_thb"": 10000000, ""rank_buffer"": 5, ""rebalance"": 21, ""reserve"": 0.05, ""skip"": 21, ""top_n"": 3, ""trend"": 200}}","Whole-lot affordable ranking, shared SMA200 market/stock filter and positive skipped-year return",not_selected_100000,,,,,,,,,,,,,,,,,,,,,,,,,2.0345935241875512,0.1208466712208291,-0.2895763080204645,0.0816028009730025,,287.0,,,,,,,"{""reason"": ""Not shortlisted by declared screen""}",capital_100000_20260929,reports/capital_100000_20260929,,,,,,,,,,,,,,,,,,,,,,,,,,,,,,,,,,,,,,,,,,,,,,,,,,,,,,,,,,,,,,,,,,,,
747f76bb76502ab1,capital_ranked_momentum,"{""family"": ""capital_ranked_momentum"", ""ranking"": ""medium_long"", ""sizing"": {""affordability_filter"": true, ""daily_exit"": 3, ""family"": ""capital_aware_buffered_momentum"", ""market_window"": 200, ""min_turnover_thb"": 10000000, ""rank_buffer"": 5, ""rebalance"": 21, ""reserve"": 0.05, ""skip"": 21, ""top_n"": 3, ""trend"": 200}}","Whole-lot affordable ranking, shared SMA200 market/stock filter and positive skipped-year return",not_selected_100000,,,,,,,,,,,,,,,,,,,,,,,,,2.027817416973074,0.1205891967378953,-0.3475099264554142,0.0813453264900687,,309.0,,,,,,,"{""reason"": ""Not shortlisted by declared screen""}",capital_100000_20260929,reports/capital_100000_20260929,,,,,,,,,,,,,,,,,,,,,,,,,,,,,,,,,,,,,,,,,,,,,,,,,,,,,,,,,,,,,,,,,,,,
c12111a5bf9feaa6,capital_ranked_momentum,"{""family"": ""capital_ranked_momentum"", ""ranking"": ""medium_long"", ""sizing"": {""affordability_filter"": true, ""daily_exit"": 0, ""family"": ""capital_aware_buffered_momentum"", ""market_window"": 200, ""min_turnover_thb"": 10000000, ""rank_buffer"": 5, ""rebalance"": 42, ""reserve"": 0.05, ""skip"": 21, ""top_n"": 3, ""trend"": 200}}","Whole-lot affordable ranking, shared SMA200 market/stock filter and positive skipped-year return",not_selected_100000,,,,,,,,,,,,,,,,,,,,,,,,,1.236859494259977,0.0862577874498924,-0.4017975741854638,0.0470139172020658,,171.0,,,,,,,"{""reason"": ""Not shortlisted by declared screen""}",capital_100000_20260929,reports/capital_100000_20260929,,,,,,,,,,,,,,,,,,,,,,,,,,,,,,,,,,,,,,,,,,,,,,,,,,,,,,,,,,,,,,,,,,,,
80d32ff3dfccfd36,capital_ranked_momentum,"{""family"": ""capital_ranked_momentum"", ""ranking"": ""medium_long"", ""sizing"": {""affordability_filter"": true, ""daily_exit"": 3, ""family"": ""capital_aware_buffered_momentum"", ""market_window"": 200, ""min_turnover_thb"": 10000000, ""rank_buffer"": 5, ""rebalance"": 42, ""reserve"": 0.05, ""skip"": 21, ""top_n"": 3, ""trend"": 200}}","Whole-lot affordable ranking, shared SMA200 market/stock filter and positive skipped-year return",not_selected_100000,,,,,,,,,,,,,,,,,,,,,,,,,1.7234831130863475,0.1084559211534075,-0.2412311663922942,0.0692120509055809,,177.0,,,,,,,"{""candidate"": ""80d32ff3dfccfd36"", ""passes"": false, ""worst_full_cagr"": 0.01935316932382336, ""worst_drawdown"": -0.44852513344710987, ""failed_cases"": [{""scenario"": ""higher_cost"", ""period"": ""full"", ""excess_cagr"": 0.05341034250692411, ""max_drawdown"": -0.31672734903661603}, {""scenario"": ""delay_one"", ""period"": ""full"", ""excess_cagr"": 0.04024416021764465, ""max_drawdown"": -0.35254685583579115}, {""scenario"": ""phase_half"", ""period"": ""full"", ""excess_cagr"": 0.09489626114412131, ""max_drawdown"": -0.44272540851926834}, {""scenario"": ""exclude_top3"", ""period"": ""full"", ""excess_cagr"": 0.012511617517922513, ""max_drawdown"": -0.44852513344710987}, {""scenario"": ""exclude_top3"", ""period"": ""recent"", ""excess_cagr"": -0.027405737150398513, ""max_drawdown"": -0.32032894489688857}, {""scenario"": ""exclude_complex_actions"", ""period"": ""full"", ""excess_cagr"": 0.03946308239924812, ""max_drawdown"": -0.4474842845255912}]}",capital_100000_20260929,reports/capital_100000_20260929,,,,,,,,,,,,,,,,,,,,,,,,,,,,,,,,,,,,,,,,,,,,,,,,,,,,,,,,,,,,,,,,,,,,
a87e7ebf3da9a3bc,capital_ranked_momentum,"{""family"": ""capital_ranked_momentum"", ""ranking"": ""medium_long"", ""sizing"": {""affordability_filter"": true, ""daily_exit"": 0, ""family"": ""capital_aware_buffered_momentum"", ""market_window"": 200, ""min_turnover_thb"": 10000000, ""rank_buffer"": 5, ""rebalance"": 10, ""reserve"": 0.05, ""skip"": 21, ""top_n"": 5, ""trend"": 200}}","Whole-lot affordable ranking, shared SMA200 market/stock filter and positive skipped-year return",not_selected_100000,,,,,,,,,,,,,,,,,,,,,,,,,0.996080018887642,0.0736179042663116,-0.3596091817409499,0.034374034018485,,651.0,,,,,,,"{""reason"": ""Not shortlisted by declared screen""}",capital_100000_20260929,reports/capital_100000_20260929,,,,,,,,,,,,,,,,,,,,,,,,,,,,,,,,,,,,,,,,,,,,,,,,,,,,,,,,,,,,,,,,,,,,
f786142d2051ef4f,capital_ranked_momentum,"{""family"": ""capital_ranked_momentum"", ""ranking"": ""medium_long"", ""sizing"": {""affordability_filter"": true, ""daily_exit"": 3, ""family"": ""capital_aware_buffered_momentum"", ""market_window"": 200, ""min_turnover_thb"": 10000000, ""rank_buffer"": 5, ""rebalance"": 10, ""reserve"": 0.05, ""skip"": 21, ""top_n"": 5, ""trend"": 200}}","Whole-lot affordable ranking, shared SMA200 market/stock filter and positive skipped-year return",not_selected_100000,,,,,,,,,,,,,,,,,,,,,,,,,0.663061271897702,0.0536662703369594,-0.3634185185531261,0.0144224000891328,,678.0,,,,,,,"{""reason"": ""Not shortlisted by declared screen""}",capital_100000_20260929,reports/capital_100000_20260929,,,,,,,,,,,,,,,,,,,,,,,,,,,,,,,,,,,,,,,,,,,,,,,,,,,,,,,,,,,,,,,,,,,,
1b7b44afaf207b6e,capital_ranked_momentum,"{""family"": ""capital_ranked_momentum"", ""ranking"": ""medium_long"", ""sizing"": {""affordability_filter"": true, ""daily_exit"": 0, ""family"": ""capital_aware_buffered_momentum"", ""market_window"": 200, ""min_turnover_thb"": 10000000, ""rank_buffer"": 5, ""rebalance"": 21, ""reserve"": 0.05, ""skip"": 21, ""top_n"": 5, ""trend"": 200}}","Whole-lot affordable ranking, shared SMA200 market/stock filter and positive skipped-year return",not_selected_100000,,,,,,,,,,,,,,,,,,,,,,,,,0.9920697924626738,0.0733960308657122,-0.3221411519464178,0.0341521606178856,,423.0,,,,,,,"{""reason"": ""Not shortlisted by declared screen""}",capital_100000_20260929,reports/capital_100000_20260929,,,,,,,,,,,,,,,,,,,,,,,,,,,,,,,,,,,,,,,,,,,,,,,,,,,,,,,,,,,,,,,,,,,,
5ec219cd3b27db4f,capital_ranked_momentum,"{""family"": ""capital_ranked_momentum"", ""ranking"": ""medium_long"", ""sizing"": {""affordability_filter"": true, ""daily_exit"": 3, ""family"": ""capital_aware_buffered_momentum"", ""market_window"": 200, ""min_turnover_thb"": 10000000, ""rank_buffer"": 5, ""rebalance"": 21, ""reserve"": 0.05, ""skip"": 21, ""top_n"": 5, ""trend"": 200}}","Whole-lot affordable ranking, shared SMA200 market/stock filter and positive skipped-year return",not_selected_100000,,,,,,,,,,,,,,,,,,,,,,,,,0.6738059860166232,0.054363871244438,-0.3225490699676627,0.0151200009966114,,445.0,,,,,,,"{""reason"": ""Not shortlisted by declared screen""}",capital_100000_20260929,reports/capital_100000_20260929,,,,,,,,,,,,,,,,,,,,,,,,,,,,,,,,,,,,,,,,,,,,,,,,,,,,,,,,,,,,,,,,,,,,
f3666d5553d91917,capital_ranked_momentum,"{""family"": ""capital_ranked_momentum"", ""ranking"": ""medium_long"", ""sizing"": {""affordability_filter"": true, ""daily_exit"": 0, ""family"": ""capital_aware_buffered_momentum"", ""market_window"": 200, ""min_turnover_thb"": 10000000, ""rank_buffer"": 5, ""rebalance"": 42, ""reserve"": 0.05, ""skip"": 21, ""top_n"": 5, ""trend"": 200}}","Whole-lot affordable ranking, shared SMA200 market/stock filter and positive skipped-year return",not_selected_100000,,,,,,,,,,,,,,,,,,,,,,,,,1.0942913329356765,0.0789305041404939,-0.3740583846848424,0.0396866338926673,,252.0,,,,,,,"{""reason"": ""Not shortlisted by declared screen""}",capital_100000_20260929,reports/capital_100000_20260929,,,,,,,,,,,,,,,,,,,,,,,,,,,,,,,,,,,,,,,,,,,,,,,,,,,,,,,,,,,,,,,,,,,,
ed85990c5ed430fa,capital_ranked_momentum,"{""family"": ""capital_ranked_momentum"", ""ranking"": ""medium_long"", ""sizing"": {""affordability_filter"": true, ""daily_exit"": 3, ""family"": ""capital_aware_buffered_momentum"", ""market_window"": 200, ""min_turnover_thb"": 10000000, ""rank_buffer"": 5, ""rebalance"": 42, ""reserve"": 0.05, ""skip"": 21, ""top_n"": 5, ""trend"": 200}}","Whole-lot affordable ranking, shared SMA200 market/stock filter and positive skipped-year return",not_selected_100000,,,,,,,,,,,,,,,,,,,,,,,,,1.4885078743881943,0.0982248256964239,-0.29754616246135,0.0589809554485973,,252.0,,,,,,,"{""reason"": ""Not shortlisted by declared screen""}",capital_100000_20260929,reports/capital_100000_20260929,,,,,,,,,,,,,,,,,,,,,,,,,,,,,,,,,,,,,,,,,,,,,,,,,,,,,,,,,,,,,,,,,,,,
635674fb0e424891,capital_ranked_momentum,"{""family"": ""capital_ranked_momentum"", ""ranking"": ""medium_long"", ""sizing"": {""affordability_filter"": true, ""daily_exit"": 0, ""family"": ""capital_aware_buffered_momentum"", ""market_window"": 200, ""min_turnover_thb"": 10000000, ""rank_buffer"": 5, ""rebalance"": 10, ""reserve"": 0.05, ""skip"": 21, ""top_n"": 8, ""trend"": 200}}","Whole-lot affordable ranking, shared SMA200 market/stock filter and positive skipped-year return",not_selected_100000,,,,,,,,,,,,,,,,,,,,,,,,,0.7956022912245575,0.0620025630761715,-0.3099448626923063,0.0227586928283449,,879.0,,,,,,,"{""reason"": ""Not shortlisted by declared screen""}",capital_100000_20260929,reports/capital_100000_20260929,,,,,,,,,,,,,,,,,,,,,,,,,,,,,,,,,,,,,,,,,,,,,,,,,,,,,,,,,,,,,,,,,,,,
096162757a79db9b,capital_ranked_momentum,"{""family"": ""capital_ranked_momentum"", ""ranking"": ""medium_long"", ""sizing"": {""affordability_filter"": true, ""daily_exit"": 3, ""family"": ""capital_aware_buffered_momentum"", ""market_window"": 200, ""min_turnover_thb"": 10000000, ""rank_buffer"": 5, ""rebalance"": 10, ""reserve"": 0.05, ""skip"": 21, ""top_n"": 8, ""trend"": 200}}","Whole-lot affordable ranking, shared SMA200 market/stock filter and positive skipped-year return",not_selected_100000,,,,,,,,,,,,,,,,,,,,,,,,,0.5414358008911262,0.0454743549514791,-0.3333599321673866,0.0062304847036525,,926.0,,,,,,,"{""reason"": ""Not shortlisted by declared screen""}",capital_100000_20260929,reports/capital_100000_20260929,,,,,,,,,,,,,,,,,,,,,,,,,,,,,,,,,,,,,,,,,,,,,,,,,,,,,,,,,,,,,,,,,,,,
667448f7f69e7bc8,capital_ranked_momentum,"{""family"": ""capital_ranked_momentum"", ""ranking"": ""medium_long"", ""sizing"": {""affordability_filter"": true, ""daily_exit"": 0, ""family"": ""capital_aware_buffered_momentum"", ""market_window"": 200, ""min_turnover_thb"": 10000000, ""rank_buffer"": 5, ""rebalance"": 21, ""reserve"": 0.05, ""skip"": 21, ""top_n"": 8, ""trend"": 200}}","Whole-lot affordable ranking, shared SMA200 market/stock filter and positive skipped-year return",not_selected_100000,,,,,,,,,,,,,,,,,,,,,,,,,1.397692790710281,0.094036876795762,-0.2613951567435933,0.0547930065479354,,594.0,,,,,,,"{""reason"": ""Not shortlisted by declared screen""}",capital_100000_20260929,reports/capital_100000_20260929,,,,,,,,,,,,,,,,,,,,,,,,,,,,,,,,,,,,,,,,,,,,,,,,,,,,,,,,,,,,,,,,,,,,
c93b2600720afdfc,capital_ranked_momentum,"{""family"": ""capital_ranked_momentum"", ""ranking"": ""medium_long"", ""sizing"": {""affordability_filter"": true, ""daily_exit"": 3, ""family"": ""capital_aware_buffered_momentum"", ""market_window"": 200, ""min_turnover_thb"": 10000000, ""rank_buffer"": 5, ""rebalance"": 21, ""reserve"": 0.05, ""skip"": 21, ""top_n"": 8, ""trend"": 200}}","Whole-lot affordable ranking, shared SMA200 market/stock filter and positive skipped-year return",not_selected_100000,,,,,,,,,,,,,,,,,,,,,,,,,1.2971321794766766,0.0892301009024496,-0.2302106153271845,0.049986230654623,,657.0,,,,,,,"{""reason"": ""Not shortlisted by declared screen""}",capital_100000_20260929,reports/capital_100000_20260929,,,,,,,,,,,,,,,,,,,,,,,,,,,,,,,,,,,,,,,,,,,,,,,,,,,,,,,,,,,,,,,,,,,,
34eaad2b92511af9,capital_ranked_momentum,"{""family"": ""capital_ranked_momentum"", ""ranking"": ""medium_long"", ""sizing"": {""affordability_filter"": true, ""daily_exit"": 0, ""family"": ""capital_aware_buffered_momentum"", ""market_window"": 200, ""min_turnover_thb"": 10000000, ""rank_buffer"": 5, ""rebalance"": 42, ""reserve"": 0.05, ""skip"": 21, ""top_n"": 8, ""trend"": 200}}","Whole-lot affordable ranking, shared SMA200 market/stock filter and positive skipped-year return",not_selected_100000,,,,,,,,,,,,,,,,,,,,,,,,,1.1113854452403649,0.0798322636835247,-0.28814847431857,0.040588393435698,,371.0,,,,,,,"{""reason"": ""Not shortlisted by declared screen""}",capital_100000_20260929,reports/capital_100000_20260929,,,,,,,,,,,,,,,,,,,,,,,,,,,,,,,,,,,,,,,,,,,,,,,,,,,,,,,,,,,,,,,,,,,,
c11c31b6076ac92c,capital_ranked_momentum,"{""family"": ""capital_ranked_momentum"", ""ranking"": ""medium_long"", ""sizing"": {""affordability_filter"": true, ""daily_exit"": 3, ""family"": ""capital_aware_buffered_momentum"", ""market_window"": 200, ""min_turnover_thb"": 10000000, ""rank_buffer"": 5, ""rebalance"": 42, ""reserve"": 0.05, ""skip"": 21, ""top_n"": 8, ""trend"": 200}}","Whole-lot affordable ranking, shared SMA200 market/stock filter and positive skipped-year return",not_selected_100000,,,,,,,,,,,,,,,,,,,,,,,,,1.2495123070380894,0.0868876627162549,-0.2681581937380048,0.0476437924684283,,365.0,,,,,,,"{""reason"": ""Not shortlisted by declared screen""}",capital_100000_20260929,reports/capital_100000_20260929,,,,,,,,,,,,,,,,,,,,,,,,,,,,,,,,,,,,,,,,,,,,,,,,,,,,,,,,,,,,,,,,,,,,
439ee641401f04e0,capital_ranked_momentum,"{""family"": ""capital_ranked_momentum"", ""ranking"": ""medium_long"", ""sizing"": {""affordability_filter"": true, ""daily_exit"": 0, ""family"": ""capital_aware_buffered_momentum"", ""market_window"": 200, ""min_turnover_thb"": 10000000, ""rank_buffer"": 5, ""rebalance"": 10, ""reserve"": 0.05, ""skip"": 21, ""top_n"": 10, ""trend"": 200}}","Whole-lot affordable ranking, shared SMA200 market/stock filter and positive skipped-year return",not_selected_100000,,,,,,,,,,,,,,,,,,,,,,,,,1.3032747082271685,0.089529074776175,-0.3028711830894698,0.0502852045283483,,1040.0,,,,,,,"{""reason"": ""Not shortlisted by declared screen""}",capital_100000_20260929,reports/capital_100000_20260929,,,,,,,,,,,,,,,,,,,,,,,,,,,,,,,,,,,,,,,,,,,,,,,,,,,,,,,,,,,,,,,,,,,,
c49bfc4af5dd781c,capital_ranked_momentum,"{""family"": ""capital_ranked_momentum"", ""ranking"": ""medium_long"", ""sizing"": {""affordability_filter"": true, ""daily_exit"": 3, ""family"": ""capital_aware_buffered_momentum"", ""market_window"": 200, ""min_turnover_thb"": 10000000, ""rank_buffer"": 5, ""rebalance"": 10, ""reserve"": 0.05, ""skip"": 21, ""top_n"": 10, ""trend"": 200}}","Whole-lot affordable ranking, shared SMA200 market/stock filter and positive skipped-year return",not_selected_100000,,,,,,,,,,,,,,,,,,,,,,,,,0.7954896130937033,0.0619957138725812,-0.3310155766836783,0.0227518436247546,,1124.0,,,,,,,"{""reason"": ""Not shortlisted by declared screen""}",capital_100000_20260929,reports/capital_100000_20260929,,,,,,,,,,,,,,,,,,,,,,,,,,,,,,,,,,,,,,,,,,,,,,,,,,,,,,,,,,,,,,,,,,,,
5d0d1aabdf472017,capital_ranked_momentum,"{""family"": ""capital_ranked_momentum"", ""ranking"": ""medium_long"", ""sizing"": {""affordability_filter"": true, ""daily_exit"": 0, ""family"": ""capital_aware_buffered_momentum"", ""market_window"": 200, ""min_turnover_thb"": 10000000, ""rank_buffer"": 5, ""rebalance"": 21, ""reserve"": 0.05, ""skip"": 21, ""top_n"": 10, ""trend"": 200}}","Whole-lot affordable ranking, shared SMA200 market/stock filter and positive skipped-year return",not_selected_100000,,,,,,,,,,,,,,,,,,,,,,,,,1.5978511229404018,0.1030889641227468,-0.2658400005142678,0.0638450938749202,,709.0,,,,,,,"{""reason"": ""Not shortlisted by declared screen""}",capital_100000_20260929,reports/capital_100000_20260929,,,,,,,,,,,,,,,,,,,,,,,,,,,,,,,,,,,,,,,,,,,,,,,,,,,,,,,,,,,,,,,,,,,,
0940d0b35edb5969,capital_ranked_momentum,"{""family"": ""capital_ranked_momentum"", ""ranking"": ""medium_long"", ""sizing"": {""affordability_filter"": true, ""daily_exit"": 3, ""family"": ""capital_aware_buffered_momentum"", ""market_window"": 200, ""min_turnover_thb"": 10000000, ""rank_buffer"": 5, ""rebalance"": 21, ""reserve"": 0.05, ""skip"": 21, ""top_n"": 10, ""trend"": 200}}","Whole-lot affordable ranking, shared SMA200 market/stock filter and positive skipped-year return",not_selected_100000,,,,,,,,,,,,,,,,,,,,,,,,,1.3387469094534747,0.0912417387891619,-0.2556307326096158,0.0519978685413353,,740.0,,,,,,,"{""reason"": ""Not shortlisted by declared screen""}",capital_100000_20260929,reports/capital_100000_20260929,,,,,,,,,,,,,,,,,,,,,,,,,,,,,,,,,,,,,,,,,,,,,,,,,,,,,,,,,,,,,,,,,,,,
03e785973c510f79,capital_ranked_momentum,"{""family"": ""capital_ranked_momentum"", ""ranking"": ""medium_long"", ""sizing"": {""affordability_filter"": true, ""daily_exit"": 0, ""family"": ""capital_aware_buffered_momentum"", ""market_window"": 200, ""min_turnover_thb"": 10000000, ""rank_buffer"": 5, ""rebalance"": 42, ""reserve"": 0.05, ""skip"": 21, ""top_n"": 10, ""trend"": 200}}","Whole-lot affordable ranking, shared SMA200 market/stock filter and positive skipped-year return",not_selected_100000,,,,,,,,,,,,,,,,,,,,,,,,,0.9934316559993086,0.0734714234570546,-0.2047381303271394,0.0342275532092279,,421.0,,,,,,,"{""reason"": ""Not shortlisted by declared screen""}",capital_100000_20260929,reports/capital_100000_20260929,,,,,,,,,,,,,,,,,,,,,,,,,,,,,,,,,,,,,,,,,,,,,,,,,,,,,,,,,,,,,,,,,,,,
e14f632ecfde30c1,capital_ranked_momentum,"{""family"": ""capital_ranked_momentum"", ""ranking"": ""medium_long"", ""sizing"": {""affordability_filter"": true, ""daily_exit"": 3, ""family"": ""capital_aware_buffered_momentum"", ""market_window"": 200, ""min_turnover_thb"": 10000000, ""rank_buffer"": 5, ""rebalance"": 42, ""reserve"": 0.05, ""skip"": 21, ""top_n"": 10, ""trend"": 200}}","Whole-lot affordable ranking, shared SMA200 market/stock filter and positive skipped-year return",not_selected_100000,,,,,,,,,,,,,,,,,,,,,,,,,1.090862236401533,0.0787488153603364,-0.2066337809587189,0.0395049451125097,,422.0,,,,,,,"{""reason"": ""Not shortlisted by declared screen""}",capital_100000_20260929,reports/capital_100000_20260929,,,,,,,,,,,,,,,,,,,,,,,,,,,,,,,,,,,,,,,,,,,,,,,,,,,,,,,,,,,,,,,,,,,,
14b7f4c7e6e8f91c,capital_ranked_momentum,"{""family"": ""capital_ranked_momentum"", ""ranking"": ""medium_long"", ""sizing"": {""affordability_filter"": true, ""daily_exit"": 0, ""family"": ""capital_aware_buffered_momentum"", ""market_window"": 200, ""min_turnover_thb"": 10000000, ""rank_buffer"": 5, ""rebalance"": 10, ""reserve"": 0.05, ""skip"": 21, ""top_n"": 15, ""trend"": 200}}","Whole-lot affordable ranking, shared SMA200 market/stock filter and positive skipped-year return",not_selected_100000,,,,,,,,,,,,,,,,,,,,,,,,,1.0200523965536248,0.0749359401498972,-0.2894099262726854,0.0356920699020706,,1331.0,,,,,,,"{""reason"": ""Not shortlisted by declared screen""}",capital_100000_20260929,reports/capital_100000_20260929,,,,,,,,,,,,,,,,,,,,,,,,,,,,,,,,,,,,,,,,,,,,,,,,,,,,,,,,,,,,,,,,,,,,
74cd4c6a5cc0e5e4,capital_ranked_momentum,"{""family"": ""capital_ranked_momentum"", ""ranking"": ""medium_long"", ""sizing"": {""affordability_filter"": true, ""daily_exit"": 3, ""family"": ""capital_aware_buffered_momentum"", ""market_window"": 200, ""min_turnover_thb"": 10000000, ""rank_buffer"": 5, ""rebalance"": 10, ""reserve"": 0.05, ""skip"": 21, ""top_n"": 15, ""trend"": 200}}","Whole-lot affordable ranking, shared SMA200 market/stock filter and positive skipped-year return",not_selected_100000,,,,,,,,,,,,,,,,,,,,,,,,,0.7372926839151761,0.0584055611256142,-0.3205945533398615,0.0191616908777876,,1411.0,,,,,,,"{""reason"": ""Not shortlisted by declared screen""}",capital_100000_20260929,reports/capital_100000_20260929,,,,,,,,,,,,,,,,,,,,,,,,,,,,,,,,,,,,,,,,,,,,,,,,,,,,,,,,,,,,,,,,,,,,
aafa98676e21d7d8,capital_ranked_momentum,"{""family"": ""capital_ranked_momentum"", ""ranking"": ""medium_long"", ""sizing"": {""affordability_filter"": true, ""daily_exit"": 0, ""family"": ""capital_aware_buffered_momentum"", ""market_window"": 200, ""min_turnover_thb"": 10000000, ""rank_buffer"": 5, ""rebalance"": 21, ""reserve"": 0.05, ""skip"": 21, ""top_n"": 15, ""trend"": 200}}","Whole-lot affordable ranking, shared SMA200 market/stock filter and positive skipped-year return",not_selected_100000,,,,,,,,,,,,,,,,,,,,,,,,,1.3221656121565577,0.0904440851006542,-0.2471395866695351,0.0512002148528276,,908.0,,,,,,,"{""reason"": ""Not shortlisted by declared screen""}",capital_100000_20260929,reports/capital_100000_20260929,,,,,,,,,,,,,,,,,,,,,,,,,,,,,,,,,,,,,,,,,,,,,,,,,,,,,,,,,,,,,,,,,,,,
bfcc8eb310511d55,capital_ranked_momentum,"{""family"": ""capital_ranked_momentum"", ""ranking"": ""medium_long"", ""sizing"": {""affordability_filter"": true, ""daily_exit"": 3, ""family"": ""capital_aware_buffered_momentum"", ""market_window"": 200, ""min_turnover_thb"": 10000000, ""rank_buffer"": 5, ""rebalance"": 21, ""reserve"": 0.05, ""skip"": 21, ""top_n"": 15, ""trend"": 200}}","Whole-lot affordable ranking, shared SMA200 market/stock filter and positive skipped-year return",not_selected_100000,,,,,,,,,,,,,,,,,,,,,,,,,1.124158669939749,0.080501818847309,-0.2488884883492336,0.0412579485994824,,950.0,,,,,,,"{""reason"": ""Not shortlisted by declared screen""}",capital_100000_20260929,reports/capital_100000_20260929,,,,,,,,,,,,,,,,,,,,,,,,,,,,,,,,,,,,,,,,,,,,,,,,,,,,,,,,,,,,,,,,,,,,
2039cb9f04417bed,capital_ranked_momentum,"{""family"": ""capital_ranked_momentum"", ""ranking"": ""medium_long"", ""sizing"": {""affordability_filter"": true, ""daily_exit"": 0, ""family"": ""capital_aware_buffered_momentum"", ""market_window"": 200, ""min_turnover_thb"": 10000000, ""rank_buffer"": 5, ""rebalance"": 42, ""reserve"": 0.05, ""skip"": 21, ""top_n"": 15, ""trend"": 200}}","Whole-lot affordable ranking, shared SMA200 market/stock filter and positive skipped-year return",not_selected_100000,,,,,,,,,,,,,,,,,,,,,,,,,0.8680233731246638,0.066326920254953,-0.2180646158714065,0.0270830500071264,,543.0,,,,,,,"{""reason"": ""Not shortlisted by declared screen""}",capital_100000_20260929,reports/capital_100000_20260929,,,,,,,,,,,,,,,,,,,,,,,,,,,,,,,,,,,,,,,,,,,,,,,,,,,,,,,,,,,,,,,,,,,,
e584c0995c8de0e7,capital_ranked_momentum,"{""family"": ""capital_ranked_momentum"", ""ranking"": ""medium_long"", ""sizing"": {""affordability_filter"": true, ""daily_exit"": 3, ""family"": ""capital_aware_buffered_momentum"", ""market_window"": 200, ""min_turnover_thb"": 10000000, ""rank_buffer"": 5, ""rebalance"": 42, ""reserve"": 0.05, ""skip"": 21, ""top_n"": 15, ""trend"": 200}}","Whole-lot affordable ranking, shared SMA200 market/stock filter and positive skipped-year return",not_selected_100000,,,,,,,,,,,,,,,,,,,,,,,,,0.9642464499136312,0.0718455215155904,-0.223989095248926,0.0326016512677638,,551.0,,,,,,,"{""reason"": ""Not shortlisted by declared screen""}",capital_100000_20260929,reports/capital_100000_20260929,,,,,,,,,,,,,,,,,,,,,,,,,,,,,,,,,,,,,,,,,,,,,,,,,,,,,,,,,,,,,,,,,,,,
e6ebc33144a7a544,capital_ranked_momentum,"{""family"": ""capital_ranked_momentum"", ""ranking"": ""risk_adjusted"", ""sizing"": {""affordability_filter"": true, ""daily_exit"": 0, ""family"": ""capital_aware_buffered_momentum"", ""market_window"": 200, ""min_turnover_thb"": 10000000, ""rank_buffer"": 5, ""rebalance"": 10, ""reserve"": 0.05, ""skip"": 21, ""top_n"": 3, ""trend"": 200}}","Whole-lot affordable ranking, shared SMA200 market/stock filter and positive skipped-year return",not_selected_100000,,,,,,,,,,,,,,,,,,,,,,,,,1.5690896936014296,0.1018275828638914,-0.3960502536532163,0.0625837126160648,,516.0,,,,,,,"{""reason"": ""Not shortlisted by declared screen""}",capital_100000_20260929,reports/capital_100000_20260929,,,,,,,,,,,,,,,,,,,,,,,,,,,,,,,,,,,,,,,,,,,,,,,,,,,,,,,,,,,,,,,,,,,,
df99974c36d4d60f,capital_ranked_momentum,"{""family"": ""capital_ranked_momentum"", ""ranking"": ""risk_adjusted"", ""sizing"": {""affordability_filter"": true, ""daily_exit"": 3, ""family"": ""capital_aware_buffered_momentum"", ""market_window"": 200, ""min_turnover_thb"": 10000000, ""rank_buffer"": 5, ""rebalance"": 10, ""reserve"": 0.05, ""skip"": 21, ""top_n"": 3, ""trend"": 200}}","Whole-lot affordable ranking, shared SMA200 market/stock filter and positive skipped-year return",not_selected_100000,,,,,,,,,,,,,,,,,,,,,,,,,1.2234242486270137,0.0855854524814978,-0.4116758449057961,0.0463415822336712,,528.0,,,,,,,"{""reason"": ""Not shortlisted by declared screen""}",capital_100000_20260929,reports/capital_100000_20260929,,,,,,,,,,,,,,,,,,,,,,,,,,,,,,,,,,,,,,,,,,,,,,,,,,,,,,,,,,,,,,,,,,,,
92b76ba032df401f,capital_ranked_momentum,"{""family"": ""capital_ranked_momentum"", ""ranking"": ""risk_adjusted"", ""sizing"": {""affordability_filter"": true, ""daily_exit"": 0, ""family"": ""capital_aware_buffered_momentum"", ""market_window"": 200, ""min_turnover_thb"": 10000000, ""rank_buffer"": 5, ""rebalance"": 21, ""reserve"": 0.05, ""skip"": 21, ""top_n"": 3, ""trend"": 200}}","Whole-lot affordable ranking, shared SMA200 market/stock filter and positive skipped-year return",not_selected_100000,,,,,,,,,,,,,,,,,,,,,,,,,0.9037913193444462,0.0684074464110071,-0.453984852038594,0.0291635761631805,,329.0,,,,,,,"{""reason"": ""Not shortlisted by declared screen""}",capital_100000_20260929,reports/capital_100000_20260929,,,,,,,,,,,,,,,,,,,,,,,,,,,,,,,,,,,,,,,,,,,,,,,,,,,,,,,,,,,,,,,,,,,,
ae0b2550dab3307a,capital_ranked_momentum,"{""family"": ""capital_ranked_momentum"", ""ranking"": ""risk_adjusted"", ""sizing"": {""affordability_filter"": true, ""daily_exit"": 3, ""family"": ""capital_aware_buffered_momentum"", ""market_window"": 200, ""min_turnover_thb"": 10000000, ""rank_buffer"": 5, ""rebalance"": 21, ""reserve"": 0.05, ""skip"": 21, ""top_n"": 3, ""trend"": 200}}","Whole-lot affordable ranking, shared SMA200 market/stock filter and positive skipped-year return",not_selected_100000,,,,,,,,,,,,,,,,,,,,,,,,,1.5055612042927824,0.0989959116804279,-0.367026015985311,0.0597520414326013,,349.0,,,,,,,"{""reason"": ""Not shortlisted by declared screen""}",capital_100000_20260929,reports/capital_100000_20260929,,,,,,,,,,,,,,,,,,,,,,,,,,,,,,,,,,,,,,,,,,,,,,,,,,,,,,,,,,,,,,,,,,,,
122bada6de25fe10,capital_ranked_momentum,"{""family"": ""capital_ranked_momentum"", ""ranking"": ""risk_adjusted"", ""sizing"": {""affordability_filter"": true, ""daily_exit"": 0, ""family"": ""capital_aware_buffered_momentum"", ""market_window"": 200, ""min_turnover_thb"": 10000000, ""rank_buffer"": 5, ""rebalance"": 42, ""reserve"": 0.05, ""skip"": 21, ""top_n"": 3, ""trend"": 200}}","Whole-lot affordable ranking, shared SMA200 market/stock filter and positive skipped-year return",not_selected_100000,,,,,,,,,,,,,,,,,,,,,,,,,0.3309330360802591,0.029816207423813,-0.3204058900103831,-0.0094276628240135,,174.0,,,,,,,"{""reason"": ""Not shortlisted by declared screen""}",capital_100000_20260929,reports/capital_100000_20260929,,,,,,,,,,,,,,,,,,,,,,,,,,,,,,,,,,,,,,,,,,,,,,,,,,,,,,,,,,,,,,,,,,,,
5fd612349599ebb1,capital_ranked_momentum,"{""family"": ""capital_ranked_momentum"", ""ranking"": ""risk_adjusted"", ""sizing"": {""affordability_filter"": true, ""daily_exit"": 3, ""family"": ""capital_aware_buffered_momentum"", ""market_window"": 200, ""min_turnover_thb"": 10000000, ""rank_buffer"": 5, ""rebalance"": 42, ""reserve"": 0.05, ""skip"": 21, ""top_n"": 3, ""trend"": 200}}","Whole-lot affordable ranking, shared SMA200 market/stock filter and positive skipped-year return",not_selected_100000,,,,,,,,,,,,,,,,,,,,,,,,,0.5560255502921023,0.0464870334282441,-0.2476885687154525,0.0072431631804175,,182.0,,,,,,,"{""reason"": ""Not shortlisted by declared screen""}",capital_100000_20260929,reports/capital_100000_20260929,,,,,,,,,,,,,,,,,,,,,,,,,,,,,,,,,,,,,,,,,,,,,,,,,,,,,,,,,,,,,,,,,,,,
85ad45220683586c,capital_ranked_momentum,"{""family"": ""capital_ranked_momentum"", ""ranking"": ""risk_adjusted"", ""sizing"": {""affordability_filter"": true, ""daily_exit"": 0, ""family"": ""capital_aware_buffered_momentum"", ""market_window"": 200, ""min_turnover_thb"": 10000000, ""rank_buffer"": 5, ""rebalance"": 10, ""reserve"": 0.05, ""skip"": 21, ""top_n"": 5, ""trend"": 200}}","Whole-lot affordable ranking, shared SMA200 market/stock filter and positive skipped-year return",not_selected_100000,,,,,,,,,,,,,,,,,,,,,,,,,0.7321046492515593,0.058080296135117,-0.3803056024805212,0.0188364258872903,,745.0,,,,,,,"{""reason"": ""Not shortlisted by declared screen""}",capital_100000_20260929,reports/capital_100000_20260929,,,,,,,,,,,,,,,,,,,,,,,,,,,,,,,,,,,,,,,,,,,,,,,,,,,,,,,,,,,,,,,,,,,,
2d1ffe152f343530,capital_ranked_momentum,"{""family"": ""capital_ranked_momentum"", ""ranking"": ""risk_adjusted"", ""sizing"": {""affordability_filter"": true, ""daily_exit"": 3, ""family"": ""capital_aware_buffered_momentum"", ""market_window"": 200, ""min_turnover_thb"": 10000000, ""rank_buffer"": 5, ""rebalance"": 10, ""reserve"": 0.05, ""skip"": 21, ""top_n"": 5, ""trend"": 200}}","Whole-lot affordable ranking, shared SMA200 market/stock filter and positive skipped-year return",not_selected_100000,,,,,,,,,,,,,,,,,,,,,,,,,0.5878639294179013,0.0486676899846387,-0.3934496386194483,0.0094238197368121,,771.0,,,,,,,"{""reason"": ""Not shortlisted by declared screen""}",capital_100000_20260929,reports/capital_100000_20260929,,,,,,,,,,,,,,,,,,,,,,,,,,,,,,,,,,,,,,,,,,,,,,,,,,,,,,,,,,,,,,,,,,,,
86c6364de5be00da,capital_ranked_momentum,"{""family"": ""capital_ranked_momentum"", ""ranking"": ""risk_adjusted"", ""sizing"": {""affordability_filter"": true, ""daily_exit"": 0, ""family"": ""capital_aware_buffered_momentum"", ""market_window"": 200, ""min_turnover_thb"": 10000000, ""rank_buffer"": 5, ""rebalance"": 21, ""reserve"": 0.05, ""skip"": 21, ""top_n"": 5, ""trend"": 200}}","Whole-lot affordable ranking, shared SMA200 market/stock filter and positive skipped-year return",not_selected_100000,,,,,,,,,,,,,,,,,,,,,,,,,0.7712302613954305,0.0605120384530399,-0.3435436660961696,0.0212681682052133,,464.0,,,,,,,"{""reason"": ""Not shortlisted by declared screen""}",capital_100000_20260929,reports/capital_100000_20260929,,,,,,,,,,,,,,,,,,,,,,,,,,,,,,,,,,,,,,,,,,,,,,,,,,,,,,,,,,,,,,,,,,,,
32304aa8d256960a,capital_ranked_momentum,"{""family"": ""capital_ranked_momentum"", ""ranking"": ""risk_adjusted"", ""sizing"": {""affordability_filter"": true, ""daily_exit"": 3, ""family"": ""capital_aware_buffered_momentum"", ""market_window"": 200, ""min_turnover_thb"": 10000000, ""rank_buffer"": 5, ""rebalance"": 21, ""reserve"": 0.05, ""skip"": 21, ""top_n"": 5, ""trend"": 200}}","Whole-lot affordable ranking, shared SMA200 market/stock filter and positive skipped-year return",not_selected_100000,,,,,,,,,,,,,,,,,,,,,,,,,0.6031782475695104,0.049702649495336,-0.3552445391782629,0.0104587792475094,,494.0,,,,,,,"{""reason"": ""Not shortlisted by declared screen""}",capital_100000_20260929,reports/capital_100000_20260929,,,,,,,,,,,,,,,,,,,,,,,,,,,,,,,,,,,,,,,,,,,,,,,,,,,,,,,,,,,,,,,,,,,,
84ae521b0adbfb77,capital_ranked_momentum,"{""family"": ""capital_ranked_momentum"", ""ranking"": ""risk_adjusted"", ""sizing"": {""affordability_filter"": true, ""daily_exit"": 0, ""family"": ""capital_aware_buffered_momentum"", ""market_window"": 200, ""min_turnover_thb"": 10000000, ""rank_buffer"": 5, ""rebalance"": 42, ""reserve"": 0.05, ""skip"": 21, ""top_n"": 5, ""trend"": 200}}","Whole-lot affordable ranking, shared SMA200 market/stock filter and positive skipped-year return",not_selected_100000,,,,,,,,,,,,,,,,,,,,,,,,,0.4566374933107557,0.0394123703038209,-0.2928935000869215,0.0001685000559943,,287.0,,,,,,,"{""reason"": ""Not shortlisted by declared screen""}",capital_100000_20260929,reports/capital_100000_20260929,,,,,,,,,,,,,,,,,,,,,,,,,,,,,,,,,,,,,,,,,,,,,,,,,,,,,,,,,,,,,,,,,,,,
78782a801441ef28,capital_ranked_momentum,"{""family"": ""capital_ranked_momentum"", ""ranking"": ""risk_adjusted"", ""sizing"": {""affordability_filter"": true, ""daily_exit"": 3, ""family"": ""capital_aware_buffered_momentum"", ""market_window"": 200, ""min_turnover_thb"": 10000000, ""rank_buffer"": 5, ""rebalance"": 42, ""reserve"": 0.05, ""skip"": 21, ""top_n"": 5, ""trend"": 200}}","Whole-lot affordable ranking, shared SMA200 market/stock filter and positive skipped-year return",not_selected_100000,,,,,,,,,,,,,,,,,,,,,,,,,1.0827435255075888,0.078317581841931,-0.2016553668705604,0.0390737115941044,,283.0,,,,,,,"{""reason"": ""Not shortlisted by declared screen""}",capital_100000_20260929,reports/capital_100000_20260929,,,,,,,,,,,,,,,,,,,,,,,,,,,,,,,,,,,,,,,,,,,,,,,,,,,,,,,,,,,,,,,,,,,,
fa10461c3a79a6b6,capital_ranked_momentum,"{""family"": ""capital_ranked_momentum"", ""ranking"": ""risk_adjusted"", ""sizing"": {""affordability_filter"": true, ""daily_exit"": 0, ""family"": ""capital_aware_buffered_momentum"", ""market_window"": 200, ""min_turnover_thb"": 10000000, ""rank_buffer"": 5, ""rebalance"": 10, ""reserve"": 0.05, ""skip"": 21, ""top_n"": 8, ""trend"": 200}}","Whole-lot affordable ranking, shared SMA200 market/stock filter and positive skipped-year return",not_selected_100000,,,,,,,,,,,,,,,,,,,,,,,,,0.5365160138478933,0.0451309316973411,-0.2670453354168021,0.0058870614495145,,970.0,,,,,,,"{""reason"": ""Not shortlisted by declared screen""}",capital_100000_20260929,reports/capital_100000_20260929,,,,,,,,,,,,,,,,,,,,,,,,,,,,,,,,,,,,,,,,,,,,,,,,,,,,,,,,,,,,,,,,,,,,
ee56dd43e37628ca,capital_ranked_momentum,"{""family"": ""capital_ranked_momentum"", ""ranking"": ""risk_adjusted"", ""sizing"": {""affordability_filter"": true, ""daily_exit"": 3, ""family"": ""capital_aware_buffered_momentum"", ""market_window"": 200, ""min_turnover_thb"": 10000000, ""rank_buffer"": 5, ""rebalance"": 10, ""reserve"": 0.05, ""skip"": 21, ""top_n"": 8, ""trend"": 200}}","Whole-lot affordable ranking, shared SMA200 market/stock filter and positive skipped-year return",not_selected_100000,,,,,,,,,,,,,,,,,,,,,,,,,0.3790558197018203,0.0335822420579035,-0.3270869340992848,-0.0056616281899231,,1011.0,,,,,,,"{""reason"": ""Not shortlisted by declared screen""}",capital_100000_20260929,reports/capital_100000_20260929,,,,,,,,,,,,,,,,,,,,,,,,,,,,,,,,,,,,,,,,,,,,,,,,,,,,,,,,,,,,,,,,,,,,
1838f565e482812c,capital_ranked_momentum,"{""family"": ""capital_ranked_momentum"", ""ranking"": ""risk_adjusted"", ""sizing"": {""affordability_filter"": true, ""daily_exit"": 0, ""family"": ""capital_aware_buffered_momentum"", ""market_window"": 200, ""min_turnover_thb"": 10000000, ""rank_buffer"": 5, ""rebalance"": 21, ""reserve"": 0.05, ""skip"": 21, ""top_n"": 8, ""trend"": 200}}","Whole-lot affordable ranking, shared SMA200 market/stock filter and positive skipped-year return",not_selected_100000,,,,,,,,,,,,,,,,,,,,,,,,,0.8797790482253574,0.0670146304929557,-0.3059183350498271,0.0277707602451291,,623.0,,,,,,,"{""reason"": ""Not shortlisted by declared screen""}",capital_100000_20260929,reports/capital_100000_20260929,,,,,,,,,,,,,,,,,,,,,,,,,,,,,,,,,,,,,,,,,,,,,,,,,,,,,,,,,,,,,,,,,,,,
0750f8a4dd986d26,capital_ranked_momentum,"{""family"": ""capital_ranked_momentum"", ""ranking"": ""risk_adjusted"", ""sizing"": {""affordability_filter"": true, ""daily_exit"": 3, ""family"": ""capital_aware_buffered_momentum"", ""market_window"": 200, ""min_turnover_thb"": 10000000, ""rank_buffer"": 5, ""rebalance"": 21, ""reserve"": 0.05, ""skip"": 21, ""top_n"": 8, ""trend"": 200}}","Whole-lot affordable ranking, shared SMA200 market/stock filter and positive skipped-year return",not_selected_100000,,,,,,,,,,,,,,,,,,,,,,,,,0.8565096193359107,0.0656495880934859,-0.308893717756257,0.0264057178456593,,684.0,,,,,,,"{""reason"": ""Not shortlisted by declared screen""}",capital_100000_20260929,reports/capital_100000_20260929,,,,,,,,,,,,,,,,,,,,,,,,,,,,,,,,,,,,,,,,,,,,,,,,,,,,,,,,,,,,,,,,,,,,
05932334b699020e,capital_ranked_momentum,"{""family"": ""capital_ranked_momentum"", ""ranking"": ""risk_adjusted"", ""sizing"": {""affordability_filter"": true, ""daily_exit"": 0, ""family"": ""capital_aware_buffered_momentum"", ""market_window"": 200, ""min_turnover_thb"": 10000000, ""rank_buffer"": 5, ""rebalance"": 42, ""reserve"": 0.05, ""skip"": 21, ""top_n"": 8, ""trend"": 200}}","Whole-lot affordable ranking, shared SMA200 market/stock filter and positive skipped-year return",not_selected_100000,,,,,,,,,,,,,,,,,,,,,,,,,0.5608062305417878,0.0468170089954853,-0.2577584141852407,0.0075731387476587,,392.0,,,,,,,"{""reason"": ""Not shortlisted by declared screen""}",capital_100000_20260929,reports/capital_100000_20260929,,,,,,,,,,,,,,,,,,,,,,,,,,,,,,,,,,,,,,,,,,,,,,,,,,,,,,,,,,,,,,,,,,,,
d47cec1dc3fd8d22,capital_ranked_momentum,"{""family"": ""capital_ranked_momentum"", ""ranking"": ""risk_adjusted"", ""sizing"": {""affordability_filter"": true, ""daily_exit"": 3, ""family"": ""capital_aware_buffered_momentum"", ""market_window"": 200, ""min_turnover_thb"": 10000000, ""rank_buffer"": 5, ""rebalance"": 42, ""reserve"": 0.05, ""skip"": 21, ""top_n"": 8, ""trend"": 200}}","Whole-lot affordable ranking, shared SMA200 market/stock filter and positive skipped-year return",not_selected_100000,,,,,,,,,,,,,,,,,,,,,,,,,0.763614328786399,0.0600424951191005,-0.2143333113411717,0.0207986248712739,,398.0,,,,,,,"{""reason"": ""Not shortlisted by declared screen""}",capital_100000_20260929,reports/capital_100000_20260929,,,,,,,,,,,,,,,,,,,,,,,,,,,,,,,,,,,,,,,,,,,,,,,,,,,,,,,,,,,,,,,,,,,,
ffdb8797f3bf57a2,capital_ranked_momentum,"{""family"": ""capital_ranked_momentum"", ""ranking"": ""risk_adjusted"", ""sizing"": {""affordability_filter"": true, ""daily_exit"": 0, ""family"": ""capital_aware_buffered_momentum"", ""market_window"": 200, ""min_turnover_thb"": 10000000, ""rank_buffer"": 5, ""rebalance"": 10, ""reserve"": 0.05, ""skip"": 21, ""top_n"": 10, ""trend"": 200}}","Whole-lot affordable ranking, shared SMA200 market/stock filter and positive skipped-year return",not_selected_100000,,,,,,,,,,,,,,,,,,,,,,,,,0.61483697600288,0.0504846297678442,-0.2979790655728949,0.0112407595200176,,1092.0,,,,,,,"{""reason"": ""Not shortlisted by declared screen""}",capital_100000_20260929,reports/capital_100000_20260929,,,,,,,,,,,,,,,,,,,,,,,,,,,,,,,,,,,,,,,,,,,,,,,,,,,,,,,,,,,,,,,,,,,,
4f78e1e904bdc55e,capital_ranked_momentum,"{""family"": ""capital_ranked_momentum"", ""ranking"": ""risk_adjusted"", ""sizing"": {""affordability_filter"": true, ""daily_exit"": 3, ""family"": ""capital_aware_buffered_momentum"", ""market_window"": 200, ""min_turnover_thb"": 10000000, ""rank_buffer"": 5, ""rebalance"": 10, ""reserve"": 0.05, ""skip"": 21, ""top_n"": 10, ""trend"": 200}}","Whole-lot affordable ranking, shared SMA200 market/stock filter and positive skipped-year return",not_selected_100000,,,,,,,,,,,,,,,,,,,,,,,,,0.3487448418975052,0.0312241696085664,-0.3456130978239297,-0.0080197006392601,,1160.0,,,,,,,"{""reason"": ""Not shortlisted by declared screen""}",capital_100000_20260929,reports/capital_100000_20260929,,,,,,,,,,,,,,,,,,,,,,,,,,,,,,,,,,,,,,,,,,,,,,,,,,,,,,,,,,,,,,,,,,,,
fa458d94733431ad,capital_ranked_momentum,"{""family"": ""capital_ranked_momentum"", ""ranking"": ""risk_adjusted"", ""sizing"": {""affordability_filter"": true, ""daily_exit"": 0, ""family"": ""capital_aware_buffered_momentum"", ""market_window"": 200, ""min_turnover_thb"": 10000000, ""rank_buffer"": 5, ""rebalance"": 21, ""reserve"": 0.05, ""skip"": 21, ""top_n"": 10, ""trend"": 200}}","Whole-lot affordable ranking, shared SMA200 market/stock filter and positive skipped-year return",not_selected_100000,,,,,,,,,,,,,,,,,,,,,,,,,1.351425280793928,0.0918482239248064,-0.1805354573138142,0.0526043536769798,,779.0,,,,,,,"{""candidate"": ""fa458d94733431ad"", ""passes"": true, ""worst_full_cagr"": 0.055963055734973954, ""worst_drawdown"": -0.20808024171148487, ""failed_cases"": []}",capital_100000_20260929,reports/capital_100000_20260929,,,,,,,,,,,,,,,,,,,,,,,,,,,,,,,,,,,,,,,,,,,,,,,,,,,,,,,,,,,,,,,,,,,,
ea66f7a1ef9408b2,capital_ranked_momentum,"{""family"": ""capital_ranked_momentum"", ""ranking"": ""risk_adjusted"", ""sizing"": {""affordability_filter"": true, ""daily_exit"": 3, ""family"": ""capital_aware_buffered_momentum"", ""market_window"": 200, ""min_turnover_thb"": 10000000, ""rank_buffer"": 5, ""rebalance"": 21, ""reserve"": 0.05, ""skip"": 21, ""top_n"": 10, ""trend"": 200}}","Whole-lot affordable ranking, shared SMA200 market/stock filter and positive skipped-year return",not_selected_100000,,,,,,,,,,,,,,,,,,,,,,,,,1.1841913216073516,0.0836010578336072,-0.1857282761226275,0.0443571875857806,,805.0,,,,,,,"{""reason"": ""Not shortlisted by declared screen""}",capital_100000_20260929,reports/capital_100000_20260929,,,,,,,,,,,,,,,,,,,,,,,,,,,,,,,,,,,,,,,,,,,,,,,,,,,,,,,,,,,,,,,,,,,,
9653a439ffac3239,capital_ranked_momentum,"{""family"": ""capital_ranked_momentum"", ""ranking"": ""risk_adjusted"", ""sizing"": {""affordability_filter"": true, ""daily_exit"": 0, ""family"": ""capital_aware_buffered_momentum"", ""market_window"": 200, ""min_turnover_thb"": 10000000, ""rank_buffer"": 5, ""rebalance"": 42, ""reserve"": 0.05, ""skip"": 21, ""top_n"": 10, ""trend"": 200}}","Whole-lot affordable ranking, shared SMA200 market/stock filter and positive skipped-year return",not_selected_100000,,,,,,,,,,,,,,,,,,,,,,,,,0.7966978605160548,0.062069137776658,-0.1954850849225231,0.0228252675288314,,456.0,,,,,,,"{""reason"": ""Not shortlisted by declared screen""}",capital_100000_20260929,reports/capital_100000_20260929,,,,,,,,,,,,,,,,,,,,,,,,,,,,,,,,,,,,,,,,,,,,,,,,,,,,,,,,,,,,,,,,,,,,
95adf1bb8640d737,capital_ranked_momentum,"{""family"": ""capital_ranked_momentum"", ""ranking"": ""risk_adjusted"", ""sizing"": {""affordability_filter"": true, ""daily_exit"": 3, ""family"": ""capital_aware_buffered_momentum"", ""market_window"": 200, ""min_turnover_thb"": 10000000, ""rank_buffer"": 5, ""rebalance"": 42, ""reserve"": 0.05, ""skip"": 21, ""top_n"": 10, ""trend"": 200}}","Whole-lot affordable ranking, shared SMA200 market/stock filter and positive skipped-year return",not_selected_100000,,,,,,,,,,,,,,,,,,,,,,,,,0.9263447920562566,0.0697013645043205,-0.2211644088769514,0.0304574942564939,,466.0,,,,,,,"{""reason"": ""Not shortlisted by declared screen""}",capital_100000_20260929,reports/capital_100000_20260929,,,,,,,,,,,,,,,,,,,,,,,,,,,,,,,,,,,,,,,,,,,,,,,,,,,,,,,,,,,,,,,,,,,,
7b870c16b00e3da2,capital_ranked_momentum,"{""family"": ""capital_ranked_momentum"", ""ranking"": ""risk_adjusted"", ""sizing"": {""affordability_filter"": true, ""daily_exit"": 0, ""family"": ""capital_aware_buffered_momentum"", ""market_window"": 200, ""min_turnover_thb"": 10000000, ""rank_buffer"": 5, ""rebalance"": 10, ""reserve"": 0.05, ""skip"": 21, ""top_n"": 15, ""trend"": 200}}","Whole-lot affordable ranking, shared SMA200 market/stock filter and positive skipped-year return",not_selected_100000,,,,,,,,,,,,,,,,,,,,,,,,,0.7920384627046397,0.0617857467313354,-0.2556769205119722,0.0225418764835088,,1386.0,,,,,,,"{""reason"": ""Not shortlisted by declared screen""}",capital_100000_20260929,reports/capital_100000_20260929,,,,,,,,,,,,,,,,,,,,,,,,,,,,,,,,,,,,,,,,,,,,,,,,,,,,,,,,,,,,,,,,,,,,
7b2c5e82a4606790,capital_ranked_momentum,"{""family"": ""capital_ranked_momentum"", ""ranking"": ""risk_adjusted"", ""sizing"": {""affordability_filter"": true, ""daily_exit"": 3, ""family"": ""capital_aware_buffered_momentum"", ""market_window"": 200, ""min_turnover_thb"": 10000000, ""rank_buffer"": 5, ""rebalance"": 10, ""reserve"": 0.05, ""skip"": 21, ""top_n"": 15, ""trend"": 200}}","Whole-lot affordable ranking, shared SMA200 market/stock filter and positive skipped-year return",not_selected_100000,,,,,,,,,,,,,,,,,,,,,,,,,0.5992706416826585,0.0494394146403083,-0.2756074412590654,0.0101955443924817,,1519.0,,,,,,,"{""reason"": ""Not shortlisted by declared screen""}",capital_100000_20260929,reports/capital_100000_20260929,,,,,,,,,,,,,,,,,,,,,,,,,,,,,,,,,,,,,,,,,,,,,,,,,,,,,,,,,,,,,,,,,,,,
4da39b1df87d72c9,capital_ranked_momentum,"{""family"": ""capital_ranked_momentum"", ""ranking"": ""risk_adjusted"", ""sizing"": {""affordability_filter"": true, ""daily_exit"": 0, ""family"": ""capital_aware_buffered_momentum"", ""market_window"": 200, ""min_turnover_thb"": 10000000, ""rank_buffer"": 5, ""rebalance"": 21, ""reserve"": 0.05, ""skip"": 21, ""top_n"": 15, ""trend"": 200}}","Whole-lot affordable ranking, shared SMA200 market/stock filter and positive skipped-year return",not_selected_100000,,,,,,,,,,,,,,,,,,,,,,,,,0.9995116415185388,0.0738074479898946,-0.2657933083668897,0.034563577742068,,973.0,,,,,,,"{""reason"": ""Not shortlisted by declared screen""}",capital_100000_20260929,reports/capital_100000_20260929,,,,,,,,,,,,,,,,,,,,,,,,,,,,,,,,,,,,,,,,,,,,,,,,,,,,,,,,,,,,,,,,,,,,
40c3a2e0b9158653,capital_ranked_momentum,"{""family"": ""capital_ranked_momentum"", ""ranking"": ""risk_adjusted"", ""sizing"": {""affordability_filter"": true, ""daily_exit"": 3, ""family"": ""capital_aware_buffered_momentum"", ""market_window"": 200, ""min_turnover_thb"": 10000000, ""rank_buffer"": 5, ""rebalance"": 21, ""reserve"": 0.05, ""skip"": 21, ""top_n"": 15, ""trend"": 200}}","Whole-lot affordable ranking, shared SMA200 market/stock filter and positive skipped-year return",not_selected_100000,,,,,,,,,,,,,,,,,,,,,,,,,0.8222217829496887,0.0636099371742897,-0.3002751466313326,0.0243660669264631,,1037.0,,,,,,,"{""reason"": ""Not shortlisted by declared screen""}",capital_100000_20260929,reports/capital_100000_20260929,,,,,,,,,,,,,,,,,,,,,,,,,,,,,,,,,,,,,,,,,,,,,,,,,,,,,,,,,,,,,,,,,,,,
45498ffe649295a3,capital_ranked_momentum,"{""family"": ""capital_ranked_momentum"", ""ranking"": ""risk_adjusted"", ""sizing"": {""affordability_filter"": true, ""daily_exit"": 0, ""family"": ""capital_aware_buffered_momentum"", ""market_window"": 200, ""min_turnover_thb"": 10000000, ""rank_buffer"": 5, ""rebalance"": 42, ""reserve"": 0.05, ""skip"": 21, ""top_n"": 15, ""trend"": 200}}","Whole-lot affordable ranking, shared SMA200 market/stock filter and positive skipped-year return",not_selected_100000,,,,,,,,,,,,,,,,,,,,,,,,,0.7931997567399085,0.0618564400448484,-0.2269086444151683,0.0226125697970218,,601.0,,,,,,,"{""reason"": ""Not shortlisted by declared screen""}",capital_100000_20260929,reports/capital_100000_20260929,,,,,,,,,,,,,,,,,,,,,,,,,,,,,,,,,,,,,,,,,,,,,,,,,,,,,,,,,,,,,,,,,,,,
36a82e9917e427ba,capital_ranked_momentum,"{""family"": ""capital_ranked_momentum"", ""ranking"": ""risk_adjusted"", ""sizing"": {""affordability_filter"": true, ""daily_exit"": 3, ""family"": ""capital_aware_buffered_momentum"", ""market_window"": 200, ""min_turnover_thb"": 10000000, ""rank_buffer"": 5, ""rebalance"": 42, ""reserve"": 0.05, ""skip"": 21, ""top_n"": 15, ""trend"": 200}}","Whole-lot affordable ranking, shared SMA200 market/stock filter and positive skipped-year return",not_selected_100000,,,,,,,,,,,,,,,,,,,,,,,,,0.8736492859800538,0.0666565207224976,-0.2473167079792341,0.027412650474671,,604.0,,,,,,,"{""reason"": ""Not shortlisted by declared screen""}",capital_100000_20260929,reports/capital_100000_20260929,,,,,,,,,,,,,,,,,,,,,,,,,,,,,,,,,,,,,,,,,,,,,,,,,,,,,,,,,,,,,,,,,,,,
686f6857a529cd99,capital_ranked_momentum,"{""family"": ""capital_ranked_momentum"", ""ranking"": ""high_proximity"", ""sizing"": {""affordability_filter"": true, ""daily_exit"": 0, ""family"": ""capital_aware_buffered_momentum"", ""market_window"": 200, ""min_turnover_thb"": 10000000, ""rank_buffer"": 5, ""rebalance"": 10, ""reserve"": 0.05, ""skip"": 21, ""top_n"": 3, ""trend"": 200}}","Whole-lot affordable ranking, shared SMA200 market/stock filter and positive skipped-year return",not_selected_100000,,,,,,,,,,,,,,,,,,,,,,,,,1.0597709988967896,0.0770891497191037,-0.2748176934640618,0.0378452794712771,,747.0,,,,,,,"{""reason"": ""Not shortlisted by declared screen""}",capital_100000_20260929,reports/capital_100000_20260929,,,,,,,,,,,,,,,,,,,,,,,,,,,,,,,,,,,,,,,,,,,,,,,,,,,,,,,,,,,,,,,,,,,,
1687740dff762623,capital_ranked_momentum,"{""family"": ""capital_ranked_momentum"", ""ranking"": ""high_proximity"", ""sizing"": {""affordability_filter"": true, ""daily_exit"": 3, ""family"": ""capital_aware_buffered_momentum"", ""market_window"": 200, ""min_turnover_thb"": 10000000, ""rank_buffer"": 5, ""rebalance"": 10, ""reserve"": 0.05, ""skip"": 21, ""top_n"": 3, ""trend"": 200}}","Whole-lot affordable ranking, shared SMA200 market/stock filter and positive skipped-year return",not_selected_100000,,,,,,,,,,,,,,,,,,,,,,,,,0.537182342853421,0.045177502170931,-0.2675815398756079,0.0059336319231044,,761.0,,,,,,,"{""reason"": ""Not shortlisted by declared screen""}",capital_100000_20260929,reports/capital_100000_20260929,,,,,,,,,,,,,,,,,,,,,,,,,,,,,,,,,,,,,,,,,,,,,,,,,,,,,,,,,,,,,,,,,,,,
a6e8e87d40591fa7,capital_ranked_momentum,"{""family"": ""capital_ranked_momentum"", ""ranking"": ""high_proximity"", ""sizing"": {""affordability_filter"": true, ""daily_exit"": 0, ""family"": ""capital_aware_buffered_momentum"", ""market_window"": 200, ""min_turnover_thb"": 10000000, ""rank_buffer"": 5, ""rebalance"": 21, ""reserve"": 0.05, ""skip"": 21, ""top_n"": 3, ""trend"": 200}}","Whole-lot affordable ranking, shared SMA200 market/stock filter and positive skipped-year return",not_selected_100000,,,,,,,,,,,,,,,,,,,,,,,,,1.6632396471987163,0.1059106997368164,-0.3663769046056858,0.0666668294889898,,432.0,,,,,,,"{""reason"": ""Not shortlisted by declared screen""}",capital_100000_20260929,reports/capital_100000_20260929,,,,,,,,,,,,,,,,,,,,,,,,,,,,,,,,,,,,,,,,,,,,,,,,,,,,,,,,,,,,,,,,,,,,
6977033f683e691f,capital_ranked_momentum,"{""family"": ""capital_ranked_momentum"", ""ranking"": ""high_proximity"", ""sizing"": {""affordability_filter"": true, ""daily_exit"": 3, ""family"": ""capital_aware_buffered_momentum"", ""market_window"": 200, ""min_turnover_thb"": 10000000, ""rank_buffer"": 5, ""rebalance"": 21, ""reserve"": 0.05, ""skip"": 21, ""top_n"": 3, ""trend"": 200}}","Whole-lot affordable ranking, shared SMA200 market/stock filter and positive skipped-year return",not_selected_100000,,,,,,,,,,,,,,,,,,,,,,,,,1.4115232070219743,0.0946837591258185,-0.3348818841474699,0.0554398888779918,,446.0,,,,,,,"{""reason"": ""Not shortlisted by declared screen""}",capital_100000_20260929,reports/capital_100000_20260929,,,,,,,,,,,,,,,,,,,,,,,,,,,,,,,,,,,,,,,,,,,,,,,,,,,,,,,,,,,,,,,,,,,,
11577da5c7e54174,capital_ranked_momentum,"{""family"": ""capital_ranked_momentum"", ""ranking"": ""high_proximity"", ""sizing"": {""affordability_filter"": true, ""daily_exit"": 0, ""family"": ""capital_aware_buffered_momentum"", ""market_window"": 200, ""min_turnover_thb"": 10000000, ""rank_buffer"": 5, ""rebalance"": 42, ""reserve"": 0.05, ""skip"": 21, ""top_n"": 3, ""trend"": 200}}","Whole-lot affordable ranking, shared SMA200 market/stock filter and positive skipped-year return",not_selected_100000,,,,,,,,,,,,,,,,,,,,,,,,,6.439925867041855,0.2290581614452433,-0.1753318851062277,0.1898142911974167,,214.0,,,,,,,"{""candidate"": ""11577da5c7e54174"", ""passes"": false, ""worst_full_cagr"": 0.08554046660112191, ""worst_drawdown"": -0.29249403284075914, ""failed_cases"": [{""scenario"": ""phase_half"", ""period"": ""full"", ""excess_cagr"": 0.046296596353295305, ""max_drawdown"": -0.29249403284075914}]}",capital_100000_20260929,reports/capital_100000_20260929,,,,,,,,,,,,,,,,,,,,,,,,,,,,,,,,,,,,,,,,,,,,,,,,,,,,,,,,,,,,,,,,,,,,
60ee10de14d6268a,capital_ranked_momentum,"{""family"": ""capital_ranked_momentum"", ""ranking"": ""high_proximity"", ""sizing"": {""affordability_filter"": true, ""daily_exit"": 3, ""family"": ""capital_aware_buffered_momentum"", ""market_window"": 200, ""min_turnover_thb"": 10000000, ""rank_buffer"": 5, ""rebalance"": 42, ""reserve"": 0.05, ""skip"": 21, ""top_n"": 3, ""trend"": 200}}","Whole-lot affordable ranking, shared SMA200 market/stock filter and positive skipped-year return",rejected_extended_robustness_100000,,,,,,,,,,,,,,,,,,,,,,,,,5.651537293849958,0.2149906954276805,-0.1661626975494482,0.1757468251798539,,216.0,,,,,,,"{""base_drawdown"": -0.1661626975494482, ""base_return"": 5.651537293849958, ""candidate"": ""60ee10de14d6268a"", ""capital_thb"": 100000, ""extended_robustness_passed"": false, ""live_ready"": false, ""numerical_base_target_met"": true, ""phase_median_return"": 1.3337026373135845, ""phase_worst_drawdown"": -0.581284791879374, ""preliminary_shortlist_screen_passed"": true, ""reason"": ""Strong dependence on rebalance offset and three profit contributors; no untouched history or verified auction data."", ""status"": ""experimental_candidate_failed_extended_robustness""}",capital_100000_20260929,reports/capital_100000_20260929,,,,,,,,,,,,,,,,,,,,,,,,,,,,,,,,,,,,,,,,,,,,,,,,,,,,,,,,,,,,,,,,,,,,
279aab0aee889478,capital_ranked_momentum,"{""family"": ""capital_ranked_momentum"", ""ranking"": ""high_proximity"", ""sizing"": {""affordability_filter"": true, ""daily_exit"": 0, ""family"": ""capital_aware_buffered_momentum"", ""market_window"": 200, ""min_turnover_thb"": 10000000, ""rank_buffer"": 5, ""rebalance"": 10, ""reserve"": 0.05, ""skip"": 21, ""top_n"": 5, ""trend"": 200}}","Whole-lot affordable ranking, shared SMA200 market/stock filter and positive skipped-year return",not_selected_100000,,,,,,,,,,,,,,,,,,,,,,,,,1.4024219582033526,0.0942584473013756,-0.2600762818039079,0.055014577053549,,1045.0,,,,,,,"{""reason"": ""Not shortlisted by declared screen""}",capital_100000_20260929,reports/capital_100000_20260929,,,,,,,,,,,,,,,,,,,,,,,,,,,,,,,,,,,,,,,,,,,,,,,,,,,,,,,,,,,,,,,,,,,,
e505d30c0c6b462a,capital_ranked_momentum,"{""family"": ""capital_ranked_momentum"", ""ranking"": ""high_proximity"", ""sizing"": {""affordability_filter"": true, ""daily_exit"": 3, ""family"": ""capital_aware_buffered_momentum"", ""market_window"": 200, ""min_turnover_thb"": 10000000, ""rank_buffer"": 5, ""rebalance"": 10, ""reserve"": 0.05, ""skip"": 21, ""top_n"": 5, ""trend"": 200}}","Whole-lot affordable ranking, shared SMA200 market/stock filter and positive skipped-year return",not_selected_100000,,,,,,,,,,,,,,,,,,,,,,,,,1.2138523943631,0.0851042246012954,-0.2478097139386962,0.0458603543534688,,1083.0,,,,,,,"{""reason"": ""Not shortlisted by declared screen""}",capital_100000_20260929,reports/capital_100000_20260929,,,,,,,,,,,,,,,,,,,,,,,,,,,,,,,,,,,,,,,,,,,,,,,,,,,,,,,,,,,,,,,,,,,,
2905985437ebd10e,capital_ranked_momentum,"{""family"": ""capital_ranked_momentum"", ""ranking"": ""high_proximity"", ""sizing"": {""affordability_filter"": true, ""daily_exit"": 0, ""family"": ""capital_aware_buffered_momentum"", ""market_window"": 200, ""min_turnover_thb"": 10000000, ""rank_buffer"": 5, ""rebalance"": 21, ""reserve"": 0.05, ""skip"": 21, ""top_n"": 5, ""trend"": 200}}","Whole-lot affordable ranking, shared SMA200 market/stock filter and positive skipped-year return",not_selected_100000,,,,,,,,,,,,,,,,,,,,,,,,,1.218177266686682,0.0853218895889096,-0.2581616731291742,0.046078019341083,,606.0,,,,,,,"{""reason"": ""Not shortlisted by declared screen""}",capital_100000_20260929,reports/capital_100000_20260929,,,,,,,,,,,,,,,,,,,,,,,,,,,,,,,,,,,,,,,,,,,,,,,,,,,,,,,,,,,,,,,,,,,,
d93074ebeac54a84,capital_ranked_momentum,"{""family"": ""capital_ranked_momentum"", ""ranking"": ""high_proximity"", ""sizing"": {""affordability_filter"": true, ""daily_exit"": 3, ""family"": ""capital_aware_buffered_momentum"", ""market_window"": 200, ""min_turnover_thb"": 10000000, ""rank_buffer"": 5, ""rebalance"": 21, ""reserve"": 0.05, ""skip"": 21, ""top_n"": 5, ""trend"": 200}}","Whole-lot affordable ranking, shared SMA200 market/stock filter and positive skipped-year return",not_selected_100000,,,,,,,,,,,,,,,,,,,,,,,,,0.600218473063465,0.0495033180232293,-0.2689738688331309,0.0102594477754027,,603.0,,,,,,,"{""reason"": ""Not shortlisted by declared screen""}",capital_100000_20260929,reports/capital_100000_20260929,,,,,,,,,,,,,,,,,,,,,,,,,,,,,,,,,,,,,,,,,,,,,,,,,,,,,,,,,,,,,,,,,,,,
ae2c65d221665ce2,capital_ranked_momentum,"{""family"": ""capital_ranked_momentum"", ""ranking"": ""high_proximity"", ""sizing"": {""affordability_filter"": true, ""daily_exit"": 0, ""family"": ""capital_aware_buffered_momentum"", ""market_window"": 200, ""min_turnover_thb"": 10000000, ""rank_buffer"": 5, ""rebalance"": 42, ""reserve"": 0.05, ""skip"": 21, ""top_n"": 5, ""trend"": 200}}","Whole-lot affordable ranking, shared SMA200 market/stock filter and positive skipped-year return",not_selected_100000,,,,,,,,,,,,,,,,,,,,,,,,,2.4218000609765102,0.1347656031599602,-0.1278053061723076,0.0955217329121336,,303.0,,,,,,,"{""reason"": ""Not shortlisted by declared screen""}",capital_100000_20260929,reports/capital_100000_20260929,,,,,,,,,,,,,,,,,,,,,,,,,,,,,,,,,,,,,,,,,,,,,,,,,,,,,,,,,,,,,,,,,,,,
e6034ab52d14efa7,capital_ranked_momentum,"{""family"": ""capital_ranked_momentum"", ""ranking"": ""high_proximity"", ""sizing"": {""affordability_filter"": true, ""daily_exit"": 3, ""family"": ""capital_aware_buffered_momentum"", ""market_window"": 200, ""min_turnover_thb"": 10000000, ""rank_buffer"": 5, ""rebalance"": 42, ""reserve"": 0.05, ""skip"": 21, ""top_n"": 5, ""trend"": 200}}","Whole-lot affordable ranking, shared SMA200 market/stock filter and positive skipped-year return",not_selected_100000,,,,,,,,,,,,,,,,,,,,,,,,,2.233458309881899,0.1281823009205274,-0.1132717480933152,0.0889384306727008,,305.0,,,,,,,"{""reason"": ""Not shortlisted by declared screen""}",capital_100000_20260929,reports/capital_100000_20260929,,,,,,,,,,,,,,,,,,,,,,,,,,,,,,,,,,,,,,,,,,,,,,,,,,,,,,,,,,,,,,,,,,,,
e3c88aa484f3f9e0,capital_ranked_momentum,"{""family"": ""capital_ranked_momentum"", ""ranking"": ""high_proximity"", ""sizing"": {""affordability_filter"": true, ""daily_exit"": 0, ""family"": ""capital_aware_buffered_momentum"", ""market_window"": 200, ""min_turnover_thb"": 10000000, ""rank_buffer"": 5, ""rebalance"": 10, ""reserve"": 0.05, ""skip"": 21, ""top_n"": 8, ""trend"": 200}}","Whole-lot affordable ranking, shared SMA200 market/stock filter and positive skipped-year return",not_selected_100000,,,,,,,,,,,,,,,,,,,,,,,,,1.3215421621262045,0.0904139940759947,-0.1623738282567214,0.0511701238281681,,1383.0,,,,,,,"{""reason"": ""Not shortlisted by declared screen""}",capital_100000_20260929,reports/capital_100000_20260929,,,,,,,,,,,,,,,,,,,,,,,,,,,,,,,,,,,,,,,,,,,,,,,,,,,,,,,,,,,,,,,,,,,,
fe9ecb9b1773fad2,capital_ranked_momentum,"{""family"": ""capital_ranked_momentum"", ""ranking"": ""high_proximity"", ""sizing"": {""affordability_filter"": true, ""daily_exit"": 3, ""family"": ""capital_aware_buffered_momentum"", ""market_window"": 200, ""min_turnover_thb"": 10000000, ""rank_buffer"": 5, ""rebalance"": 10, ""reserve"": 0.05, ""skip"": 21, ""top_n"": 8, ""trend"": 200}}","Whole-lot affordable ranking, shared SMA200 market/stock filter and positive skipped-year return",not_selected_100000,,,,,,,,,,,,,,,,,,,,,,,,,0.958844183759529,0.0715421872698633,-0.175551407010931,0.0322983170220367,,1422.0,,,,,,,"{""reason"": ""Not shortlisted by declared screen""}",capital_100000_20260929,reports/capital_100000_20260929,,,,,,,,,,,,,,,,,,,,,,,,,,,,,,,,,,,,,,,,,,,,,,,,,,,,,,,,,,,,,,,,,,,,
4426fc551db8e6a0,capital_ranked_momentum,"{""family"": ""capital_ranked_momentum"", ""ranking"": ""high_proximity"", ""sizing"": {""affordability_filter"": true, ""daily_exit"": 0, ""family"": ""capital_aware_buffered_momentum"", ""market_window"": 200, ""min_turnover_thb"": 10000000, ""rank_buffer"": 5, ""rebalance"": 21, ""reserve"": 0.05, ""skip"": 21, ""top_n"": 8, ""trend"": 200}}","Whole-lot affordable ranking, shared SMA200 market/stock filter and positive skipped-year return",not_selected_100000,,,,,,,,,,,,,,,,,,,,,,,,,0.8852058396752522,0.0673307983398927,-0.2349879546188356,0.0280869280920661,,744.0,,,,,,,"{""reason"": ""Not shortlisted by declared screen""}",capital_100000_20260929,reports/capital_100000_20260929,,,,,,,,,,,,,,,,,,,,,,,,,,,,,,,,,,,,,,,,,,,,,,,,,,,,,,,,,,,,,,,,,,,,
77412813080c5f2c,capital_ranked_momentum,"{""family"": ""capital_ranked_momentum"", ""ranking"": ""high_proximity"", ""sizing"": {""affordability_filter"": true, ""daily_exit"": 3, ""family"": ""capital_aware_buffered_momentum"", ""market_window"": 200, ""min_turnover_thb"": 10000000, ""rank_buffer"": 5, ""rebalance"": 21, ""reserve"": 0.05, ""skip"": 21, ""top_n"": 8, ""trend"": 200}}","Whole-lot affordable ranking, shared SMA200 market/stock filter and positive skipped-year return",not_selected_100000,,,,,,,,,,,,,,,,,,,,,,,,,0.6757476494694044,0.0544895049745279,-0.2228938569650541,0.0152456347267013,,790.0,,,,,,,"{""reason"": ""Not shortlisted by declared screen""}",capital_100000_20260929,reports/capital_100000_20260929,,,,,,,,,,,,,,,,,,,,,,,,,,,,,,,,,,,,,,,,,,,,,,,,,,,,,,,,,,,,,,,,,,,,
23ab49b8f9e265cd,capital_ranked_momentum,"{""family"": ""capital_ranked_momentum"", ""ranking"": ""high_proximity"", ""sizing"": {""affordability_filter"": true, ""daily_exit"": 0, ""family"": ""capital_aware_buffered_momentum"", ""market_window"": 200, ""min_turnover_thb"": 10000000, ""rank_buffer"": 5, ""rebalance"": 42, ""reserve"": 0.05, ""skip"": 21, ""top_n"": 8, ""trend"": 200}}","Whole-lot affordable ranking, shared SMA200 market/stock filter and positive skipped-year return",not_selected_100000,,,,,,,,,,,,,,,,,,,,,,,,,1.59227446096051,0.1028453726943361,-0.2236952415259067,0.0636015024465095,,415.0,,,,,,,"{""reason"": ""Not shortlisted by declared screen""}",capital_100000_20260929,reports/capital_100000_20260929,,,,,,,,,,,,,,,,,,,,,,,,,,,,,,,,,,,,,,,,,,,,,,,,,,,,,,,,,,,,,,,,,,,,
4d2b15d64131c5be,capital_ranked_momentum,"{""family"": ""capital_ranked_momentum"", ""ranking"": ""high_proximity"", ""sizing"": {""affordability_filter"": true, ""daily_exit"": 3, ""family"": ""capital_aware_buffered_momentum"", ""market_window"": 200, ""min_turnover_thb"": 10000000, ""rank_buffer"": 5, ""rebalance"": 42, ""reserve"": 0.05, ""skip"": 21, ""top_n"": 8, ""trend"": 200}}","Whole-lot affordable ranking, shared SMA200 market/stock filter and positive skipped-year return",not_selected_100000,,,,,,,,,,,,,,,,,,,,,,,,,1.5557474535550453,0.1012381288845911,-0.2052479831315207,0.0619942586367645,,417.0,,,,,,,"{""reason"": ""Not shortlisted by declared screen""}",capital_100000_20260929,reports/capital_100000_20260929,,,,,,,,,,,,,,,,,,,,,,,,,,,,,,,,,,,,,,,,,,,,,,,,,,,,,,,,,,,,,,,,,,,,
d6811edcb0242d3d,capital_ranked_momentum,"{""family"": ""capital_ranked_momentum"", ""ranking"": ""high_proximity"", ""sizing"": {""affordability_filter"": true, ""daily_exit"": 0, ""family"": ""capital_aware_buffered_momentum"", ""market_window"": 200, ""min_turnover_thb"": 10000000, ""rank_buffer"": 5, ""rebalance"": 10, ""reserve"": 0.05, ""skip"": 21, ""top_n"": 10, ""trend"": 200}}","Whole-lot affordable ranking, shared SMA200 market/stock filter and positive skipped-year return",not_selected_100000,,,,,,,,,,,,,,,,,,,,,,,,,1.0024696415204426,0.0739705973575575,-0.2127352718439038,0.0347267271097309,,1517.0,,,,,,,"{""reason"": ""Not shortlisted by declared screen""}",capital_100000_20260929,reports/capital_100000_20260929,,,,,,,,,,,,,,,,,,,,,,,,,,,,,,,,,,,,,,,,,,,,,,,,,,,,,,,,,,,,,,,,,,,,
776b1a9e188edbac,capital_ranked_momentum,"{""family"": ""capital_ranked_momentum"", ""ranking"": ""high_proximity"", ""sizing"": {""affordability_filter"": true, ""daily_exit"": 3, ""family"": ""capital_aware_buffered_momentum"", ""market_window"": 200, ""min_turnover_thb"": 10000000, ""rank_buffer"": 5, ""rebalance"": 10, ""reserve"": 0.05, ""skip"": 21, ""top_n"": 10, ""trend"": 200}}","Whole-lot affordable ranking, shared SMA200 market/stock filter and positive skipped-year return",not_selected_100000,,,,,,,,,,,,,,,,,,,,,,,,,0.7902397774460297,0.0616761713036668,-0.2241491753856653,0.0224323010558402,,1593.0,,,,,,,"{""reason"": ""Not shortlisted by declared screen""}",capital_100000_20260929,reports/capital_100000_20260929,,,,,,,,,,,,,,,,,,,,,,,,,,,,,,,,,,,,,,,,,,,,,,,,,,,,,,,,,,,,,,,,,,,,
e29614bca420fd10,capital_ranked_momentum,"{""family"": ""capital_ranked_momentum"", ""ranking"": ""high_proximity"", ""sizing"": {""affordability_filter"": true, ""daily_exit"": 0, ""family"": ""capital_aware_buffered_momentum"", ""market_window"": 200, ""min_turnover_thb"": 10000000, ""rank_buffer"": 5, ""rebalance"": 21, ""reserve"": 0.05, ""skip"": 21, ""top_n"": 10, ""trend"": 200}}","Whole-lot affordable ranking, shared SMA200 market/stock filter and positive skipped-year return",not_selected_100000,,,,,,,,,,,,,,,,,,,,,,,,,0.9832825353039882,0.0729084546132832,-0.2283557826158495,0.0336645843654566,,900.0,,,,,,,"{""reason"": ""Not shortlisted by declared screen""}",capital_100000_20260929,reports/capital_100000_20260929,,,,,,,,,,,,,,,,,,,,,,,,,,,,,,,,,,,,,,,,,,,,,,,,,,,,,,,,,,,,,,,,,,,,
95afd9f60326ea24,capital_ranked_momentum,"{""family"": ""capital_ranked_momentum"", ""ranking"": ""high_proximity"", ""sizing"": {""affordability_filter"": true, ""daily_exit"": 3, ""family"": ""capital_aware_buffered_momentum"", ""market_window"": 200, ""min_turnover_thb"": 10000000, ""rank_buffer"": 5, ""rebalance"": 21, ""reserve"": 0.05, ""skip"": 21, ""top_n"": 10, ""trend"": 200}}","Whole-lot affordable ranking, shared SMA200 market/stock filter and positive skipped-year return",not_selected_100000,,,,,,,,,,,,,,,,,,,,,,,,,0.7475076659467432,0.0590434524549075,-0.2444427825493099,0.0197995822070808,,931.0,,,,,,,"{""reason"": ""Not shortlisted by declared screen""}",capital_100000_20260929,reports/capital_100000_20260929,,,,,,,,,,,,,,,,,,,,,,,,,,,,,,,,,,,,,,,,,,,,,,,,,,,,,,,,,,,,,,,,,,,,
a7fd2f7b792e429e,capital_ranked_momentum,"{""family"": ""capital_ranked_momentum"", ""ranking"": ""high_proximity"", ""sizing"": {""affordability_filter"": true, ""daily_exit"": 0, ""family"": ""capital_aware_buffered_momentum"", ""market_window"": 200, ""min_turnover_thb"": 10000000, ""rank_buffer"": 5, ""rebalance"": 42, ""reserve"": 0.05, ""skip"": 21, ""top_n"": 10, ""trend"": 200}}","Whole-lot affordable ranking, shared SMA200 market/stock filter and positive skipped-year return",not_selected_100000,,,,,,,,,,,,,,,,,,,,,,,,,1.3298043415996887,0.0908121836506807,-0.1919615991585638,0.0515683134028541,,499.0,,,,,,,"{""reason"": ""Not shortlisted by declared screen""}",capital_100000_20260929,reports/capital_100000_20260929,,,,,,,,,,,,,,,,,,,,,,,,,,,,,,,,,,,,,,,,,,,,,,,,,,,,,,,,,,,,,,,,,,,,
4ae8c0e655012800,capital_ranked_momentum,"{""family"": ""capital_ranked_momentum"", ""ranking"": ""high_proximity"", ""sizing"": {""affordability_filter"": true, ""daily_exit"": 3, ""family"": ""capital_aware_buffered_momentum"", ""market_window"": 200, ""min_turnover_thb"": 10000000, ""rank_buffer"": 5, ""rebalance"": 42, ""reserve"": 0.05, ""skip"": 21, ""top_n"": 10, ""trend"": 200}}","Whole-lot affordable ranking, shared SMA200 market/stock filter and positive skipped-year return",not_selected_100000,,,,,,,,,,,,,,,,,,,,,,,,,1.4396919304447522,0.0959910498378473,-0.1704671525153134,0.0567471795900207,,506.0,,,,,,,"{""reason"": ""Not shortlisted by declared screen""}",capital_100000_20260929,reports/capital_100000_20260929,,,,,,,,,,,,,,,,,,,,,,,,,,,,,,,,,,,,,,,,,,,,,,,,,,,,,,,,,,,,,,,,,,,,
cbb36b2269e28bc3,capital_ranked_momentum,"{""family"": ""capital_ranked_momentum"", ""ranking"": ""high_proximity"", ""sizing"": {""affordability_filter"": true, ""daily_exit"": 0, ""family"": ""capital_aware_buffered_momentum"", ""market_window"": 200, ""min_turnover_thb"": 10000000, ""rank_buffer"": 5, ""rebalance"": 10, ""reserve"": 0.05, ""skip"": 21, ""top_n"": 15, ""trend"": 200}}","Whole-lot affordable ranking, shared SMA200 market/stock filter and positive skipped-year return",not_selected_100000,,,,,,,,,,,,,,,,,,,,,,,,,0.7380700795944268,0.058454225022132,-0.2431632998787517,0.0192103547743054,,1681.0,,,,,,,"{""reason"": ""Not shortlisted by declared screen""}",capital_100000_20260929,reports/capital_100000_20260929,,,,,,,,,,,,,,,,,,,,,,,,,,,,,,,,,,,,,,,,,,,,,,,,,,,,,,,,,,,,,,,,,,,,
ec22d525a8ce754f,capital_ranked_momentum,"{""family"": ""capital_ranked_momentum"", ""ranking"": ""high_proximity"", ""sizing"": {""affordability_filter"": true, ""daily_exit"": 3, ""family"": ""capital_aware_buffered_momentum"", ""market_window"": 200, ""min_turnover_thb"": 10000000, ""rank_buffer"": 5, ""rebalance"": 10, ""reserve"": 0.05, ""skip"": 21, ""top_n"": 15, ""trend"": 200}}","Whole-lot affordable ranking, shared SMA200 market/stock filter and positive skipped-year return",not_selected_100000,,,,,,,,,,,,,,,,,,,,,,,,,0.563025271131731,0.0469698651721179,-0.2564642520663893,0.0077259949242913,,1810.0,,,,,,,"{""reason"": ""Not shortlisted by declared screen""}",capital_100000_20260929,reports/capital_100000_20260929,,,,,,,,,,,,,,,,,,,,,,,,,,,,,,,,,,,,,,,,,,,,,,,,,,,,,,,,,,,,,,,,,,,,
02d916714e612eaa,capital_ranked_momentum,"{""family"": ""capital_ranked_momentum"", ""ranking"": ""high_proximity"", ""sizing"": {""affordability_filter"": true, ""daily_exit"": 0, ""family"": ""capital_aware_buffered_momentum"", ""market_window"": 200, ""min_turnover_thb"": 10000000, ""rank_buffer"": 5, ""rebalance"": 21, ""reserve"": 0.05, ""skip"": 21, ""top_n"": 15, ""trend"": 200}}","Whole-lot affordable ranking, shared SMA200 market/stock filter and positive skipped-year return",not_selected_100000,,,,,,,,,,,,,,,,,,,,,,,,,0.6355186404081847,0.0518594217744461,-0.322998605801491,0.0126155515266195,,1055.0,,,,,,,"{""reason"": ""Not shortlisted by declared screen""}",capital_100000_20260929,reports/capital_100000_20260929,,,,,,,,,,,,,,,,,,,,,,,,,,,,,,,,,,,,,,,,,,,,,,,,,,,,,,,,,,,,,,,,,,,,
c0363248f99c5233,capital_ranked_momentum,"{""family"": ""capital_ranked_momentum"", ""ranking"": ""high_proximity"", ""sizing"": {""affordability_filter"": true, ""daily_exit"": 3, ""family"": ""capital_aware_buffered_momentum"", ""market_window"": 200, ""min_turnover_thb"": 10000000, ""rank_buffer"": 5, ""rebalance"": 21, ""reserve"": 0.05, ""skip"": 21, ""top_n"": 15, ""trend"": 200}}","Whole-lot affordable ranking, shared SMA200 market/stock filter and positive skipped-year return",not_selected_100000,,,,,,,,,,,,,,,,,,,,,,,,,0.5315400947010926,0.0447825851503085,-0.3296299479556828,0.0055387149024819,,1136.0,,,,,,,"{""reason"": ""Not shortlisted by declared screen""}",capital_100000_20260929,reports/capital_100000_20260929,,,,,,,,,,,,,,,,,,,,,,,,,,,,,,,,,,,,,,,,,,,,,,,,,,,,,,,,,,,,,,,,,,,,
ddb6f5a9b34baae4,capital_ranked_momentum,"{""family"": ""capital_ranked_momentum"", ""ranking"": ""high_proximity"", ""sizing"": {""affordability_filter"": true, ""daily_exit"": 0, ""family"": ""capital_aware_buffered_momentum"", ""market_window"": 200, ""min_turnover_thb"": 10000000, ""rank_buffer"": 5, ""rebalance"": 42, ""reserve"": 0.05, ""skip"": 21, ""top_n"": 15, ""trend"": 200}}","Whole-lot affordable ranking, shared SMA200 market/stock filter and positive skipped-year return",not_selected_100000,,,,,,,,,,,,,,,,,,,,,,,,,0.8502550179518364,0.0652800604382057,-0.1684267962260028,0.0260361901903791,,601.0,,,,,,,"{""reason"": ""Not shortlisted by declared screen""}",capital_100000_20260929,reports/capital_100000_20260929,,,,,,,,,,,,,,,,,,,,,,,,,,,,,,,,,,,,,,,,,,,,,,,,,,,,,,,,,,,,,,,,,,,,
c04240aef2f1e692,capital_ranked_momentum,"{""family"": ""capital_ranked_momentum"", ""ranking"": ""high_proximity"", ""sizing"": {""affordability_filter"": true, ""daily_exit"": 3, ""family"": ""capital_aware_buffered_momentum"", ""market_window"": 200, ""min_turnover_thb"": 10000000, ""rank_buffer"": 5, ""rebalance"": 42, ""reserve"": 0.05, ""skip"": 21, ""top_n"": 15, ""trend"": 200}}","Whole-lot affordable ranking, shared SMA200 market/stock filter and positive skipped-year return",not_selected_100000,,,,,,,,,,,,,,,,,,,,,,,,,0.9109259786833466,0.0688182503245478,-0.170294836349826,0.0295743800767211,,601.0,,,,,,,"{""reason"": ""Not shortlisted by declared screen""}",capital_100000_20260929,reports/capital_100000_20260929,,,,,,,,,,,,,,,,,,,,,,,,,,,,,,,,,,,,,,,,,,,,,,,,,,,,,,,,,,,,,,,,,,,,
c9fa9561cc04ca2f,capital_ranked_momentum,"{""family"": ""capital_ranked_momentum"", ""ranking"": ""trend_quality"", ""sizing"": {""affordability_filter"": true, ""daily_exit"": 0, ""family"": ""capital_aware_buffered_momentum"", ""market_window"": 200, ""min_turnover_thb"": 10000000, ""rank_buffer"": 5, ""rebalance"": 10, ""reserve"": 0.05, ""skip"": 21, ""top_n"": 3, ""trend"": 200}}","Whole-lot affordable ranking, shared SMA200 market/stock filter and positive skipped-year return",not_selected_100000,,,,,,,,,,,,,,,,,,,,,,,,,2.9509471863255765,0.1516589706903355,-0.2991519415936386,0.1124151004425089,,476.0,,,,,,,"{""reason"": ""Not shortlisted by declared screen""}",capital_100000_20260929,reports/capital_100000_20260929,,,,,,,,,,,,,,,,,,,,,,,,,,,,,,,,,,,,,,,,,,,,,,,,,,,,,,,,,,,,,,,,,,,,
f35389a34adecccc,capital_ranked_momentum,"{""family"": ""capital_ranked_momentum"", ""ranking"": ""trend_quality"", ""sizing"": {""affordability_filter"": true, ""daily_exit"": 3, ""family"": ""capital_aware_buffered_momentum"", ""market_window"": 200, ""min_turnover_thb"": 10000000, ""rank_buffer"": 5, ""rebalance"": 10, ""reserve"": 0.05, ""skip"": 21, ""top_n"": 3, ""trend"": 200}}","Whole-lot affordable ranking, shared SMA200 market/stock filter and positive skipped-year return",not_selected_100000,,,,,,,,,,,,,,,,,,,,,,,,,2.096824924071854,0.1231874783584945,-0.2982780733820417,0.0839436081106679,,507.0,,,,,,,"{""reason"": ""Not shortlisted by declared screen""}",capital_100000_20260929,reports/capital_100000_20260929,,,,,,,,,,,,,,,,,,,,,,,,,,,,,,,,,,,,,,,,,,,,,,,,,,,,,,,,,,,,,,,,,,,,
1ba96dd9896ea4c7,capital_ranked_momentum,"{""family"": ""capital_ranked_momentum"", ""ranking"": ""trend_quality"", ""sizing"": {""affordability_filter"": true, ""daily_exit"": 0, ""family"": ""capital_aware_buffered_momentum"", ""market_window"": 200, ""min_turnover_thb"": 10000000, ""rank_buffer"": 5, ""rebalance"": 21, ""reserve"": 0.05, ""skip"": 21, ""top_n"": 3, ""trend"": 200}}","Whole-lot affordable ranking, shared SMA200 market/stock filter and positive skipped-year return",not_selected_100000,,,,,,,,,,,,,,,,,,,,,,,,,1.1703648744492616,0.0828940916105267,-0.3430763510733542,0.0436502213627001,,308.0,,,,,,,"{""reason"": ""Not shortlisted by declared screen""}",capital_100000_20260929,reports/capital_100000_20260929,,,,,,,,,,,,,,,,,,,,,,,,,,,,,,,,,,,,,,,,,,,,,,,,,,,,,,,,,,,,,,,,,,,,
e11bda6f2fa99f3e,capital_ranked_momentum,"{""family"": ""capital_ranked_momentum"", ""ranking"": ""trend_quality"", ""sizing"": {""affordability_filter"": true, ""daily_exit"": 3, ""family"": ""capital_aware_buffered_momentum"", ""market_window"": 200, ""min_turnover_thb"": 10000000, ""rank_buffer"": 5, ""rebalance"": 21, ""reserve"": 0.05, ""skip"": 21, ""top_n"": 3, ""trend"": 200}}","Whole-lot affordable ranking, shared SMA200 market/stock filter and positive skipped-year return",not_selected_100000,,,,,,,,,,,,,,,,,,,,,,,,,1.6212023920225058,0.1041038908477325,-0.2497963185200665,0.0648600205999059,,312.0,,,,,,,"{""reason"": ""Not shortlisted by declared screen""}",capital_100000_20260929,reports/capital_100000_20260929,,,,,,,,,,,,,,,,,,,,,,,,,,,,,,,,,,,,,,,,,,,,,,,,,,,,,,,,,,,,,,,,,,,,
e9e5c71138c74967,capital_ranked_momentum,"{""family"": ""capital_ranked_momentum"", ""ranking"": ""trend_quality"", ""sizing"": {""affordability_filter"": true, ""daily_exit"": 0, ""family"": ""capital_aware_buffered_momentum"", ""market_window"": 200, ""min_turnover_thb"": 10000000, ""rank_buffer"": 5, ""rebalance"": 42, ""reserve"": 0.05, ""skip"": 21, ""top_n"": 3, ""trend"": 200}}","Whole-lot affordable ranking, shared SMA200 market/stock filter and positive skipped-year return",not_selected_100000,,,,,,,,,,,,,,,,,,,,,,,,,1.391485275589844,0.0937454469998526,-0.3554772806744438,0.054501576752026,,174.0,,,,,,,"{""reason"": ""Not shortlisted by declared screen""}",capital_100000_20260929,reports/capital_100000_20260929,,,,,,,,,,,,,,,,,,,,,,,,,,,,,,,,,,,,,,,,,,,,,,,,,,,,,,,,,,,,,,,,,,,,
82dc626fb89f1135,capital_ranked_momentum,"{""family"": ""capital_ranked_momentum"", ""ranking"": ""trend_quality"", ""sizing"": {""affordability_filter"": true, ""daily_exit"": 3, ""family"": ""capital_aware_buffered_momentum"", ""market_window"": 200, ""min_turnover_thb"": 10000000, ""rank_buffer"": 5, ""rebalance"": 42, ""reserve"": 0.05, ""skip"": 21, ""top_n"": 3, ""trend"": 200}}","Whole-lot affordable ranking, shared SMA200 market/stock filter and positive skipped-year return",not_selected_100000,,,,,,,,,,,,,,,,,,,,,,,,,1.8988739373282464,0.1155884599866785,-0.2521999974464931,0.0763445897388519,,174.0,,,,,,,"{""reason"": ""Not shortlisted by declared screen""}",capital_100000_20260929,reports/capital_100000_20260929,,,,,,,,,,,,,,,,,,,,,,,,,,,,,,,,,,,,,,,,,,,,,,,,,,,,,,,,,,,,,,,,,,,,
c9d7e77da027c78d,capital_ranked_momentum,"{""family"": ""capital_ranked_momentum"", ""ranking"": ""trend_quality"", ""sizing"": {""affordability_filter"": true, ""daily_exit"": 0, ""family"": ""capital_aware_buffered_momentum"", ""market_window"": 200, ""min_turnover_thb"": 10000000, ""rank_buffer"": 5, ""rebalance"": 10, ""reserve"": 0.05, ""skip"": 21, ""top_n"": 5, ""trend"": 200}}","Whole-lot affordable ranking, shared SMA200 market/stock filter and positive skipped-year return",not_selected_100000,,,,,,,,,,,,,,,,,,,,,,,,,1.6397972530318827,0.1049063020337321,-0.3670810578057369,0.0656624317859055,,689.0,,,,,,,"{""reason"": ""Not shortlisted by declared screen""}",capital_100000_20260929,reports/capital_100000_20260929,,,,,,,,,,,,,,,,,,,,,,,,,,,,,,,,,,,,,,,,,,,,,,,,,,,,,,,,,,,,,,,,,,,,
2c1128e9b23d249f,capital_ranked_momentum,"{""family"": ""capital_ranked_momentum"", ""ranking"": ""trend_quality"", ""sizing"": {""affordability_filter"": true, ""daily_exit"": 3, ""family"": ""capital_aware_buffered_momentum"", ""market_window"": 200, ""min_turnover_thb"": 10000000, ""rank_buffer"": 5, ""rebalance"": 10, ""reserve"": 0.05, ""skip"": 21, ""top_n"": 5, ""trend"": 200}}","Whole-lot affordable ranking, shared SMA200 market/stock filter and positive skipped-year return",not_selected_100000,,,,,,,,,,,,,,,,,,,,,,,,,0.9269809905301274,0.0697376664259001,-0.4102131004905338,0.0304937961780735,,705.0,,,,,,,"{""reason"": ""Not shortlisted by declared screen""}",capital_100000_20260929,reports/capital_100000_20260929,,,,,,,,,,,,,,,,,,,,,,,,,,,,,,,,,,,,,,,,,,,,,,,,,,,,,,,,,,,,,,,,,,,,
03d3fe6a0fc67c34,capital_ranked_momentum,"{""family"": ""capital_ranked_momentum"", ""ranking"": ""trend_quality"", ""sizing"": {""affordability_filter"": true, ""daily_exit"": 0, ""family"": ""capital_aware_buffered_momentum"", ""market_window"": 200, ""min_turnover_thb"": 10000000, ""rank_buffer"": 5, ""rebalance"": 21, ""reserve"": 0.05, ""skip"": 21, ""top_n"": 5, ""trend"": 200}}","Whole-lot affordable ranking, shared SMA200 market/stock filter and positive skipped-year return",not_selected_100000,,,,,,,,,,,,,,,,,,,,,,,,,0.9456682090293208,0.0707992039590366,-0.3721685453321048,0.03155533371121,,451.0,,,,,,,"{""reason"": ""Not shortlisted by declared screen""}",capital_100000_20260929,reports/capital_100000_20260929,,,,,,,,,,,,,,,,,,,,,,,,,,,,,,,,,,,,,,,,,,,,,,,,,,,,,,,,,,,,,,,,,,,,
ded320de8100d703,capital_ranked_momentum,"{""family"": ""capital_ranked_momentum"", ""ranking"": ""trend_quality"", ""sizing"": {""affordability_filter"": true, ""daily_exit"": 3, ""family"": ""capital_aware_buffered_momentum"", ""market_window"": 200, ""min_turnover_thb"": 10000000, ""rank_buffer"": 5, ""rebalance"": 21, ""reserve"": 0.05, ""skip"": 21, ""top_n"": 5, ""trend"": 200}}","Whole-lot affordable ranking, shared SMA200 market/stock filter and positive skipped-year return",not_selected_100000,,,,,,,,,,,,,,,,,,,,,,,,,0.9214054881573288,0.06941915790807,-0.3868164067944456,0.0301752876602434,,472.0,,,,,,,"{""reason"": ""Not shortlisted by declared screen""}",capital_100000_20260929,reports/capital_100000_20260929,,,,,,,,,,,,,,,,,,,,,,,,,,,,,,,,,,,,,,,,,,,,,,,,,,,,,,,,,,,,,,,,,,,,
e3dc2f6972f60222,capital_ranked_momentum,"{""family"": ""capital_ranked_momentum"", ""ranking"": ""trend_quality"", ""sizing"": {""affordability_filter"": true, ""daily_exit"": 0, ""family"": ""capital_aware_buffered_momentum"", ""market_window"": 200, ""min_turnover_thb"": 10000000, ""rank_buffer"": 5, ""rebalance"": 42, ""reserve"": 0.05, ""skip"": 21, ""top_n"": 5, ""trend"": 200}}","Whole-lot affordable ranking, shared SMA200 market/stock filter and positive skipped-year return",not_selected_100000,,,,,,,,,,,,,,,,,,,,,,,,,1.7944741183738318,0.1113911675731831,-0.2611447691302566,0.0721472973253565,,277.0,,,,,,,"{""reason"": ""Not shortlisted by declared screen""}",capital_100000_20260929,reports/capital_100000_20260929,,,,,,,,,,,,,,,,,,,,,,,,,,,,,,,,,,,,,,,,,,,,,,,,,,,,,,,,,,,,,,,,,,,,
dbb46459b0bd21d4,capital_ranked_momentum,"{""family"": ""capital_ranked_momentum"", ""ranking"": ""trend_quality"", ""sizing"": {""affordability_filter"": true, ""daily_exit"": 3, ""family"": ""capital_aware_buffered_momentum"", ""market_window"": 200, ""min_turnover_thb"": 10000000, ""rank_buffer"": 5, ""rebalance"": 42, ""reserve"": 0.05, ""skip"": 21, ""top_n"": 5, ""trend"": 200}}","Whole-lot affordable ranking, shared SMA200 market/stock filter and positive skipped-year return",not_selected_100000,,,,,,,,,,,,,,,,,,,,,,,,,2.381682696947881,0.1333910804030891,-0.1982878605134556,0.0941472101552625,,283.0,,,,,,,"{""candidate"": ""dbb46459b0bd21d4"", ""passes"": false, ""worst_full_cagr"": 0.060492810352362536, ""worst_drawdown"": -0.40916451418158917, ""failed_cases"": [{""scenario"": ""morning_only"", ""period"": ""recent"", ""excess_cagr"": -0.02817704968824608, ""max_drawdown"": -0.1651776092293883}, {""scenario"": ""close_only"", ""period"": ""recent"", ""excess_cagr"": -0.019152904167609286, ""max_drawdown"": -0.13908883855834275}, {""scenario"": ""phase_half"", ""period"": ""full"", ""excess_cagr"": 0.05720426889193764, ""max_drawdown"": -0.40916451418158917}, {""scenario"": ""exclude_top3"", ""period"": ""recent"", ""excess_cagr"": -0.014836138474180416, ""max_drawdown"": -0.20506014911723147}, {""scenario"": ""exclude_complex_actions"", ""period"": ""full"", ""excess_cagr"": 0.0305712969640497, ""max_drawdown"": -0.3208026803378231}]}",capital_100000_20260929,reports/capital_100000_20260929,,,,,,,,,,,,,,,,,,,,,,,,,,,,,,,,,,,,,,,,,,,,,,,,,,,,,,,,,,,,,,,,,,,,
42aeb11723e89cfc,capital_ranked_momentum,"{""family"": ""capital_ranked_momentum"", ""ranking"": ""trend_quality"", ""sizing"": {""affordability_filter"": true, ""daily_exit"": 0, ""family"": ""capital_aware_buffered_momentum"", ""market_window"": 200, ""min_turnover_thb"": 10000000, ""rank_buffer"": 5, ""rebalance"": 10, ""reserve"": 0.05, ""skip"": 21, ""top_n"": 8, ""trend"": 200}}","Whole-lot affordable ranking, shared SMA200 market/stock filter and positive skipped-year return",not_selected_100000,,,,,,,,,,,,,,,,,,,,,,,,,0.9326175510839988,0.0700588235947898,-0.2924062619111669,0.0308149533469632,,948.0,,,,,,,"{""reason"": ""Not shortlisted by declared screen""}",capital_100000_20260929,reports/capital_100000_20260929,,,,,,,,,,,,,,,,,,,,,,,,,,,,,,,,,,,,,,,,,,,,,,,,,,,,,,,,,,,,,,,,,,,,
7fc21aa18f17209a,capital_ranked_momentum,"{""family"": ""capital_ranked_momentum"", ""ranking"": ""trend_quality"", ""sizing"": {""affordability_filter"": true, ""daily_exit"": 3, ""family"": ""capital_aware_buffered_momentum"", ""market_window"": 200, ""min_turnover_thb"": 10000000, ""rank_buffer"": 5, ""rebalance"": 10, ""reserve"": 0.05, ""skip"": 21, ""top_n"": 8, ""trend"": 200}}","Whole-lot affordable ranking, shared SMA200 market/stock filter and positive skipped-year return",not_selected_100000,,,,,,,,,,,,,,,,,,,,,,,,,0.6468404931499492,0.0526054368235424,-0.3593659547505802,0.0133615665757158,,1022.0,,,,,,,"{""reason"": ""Not shortlisted by declared screen""}",capital_100000_20260929,reports/capital_100000_20260929,,,,,,,,,,,,,,,,,,,,,,,,,,,,,,,,,,,,,,,,,,,,,,,,,,,,,,,,,,,,,,,,,,,,
639fa32882ed80e4,capital_ranked_momentum,"{""family"": ""capital_ranked_momentum"", ""ranking"": ""trend_quality"", ""sizing"": {""affordability_filter"": true, ""daily_exit"": 0, ""family"": ""capital_aware_buffered_momentum"", ""market_window"": 200, ""min_turnover_thb"": 10000000, ""rank_buffer"": 5, ""rebalance"": 21, ""reserve"": 0.05, ""skip"": 21, ""top_n"": 8, ""trend"": 200}}","Whole-lot affordable ranking, shared SMA200 market/stock filter and positive skipped-year return",not_selected_100000,,,,,,,,,,,,,,,,,,,,,,,,,1.414266760659022,0.0948116860424581,-0.2144995780547823,0.0555678157946315,,652.0,,,,,,,"{""reason"": ""Not shortlisted by declared screen""}",capital_100000_20260929,reports/capital_100000_20260929,,,,,,,,,,,,,,,,,,,,,,,,,,,,,,,,,,,,,,,,,,,,,,,,,,,,,,,,,,,,,,,,,,,,
3f7788626c6c0223,capital_ranked_momentum,"{""family"": ""capital_ranked_momentum"", ""ranking"": ""trend_quality"", ""sizing"": {""affordability_filter"": true, ""daily_exit"": 3, ""family"": ""capital_aware_buffered_momentum"", ""market_window"": 200, ""min_turnover_thb"": 10000000, ""rank_buffer"": 5, ""rebalance"": 21, ""reserve"": 0.05, ""skip"": 21, ""top_n"": 8, ""trend"": 200}}","Whole-lot affordable ranking, shared SMA200 market/stock filter and positive skipped-year return",not_selected_100000,,,,,,,,,,,,,,,,,,,,,,,,,1.2050920004698904,0.0846621542013084,-0.22882780748966,0.0454182839534818,,684.0,,,,,,,"{""reason"": ""Not shortlisted by declared screen""}",capital_100000_20260929,reports/capital_100000_20260929,,,,,,,,,,,,,,,,,,,,,,,,,,,,,,,,,,,,,,,,,,,,,,,,,,,,,,,,,,,,,,,,,,,,
416c6a94210c78e4,capital_ranked_momentum,"{""family"": ""capital_ranked_momentum"", ""ranking"": ""trend_quality"", ""sizing"": {""affordability_filter"": true, ""daily_exit"": 0, ""family"": ""capital_aware_buffered_momentum"", ""market_window"": 200, ""min_turnover_thb"": 10000000, ""rank_buffer"": 5, ""rebalance"": 42, ""reserve"": 0.05, ""skip"": 21, ""top_n"": 8, ""trend"": 200}}","Whole-lot affordable ranking, shared SMA200 market/stock filter and positive skipped-year return",not_selected_100000,,,,,,,,,,,,,,,,,,,,,,,,,1.3979190016424972,0.0940474841343923,-0.2345871843989858,0.0548036138865657,,388.0,,,,,,,"{""reason"": ""Not shortlisted by declared screen""}",capital_100000_20260929,reports/capital_100000_20260929,,,,,,,,,,,,,,,,,,,,,,,,,,,,,,,,,,,,,,,,,,,,,,,,,,,,,,,,,,,,,,,,,,,,
45c0cf9d4246f173,capital_ranked_momentum,"{""family"": ""capital_ranked_momentum"", ""ranking"": ""trend_quality"", ""sizing"": {""affordability_filter"": true, ""daily_exit"": 3, ""family"": ""capital_aware_buffered_momentum"", ""market_window"": 200, ""min_turnover_thb"": 10000000, ""rank_buffer"": 5, ""rebalance"": 42, ""reserve"": 0.05, ""skip"": 21, ""top_n"": 8, ""trend"": 200}}","Whole-lot affordable ranking, shared SMA200 market/stock filter and positive skipped-year return",not_selected_100000,,,,,,,,,,,,,,,,,,,,,,,,,1.5569596330936455,0.1012917962979333,-0.1797115681258927,0.0620479260501067,,390.0,,,,,,,"{""reason"": ""Not shortlisted by declared screen""}",capital_100000_20260929,reports/capital_100000_20260929,,,,,,,,,,,,,,,,,,,,,,,,,,,,,,,,,,,,,,,,,,,,,,,,,,,,,,,,,,,,,,,,,,,,
b5c1bbed99d197e3,capital_ranked_momentum,"{""family"": ""capital_ranked_momentum"", ""ranking"": ""trend_quality"", ""sizing"": {""affordability_filter"": true, ""daily_exit"": 0, ""family"": ""capital_aware_buffered_momentum"", ""market_window"": 200, ""min_turnover_thb"": 10000000, ""rank_buffer"": 5, ""rebalance"": 10, ""reserve"": 0.05, ""skip"": 21, ""top_n"": 10, ""trend"": 200}}","Whole-lot affordable ranking, shared SMA200 market/stock filter and positive skipped-year return",not_selected_100000,,,,,,,,,,,,,,,,,,,,,,,,,0.8680290708896146,0.0663272545152569,-0.2478779495450465,0.0270833842674302,,1082.0,,,,,,,"{""reason"": ""Not shortlisted by declared screen""}",capital_100000_20260929,reports/capital_100000_20260929,,,,,,,,,,,,,,,,,,,,,,,,,,,,,,,,,,,,,,,,,,,,,,,,,,,,,,,,,,,,,,,,,,,,
485145597ee2ca3f,capital_ranked_momentum,"{""family"": ""capital_ranked_momentum"", ""ranking"": ""trend_quality"", ""sizing"": {""affordability_filter"": true, ""daily_exit"": 3, ""family"": ""capital_aware_buffered_momentum"", ""market_window"": 200, ""min_turnover_thb"": 10000000, ""rank_buffer"": 5, ""rebalance"": 10, ""reserve"": 0.05, ""skip"": 21, ""top_n"": 10, ""trend"": 200}}","Whole-lot affordable ranking, shared SMA200 market/stock filter and positive skipped-year return",not_selected_100000,,,,,,,,,,,,,,,,,,,,,,,,,0.634970295475406,0.0518231729297784,-0.2987523865903978,0.0125793026819518,,1148.0,,,,,,,"{""reason"": ""Not shortlisted by declared screen""}",capital_100000_20260929,reports/capital_100000_20260929,,,,,,,,,,,,,,,,,,,,,,,,,,,,,,,,,,,,,,,,,,,,,,,,,,,,,,,,,,,,,,,,,,,,
e0ed39f64b63c77a,capital_ranked_momentum,"{""family"": ""capital_ranked_momentum"", ""ranking"": ""trend_quality"", ""sizing"": {""affordability_filter"": true, ""daily_exit"": 0, ""family"": ""capital_aware_buffered_momentum"", ""market_window"": 200, ""min_turnover_thb"": 10000000, ""rank_buffer"": 5, ""rebalance"": 21, ""reserve"": 0.05, ""skip"": 21, ""top_n"": 10, ""trend"": 200}}","Whole-lot affordable ranking, shared SMA200 market/stock filter and positive skipped-year return",not_selected_100000,,,,,,,,,,,,,,,,,,,,,,,,,1.747787742752022,0.1094684867345943,-0.1881178923815022,0.0702246164867677,,750.0,,,,,,,"{""reason"": ""Not shortlisted by declared screen""}",capital_100000_20260929,reports/capital_100000_20260929,,,,,,,,,,,,,,,,,,,,,,,,,,,,,,,,,,,,,,,,,,,,,,,,,,,,,,,,,,,,,,,,,,,,
a056f88c6ddfd88a,capital_ranked_momentum,"{""family"": ""capital_ranked_momentum"", ""ranking"": ""trend_quality"", ""sizing"": {""affordability_filter"": true, ""daily_exit"": 3, ""family"": ""capital_aware_buffered_momentum"", ""market_window"": 200, ""min_turnover_thb"": 10000000, ""rank_buffer"": 5, ""rebalance"": 21, ""reserve"": 0.05, ""skip"": 21, ""top_n"": 10, ""trend"": 200}}","Whole-lot affordable ranking, shared SMA200 market/stock filter and positive skipped-year return",not_selected_100000,,,,,,,,,,,,,,,,,,,,,,,,,1.4334100158943066,0.0957006883338362,-0.1999292476836967,0.0564568180860096,,780.0,,,,,,,"{""reason"": ""Not shortlisted by declared screen""}",capital_100000_20260929,reports/capital_100000_20260929,,,,,,,,,,,,,,,,,,,,,,,,,,,,,,,,,,,,,,,,,,,,,,,,,,,,,,,,,,,,,,,,,,,,
e3a8b3ac48ce2aff,capital_ranked_momentum,"{""family"": ""capital_ranked_momentum"", ""ranking"": ""trend_quality"", ""sizing"": {""affordability_filter"": true, ""daily_exit"": 0, ""family"": ""capital_aware_buffered_momentum"", ""market_window"": 200, ""min_turnover_thb"": 10000000, ""rank_buffer"": 5, ""rebalance"": 42, ""reserve"": 0.05, ""skip"": 21, ""top_n"": 10, ""trend"": 200}}","Whole-lot affordable ranking, shared SMA200 market/stock filter and positive skipped-year return",not_selected_100000,,,,,,,,,,,,,,,,,,,,,,,,,1.2797852504569711,0.0883818879862057,-0.2098020733369102,0.0491380177383791,,447.0,,,,,,,"{""reason"": ""Not shortlisted by declared screen""}",capital_100000_20260929,reports/capital_100000_20260929,,,,,,,,,,,,,,,,,,,,,,,,,,,,,,,,,,,,,,,,,,,,,,,,,,,,,,,,,,,,,,,,,,,,
32c6bbfe24f4099c,capital_ranked_momentum,"{""family"": ""capital_ranked_momentum"", ""ranking"": ""trend_quality"", ""sizing"": {""affordability_filter"": true, ""daily_exit"": 3, ""family"": ""capital_aware_buffered_momentum"", ""market_window"": 200, ""min_turnover_thb"": 10000000, ""rank_buffer"": 5, ""rebalance"": 42, ""reserve"": 0.05, ""skip"": 21, ""top_n"": 10, ""trend"": 200}}","Whole-lot affordable ranking, shared SMA200 market/stock filter and positive skipped-year return",not_selected_100000,,,,,,,,,,,,,,,,,,,,,,,,,1.4631603136691609,0.0970699000492112,-0.172967646965903,0.0578260298013846,,457.0,,,,,,,"{""reason"": ""Not shortlisted by declared screen""}",capital_100000_20260929,reports/capital_100000_20260929,,,,,,,,,,,,,,,,,,,,,,,,,,,,,,,,,,,,,,,,,,,,,,,,,,,,,,,,,,,,,,,,,,,,
18beb6918b757ec6,capital_ranked_momentum,"{""family"": ""capital_ranked_momentum"", ""ranking"": ""trend_quality"", ""sizing"": {""affordability_filter"": true, ""daily_exit"": 0, ""family"": ""capital_aware_buffered_momentum"", ""market_window"": 200, ""min_turnover_thb"": 10000000, ""rank_buffer"": 5, ""rebalance"": 10, ""reserve"": 0.05, ""skip"": 21, ""top_n"": 15, ""trend"": 200}}","Whole-lot affordable ranking, shared SMA200 market/stock filter and positive skipped-year return",not_selected_100000,,,,,,,,,,,,,,,,,,,,,,,,,0.944709597802776,0.0707449725886111,-0.2656526545003943,0.0315011023407845,,1386.0,,,,,,,"{""reason"": ""Not shortlisted by declared screen""}",capital_100000_20260929,reports/capital_100000_20260929,,,,,,,,,,,,,,,,,,,,,,,,,,,,,,,,,,,,,,,,,,,,,,,,,,,,,,,,,,,,,,,,,,,,
cbd0c9e8cbbed5e1,capital_ranked_momentum,"{""family"": ""capital_ranked_momentum"", ""ranking"": ""trend_quality"", ""sizing"": {""affordability_filter"": true, ""daily_exit"": 3, ""family"": ""capital_aware_buffered_momentum"", ""market_window"": 200, ""min_turnover_thb"": 10000000, ""rank_buffer"": 5, ""rebalance"": 10, ""reserve"": 0.05, ""skip"": 21, ""top_n"": 15, ""trend"": 200}}","Whole-lot affordable ranking, shared SMA200 market/stock filter and positive skipped-year return",not_selected_100000,,,,,,,,,,,,,,,,,,,,,,,,,0.7294376980699246,0.0579127507232328,-0.2891303237239326,0.0186688804754062,,1512.0,,,,,,,"{""reason"": ""Not shortlisted by declared screen""}",capital_100000_20260929,reports/capital_100000_20260929,,,,,,,,,,,,,,,,,,,,,,,,,,,,,,,,,,,,,,,,,,,,,,,,,,,,,,,,,,,,,,,,,,,,
7f9f81b61f56fba0,capital_ranked_momentum,"{""family"": ""capital_ranked_momentum"", ""ranking"": ""trend_quality"", ""sizing"": {""affordability_filter"": true, ""daily_exit"": 0, ""family"": ""capital_aware_buffered_momentum"", ""market_window"": 200, ""min_turnover_thb"": 10000000, ""rank_buffer"": 5, ""rebalance"": 21, ""reserve"": 0.05, ""skip"": 21, ""top_n"": 15, ""trend"": 200}}","Whole-lot affordable ranking, shared SMA200 market/stock filter and positive skipped-year return",not_selected_100000,,,,,,,,,,,,,,,,,,,,,,,,,1.0313352087365808,0.0755514349284784,-0.2325203740069547,0.0363075646806518,,953.0,,,,,,,"{""reason"": ""Not shortlisted by declared screen""}",capital_100000_20260929,reports/capital_100000_20260929,,,,,,,,,,,,,,,,,,,,,,,,,,,,,,,,,,,,,,,,,,,,,,,,,,,,,,,,,,,,,,,,,,,,
98aa22b8f9fa0288,capital_ranked_momentum,"{""family"": ""capital_ranked_momentum"", ""ranking"": ""trend_quality"", ""sizing"": {""affordability_filter"": true, ""daily_exit"": 3, ""family"": ""capital_aware_buffered_momentum"", ""market_window"": 200, ""min_turnover_thb"": 10000000, ""rank_buffer"": 5, ""rebalance"": 21, ""reserve"": 0.05, ""skip"": 21, ""top_n"": 15, ""trend"": 200}}","Whole-lot affordable ranking, shared SMA200 market/stock filter and positive skipped-year return",not_selected_100000,,,,,,,,,,,,,,,,,,,,,,,,,0.871807107694365,0.0665486925149716,-0.2466921258499483,0.027304822267145,,1012.0,,,,,,,"{""reason"": ""Not shortlisted by declared screen""}",capital_100000_20260929,reports/capital_100000_20260929,,,,,,,,,,,,,,,,,,,,,,,,,,,,,,,,,,,,,,,,,,,,,,,,,,,,,,,,,,,,,,,,,,,,
2a73a74ec9eee356,capital_ranked_momentum,"{""family"": ""capital_ranked_momentum"", ""ranking"": ""trend_quality"", ""sizing"": {""affordability_filter"": true, ""daily_exit"": 0, ""family"": ""capital_aware_buffered_momentum"", ""market_window"": 200, ""min_turnover_thb"": 10000000, ""rank_buffer"": 5, ""rebalance"": 42, ""reserve"": 0.05, ""skip"": 21, ""top_n"": 15, ""trend"": 200}}","Whole-lot affordable ranking, shared SMA200 market/stock filter and positive skipped-year return",not_selected_100000,,,,,,,,,,,,,,,,,,,,,,,,,0.8939110342458338,0.0678362662416289,-0.2149403734215813,0.0285923959938023,,586.0,,,,,,,"{""reason"": ""Not shortlisted by declared screen""}",capital_100000_20260929,reports/capital_100000_20260929,,,,,,,,,,,,,,,,,,,,,,,,,,,,,,,,,,,,,,,,,,,,,,,,,,,,,,,,,,,,,,,,,,,,
42ef150df6bd7543,capital_ranked_momentum,"{""family"": ""capital_ranked_momentum"", ""ranking"": ""trend_quality"", ""sizing"": {""affordability_filter"": true, ""daily_exit"": 3, ""family"": ""capital_aware_buffered_momentum"", ""market_window"": 200, ""min_turnover_thb"": 10000000, ""rank_buffer"": 5, ""rebalance"": 42, ""reserve"": 0.05, ""skip"": 21, ""top_n"": 15, ""trend"": 200}}","Whole-lot affordable ranking, shared SMA200 market/stock filter and positive skipped-year return",not_selected_100000,,,,,,,,,,,,,,,,,,,,,,,,,1.0979818477444605,0.079125746051651,-0.2261543883867324,0.0398818758038244,,599.0,,,,,,,"{""reason"": ""Not shortlisted by declared screen""}",capital_100000_20260929,reports/capital_100000_20260929,,,,,,,,,,,,,,,,,,,,,,,,,,,,,,,,,,,,,,,,,,,,,,,,,,,,,,,,,,,,,,,,,,,,
